Reputation,LuFid,EinheitlicheID,BundeslandID,Exz_gefoerdert_FJ,Profs,Mitarbeiter,Drittmitteleinnahmen,Grundmittel,DiplBaMa,StudierendeGesamt,Zitationen,Publikationen,Foerderphase,DM_DFG_Mittel,Ost,Nach1945,FoerderungPhase1
0,1,57,132,0,0,,0,.0011286681712818,,0,0,0,1,18.59382371076132,West Germany (U),Founded before 1945 (U),0
0,3,57,132,0,0,2.5999999,.1397668127236967,.2343557877467441,15,.015,.0041999999,.0026,1,18.59382371076132,West Germany (U),Founded before 1945 (U),0
0,3,57,132,0,.2,2.4000001,.0095991250588039,.5088437126007513,47.599998,.047599997,.0054000001,.0024000001,2,35.51963860397759,West Germany (U),Founded before 1945 (U),0
0,4,57,132,0,2.8,10.2,.0591164494487721,.6682622789796371,22.6,.094999999,.0012000001,.00020000001,1,18.59382371076132,West Germany (U),Founded before 1945 (U),0
0,4,57,132,0,2.8,9.8000002,.0716399677199889,.8364910790589781,14,.1382,.001,.00040000002,2,35.51963860397759,West Germany (U),Founded before 1945 (U),0
1,5,57,132,0,5.6,21.4,.157331016696178,2.197814294183057,317.60001,.8204,.0099999998,.0048000002,1,18.59382371076132,West Germany (U),Founded before 1945 (U),0
1,5,57,132,0,6,23,.5456469338856177,1.934363823743446,262.39999,.84959996,.0266,.0074,2,35.51963860397759,West Germany (U),Founded before 1945 (U),0
0,7,57,132,0,8,8.8000002,.1759904012079236,1.160585976178558,163.8,.1638,.0099999998,.0048000002,1,18.59382371076132,West Germany (U),Founded before 1945 (U),0
0,7,57,132,0,5.4,13.2,.2737949008543748,1.313251134153751,241.60001,.24160001,.0266,.0074,2,35.51963860397759,West Germany (U),Founded before 1945 (U),0
0,10,57,132,0,0,2,0,,5,.0049999999,.0040000002,.00033333333,1,18.59382371076132,West Germany (U),Founded before 1945 (U),0
0,10,57,132,0,0,,0,,12,.012,.017000001,.001,2,35.51963860397759,West Germany (U),Founded before 1945 (U),0
1,12,57,132,1,31.4,172.8,9.081167122971367,10.41362421917399,798,.98140001,11.0024,.29079998,1,18.59382371076132,West Germany (U),Founded before 1945 (U),0
1,12,57,132,1,26,269.20001,18.53810164324607,8.384818975884304,785.40002,.9878,15.9352,.36520001,2,35.51963860397759,West Germany (U),Founded before 1945 (U),1
0,13,57,132,1,14.8,122,4.296194859958044,10.69368777776396,457.20001,.49779999,5.5327997,.17219999,1,18.59382371076132,West Germany (U),Founded before 1945 (U),0
0,13,57,132,1,15.2,126.6,3.985910046522918,10.76657389349806,513,.5966,9.6024008,.21439999,2,35.51963860397759,West Germany (U),Founded before 1945 (U),1
0,15,57,132,0,13.33333333333333,111.33334,3.415696702720763,7.446671816069411,372.79999,.37279999,.075400002,.0048000002,1,18.59382371076132,West Germany (U),Founded before 1945 (U),0
0,15,57,132,1,19,191.2,12.13523426941038,7.150073890456106,604.20001,.60420001,.2068,.011600001,2,35.51963860397759,West Germany (U),Founded before 1945 (U),0
0,17,57,132,0,1.6,12,.1843757108345804,.8720679227673888,112.2,.1462,.042799998,.0034,1,18.59382371076132,West Germany (U),Founded before 1945 (U),0
0,17,57,132,0,2,10,.0549050976261409,.7717072056996646,126.2,.1612,.1882,.0104,2,35.51963860397759,West Germany (U),Founded before 1945 (U),0
0,19,57,132,0,16,107.8,4.213911302150074,6.056982644360455,584.40002,.5844,.1114,.0148,1,18.59382371076132,West Germany (U),Founded before 1945 (U),0
0,19,57,132,0,15.8,101.4,3.883481063127717,5.866601866945933,790.20001,.7902,.23719999,.022600001,2,35.51963860397759,West Germany (U),Founded before 1945 (U),0
0,20,57,132,0,5.4,13.2,.6482485458892313,1.377503095073621,272.20001,.37200001,.0096000005,.001,1,18.59382371076132,West Germany (U),Founded before 1945 (U),0
0,20,57,132,0,3.8,17.200001,.4270791347634931,1.204147545289727,186.2,.25639999,.036200002,.00080000004,2,35.51963860397759,West Germany (U),Founded before 1945 (U),0
0,21,57,132,0,9.4,28.4,1.692513963886982,2.64346423659424,182.2,.1822,.47600001,.0254,1,18.59382371076132,West Germany (U),Founded before 1945 (U),0
0,21,57,132,0,7.6,36.200001,2.01108343703264,2.829521898319688,214.39999,.215,1.2556,.040799998,2,35.51963860397759,West Germany (U),Founded before 1945 (U),0
1,22,57,132,0,11.8,42.599998,.4228748671845975,3.877964217287093,681,1.1654,.0099999998,.0048000002,1,18.59382371076132,West Germany (U),Founded before 1945 (U),0
0,22,57,132,0,13,55.599998,1.475858076261901,3.024635201456965,621.59998,1.1108,.0266,.0074,2,35.51963860397759,West Germany (U),Founded before 1945 (U),0
1,23,57,132,0,13.6,50.799999,2.203680130090478,3.499853780002492,853.40002,1.0832,.0083999997,.0052,1,18.59382371076132,West Germany (U),Founded before 1945 (U),0
1,23,57,132,0,15.6,66.400002,2.721607205917625,3.077993930277672,750.40002,1.1138,.018999999,.0061999997,2,35.51963860397759,West Germany (U),Founded before 1945 (U),0
0,25,57,132,0,19,128.60001,3.463521385711846,5.716347509355602,671.59998,.67659998,.30039999,.024,1,18.59382371076132,West Germany (U),Founded before 1945 (U),0
0,25,57,132,1,15.6,137.2,5.443267532743483,5.954682503325817,508.20001,.51139998,.38100001,.023,2,35.51963860397759,West Germany (U),Founded before 1945 (U),0
0,27,57,132,0,13.2,30.6,.1992010834007688,3.440442465065529,296.79999,.35639998,.00080000004,.00040000002,1,18.59382371076132,West Germany (U),Founded before 1945 (U),0
0,27,57,132,0,13,28,.2728650749161839,3.115629094946393,252,.3646,.0024000001,.00060000003,2,35.51963860397759,West Germany (U),Founded before 1945 (U),0
0,28,57,132,0,5,3.8,.0600517708924876,.5669406549915208,238.39999,.2384,0,.00020000001,1,18.59382371076132,West Germany (U),Founded before 1945 (U),0
0,28,57,132,0,4.8,9.3999996,.2212157958224538,.7494716820919564,297,.29699999,.0016000001,.00080000004,2,35.51963860397759,West Germany (U),Founded before 1945 (U),0
0,29,57,132,0,3,2.8,.0120677209496145,.3933778257773656,176,.176,.00020000001,0,1,18.59382371076132,West Germany (U),Founded before 1945 (U),0
0,29,57,132,0,2.8,1.4,.0112345343760964,.5220633929623277,189,.1892,0,0,2,35.51963860397759,West Germany (U),Founded before 1945 (U),0
0,30,57,132,0,0,,.8935785014075637,.1122402822267535,,0,0,0,1,18.59382371076132,West Germany (U),Founded before 1945 (U),0
0,30,57,132,0,1,14.2,.579778072201265,.2550493553189686,,0,0,0,2,35.51963860397759,West Germany (U),Founded before 1945 (U),0
0,32,57,132,0,14.6,41.799999,.9559249916096703,4.333999982473329,284.39999,.50300002,.36920002,.039000001,1,18.59382371076132,West Germany (U),Founded before 1945 (U),0
0,32,57,132,0,15.2,51,1.317928975593283,3.529568022179943,372.20001,.68979996,.79900002,.052200001,2,35.51963860397759,West Germany (U),Founded before 1945 (U),0
0,33,57,132,0,.6666666666666666,1,0,,0,0,0,0,1,18.59382371076132,West Germany (U),Founded before 1945 (U),0
0,33,57,132,0,0,1.8,0,1.535633692042392,0,0,0,0,2,35.51963860397759,West Germany (U),Founded before 1945 (U),0
0,34,57,132,0,2,4.1999998,.0043570205506836,.4669756164183147,111.8,.1118,.00020000001,.00040000002,1,18.59382371076132,West Germany (U),Founded before 1945 (U),0
0,34,57,132,0,2,3.5999999,.0113076927596295,.416205294634825,96.800003,.096799999,.00080000004,.0014,2,35.51963860397759,West Germany (U),Founded before 1945 (U),0
0,35,57,132,0,4.4,40.799999,.5538691133607784,3.1705130029279,415,.41499999,.2088,.0032000002,1,18.59382371076132,West Germany (U),Founded before 1945 (U),0
1,35,57,132,0,5.8,61.799999,1.673475361123259,2.996091208536461,487.79999,.4878,.3964,.0071999999,2,35.51963860397759,West Germany (U),Founded before 1945 (U),0
0,36,57,132,0,2,8.8000002,.0528176033741611,1.129048063475373,262,.29839998,.0066,.0020000001,1,18.59382371076132,West Germany (U),Founded before 1945 (U),0
0,36,57,132,0,4.2,11,.3146895777586384,.7007162616512849,203.39999,.27160001,.0198,.0026,2,35.51963860397759,West Germany (U),Founded before 1945 (U),0
0,37,57,132,0,17.2,88.400002,4.483112216943049,7.775012653027955,404.79999,.428,5.4263997,.2138,1,18.59382371076132,West Germany (U),Founded before 1945 (U),0
0,37,57,132,0,18.6,115.2,7.298118645637762,6.387868320622389,418.60001,.44779998,7.8555999,.29300001,2,35.51963860397759,West Germany (U),Founded before 1945 (U),0
0,38,57,132,0,2,10.2,.0427922080545965,.8295134667100444,321,.3644,.0184,.0018,1,18.59382371076132,West Germany (U),Founded before 1945 (U),0
0,38,57,132,0,3,14.6,.3929222679929456,.7948699184912306,325.79999,.3998,.075800002,.0049999999,2,35.51963860397759,West Germany (U),Founded before 1945 (U),0
1,39,57,132,0,8.199999999999999,38.200001,1.343257097431146,2.854597221589577,554.20001,.55419999,.59679997,.029999999,1,18.59382371076132,West Germany (U),Founded before 1945 (U),0
0,39,57,132,0,7.6,64.400002,2.479534739429021,2.715055707965468,525.79999,.52579999,1.3938,.0528,2,35.51963860397759,West Germany (U),Founded before 1945 (U),0
0,41,57,132,0,0,,.0300491758327155,0,,0,0,0,1,18.59382371076132,West Germany (U),Founded before 1945 (U),0
0,41,57,132,0,2,17,.6523192946323063,.0884201762737955,17,.017000001,0,0,2,35.51963860397759,West Germany (U),Founded before 1945 (U),0
1,42,57,132,0,19.8,67,.3547847038380259,6.432194691026617,1799.6,1.7996,.0049999999,.0018,1,18.59382371076132,West Germany (U),Founded before 1945 (U),0
0,42,57,132,0,23,87.400002,.6209535636250541,6.738523665658009,1533.8,1.5338,.017000001,.0024000001,2,35.51963860397759,West Germany (U),Founded before 1945 (U),0
0,44,57,132,0,5.8,21.6,.1213235475046392,2.363801280999064,336,.70039999,.0099999998,.0048000002,1,18.59382371076132,West Germany (U),Founded before 1945 (U),0
0,44,57,132,0,6.2,29.4,.5068721952070995,2.28106971546054,241.2,.6516,.0266,.0074,2,35.51963860397759,West Germany (U),Founded before 1945 (U),0
0,45,57,132,0,1.8,5.5999999,.2120272287308213,.4422074277271948,81.800003,.081800006,.0099999998,.0048000002,1,18.59382371076132,West Germany (U),Founded before 1945 (U),0
0,45,57,132,0,2,6.8000002,.2090602832433418,.5114934954392517,119.4,.1194,.0266,.0074,2,35.51963860397759,West Germany (U),Founded before 1945 (U),0
0,48,57,132,0,3,10.6,.3722387438558489,.6897012974970124,235.39999,.23539999,.0071999999,.0016000001,1,18.59382371076132,West Germany (U),Founded before 1945 (U),0
0,48,57,132,0,2.8,14.2,.5855633921184192,.7900016179558461,247.39999,.2474,.028000001,.0038000001,2,35.51963860397759,West Germany (U),Founded before 1945 (U),0
0,49,57,132,0,2.8,18.4,.5153397986429847,1.79901461758431,122.6,.2906,.00080000004,0,1,18.59382371076132,West Germany (U),Founded before 1945 (U),0
0,49,57,132,0,3,25.799999,.6301115649969841,2.078627977968927,114.4,.29079998,.0098000001,.00040000002,2,35.51963860397759,West Germany (U),Founded before 1945 (U),0
0,50,57,132,0,1.8,4.1999998,.0764765485570643,.4538117461959911,39.799999,.039799999,0,0,1,18.59382371076132,West Germany (U),Founded before 1945 (U),0
0,50,57,132,0,1.4,4.4000001,.1321080227066866,1.145873917427119,73.800003,.073800005,0,0,2,35.51963860397759,West Germany (U),Founded before 1945 (U),0
0,53,57,132,0,1,4,0,,,0,.0020000001,.0012000001,1,18.59382371076132,West Germany (U),Founded before 1945 (U),0
0,53,57,132,0,1,4,0,,,0,.0055,.0024999999,2,35.51963860397759,West Germany (U),Founded before 1945 (U),0
0,56,57,132,0,13.2,51,.477135752806269,5.028442146331789,1538,1.538,.047200002,.0049999999,1,18.59382371076132,West Germany (U),Founded before 1945 (U),0
0,56,57,132,0,12,52.200001,.8669231876927406,4.356921092806094,1501.4,1.5014,.1318,.0104,2,35.51963860397759,West Germany (U),Founded before 1945 (U),0
0,3,58,141,0,4,5.5999999,.0400571422339031,.8119220083305126,87.199997,.087199993,.00020000001,.00060000003,1,2.764035253880103,West Germany (U),Founded after 1945 (U),0
0,3,58,141,0,4,7.4000001,.1028054043174282,.6350789618310195,21.6,.021600001,.00020000001,.00060000003,2,4.796113430756249,West Germany (U),Founded after 1945 (U),0
0,4,58,141,0,2,1.5,0,.4085602349529897,17.200001,.032000002,.00040000002,0,2,4.796113430756249,West Germany (U),Founded after 1945 (U),0
0,5,58,141,0,6.8,8.8000002,.0729967053942594,1.658967068330178,204.39999,.5632,.0020000001,.0016000001,1,2.764035253880103,West Germany (U),Founded after 1945 (U),0
0,5,58,141,0,7.6,11.8,.0492580119200393,1.60649097156484,506.20001,.79299998,.0060000001,.0026,2,4.796113430756249,West Germany (U),Founded after 1945 (U),0
0,6,58,141,0,13,17.4,.350339213548413,1.860930339993338,540.40002,.54040003,0,0,1,2.764035253880103,West Germany (U),Founded after 1945 (U),0
0,6,58,141,0,12.2,22.4,.7616371587463553,2.016029611966364,338.79999,.33879998,0,0,2,4.796113430756249,West Germany (U),Founded after 1945 (U),0
0,8,58,141,0,17.8,49.400002,1.372931833668434,5.518803181118271,786.59998,.81340003,.0018,0,1,2.764035253880103,West Germany (U),Founded after 1945 (U),0
0,8,58,141,0,16,43,1.553634750407209,4.507573859231089,600.59998,.60620004,.0034,.00060000003,2,4.796113430756249,West Germany (U),Founded after 1945 (U),0
0,12,58,141,0,0,1,.0006486486486,.273575014896631,0,.0012000001,.27920002,.0068000001,1,2.764035253880103,West Germany (U),Founded after 1945 (U),0
0,12,58,141,0,1.6,9.3999996,.0278968116903997,.6424633689047493,109.2,.1322,.2766,.0044,2,4.796113430756249,West Germany (U),Founded after 1945 (U),0
0,13,58,141,0,20,75.599998,2.430227877424066,6.361725864362632,272,.29679999,.89499998,.035799999,1,2.764035253880103,West Germany (U),Founded after 1945 (U),0
0,13,58,141,0,15.6,78.199997,3.776925214046975,4.683152388166854,292.39999,.32160002,1.7078,.048999999,2,4.796113430756249,West Germany (U),Founded after 1945 (U),0
0,15,58,141,0,18.2,86.199997,2.840192914626207,7.401532985386398,1055.8,1.0654,.07,.0046000001,1,2.764035253880103,West Germany (U),Founded after 1945 (U),0
0,15,58,141,0,13.6,65.599998,1.689614561043725,6.032694865679506,659,.6652,.18280001,.0058000004,2,4.796113430756249,West Germany (U),Founded after 1945 (U),0
0,16,58,141,0,0,,0,.1164668172492327,,0,.0099999998,.00020000001,1,2.764035253880103,West Germany (U),Founded after 1945 (U),0
0,17,58,141,0,8,9.3999996,.1897452270105168,1.668985463667194,297.39999,.3768,.0012000001,.00040000002,1,2.764035253880103,West Germany (U),Founded after 1945 (U),0
0,17,58,141,0,10.8,19.4,.7349287617584739,2.438388552370213,298.39999,.44679999,.021399999,.0041999999,2,4.796113430756249,West Germany (U),Founded after 1945 (U),0
0,18,58,141,0,3,3.5999999,.0039310959302698,.3966822703683012,.80000001,.091600001,.00020000001,.00020000001,1,2.764035253880103,West Germany (U),Founded after 1945 (U),0
0,18,58,141,0,4,2.2,.0025262302829173,.5373895377051415,44.400002,.086800002,0,0,2,4.796113430756249,West Germany (U),Founded after 1945 (U),0
0,20,58,141,0,0,0,0,.1320218435866165,0,.001,.0018,0,1,2.764035253880103,West Germany (U),Founded after 1945 (U),0
0,20,58,141,0,.6,.80000001,0,.0715638882189739,23,.025,.0096000005,.00020000001,2,4.796113430756249,West Germany (U),Founded after 1945 (U),0
0,22,58,141,0,7.6,14.6,.2093650094485067,1.48151720285906,376.39999,1.0222,.0020000001,.0016000001,1,2.764035253880103,West Germany (U),Founded after 1945 (U),0
0,22,58,141,0,8.4,22.799999,.1600829560605858,1.832033595182457,1142.4,1.804,.0060000001,.0026,2,4.796113430756249,West Germany (U),Founded after 1945 (U),0
0,23,58,141,0,5.2,4.5999999,.0019459459458,.7092337452895751,140.39999,.2638,.00040000002,.00040000002,1,2.764035253880103,West Germany (U),Founded after 1945 (U),0
0,23,58,141,0,6.4,5.5999999,.0657103369757509,.9898841220235729,203.39999,.43020001,.0027999999,.0014,2,4.796113430756249,West Germany (U),Founded after 1945 (U),0
0,24,58,141,0,19.8,7.1999998,.163150038677093,2.562869444210194,459.60001,.65440005,.00060000003,0,1,2.764035253880103,West Germany (U),Founded after 1945 (U),0
0,24,58,141,0,14,7.8000002,.1365745811224557,2.165326576245209,373,.51160002,.0018,.00020000001,2,4.796113430756249,West Germany (U),Founded after 1945 (U),0
0,25,58,141,0,3,8,0,.0079006771989728,4.5,.0052499999,.048599999,.0016000001,1,2.764035253880103,West Germany (U),Founded after 1945 (U),0
0,25,58,141,0,3,11,0,,46,.059,.07,.0022,2,4.796113430756249,West Germany (U),Founded after 1945 (U),0
0,26,58,141,0,0,1,1.498162852663044,4.034881076764561,9.6000004,.010199999,0,0,1,2.764035253880103,West Germany (U),Founded after 1945 (U),0
0,26,58,141,0,0,.80000001,2.387112951292522,3.377398936062308,633.40002,.63340002,0,0,2,4.796113430756249,West Germany (U),Founded after 1945 (U),0
0,27,58,141,0,2,3,.0102334422317087,.3219702965218744,0,.037999999,.00020000001,.00020000001,1,2.764035253880103,West Germany (U),Founded after 1945 (U),0
0,27,58,141,0,2,3.5999999,.037341004217444,.3488672095811365,45.599998,.0634,0,0,2,4.796113430756249,West Germany (U),Founded after 1945 (U),0
0,28,58,141,0,0,,0,,14.333333,.014333333,.0016666666,0,2,4.796113430756249,West Germany (U),Founded after 1945 (U),0
0,29,58,141,0,1.6,1.2,.0814605412708057,.6403128264756633,0,.074000001,.00020000001,0,1,2.764035253880103,West Germany (U),Founded after 1945 (U),0
0,29,58,141,0,1.6,1.4,.0078096656513736,1.249831009622302,31.799999,.086400002,0,0,2,4.796113430756249,West Germany (U),Founded after 1945 (U),0
0,31,58,141,0,34.6,40.599998,.2747390435444949,5.197076211737254,1015.6,1.0666,.146,.0096000005,1,2.764035253880103,West Germany (U),Founded after 1945 (U),0
0,31,58,141,0,28,66,.6961240441823873,2.048070536578973,644.40002,.68220001,.3184,.018999999,2,4.796113430756249,West Germany (U),Founded after 1945 (U),0
0,32,58,141,0,22.4,30.6,.5470387492074411,3.961072119071269,284.20001,.55059999,.2386,.0184,1,2.764035253880103,West Germany (U),Founded after 1945 (U),0
0,32,58,141,0,20.4,35.200001,1.175192241237067,4.103566984934167,694.40002,1.1216,.28779998,.022200001,2,4.796113430756249,West Germany (U),Founded after 1945 (U),0
0,33,58,141,0,0,,0,,0,.1106,0,0,1,2.764035253880103,West Germany (U),Founded after 1945 (U),0
0,33,58,141,0,0,,.001929656607405,.0484332784880842,83.400002,.092599995,0,0,2,4.796113430756249,West Germany (U),Founded after 1945 (U),0
0,34,58,141,0,1,4.1999998,.0024175824168698,.475804531067842,0,.049599998,.00020000001,.00040000002,1,2.764035253880103,West Germany (U),Founded after 1945 (U),0
0,34,58,141,0,1,3.8,.0064997598305575,.4501834715847452,15.6,.034400001,0,0,2,4.796113430756249,West Germany (U),Founded after 1945 (U),0
0,36,58,141,0,3.6,4.5999999,.0170258652168392,.686545560402117,147,.1802,.0012000001,.00040000002,1,2.764035253880103,West Germany (U),Founded after 1945 (U),0
0,36,58,141,0,4.8,4.5999999,.0527524032774544,.9342252296700259,71.800003,.095399998,.0027999999,.0014,2,4.796113430756249,West Germany (U),Founded after 1945 (U),0
0,37,58,141,0,17,76.400002,2.630469182427098,6.1005528196982,194.8,.20819999,4.0469999,.1622,1,2.764035253880103,West Germany (U),Founded after 1945 (U),0
0,37,58,141,0,16,86,4.044938299389456,3.519155410111701,161.39999,.186,5.1550002,.17539999,2,4.796113430756249,West Germany (U),Founded after 1945 (U),0
0,38,58,141,0,1,1.5,.0034737154732617,.0591575886835457,,0,.0054000001,.00020000001,1,2.764035253880103,West Germany (U),Founded after 1945 (U),0
0,38,58,141,0,0,,.0365108967225118,.3768444410726735,62,.061999999,.022399999,.00060000003,2,4.796113430756249,West Germany (U),Founded after 1945 (U),0
0,39,58,141,0,7.2,17.799999,.5595336061411288,1.435074334067193,539.40002,.53940004,.1192,.0074,1,2.764035253880103,West Germany (U),Founded after 1945 (U),0
0,39,58,141,0,5.8,16.4,.2814207877168219,1.36018003068988,430.20001,.43020001,.1778,.0074,2,4.796113430756249,West Germany (U),Founded after 1945 (U),0
0,41,58,141,0,0,,0,.0407276507220602,0,.1222,0,0,1,2.764035253880103,West Germany (U),Founded after 1945 (U),0
0,41,58,141,0,0,,0,.1408895690632481,0,.0154,0,0,2,4.796113430756249,West Germany (U),Founded after 1945 (U),0
0,42,58,141,0,3,1.6,.0056479806084014,.025811669593061,,0,.0018,.00040000002,1,2.764035253880103,West Germany (U),Founded after 1945 (U),0
0,42,58,141,0,2.4,2,0,.2945676568405896,,0,.0068000001,0,2,4.796113430756249,West Germany (U),Founded after 1945 (U),0
0,43,58,141,0,0,,0,.1704288938635561,,0,0,0,1,2.764035253880103,West Germany (U),Founded after 1945 (U),0
0,44,58,141,0,3.8,8.6000004,.0086522126515154,.9967192521453168,73,.1206,.0020000001,.0016000001,1,2.764035253880103,West Germany (U),Founded after 1945 (U),0
0,44,58,141,0,5.8,10.6,.0998697438389239,1.079991685272186,144.60001,.192,.0060000001,.0026,2,4.796113430756249,West Germany (U),Founded after 1945 (U),0
0,47,58,141,0,0,,0,,30.75,.030750001,.001,.00075000001,2,4.796113430756249,West Germany (U),Founded after 1945 (U),0
0,48,58,141,0,12,18.6,.3220398392958643,1.698279534997948,573,.6534,.0144,.001,1,2.764035253880103,West Germany (U),Founded after 1945 (U),0
0,48,58,141,0,9.800000000000001,17.200001,.1076242356081335,.9372279267451588,320,.4136,.023,.0016000001,2,4.796113430756249,West Germany (U),Founded after 1945 (U),0
0,49,58,141,0,3,6.1999998,.1037282649616276,.7574518888948938,5.8000002,.26860002,0,0,1,2.764035253880103,West Germany (U),Founded after 1945 (U),0
0,49,58,141,0,4,14.8,.4783555432081269,1.352762875159886,193.8,.38299999,.00040000002,0,2,4.796113430756249,West Germany (U),Founded after 1945 (U),0
0,50,58,141,0,0,,0,.2846258569258371,9,.0089999996,0,0,2,4.796113430756249,West Germany (U),Founded after 1945 (U),0
0,51,58,141,0,0,,0,,113.33334,.11333334,.020333335,.001,2,4.796113430756249,West Germany (U),Founded after 1945 (U),0
0,52,58,141,0,1,1,0,,,0,0,0,1,2.764035253880103,West Germany (U),Founded after 1945 (U),0
0,54,58,141,0,0,,0,,165.66667,.16566667,.0099999998,.003,2,4.796113430756249,West Germany (U),Founded after 1945 (U),0
0,56,58,141,0,20.2,51.400002,.7505476586505706,5.284367744656279,3094.8,3.2026,.0092000002,.0022,1,2.764035253880103,West Germany (U),Founded after 1945 (U),0
0,56,58,141,0,20.6,67.800003,.8756465654276647,4.916047559366845,2323.3999,2.4033999,.044199999,.0086000003,2,4.796113430756249,West Germany (U),Founded after 1945 (U),0
0,6,59,135,0,16.4,49.400002,.4328318978764347,4.791191493714109,684.59998,.6846,0,0,1,2.011587528085318,East Germany (U),Founded after 1945 (U),0
0,6,59,135,0,17.4,59.799999,1.212126845645366,4.439700267430553,728.79999,.7288,0,0,2,2.865518231705678,East Germany (U),Founded after 1945 (U),0
0,8,59,135,0,14,53,1.142629996161005,4.266429609451387,369.20001,.36920002,0,.00020000001,1,2.011587528085318,East Germany (U),Founded after 1945 (U),0
0,8,59,135,0,7.8,34,1.128958012547778,2.432695582553116,276.60001,.2766,.0016000001,.00080000004,2,2.865518231705678,East Germany (U),Founded after 1945 (U),0
0,10,59,135,0,1,0,.0070235731999192,.0484229205212414,,0,.00025000001,.00075000001,2,2.865518231705678,East Germany (U),Founded after 1945 (U),0
0,11,59,135,0,0,,0,.0011364164653789,,0,0,0,1,2.011587528085318,East Germany (U),Founded after 1945 (U),0
0,11,59,135,0,0,,0,.0010304259633593,,0,0,0,2,2.865518231705678,East Germany (U),Founded after 1945 (U),0
0,13,59,135,0,2.4,9.8000002,.3530688427525321,.6371042303246267,,0,.038200002,.0040000002,1,2.011587528085318,East Germany (U),Founded after 1945 (U),0
0,13,59,135,0,1.6,9.6000004,.3325478992520866,.5046128749049149,,0,.1234,.0054000001,2,2.865518231705678,East Germany (U),Founded after 1945 (U),0
0,15,59,135,0,9.6,29.6,.0942870468381947,1.717447401866702,596.79999,.59679997,.0148,.0020000001,1,2.011587528085318,East Germany (U),Founded after 1945 (U),0
0,15,59,135,0,10.4,40.599998,.8876572113867602,1.942787529959156,486.60001,.48660001,.026000001,.0024000001,2,2.865518231705678,East Germany (U),Founded after 1945 (U),0
0,17,59,135,0,0,,0,.2706150860065354,,0,0,0,1,2.011587528085318,East Germany (U),Founded after 1945 (U),0
0,18,59,135,0,0,,0,.0008042596347873,,0,0,0,2,2.865518231705678,East Germany (U),Founded after 1945 (U),0
0,23,59,135,0,0,,0,.0270285019653545,,0,0,0,1,2.011587528085318,East Germany (U),Founded after 1945 (U),0
0,23,59,135,0,1,1.3333334,0,.1551044624551469,,0,.00033333333,0,2,2.865518231705678,East Germany (U),Founded after 1945 (U),0
0,25,59,135,0,9.199999999999999,28.4,.4809957314284107,2.545859579674149,387.79999,.38779998,.022,.0034,1,2.011587528085318,East Germany (U),Founded after 1945 (U),0
0,25,59,135,0,11,35.400002,.8756958101425549,2.776412128898777,202,.20200001,.031600002,.0040000002,2,2.865518231705678,East Germany (U),Founded after 1945 (U),0
0,26,59,135,0,20.2,113.4,5.970127917171926,8.044247006414942,32.666668,.032666668,0,0,1,2.011587528085318,East Germany (U),Founded after 1945 (U),0
0,26,59,135,0,22.8,111.6,4.80553802944245,6.957332255028356,25.200001,.0252,0,0,2,2.865518231705678,East Germany (U),Founded after 1945 (U),0
0,28,59,135,0,0,.25,0,.0371427230753611,,0,0,0,1,2.011587528085318,East Germany (U),Founded after 1945 (U),0
0,28,59,135,0,.4,0,0,.075055373636872,,0,0,0,2,2.865518231705678,East Germany (U),Founded after 1945 (U),0
0,29,59,135,0,1,1,0,,,0,0,0,1,2.011587528085318,East Germany (U),Founded after 1945 (U),0
0,29,59,135,0,1,1.8,.0357149852988464,.0049448971584271,,0,0,0,2,2.865518231705678,East Germany (U),Founded after 1945 (U),0
0,30,59,135,0,1,0,0,.0308531024106203,,0,0,0,1,2.011587528085318,East Germany (U),Founded after 1945 (U),0
0,30,59,135,0,0,,0,0,,0,0,0,2,2.865518231705678,East Germany (U),Founded after 1945 (U),0
0,31,59,135,0,11.6,55.599998,4.011278542471919,4.769604967734014,235.8,.2358,.063000001,.016799999,1,2.011587528085318,East Germany (U),Founded after 1945 (U),0
0,31,59,135,0,13,61.400002,5.083250136736159,1.906150233091776,688.40002,.68840003,.24439999,.025600001,2,2.865518231705678,East Germany (U),Founded after 1945 (U),0
0,32,59,135,0,10,23.799999,.1461947528555145,2.294128358176799,118.6,.1186,.021399999,.0054000001,1,2.011587528085318,East Germany (U),Founded after 1945 (U),0
0,32,59,135,0,10.4,17,.0939163875669001,2.007380315980178,125.6,.1256,.030999999,.0052,2,2.865518231705678,East Germany (U),Founded after 1945 (U),0
0,33,59,135,0,0,,0,.198687484975978,,0,0,0,1,2.011587528085318,East Germany (U),Founded after 1945 (U),0
0,33,59,135,0,0,,0,.0044630593125324,3,.003,0,0,2,2.865518231705678,East Germany (U),Founded after 1945 (U),0
0,35,59,135,0,0,,0,.0516483516331267,,0,.0049999999,0,1,2.011587528085318,East Germany (U),Founded after 1945 (U),0
0,37,59,135,0,9.199999999999999,49.200001,.6636425291838842,2.274779836187178,73.400002,.073399998,.1838,.0328,1,2.011587528085318,East Germany (U),Founded after 1945 (U),0
0,37,59,135,0,6.6,24.200001,.8527431861304724,1.787398336113787,67.400002,.067400001,.47979999,.038200002,2,2.865518231705678,East Germany (U),Founded after 1945 (U),0
0,40,59,135,0,4.6,10,.0559039723265023,1.044228471362435,1135,1.135,.00080000004,0,1,2.011587528085318,East Germany (U),Founded after 1945 (U),0
0,40,59,135,0,5.2,14.8,.1621879510108095,.8177483806422242,1316.2,1.3161999,.0034,.00080000004,2,2.865518231705678,East Germany (U),Founded after 1945 (U),0
0,41,59,135,0,1,0,0,.0317109309416893,,0,0,0,2,2.865518231705678,East Germany (U),Founded after 1945 (U),0
0,42,59,135,0,0,.2,0,.0500643108294476,,0,0,0,1,2.011587528085318,East Germany (U),Founded after 1945 (U),0
0,42,59,135,0,.2,.80000001,0,.0373646439739221,26.200001,.0262,0,0,2,2.865518231705678,East Germany (U),Founded after 1945 (U),0
0,43,59,135,0,0,,0,.1178489702260227,,0,0,0,1,2.011587528085318,East Germany (U),Founded after 1945 (U),0
0,48,59,135,0,1,3,.1347716691591685,.2542045579641338,,0,.00040000002,.00020000001,1,2.011587528085318,East Germany (U),Founded after 1945 (U),0
0,48,59,135,0,1,3,0,.2093018614841139,,0,.00080000004,0,2,2.865518231705678,East Germany (U),Founded after 1945 (U),0
0,49,59,135,0,0,.2,.0335093277608775,.7624344371437964,,0,0,0,1,2.011587528085318,East Germany (U),Founded after 1945 (U),0
0,49,59,135,0,0,0,.0063417291758352,.2400039202378769,,0,0,0,2,2.865518231705678,East Germany (U),Founded after 1945 (U),0
0,50,59,135,0,1,2.5999999,.1521759516972443,1.060000119886664,95,.094999999,0,0,1,2.011587528085318,East Germany (U),Founded after 1945 (U),0
0,50,59,135,0,1.2,2.5999999,.0960999408319744,.4265501185291013,364.39999,.3644,0,0,2,2.865518231705678,East Germany (U),Founded after 1945 (U),0
0,51,59,135,0,5.2,23.200001,.4184423954126508,.3753660322575401,,0,.0014,.00020000001,1,2.011587528085318,East Germany (U),Founded after 1945 (U),0
0,51,59,135,0,5.6,47.400002,2.218552950785174,1.574490707946755,,0,.0041999999,.00080000004,2,2.865518231705678,East Germany (U),Founded after 1945 (U),0
0,52,59,135,0,.6,1.8,.0209329336436209,.4629045294753427,,0,0,0,1,2.011587528085318,East Germany (U),Founded after 1945 (U),0
0,52,59,135,0,0,2.5999999,.0472225689340202,.25478538280206,,0,0,0,2,2.865518231705678,East Germany (U),Founded after 1945 (U),0
0,55,59,135,0,0,,0,,627.59998,.62759995,0,0,1,2.011587528085318,East Germany (U),Founded after 1945 (U),0
0,55,59,135,0,1.333333333333333,0,0,.0019575328616758,906.40002,.90640002,0,0,2,2.865518231705678,East Germany (U),Founded after 1945 (U),0
0,56,59,135,0,7.8,17.4,.111749039042562,1.85952639740167,17.799999,.0178,.0080000004,.0024000001,1,2.011587528085318,East Germany (U),Founded after 1945 (U),0
0,56,59,135,0,8.4,34.200001,.7228688957777695,1.57291001079577,531.40002,.53140002,.0138,.0032000002,2,2.865518231705678,East Germany (U),Founded after 1945 (U),0
0,3,60,140,0,0,1,0,,4,.0040000002,0,.00033333333,1,6.33416530148028,West Germany (U),Founded after 1945 (U),0
0,3,60,140,0,0,,0,,4.75,.0047499998,.00025000001,0,2,8.156042534157152,West Germany (U),Founded after 1945 (U),0
0,4,60,140,0,0,0,0,,,0,0,0,1,6.33416530148028,West Germany (U),Founded after 1945 (U),0
0,4,60,140,0,.3333333333333333,2.3333333,0,,,0,0,0,2,8.156042534157152,West Germany (U),Founded after 1945 (U),0
0,5,60,140,0,1.6,2,.0540891671031886,.6799460436197368,218.60001,.61519998,.0012000001,.0016000001,1,6.33416530148028,West Germany (U),Founded after 1945 (U),0
0,5,60,140,0,6.6,8.8000002,.0934316204037371,.4866487089719019,382.60001,.50739998,.0078000003,.0018,2,8.156042534157152,West Germany (U),Founded after 1945 (U),0
0,7,60,140,0,0,0,0,,1,.001,.0012000001,.0016000001,1,6.33416530148028,West Germany (U),Founded after 1945 (U),0
0,7,60,140,0,.2,0,.0008198179980613,.0204128803131045,,0,.0078000003,.0018,2,8.156042534157152,West Germany (U),Founded after 1945 (U),0
0,9,60,140,0,0,,0,.4603742392930391,,0,.001,0,2,8.156042534157152,West Germany (U),Founded after 1945 (U),0
0,10,60,140,0,0,0,0,,,0,0,0,1,6.33416530148028,West Germany (U),Founded after 1945 (U),0
0,10,60,140,0,0,,0,,2,.0020000001,0,0,2,8.156042534157152,West Germany (U),Founded after 1945 (U),0
0,11,60,140,0,1.8,2.4000001,.0553994638441949,.908216583400614,,0,0,0,1,6.33416530148028,West Germany (U),Founded after 1945 (U),0
0,11,60,140,0,1.4,2.8,.008367172757555,.4998565282784226,,0,0,0,2,8.156042534157152,West Germany (U),Founded after 1945 (U),0
0,12,60,140,0,15.8,54.400002,1.155721205712065,3.219420979768284,615.79999,.76120001,.97600001,.049599998,1,6.33416530148028,West Germany (U),Founded after 1945 (U),0
0,12,60,140,1,19,74.800003,2.164619850802862,2.837643493056206,665.20001,.70520002,1.947,.077399999,2,8.156042534157152,West Germany (U),Founded after 1945 (U),0
0,13,60,140,0,10.6,55.200001,1.199284407058337,3.488706703081587,269.79999,.32800001,.954,.035400003,1,6.33416530148028,West Germany (U),Founded after 1945 (U),0
0,13,60,140,0,11.6,59.799999,1.195280530170266,1.723489860844696,286.39999,.3098,1.7614,.045599997,2,8.156042534157152,West Germany (U),Founded after 1945 (U),0
0,14,60,140,0,0,0,0,,,0,0,0,1,6.33416530148028,West Germany (U),Founded after 1945 (U),0
0,14,60,140,0,0,0,0,,,0,0,0,2,8.156042534157152,West Germany (U),Founded after 1945 (U),0
0,16,60,140,0,2,1,.0038058801880391,.1703066580853321,0,.0020000001,.0112,.00020000001,1,6.33416530148028,West Germany (U),Founded after 1945 (U),0
0,16,60,140,0,0,,0,0,,0,.028999999,.001,2,8.156042534157152,West Germany (U),Founded after 1945 (U),0
0,17,60,140,0,13,29.799999,.9403948764097898,2.415259392029479,564.40002,.65859997,.001,.00080000004,1,6.33416530148028,West Germany (U),Founded after 1945 (U),0
0,17,60,140,0,13.2,38.799999,.9242035560144822,1.857583782726708,575.79999,.5848,.031399999,.0035999999,2,8.156042534157152,West Germany (U),Founded after 1945 (U),0
0,18,60,140,0,4.6,2.4000001,.0022181467173326,.4830083520434537,25.4,.1134,.00020000001,0,1,6.33416530148028,West Germany (U),Founded after 1945 (U),0
0,18,60,140,0,4,1.8,.0240749906841077,.3787808126735862,87,.1106,0,.00020000001,2,8.156042534157152,West Germany (U),Founded after 1945 (U),0
0,20,60,140,0,0,0,0,.0919527861915431,24.4,.025600001,.0034,0,1,6.33416530148028,West Germany (U),Founded after 1945 (U),0
0,20,60,140,0,0,0,0,0,3,.0038000001,.0108,.00080000004,2,8.156042534157152,West Germany (U),Founded after 1945 (U),0
0,21,60,140,0,0,,.9217945663043305,.2357057792270718,,0,.3612,.0178,1,6.33416530148028,West Germany (U),Founded after 1945 (U),0
0,21,60,140,0,0,0,.0693412984611247,.2272397793239869,5.5,.0055,.89179999,.026000001,2,8.156042534157152,West Germany (U),Founded after 1945 (U),0
0,22,60,140,0,11.4,14.8,.1768088298180276,1.663013419389354,276.79999,.86859995,.0012000001,.0016000001,1,6.33416530148028,West Germany (U),Founded after 1945 (U),0
0,22,60,140,0,8.800000000000001,10.4,.1221522445967409,1.295940834580236,444.20001,.60679996,.0078000003,.0018,2,8.156042534157152,West Germany (U),Founded after 1945 (U),0
0,23,60,140,0,5.8,8.1999998,.0145986206057638,.8093481415725117,146.60001,.2306,.0040000002,.0016000001,1,6.33416530148028,West Germany (U),Founded after 1945 (U),0
0,23,60,140,0,6.6,14.2,.1651576293668727,.7560731899269985,166,.19139999,.0070000002,.0014,2,8.156042534157152,West Germany (U),Founded after 1945 (U),0
0,24,60,140,0,4.4,5.5999999,.0170581773937804,.3081539568334398,3.4000001,.0612,.00080000004,.00020000001,1,6.33416530148028,West Germany (U),Founded after 1945 (U),0
0,24,60,140,0,3,8.8000002,.1377543953418889,.2578412013704947,40.799999,.0438,.0024000001,.00020000001,2,8.156042534157152,West Germany (U),Founded after 1945 (U),0
0,25,60,140,0,17.2,55.400002,2.129066530093344,3.901675245082718,886,.8962,.075800002,.0040000002,1,6.33416530148028,West Germany (U),Founded after 1945 (U),0
0,25,60,140,0,18.4,65.400002,2.463784291326095,1.871743196145092,592.79999,.59320003,.092199996,.0092000002,2,8.156042534157152,West Germany (U),Founded after 1945 (U),0
0,26,60,140,0,1,2,0,,6.1999998,.023600001,0,0,1,6.33416530148028,West Germany (U),Founded after 1945 (U),0
0,26,60,140,0,0,4.5,.0186907114794624,.2733457085944052,33.599998,.043400001,0,0,2,8.156042534157152,West Germany (U),Founded after 1945 (U),0
0,28,60,140,0,0,0,.0104023776308458,.2580731054851604,,0,.00020000001,.00020000001,1,6.33416530148028,West Germany (U),Founded after 1945 (U),0
0,28,60,140,0,0,.5,0,.0633031135301348,4.5,.0044999998,.00020000001,.00020000001,2,8.156042534157152,West Germany (U),Founded after 1945 (U),0
0,29,60,140,0,0,0,0,,76.599998,.20439999,0,0,1,6.33416530148028,West Germany (U),Founded after 1945 (U),0
0,29,60,140,0,0,0,0,,126,.16,0,0,2,8.156042534157152,West Germany (U),Founded after 1945 (U),0
0,30,60,140,0,0,0,0,,,0,0,0,1,6.33416530148028,West Germany (U),Founded after 1945 (U),0
0,30,60,140,0,0,1,0,,8.666667,.0086666672,0,0,2,8.156042534157152,West Germany (U),Founded after 1945 (U),0
0,32,60,140,0,9,3.8,.3993168974094237,1.812378269085281,265.79999,.72979999,.078199998,.0142,1,6.33416530148028,West Germany (U),Founded after 1945 (U),0
0,32,60,140,0,11.4,21.6,.1966840107151092,1.257219417490266,504,.63240004,.155,.016000001,2,8.156042534157152,West Germany (U),Founded after 1945 (U),0
0,33,60,140,0,14.2,69.199997,2.743546453462646,6.114335315086143,112.4,.1124,0,0,1,6.33416530148028,West Germany (U),Founded after 1945 (U),0
0,33,60,140,0,9.800000000000001,78.199997,2.01905657152017,3.87521582682085,45.599998,.045599997,0,0,2,8.156042534157152,West Germany (U),Founded after 1945 (U),0
0,34,60,140,0,4.4,6.5999999,.0447360280894808,1.632439016195613,74.199997,.26499999,.00040000002,.00020000001,1,6.33416530148028,West Germany (U),Founded after 1945 (U),0
0,34,60,140,0,4.2,13.2,.0652298858883747,.9211675620249007,163.2,.23199999,.00020000001,.00020000001,2,8.156042534157152,West Germany (U),Founded after 1945 (U),0
0,35,60,140,0,0,0,0,5.406178488523858,,0,.025,0,1,6.33416530148028,West Germany (U),Founded after 1945 (U),0
0,36,60,140,0,2,3.4000001,.0061406394940846,.3683361307650063,128.2,.12819999,.00040000002,0,1,6.33416530148028,West Germany (U),Founded after 1945 (U),0
0,36,60,140,0,2.4,7.5999999,.0117357273467346,.3802223615527443,94.400002,.098800004,.0040000002,.0022,2,8.156042534157152,West Germany (U),Founded after 1945 (U),0
0,37,60,140,0,11,81.199997,3.551046690647928,4.341455887657038,398.60001,.4278,.4578,.0504,1,6.33416530148028,West Germany (U),Founded after 1945 (U),0
0,37,60,140,1,14.8,122.2,5.131195912533213,1.958001248173607,358.39999,.37620002,1.2504001,.084800005,2,8.156042534157152,West Germany (U),Founded after 1945 (U),0
0,38,60,140,0,4.6,7.5999999,.2024746096123488,.730076352605744,239.2,.2392,.0058000004,.00020000001,1,6.33416530148028,West Germany (U),Founded after 1945 (U),0
0,38,60,140,0,0,.60000002,.098674415439284,.1385508081403064,35,.035,.033400003,.0038000001,2,8.156042534157152,West Germany (U),Founded after 1945 (U),0
0,39,60,140,0,7.6,23.200001,.4777468497684453,1.647926840339137,375.20001,.3752,.094800003,.0080000004,1,6.33416530148028,West Germany (U),Founded after 1945 (U),0
0,39,60,140,0,3.4,17.4,.4074153184028095,.4222673086619088,45.799999,.0458,.23,.0112,2,8.156042534157152,West Germany (U),Founded after 1945 (U),0
0,40,60,140,0,0,2,0,,1,.001,.001,.00020000001,1,6.33416530148028,West Germany (U),Founded after 1945 (U),0
0,40,60,140,0,0,,0,0,,0,.0040000002,0,2,8.156042534157152,West Germany (U),Founded after 1945 (U),0
0,41,60,140,0,0,0,0,,,0,0,0,1,6.33416530148028,West Germany (U),Founded after 1945 (U),0
0,41,60,140,0,0,0,.05394929005407,.0898335067500393,96.400002,.0964,0,0,2,8.156042534157152,West Germany (U),Founded after 1945 (U),0
0,42,60,140,0,5,10,0,,16,.016000001,.00020000001,0,1,6.33416530148028,West Germany (U),Founded after 1945 (U),0
0,42,60,140,0,2,5.5999999,0,,135.8,.1358,.0027999999,0,2,8.156042534157152,West Germany (U),Founded after 1945 (U),0
0,44,60,140,0,0,0,0,,3,.003,.0013333333,.0020000001,1,6.33416530148028,West Germany (U),Founded after 1945 (U),0
0,44,60,140,0,0,0,0,,7.5999999,.0076000001,.0078000003,.0018,2,8.156042534157152,West Germany (U),Founded after 1945 (U),0
0,45,60,140,0,.8,2.8,.0313780119050612,.4074060683716315,35.599998,.0396,.0012000001,.0016000001,1,6.33416530148028,West Germany (U),Founded after 1945 (U),0
0,45,60,140,0,.8,1.4,.2013982105922611,.2778605056224266,43.599998,.046599999,.0078000003,.0018,2,8.156042534157152,West Germany (U),Founded after 1945 (U),0
0,46,60,140,0,2.2,4.1999998,.0275388956917279,.9873691869824607,140.2,.62699997,0,0,1,6.33416530148028,West Germany (U),Founded after 1945 (U),0
0,46,60,140,0,2.6,3,.049447457825636,.7227690526036802,335.20001,.51319999,0,0,2,8.156042534157152,West Germany (U),Founded after 1945 (U),0
0,47,60,140,0,0,0,0,,25.4,.0254,.00020000001,0,1,6.33416530148028,West Germany (U),Founded after 1945 (U),0
0,47,60,140,0,0,0,0,,1,.001,.0018,0,2,8.156042534157152,West Germany (U),Founded after 1945 (U),0
0,48,60,140,0,7.2,11.4,.2339884356033066,1.858781451206239,749.20001,.74919999,.0048000002,.00080000004,1,6.33416530148028,West Germany (U),Founded after 1945 (U),0
0,48,60,140,0,7.2,26.799999,.2792889489077549,1.097428083979402,470.39999,.4756,.0104,.003,2,8.156042534157152,West Germany (U),Founded after 1945 (U),0
0,49,60,140,0,3.2,7.5999999,.0198808539703557,.8575225687313126,101,.2406,.00020000001,0,1,6.33416530148028,West Germany (U),Founded after 1945 (U),0
0,49,60,140,0,2,5.4000001,.1260310332510403,.4415987458453179,149.2,.18619999,.0020000001,0,2,8.156042534157152,West Germany (U),Founded after 1945 (U),0
0,50,60,140,0,0,0,0,.276043073141324,22.4,.022399999,0,0,1,6.33416530148028,West Germany (U),Founded after 1945 (U),0
0,50,60,140,0,.3333333333333333,2,.0365144675622129,.2323582106853784,31.200001,.035599999,0,0,2,8.156042534157152,West Germany (U),Founded after 1945 (U),0
0,53,60,140,0,0,0,0,,,0,0,0,1,6.33416530148028,West Germany (U),Founded after 1945 (U),0
0,56,60,140,0,14.2,49.799999,2.698354961693064,3.716049132594279,1324.8,2.0316,.031200001,.0054000001,1,6.33416530148028,West Germany (U),Founded after 1945 (U),0
0,56,60,140,0,17,64.199997,1.976945961139205,2.800194431768571,1469.8,1.6941999,.1444,.0126,2,8.156042534157152,West Germany (U),Founded after 1945 (U),0
0,1,61,146,0,0,,0,.01081081081,,0,0,0,1,16.23090911040471,West Germany (U),Founded before 1945 (U),0
0,1,61,146,0,0,,0,.0093945725289107,,0,0,0,2,24.79309974828031,West Germany (U),Founded before 1945 (U),0
0,2,61,146,0,17.8,113.6,3.995153430076245,9.380106347614529,600.79999,.60079998,.5104,.045200001,1,16.23090911040471,West Germany (U),Founded before 1945 (U),0
0,2,61,146,0,21.4,139.8,4.735716732663935,7.656092379499367,1073.4,1.0734,1.2018001,.065199994,2,24.79309974828031,West Germany (U),Founded before 1945 (U),0
0,3,61,146,0,1.8,8.1999998,.2084340362199946,.6776631627813469,205.8,.2058,.001,.0022,1,16.23090911040471,West Germany (U),Founded before 1945 (U),0
0,3,61,146,0,1.6,6,.2120505541562639,.5408238982689967,168.8,.1688,.0020000001,.00040000002,2,24.79309974828031,West Germany (U),Founded before 1945 (U),0
0,4,61,146,0,5.8,3.2,.0077013884852985,1.012784488482297,13.8,.096799999,.00060000003,0,1,16.23090911040471,West Germany (U),Founded before 1945 (U),0
0,4,61,146,0,6.8,11,.0543966302117547,1.549576822034445,19.200001,.2272,.00040000002,0,2,24.79309974828031,West Germany (U),Founded before 1945 (U),0
0,5,61,146,0,4.8,11.8,.0134050653150126,1.861277074950413,177.8,.77600002,.0064000003,.0016000001,1,16.23090911040471,West Germany (U),Founded before 1945 (U),0
0,5,61,146,0,5.6,13,.0705788245883517,1.482615262562396,205,.82240003,.0142,.003,2,24.79309974828031,West Germany (U),Founded before 1945 (U),0
0,7,61,146,0,3,5.8000002,.0877129120557385,.9012718029765981,117.4,.1174,.0064000003,.0016000001,1,16.23090911040471,West Germany (U),Founded before 1945 (U),0
0,7,61,146,0,3.2,6.5999999,.0050389474361673,.8057604867138395,131.2,.1312,.0142,.003,2,24.79309974828031,West Germany (U),Founded before 1945 (U),0
0,11,61,146,0,0,,0,.7918526782809724,,0,.00050000002,0,1,16.23090911040471,West Germany (U),Founded before 1945 (U),0
0,12,61,146,1,15,67.400002,.9762410566316767,8.881740568661701,594.40002,.80259997,4.6464,.1728,1,16.23090911040471,West Germany (U),Founded before 1945 (U),0
0,12,61,146,1,16.6,83.599998,1.704046540509124,7.716939977163788,529.20001,.72000003,8.1101999,.223,2,24.79309974828031,West Germany (U),Founded before 1945 (U),1
0,13,61,146,0,9.4,90.800003,.9067531306593506,6.068737245557728,367.60001,.42899999,1.7534,.091400005,1,16.23090911040471,West Germany (U),Founded before 1945 (U),0
0,13,61,146,0,11.2,91.199997,.8627828250847018,5.906695259082584,522,.6304,3.697,.1292,2,24.79309974828031,West Germany (U),Founded before 1945 (U),0
0,15,61,146,0,0,,0,,163.2,.16319999,.1044,.0098000001,1,16.23090911040471,West Germany (U),Founded before 1945 (U),0
0,15,61,146,0,8.4,41.200001,1.346051759365799,2.320485965182073,239.2,.2392,.171,.0138,2,24.79309974828031,West Germany (U),Founded before 1945 (U),0
0,16,61,146,0,5.4,28.200001,.5365726408882002,1.291678550544829,508.39999,.50840002,.27560002,.030400001,1,16.23090911040471,West Germany (U),Founded before 1945 (U),0
0,16,61,146,0,6.6,38.400002,1.42318675677704,1.780561299281404,661,.66100001,.6864,.050799999,2,24.79309974828031,West Germany (U),Founded before 1945 (U),0
0,17,61,146,0,7.4,8.8000002,.0026790218838799,2.58879542408091,787.59998,.78780001,.025799999,.0032000002,1,16.23090911040471,West Germany (U),Founded before 1945 (U),0
0,17,61,146,0,6.2,16,.0277848633469835,1.505972948155609,615.20001,.61519998,.095600002,.0126,2,24.79309974828031,West Germany (U),Founded before 1945 (U),0
0,18,61,146,0,9.199999999999999,9.8000002,.1016648546005572,1.586037083811974,119.8,.1442,.0012000001,.0012000001,1,16.23090911040471,West Germany (U),Founded before 1945 (U),0
0,18,61,146,0,9.6,11,.0560371252025945,1.525549028179385,187.8,.2298,.00040000002,.00040000002,2,24.79309974828031,West Germany (U),Founded before 1945 (U),0
0,20,61,146,0,7.6,16.6,.3035559349877973,1.776144119552171,352.39999,.44579998,.015800001,.00040000002,1,16.23090911040471,West Germany (U),Founded before 1945 (U),0
0,20,61,146,0,9.4,32.799999,.6690612159960506,2.318989904388924,440,.54120004,.068000004,.0026,2,24.79309974828031,West Germany (U),Founded before 1945 (U),0
0,21,61,146,1,12.2,70.199997,3.637745739466113,5.367501923602449,420.39999,.42039999,2.3408,.080400005,1,16.23090911040471,West Germany (U),Founded before 1945 (U),0
0,21,61,146,1,13,91.199997,4.279637509961272,4.401206515219538,639,.639,3.9224,.1008,2,24.79309974828031,West Germany (U),Founded before 1945 (U),1
0,22,61,146,0,13.8,21.6,.1461711181756558,3.121600654635827,646.59998,1.3742,.0064000003,.0016000001,1,16.23090911040471,West Germany (U),Founded before 1945 (U),0
0,22,61,146,0,12.2,34,.2568945783772434,2.713966443936258,797.79999,1.4302,.0142,.003,2,24.79309974828031,West Germany (U),Founded before 1945 (U),0
0,23,61,146,1,14.4,29.200001,.5685053608615893,3.687411607526819,546.20001,.73340005,.0144,.0016000001,1,16.23090911040471,West Germany (U),Founded before 1945 (U),0
0,23,61,146,1,13.8,39.200001,.9851376338102331,3.059254622992683,668.40002,.97100002,.0568,.0044,2,24.79309974828031,West Germany (U),Founded before 1945 (U),1
0,24,61,146,0,0,,0,,0,.0065000001,.003,0,1,16.23090911040471,West Germany (U),Founded before 1945 (U),0
0,25,61,146,0,11,50.799999,.9043796563327682,4.429322780776781,593.40002,.59380001,.1912,.0176,1,16.23090911040471,West Germany (U),Founded before 1945 (U),0
0,25,61,146,0,14.2,65.599998,1.407475778392939,4.816803669130154,821.59998,.833,.22239999,.0146,2,24.79309974828031,West Germany (U),Founded before 1945 (U),0
0,26,61,146,0,18.4,75.800003,1.800671583338008,7.075214448567337,,0,0,0,1,16.23090911040471,West Germany (U),Founded before 1945 (U),0
0,26,61,146,0,2.2,16.200001,.3912773509821813,3.743755813511719,,0,0,0,2,24.79309974828031,West Germany (U),Founded before 1945 (U),0
0,27,61,146,0,1,0,.0034092493961367,.0858033172831546,0,.001,.0015,.0020000001,1,16.23090911040471,West Germany (U),Founded before 1945 (U),0
0,28,61,146,0,1.8,3.5999999,.0022728329307578,.3954561108285217,120.4,.1204,.0012000001,.00040000002,1,16.23090911040471,West Germany (U),Founded before 1945 (U),0
0,28,61,146,0,3,5.8000002,.0751271905826474,.4463073475918137,195.2,.1952,.0016000001,.00020000001,2,24.79309974828031,West Germany (U),Founded before 1945 (U),0
0,29,61,146,0,3.6,3,.0053032768384348,.9520913509523439,217.39999,.28079998,.00060000003,0,1,16.23090911040471,West Germany (U),Founded before 1945 (U),0
0,29,61,146,0,3,4.1999998,.1023365127932704,.7791307097903857,256,.3398,0,0,2,24.79309974828031,West Germany (U),Founded before 1945 (U),0
0,30,61,146,0,.6666666666666666,6,0,,18.5,.0185,0,0,1,16.23090911040471,West Germany (U),Founded before 1945 (U),0
0,30,61,146,0,2,24,.2995047781107762,.4243821277546384,64,.064000003,0,0,2,24.79309974828031,West Germany (U),Founded before 1945 (U),0
0,31,61,146,0,0,,0,,75,.075000003,.57779998,.0308,1,16.23090911040471,West Germany (U),Founded before 1945 (U),0
0,31,61,146,0,7.2,37.400002,2.23433390887597,1.306419966462442,199.60001,.19960001,1.2572,.032200001,2,24.79309974828031,West Germany (U),Founded before 1945 (U),0
0,32,61,146,0,15.2,26.799999,.1208254539851225,3.301036515686035,255.2,.65059996,.2712,.026000001,1,16.23090911040471,West Germany (U),Founded before 1945 (U),0
0,32,61,146,0,13.2,33,.2136065141641091,3.123508599668843,290.20001,.7924,.39879999,.0254,2,24.79309974828031,West Germany (U),Founded before 1945 (U),0
0,33,61,146,0,0,6,.1003713953983655,.1975874826563836,,0,0,0,1,16.23090911040471,West Germany (U),Founded before 1945 (U),0
0,33,61,146,0,1,7.4000001,.0843209434293867,.4163434766076751,25,.025,0,0,2,24.79309974828031,West Germany (U),Founded before 1945 (U),0
0,34,61,146,0,2.2,2.4000001,.0416088852701031,.5232082122144539,100.8,.1058,.001,.00060000003,1,16.23090911040471,West Germany (U),Founded before 1945 (U),0
0,34,61,146,0,2,5.4000001,.2792100694110864,.436185258321663,101.2,.1012,.0018,.00060000003,2,24.79309974828031,West Germany (U),Founded before 1945 (U),0
0,35,61,146,0,4.8,50,.3016532037323881,3.286486749159312,459.20001,.45920002,.1286,.0066,1,16.23090911040471,West Germany (U),Founded before 1945 (U),0
0,35,61,146,0,5.6,55.799999,.7625288858972487,3.442147029032082,452.79999,.45279998,.264,.0068000001,2,24.79309974828031,West Germany (U),Founded before 1945 (U),0
0,36,61,146,0,3.4,4.5999999,0,.612416416161412,243.60001,.27760002,.0018,0,1,16.23090911040471,West Germany (U),Founded before 1945 (U),0
0,36,61,146,0,3.8,5.4000001,.0197908576491326,.6221082483298327,215.8,.25939998,.0083999997,.00020000001,2,24.79309974828031,West Germany (U),Founded before 1945 (U),0
0,37,61,146,1,12,69.599998,2.036707340325024,6.61615692968349,285.60001,.32660002,3.4836001,.1428,1,16.23090911040471,West Germany (U),Founded before 1945 (U),0
0,37,61,146,1,12.8,99.599998,2.971213017243636,6.001547538056426,343.39999,.40020001,4.9856,.1478,2,24.79309974828031,West Germany (U),Founded before 1945 (U),1
0,38,61,146,0,3.2,6.5999999,.0474314857315089,.9667562895749734,310,.31,.011600001,.0035999999,1,16.23090911040471,West Germany (U),Founded before 1945 (U),0
0,38,61,146,0,2.8,8.6000004,.1041838210370078,.7942634726840916,416.60001,.41660002,.0612,.0060000001,2,24.79309974828031,West Germany (U),Founded before 1945 (U),0
0,39,61,146,0,8.800000000000001,23.4,.2785452199241318,2.218301705611936,411.20001,.41120002,.2342,.012,1,16.23090911040471,West Germany (U),Founded before 1945 (U),0
0,39,61,146,0,9.199999999999999,35.400002,.4850207281746162,2.494668025451764,509.79999,.50980002,.65579998,.022200001,2,24.79309974828031,West Germany (U),Founded before 1945 (U),0
0,41,61,146,0,0,,0,.0022728329307578,,0,0,0,1,16.23090911040471,West Germany (U),Founded before 1945 (U),0
0,41,61,146,0,1,4,.0747447243767721,.2272877494160788,114.8,.11480001,0,0,2,24.79309974828031,West Germany (U),Founded before 1945 (U),0
0,42,61,146,0,18,49.400002,.3496644005603786,4.615906140501167,2124.8,2.1248,.012,.0012000001,1,16.23090911040471,West Germany (U),Founded before 1945 (U),0
0,42,61,146,0,19,52.400002,.2550086914486184,4.724118178564788,1747.8,1.7478,.031200001,.0026,2,24.79309974828031,West Germany (U),Founded before 1945 (U),0
0,44,61,146,0,4.4,8.6000004,.0024869944841946,1.434583147912995,199.8,.4876,.0064000003,.0016000001,1,16.23090911040471,West Germany (U),Founded before 1945 (U),0
0,44,61,146,0,4.6,15,.0716929920661525,1.527685800376983,274.79999,.704,.0142,.003,2,24.79309974828031,West Germany (U),Founded before 1945 (U),0
0,45,61,146,0,2,4.1999998,0,.6375413506295726,57.599998,.065199994,.0064000003,.0016000001,1,16.23090911040471,West Germany (U),Founded before 1945 (U),0
0,45,61,146,0,2,6.8000002,0,.6262029176451271,117.4,.1294,.0142,.003,2,24.79309974828031,West Germany (U),Founded before 1945 (U),0
0,46,61,146,0,5.5,1.5,.0086944468816783,.9561133940859385,0,.1758,0,0,1,16.23090911040471,West Germany (U),Founded before 1945 (U),0
0,46,61,146,0,0,0,0,.0281183278166131,,0,0,0,2,24.79309974828031,West Germany (U),Founded before 1945 (U),0
0,48,61,146,0,1.4,6.1999998,.1537320209612877,.6858433007073254,108.8,.147,.028999999,.001,1,16.23090911040471,West Germany (U),Founded before 1945 (U),0
0,48,61,146,0,2.6,12.4,.1805969806019626,.7524793411484005,139.60001,.2304,.055,.00040000002,2,24.79309974828031,West Germany (U),Founded before 1945 (U),0
0,49,61,146,0,3,10,.0072935662285802,2.505493874730283,225.39999,.43920001,.00020000001,0,1,16.23090911040471,West Germany (U),Founded before 1945 (U),0
0,49,61,146,0,3.4,13.8,.1026872219160456,2.511971045569551,270.20001,.56259996,.0014,0,2,24.79309974828031,West Germany (U),Founded before 1945 (U),0
0,50,61,146,0,0,5.8000002,.0460714285545293,1.322389794838117,,0,0,0,1,16.23090911040471,West Germany (U),Founded before 1945 (U),0
0,50,61,146,0,0,11.2,.0544113196531502,1.23537822941611,38,.037999999,0,0,2,24.79309974828031,West Germany (U),Founded before 1945 (U),0
0,51,61,146,0,0,,.1269510925924336,0,,0,.030999999,.001,2,24.79309974828031,West Germany (U),Founded before 1945 (U),0
0,55,61,146,0,0,,0,,122.2,.1222,0,0,1,16.23090911040471,West Germany (U),Founded before 1945 (U),0
0,55,61,146,0,0,,0,0,322.20001,.3222,0,0,2,24.79309974828031,West Germany (U),Founded before 1945 (U),0
0,56,61,146,1,16.2,55.200001,.4304897352431905,4.557215469303112,1760.8,1.7608,.19960001,.0208,1,16.23090911040471,West Germany (U),Founded before 1945 (U),0
0,56,61,146,1,19.2,76,.5757555361405509,4.709006893826571,1861.6,1.8615999,.51640004,.043400001,2,24.79309974828031,West Germany (U),Founded before 1945 (U),1
0,3,62,132,0,3,41.200001,.5554149601209822,1.720434979713551,416.79999,.41679999,.0012000001,.0026,1,23.02440723562372,West Germany (U),Founded before 1945 (U),0
0,3,62,132,0,3.6,32,1.521645771614048,1.855126891550652,561.79999,.5618,.0026,.0027999999,2,24.54344017638709,West Germany (U),Founded before 1945 (U),0
0,4,62,132,0,2.6,4.4000001,.1118230421191624,1.036428018833469,10.2,.066,.00040000002,0,1,23.02440723562372,West Germany (U),Founded before 1945 (U),0
0,4,62,132,0,3.6,5.5999999,.0547540343884845,.9164312166169941,7.8000002,.1152,.00060000003,0,2,24.54344017638709,West Germany (U),Founded before 1945 (U),0
1,5,62,132,0,9.199999999999999,14.8,.1088782131518399,2.384995350634463,354.60001,.83040005,.0174,.0078000003,1,23.02440723562372,West Germany (U),Founded before 1945 (U),0
0,5,62,132,0,8.199999999999999,16,.2150591465208707,2.155141162292816,355,1.1390001,.046,.0068000001,2,24.54344017638709,West Germany (U),Founded before 1945 (U),0
0,7,62,132,0,14.2,33.799999,1.704851422448761,3.448730004814146,285,.285,.0174,.0078000003,1,23.02440723562372,West Germany (U),Founded before 1945 (U),0
0,7,62,132,0,14.2,36.799999,1.957512432146566,3.321518180674289,423.79999,.42379999,.046,.0068000001,2,24.54344017638709,West Germany (U),Founded before 1945 (U),0
0,10,62,132,0,3,3,.0045173730574789,.3603422018108607,58.599998,.058599997,.0035999999,0,1,23.02440723562372,West Germany (U),Founded before 1945 (U),0
0,10,62,132,0,3.8,6.4000001,.1101392914375491,.7631707172344593,81,.081,.010199999,.00040000002,2,24.54344017638709,West Germany (U),Founded before 1945 (U),0
0,11,62,132,0,0,1,0,.0823746635565492,,0,0,0,2,24.54344017638709,West Germany (U),Founded before 1945 (U),0
1,12,62,132,0,23.6,209,7.181253176377528,15.14848125473197,795.59998,.93300003,9.3384008,.28040001,1,23.02440723562372,West Germany (U),Founded before 1945 (U),0
1,12,62,132,1,20,191.2,8.700096073881149,13.99062703632145,736.59998,.90920001,16.930801,.3486,2,24.54344017638709,West Germany (U),Founded before 1945 (U),0
0,13,62,132,0,21.8,149.2,4.828670939744076,12.399272575704,579.59998,.61500001,4.8562002,.16419999,1,23.02440723562372,West Germany (U),Founded before 1945 (U),0
0,13,62,132,0,20.8,165.2,4.696000295124965,10.33197143920541,563.79999,.65399998,6.7143998,.15719999,2,24.54344017638709,West Germany (U),Founded before 1945 (U),0
1,17,62,132,0,8,23.6,.5848818398280079,1.760998907054727,912.79999,.9314,.0174,.0040000002,1,23.02440723562372,West Germany (U),Founded before 1945 (U),0
0,17,62,132,0,5.8,19.799999,1.448403126638774,1.834887086959131,950.59998,1.0039999,.1188,.0132,2,24.54344017638709,West Germany (U),Founded before 1945 (U),0
0,18,62,132,0,11.8,25.799999,.3556424951389016,3.72103700463543,309.20001,.35779998,.0018,.0014,1,23.02440723562372,West Germany (U),Founded before 1945 (U),0
0,18,62,132,0,13.4,27.200001,.6971003093269652,3.641887438704642,341.60001,.42920002,.0038000001,.0040000002,2,24.54344017638709,West Germany (U),Founded before 1945 (U),0
0,20,62,132,0,6.2,31,.2295213082536025,1.818267087249916,320.79999,.38600001,.0054000001,.0016000001,1,23.02440723562372,West Germany (U),Founded before 1945 (U),0
0,20,62,132,0,6,16.6,.4843460008598853,1.717355173589903,349.20001,.456,.033199999,.0026,2,24.54344017638709,West Germany (U),Founded before 1945 (U),0
0,21,62,132,0,14,102.6,5.90682552560067,4.547525917451965,246.39999,.2464,1.3446,.082800001,1,23.02440723562372,West Germany (U),Founded before 1945 (U),0
0,21,62,132,0,17,89.599998,4.5759265487026,4.286883556609857,325.79999,.3258,3.0016,.092,2,24.54344017638709,West Germany (U),Founded before 1945 (U),0
1,22,62,132,0,12.6,24.200001,.1646571264846874,3.024152135904349,610.59998,1.1425999,.0174,.0078000003,1,23.02440723562372,West Germany (U),Founded before 1945 (U),0
0,22,62,132,0,12,32.599998,.353437324965382,3.028237289321009,615,1.4656,.046,.0068000001,2,24.54344017638709,West Germany (U),Founded before 1945 (U),0
1,23,62,132,0,18.2,51.200001,3.59948130972147,5.31879121773984,622.20001,.76679999,.025,.0092000002,1,23.02440723562372,West Germany (U),Founded before 1945 (U),0
1,23,62,132,0,17.2,64.199997,3.30720422661763,4.373106733833274,676.59998,.98799998,.0898,.012399999,2,24.54344017638709,West Germany (U),Founded before 1945 (U),0
0,24,62,132,0,0,1,0,,,0,.0080000004,0,2,24.54344017638709,West Germany (U),Founded before 1945 (U),0
0,25,62,132,1,13.8,87,2.595529025145478,5.160841841932049,1000.6,1.0012,.2342,.0146,1,23.02440723562372,West Germany (U),Founded before 1945 (U),0
0,25,62,132,1,16.2,98,2.594389208171225,5.468856733672913,671.59998,.67379999,.27679998,.0136,2,24.54344017638709,West Germany (U),Founded before 1945 (U),1
0,27,62,132,0,13.4,23.4,.3008997624097816,3.309792312450044,131.39999,.191,.0018,.0014,1,23.02440723562372,West Germany (U),Founded before 1945 (U),0
0,27,62,132,0,13.6,23.799999,.3493288227811677,2.886470413895567,138.39999,.2396,.0038000001,.0040000002,2,24.54344017638709,West Germany (U),Founded before 1945 (U),0
0,28,62,132,0,3.8,23.6,.0702517592561259,1.066872219638103,254.60001,.25460002,.0018,0,1,23.02440723562372,West Germany (U),Founded before 1945 (U),0
0,28,62,132,0,5.2,14.4,.2296747624452117,.901627431626783,297.60001,.2976,.0041999999,.00080000004,2,24.54344017638709,West Germany (U),Founded before 1945 (U),0
0,29,62,132,0,3.4,2.8,.0177215114861914,.6905208315333633,211.39999,.2122,.00020000001,0,1,23.02440723562372,West Germany (U),Founded before 1945 (U),0
0,29,62,132,0,2.4,3.4000001,.0606447225955401,.5732980734479947,210.2,.2104,0,0,2,24.54344017638709,West Germany (U),Founded before 1945 (U),0
0,31,62,132,0,0,,0,,183.5,.18350001,1.9859999,.0625,2,24.54344017638709,West Germany (U),Founded before 1945 (U),0
0,32,62,132,0,13.2,22.6,.1443918983743933,3.280272492702722,155.60001,.3152,.43820003,.041200001,1,23.02440723562372,West Germany (U),Founded before 1945 (U),0
0,32,62,132,0,13,32.400002,.6267572997148707,2.73066946222615,209,.46000001,.67759997,.038200002,2,24.54344017638709,West Germany (U),Founded before 1945 (U),0
0,33,62,132,0,0,,2.572120152286801,.3857492503132418,21.333334,.021333333,0,0,1,23.02440723562372,West Germany (U),Founded before 1945 (U),0
0,33,62,132,0,0,13.2,1.522416801119664,.5527444294970576,0,.003,0,0,2,24.54344017638709,West Germany (U),Founded before 1945 (U),0
0,34,62,132,0,2,4.1999998,.0321985216511585,.5699842479306304,85.800003,.0858,.00080000004,.00020000001,1,23.02440723562372,West Germany (U),Founded before 1945 (U),0
0,34,62,132,0,1.8,1.6,.0051696349091385,.3942451649638123,70.599998,.070800006,.0026,.0012000001,2,24.54344017638709,West Germany (U),Founded before 1945 (U),0
1,35,62,132,0,6.8,49.599998,1.028058849376631,3.303603537897156,351,.35100001,.30879998,.0076000001,1,23.02440723562372,West Germany (U),Founded before 1945 (U),0
1,35,62,132,0,6.8,52,.9393945251877831,3.407552863344957,448.79999,.4488,.59640002,.012800001,2,24.54344017638709,West Germany (U),Founded before 1945 (U),0
0,36,62,132,0,8.800000000000001,12.2,.5222130833912297,2.030015742918708,301.39999,.33160001,.0070000002,.0048000002,1,23.02440723562372,West Germany (U),Founded before 1945 (U),0
0,36,62,132,0,5.8,11,.3265411618966568,1.609022199608862,260.20001,.3326,.022600001,.0078000003,2,24.54344017638709,West Germany (U),Founded before 1945 (U),0
0,37,62,132,0,19.2,113,6.141191068986521,8.198772172549868,313.39999,.33239999,4.1327996,.20019999,1,23.02440723562372,West Germany (U),Founded before 1945 (U),0
0,37,62,132,0,20.2,120.6,5.312355908350064,6.5896985095644,336,.37079999,7.2596002,.21419999,2,24.54344017638709,West Germany (U),Founded before 1945 (U),0
0,38,62,132,0,6.4,16.200001,.3957884492285192,1.430436606573652,470.60001,.50400001,.0266,.0040000002,1,23.02440723562372,West Germany (U),Founded before 1945 (U),0
0,38,62,132,0,6.4,15.4,.3479969364728826,1.308097172087054,353,.4138,.097800002,.0048000002,2,24.54344017638709,West Germany (U),Founded before 1945 (U),0
1,39,62,132,0,7.4,36.400002,.5785134223869525,3.026753511878485,583,.58420002,1.1932,.0506,1,23.02440723562372,West Germany (U),Founded before 1945 (U),0
0,39,62,132,1,9.800000000000001,37.599998,.6799544495572155,3.482044932324396,594.20001,.5966,2.3994,.0788,2,24.54344017638709,West Germany (U),Founded before 1945 (U),0
0,41,62,132,0,1,0,.8003756298359204,.3038274540120774,18.6,.0186,0,0,1,23.02440723562372,West Germany (U),Founded before 1945 (U),0
0,41,62,132,0,.3333333333333333,4.6666665,.0930324543477743,.1268484316864621,195.60001,.1956,0,0,2,24.54344017638709,West Germany (U),Founded before 1945 (U),0
0,42,62,132,0,21.8,55.400002,.2190486655561532,7.31187132986699,2338.3999,2.3383999,.0049999999,.00080000004,1,23.02440723562372,West Germany (U),Founded before 1945 (U),0
0,42,62,132,0,21,62,.4167951125629491,6.288977010789733,2095,2.095,.023,.001,2,24.54344017638709,West Germany (U),Founded before 1945 (U),0
0,43,62,132,0,0,4,0,,,0,0,0,2,24.54344017638709,West Germany (U),Founded before 1945 (U),0
0,44,62,132,0,4.8,13.8,.135117601813068,1.896801670061539,183.8,.42979997,.0174,.0078000003,1,23.02440723562372,West Germany (U),Founded before 1945 (U),0
0,44,62,132,0,5.4,12.4,.0993005668279276,1.754898935650116,131.8,.51359999,.046,.0068000001,2,24.54344017638709,West Germany (U),Founded before 1945 (U),0
0,45,62,132,0,2.8,4,.0215313276639275,.6424500445716725,91.800003,.1008,.0174,.0078000003,1,23.02440723562372,West Germany (U),Founded before 1945 (U),0
0,45,62,132,0,3,6.1999998,.1752872584689361,.7239641878832692,139.8,.1542,.046,.0068000001,2,24.54344017638709,West Germany (U),Founded before 1945 (U),0
0,46,62,132,0,0,4.6666665,0,,0,0,0,0,1,23.02440723562372,West Germany (U),Founded before 1945 (U),0
0,46,62,132,0,0,4,0,,0,0,0,0,2,24.54344017638709,West Germany (U),Founded before 1945 (U),0
0,47,62,132,0,0,,.1194925912786261,.6358522418987556,,0,.0016000001,0,1,23.02440723562372,West Germany (U),Founded before 1945 (U),0
0,47,62,132,0,3,10.25,.1637859369907889,.4794067752091717,,0,.0016000001,.00020000001,2,24.54344017638709,West Germany (U),Founded before 1945 (U),0
0,48,62,132,0,3.4,8.1999998,.2992485860149869,.9703576075005232,351,.35100001,.0132,.0012000001,1,23.02440723562372,West Germany (U),Founded before 1945 (U),0
0,48,62,132,0,3.6,8,.3622950532970345,.7840136761103947,368.39999,.36840001,.028999999,.0044,2,24.54344017638709,West Germany (U),Founded before 1945 (U),0
0,49,62,132,0,3.2,20,.2008676512995889,2.45313558000869,258.20001,.4122,.0026,0,1,23.02440723562372,West Germany (U),Founded before 1945 (U),0
0,49,62,132,0,4,23.4,.429462681801304,2.454008206896061,128.2,.2712,.0058000004,0,2,24.54344017638709,West Germany (U),Founded before 1945 (U),0
0,50,62,132,0,2,9.6000004,2.375990612146058,2.762750579568488,9,.0089999996,0,0,1,23.02440723562372,West Germany (U),Founded before 1945 (U),0
0,50,62,132,0,2.2,33.400002,1.511861586825684,2.452920259032947,9.3999996,.0093999999,0,0,2,24.54344017638709,West Germany (U),Founded before 1945 (U),0
0,56,62,132,0,14.8,41.200001,.2465471593991116,5.811789266885802,1840,1.84,.047400001,.0088,1,23.02440723562372,West Germany (U),Founded before 1945 (U),0
0,56,62,132,0,18.6,47.799999,.5899832555585167,5.245886103591042,1309.6,1.3096,.16360001,.019399999,2,24.54344017638709,West Germany (U),Founded before 1945 (U),0
0,3,63,135,0,7.2,11.4,.0466295201183971,.079353444719458,,0,0,.0014,1,.6303147165226128,East Germany (U),Founded after 1945 (U),0
0,3,63,135,0,8.199999999999999,22.200001,0,,37,.037,0,.00080000004,2,.7832106571369895,East Germany (U),Founded after 1945 (U),0
0,10,63,135,0,0,,0,,25,.025,.001,0,1,.6303147165226128,East Germany (U),Founded after 1945 (U),0
0,20,63,135,0,1,1.8,0,,,0,.003,.00060000003,1,.6303147165226128,East Germany (U),Founded after 1945 (U),0
0,20,63,135,0,1,1,0,,,0,.0040000002,0,2,.7832106571369895,East Germany (U),Founded after 1945 (U),0
0,22,63,135,0,0,,0,,24,.024,0,.001,2,.7832106571369895,East Germany (U),Founded after 1945 (U),0
0,23,63,135,0,5,7,.0114416475947595,0,,0,.001,.00040000002,1,.6303147165226128,East Germany (U),Founded after 1945 (U),0
0,23,63,135,0,5,7.8000002,0,,,0,.0016000001,.001,2,.7832106571369895,East Germany (U),Founded after 1945 (U),0
0,25,63,135,0,0,,0,,17.6,.0176,.0018,.00060000003,1,.6303147165226128,East Germany (U),Founded after 1945 (U),0
0,25,63,135,0,0,,0,,45.200001,.045200001,.0032000002,.00020000001,2,.7832106571369895,East Germany (U),Founded after 1945 (U),0
0,28,63,135,0,0,,.6750077031516248,.3056557695529788,66.199997,.066199996,.00060000003,0,1,.6303147165226128,East Germany (U),Founded after 1945 (U),0
0,28,63,135,0,0,,0,.0491325497744804,55.799999,.055799998,.0014,.00020000001,2,.7832106571369895,East Germany (U),Founded after 1945 (U),0
0,29,63,135,0,1,0,0,,,0,0,0,1,.6303147165226128,East Germany (U),Founded after 1945 (U),0
0,29,63,135,0,1.2,.60000002,0,,,0,0,0,2,.7832106571369895,East Germany (U),Founded after 1945 (U),0
0,36,63,135,0,1,2.5999999,0,,,0,.00020000001,.00020000001,1,.6303147165226128,East Germany (U),Founded after 1945 (U),0
0,36,63,135,0,1,1.6,0,,,0,0,.00020000001,2,.7832106571369895,East Germany (U),Founded after 1945 (U),0
0,38,63,135,0,1,2.5999999,0,,,0,.0040000002,.0049999999,1,.6303147165226128,East Germany (U),Founded after 1945 (U),0
0,38,63,135,0,2.8,5.8000002,0,,26.666666,.026666665,.0174,.0026,2,.7832106571369895,East Germany (U),Founded after 1945 (U),0
0,41,63,135,0,1,0,0,,268,.26800001,0,0,1,.6303147165226128,East Germany (U),Founded after 1945 (U),0
0,41,63,135,0,0,.80000001,0,.4342829891674147,,0,0,0,2,.7832106571369895,East Germany (U),Founded after 1945 (U),0
0,42,63,135,0,18.4,39.200001,.7583870092649589,3.440383943995932,1496.8,1.4968001,0,.00020000001,1,.6303147165226128,East Germany (U),Founded after 1945 (U),0
0,42,63,135,0,19.2,45.799999,.2128861430265681,3.741927775589776,1764.8,1.7648001,.001,0,2,.7832106571369895,East Germany (U),Founded after 1945 (U),0
0,43,63,135,0,0,,0,,4.6666665,.0046666665,0,0,1,.6303147165226128,East Germany (U),Founded after 1945 (U),0
0,48,63,135,0,2,2.5999999,0,,,0,.0040000002,.0016000001,1,.6303147165226128,East Germany (U),Founded after 1945 (U),0
0,48,63,135,0,3.8,7.4000001,0,,,0,.011,.0016000001,2,.7832106571369895,East Germany (U),Founded after 1945 (U),0
0,49,63,135,0,0,,0,.0308924485058506,,0,0,0,1,.6303147165226128,East Germany (U),Founded after 1945 (U),0
0,50,63,135,0,2.6,13.2,.8737329038535323,4.976611009860672,1401.6,1.4016,0,0,1,.6303147165226128,East Germany (U),Founded after 1945 (U),0
0,50,63,135,0,6.6,11.2,1.756797416813588,3.810425525657637,2041.8,2.0418,0,0,2,.7832106571369895,East Germany (U),Founded after 1945 (U),0
0,56,63,135,0,16.4,45.599998,1.634684533105095,4.03038175362854,1358,1.358,.022,.0055999998,1,.6303147165226128,East Germany (U),Founded after 1945 (U),0
0,56,63,135,0,16.2,52.200001,.5276143782295738,3.809729900861782,1563,1.563,.073399998,.0098000001,2,.7832106571369895,East Germany (U),Founded after 1945 (U),0
0,3,64,134,1,4.4,39.200001,.6375885727586487,.9793923329936546,622,.62199998,.003,.0032000002,1,26.31207442120727,East Germany (U),Founded after 1945 (U),0
0,3,64,134,1,9.199999999999999,27.4,4.162719379545359,.1671169566391377,508.20001,.50819999,.0026,.0078000003,2,52.22010824128453,East Germany (U),Founded after 1945 (U),1
0,4,64,134,1,5.2,11.6,.180679035449649,1.249202979246333,129.8,.1832,.0012000001,.00080000004,1,26.31207442120727,East Germany (U),Founded after 1945 (U),0
0,4,64,134,1,5.6,17.799999,.5285618671158027,1.159081386912438,77.800003,.1806,.0018,.00060000003,2,52.22010824128453,East Germany (U),Founded after 1945 (U),1
1,5,64,134,1,10.8,16,.0651570574582938,1.973182033783851,1118,1.482,.0134,.0044,1,26.31207442120727,East Germany (U),Founded after 1945 (U),0
1,5,64,134,1,11,13.6,.3654122321297991,1.322871356893151,804.40002,1.0502,.0296,.0078000003,2,52.22010824128453,East Germany (U),Founded after 1945 (U),1
0,7,64,134,1,23,66,.6693864899983594,3.129737978687082,1722,1.722,.0134,.0044,1,26.31207442120727,East Germany (U),Founded after 1945 (U),0
0,7,64,134,1,23,59.599998,2.013747931562978,3.906282741565394,1720.4,1.7204,.0296,.0078000003,2,52.22010824128453,East Germany (U),Founded after 1945 (U),1
0,10,64,134,0,8,19.4,.3444842588871498,2.232960631631228,1727,1.727,.010600001,.0014,1,26.31207442120727,East Germany (U),Founded after 1945 (U),0
0,10,64,134,0,2,3.5,.7597060248422794,1.471212195836553,1053,1.053,.0198,.0022,2,52.22010824128453,East Germany (U),Founded after 1945 (U),0
0,12,64,134,0,26,135.2,4.575921615588959,10.27395997853281,897.59998,1.1911999,7.5327997,.2368,1,26.31207442120727,East Germany (U),Founded after 1945 (U),0
0,12,64,134,1,26.8,125.8,4.11167135199813,8.830062057174988,702.79999,.99940002,9.5334005,.213,2,52.22010824128453,East Germany (U),Founded after 1945 (U),0
0,13,64,134,0,20.8,140.2,4.239927048156703,8.926774207741206,825.79999,.90380001,4.3913999,.1506,1,26.31207442120727,East Germany (U),Founded after 1945 (U),0
0,13,64,134,1,24,192.2,7.934093962259964,10.84688669347411,782.79999,.90279996,8.2874002,.2112,2,52.22010824128453,East Germany (U),Founded after 1945 (U),0
0,14,64,134,0,6,23,1.179359722781836,1.784845305759911,693.59998,.6936,.00060000003,.00020000001,1,26.31207442120727,East Germany (U),Founded after 1945 (U),0
0,14,64,134,0,12.4,44,3.278925468837206,2.204501643912544,648,.648,.00040000002,.0016000001,2,52.22010824128453,East Germany (U),Founded after 1945 (U),0
0,17,64,134,0,23.4,77.800003,2.779047352260938,4.747457555689334,860.40002,.95140004,.0154,.0027999999,1,26.31207442120727,East Germany (U),Founded after 1945 (U),0
1,17,64,134,0,17.8,88.800003,4.172288140835902,6.232822897114383,702.79999,1.0014,.055199999,.0088,2,52.22010824128453,East Germany (U),Founded after 1945 (U),0
0,18,64,134,0,.8,1,0,.1808492520958385,61.400002,.061799999,.0012000001,.00020000001,1,26.31207442120727,East Germany (U),Founded after 1945 (U),0
0,18,64,134,0,1.333333333333333,1.6666666,.0086206896540887,.3269404672244974,11,.011,.0014,0,2,52.22010824128453,East Germany (U),Founded after 1945 (U),0
0,20,64,134,0,7.6,30.799999,.5675698877448451,2.513357654516316,488.79999,.75279999,.020399999,.0016000001,1,26.31207442120727,East Germany (U),Founded after 1945 (U),0
0,20,64,134,0,8.6,30.799999,.8905410841921199,2.266868227757836,528,.5808,.074599996,.0064000003,2,52.22010824128453,East Germany (U),Founded after 1945 (U),0
0,21,64,134,0,21.6,134.39999,4.117882386258401,7.389049960654536,668.20001,.66820002,1.0476,.069400005,1,26.31207442120727,East Germany (U),Founded after 1945 (U),0
0,21,64,134,0,24.2,127.4,5.047228717662399,7.247020203805744,712,.71200001,2.5486002,.1054,2,52.22010824128453,East Germany (U),Founded after 1945 (U),0
0,22,64,134,0,17.6,43.799999,.2025860372220281,4.399075763087613,1591.8,2.4008,.0134,.0044,1,26.31207442120727,East Germany (U),Founded after 1945 (U),0
0,22,64,134,0,15.8,40.400002,1.512794385544201,3.607634063073319,782,1.1366,.0296,.0078000003,2,52.22010824128453,East Germany (U),Founded after 1945 (U),0
1,23,64,134,1,19,41.799999,.9668965322989025,4.668482099404367,1184.2,1.4246,.0196,.0061999997,1,26.31207442120727,East Germany (U),Founded after 1945 (U),0
0,23,64,134,1,32,89,5.979343264955228,5.244736405128868,927.79999,1.1652,.032000002,.0096000005,2,52.22010824128453,East Germany (U),Founded after 1945 (U),1
0,25,64,134,0,10.4,39.200001,1.261608182043427,2.268511405412902,1004,1.0532,.20999999,.0126,1,26.31207442120727,East Germany (U),Founded after 1945 (U),0
0,25,64,134,1,15.8,71.199997,3.567820970173119,2.613159355518218,1363.8,1.408,.237,.019399999,2,52.22010824128453,East Germany (U),Founded after 1945 (U),0
0,27,64,134,0,2,2.4000001,0,.3444779985758663,58.799999,.069800004,.0012000001,.00020000001,1,26.31207442120727,East Germany (U),Founded after 1945 (U),0
0,27,64,134,0,2,2.8,.0319547232264322,.2714517080450637,11,.0118,.0014,0,2,52.22010824128453,East Germany (U),Founded after 1945 (U),0
0,28,64,134,0,0,0,.3086580412040066,1.029462411075744,523.79999,.52380002,.0035999999,.0012000001,1,26.31207442120727,East Germany (U),Founded after 1945 (U),0
0,28,64,134,0,3.8,12.2,.4262687790721316,1.03831527170554,377,.377,.0076000001,.0026,2,52.22010824128453,East Germany (U),Founded after 1945 (U),0
0,29,64,134,0,6.2,25.4,1.250879120659837,1.827035936788899,843.59998,.84359998,0,0,1,26.31207442120727,East Germany (U),Founded after 1945 (U),0
0,29,64,134,0,11,46.799999,1.902634214331609,1.520234445279398,766.79999,.76679999,.00080000004,.00080000004,2,52.22010824128453,East Germany (U),Founded after 1945 (U),0
0,32,64,134,0,23,42,.5175174672392456,3.129052832706274,504.60001,.67019999,.2904,.025799999,1,26.31207442120727,East Germany (U),Founded after 1945 (U),0
0,32,64,134,1,20.4,78.800003,3.781123797049505,4.806155254237409,560.79999,.76359999,.537,.0308,2,52.22010824128453,East Germany (U),Founded after 1945 (U),0
0,33,64,134,0,0,.75,9.625770764144656,5.725122528321859,22,.022,0,0,1,26.31207442120727,East Germany (U),Founded after 1945 (U),0
0,33,64,134,0,0,2,.0973319131606712,.2210060075919796,,0,0,0,2,52.22010824128453,East Germany (U),Founded after 1945 (U),0
0,34,64,134,0,2.8,5,.0748603727207117,.6658340454702566,367.20001,.36720002,.00060000003,0,1,26.31207442120727,East Germany (U),Founded after 1945 (U),0
0,34,64,134,0,3,5.1999998,.0624562276110825,.5935880133562607,74.199997,.074199997,.0020000001,.0016000001,2,52.22010824128453,East Germany (U),Founded after 1945 (U),0
1,35,64,134,0,10.2,69.599998,1.244047234924721,5.13487942000952,995.20001,.99520004,.34239998,.0080000004,1,26.31207442120727,East Germany (U),Founded after 1945 (U),0
0,35,64,134,0,8.4,51.799999,.9509152142739112,4.69283705963628,683.59998,.68359995,.37920001,.0058000004,2,52.22010824128453,East Germany (U),Founded after 1945 (U),0
0,36,64,134,0,8,20.799999,.681530256675299,1.221987744974546,826.59998,.82659996,.0089999996,.0058000004,1,26.31207442120727,East Germany (U),Founded after 1945 (U),0
0,36,64,134,0,9.4,26.6,1.164930720935229,1.261239969893181,529,.52899998,.0136,.0041999999,2,52.22010824128453,East Germany (U),Founded after 1945 (U),0
0,37,64,134,0,28,139.39999,5.181858943035431,7.481921012103075,432.20001,.45320001,5.0452003,.2454,1,26.31207442120727,East Germany (U),Founded after 1945 (U),0
0,37,64,134,1,23.4,140.60001,6.906808326331802,7.03470992195784,573.40002,.61019999,7.7976003,.23100001,2,52.22010824128453,East Germany (U),Founded after 1945 (U),0
0,38,64,134,0,22.2,77.599998,1.668854190984428,5.439898411900042,2002.6,2.0026,.047400001,.0126,1,26.31207442120727,East Germany (U),Founded after 1945 (U),0
0,38,64,134,0,24.8,65.800003,3.863113596623022,5.835491317309873,1644.2,1.6442,.1446,.0242,2,52.22010824128453,East Germany (U),Founded after 1945 (U),0
0,39,64,134,1,16.2,54.799999,.533448340373875,3.350988281103643,1398.8,1.3988,.67180002,.033199999,1,26.31207442120727,East Germany (U),Founded after 1945 (U),0
0,39,64,134,0,15.8,80,1.893941884220735,3.609291273033087,989,.98900002,1.1210001,.0418,2,52.22010824128453,East Germany (U),Founded after 1945 (U),1
0,40,64,134,0,0,,0,,44.333332,.044333331,.0086666672,.0013333333,1,26.31207442120727,East Germany (U),Founded after 1945 (U),0
0,40,64,134,0,0,,0,,64,.064000003,.014,0,2,52.22010824128453,East Germany (U),Founded after 1945 (U),0
0,41,64,134,0,0,1.4,2.228144107293816,2.015664433938126,11,.011,0,0,1,26.31207442120727,East Germany (U),Founded after 1945 (U),0
0,41,64,134,0,7.2,39.799999,0,.0256261785669116,653.59998,.65359998,0,0,2,52.22010824128453,East Germany (U),Founded after 1945 (U),0
0,42,64,134,0,22.4,80.599998,.1593003600688402,6.875672180293606,3318.3999,3.3183999,.010199999,.0012000001,1,26.31207442120727,East Germany (U),Founded after 1945 (U),0
0,42,64,134,0,21.4,95.400002,.4191601657502299,5.706779020280485,2349.8,2.3498001,.015800001,.0014,2,52.22010824128453,East Germany (U),Founded after 1945 (U),0
0,43,64,134,0,11.6,32.799999,.9658349975167214,5.198704031989589,483.79999,.48379999,0,0,1,26.31207442120727,East Germany (U),Founded after 1945 (U),0
0,43,64,134,0,10,48.400002,2.755046582308109,4.289247826026379,410.20001,.4102,0,0,2,52.22010824128453,East Germany (U),Founded after 1945 (U),0
0,44,64,134,0,10.8,30.4,.3020719853706704,2.745068850719414,532.59998,.69659996,.0134,.0044,1,26.31207442120727,East Germany (U),Founded after 1945 (U),0
0,44,64,134,0,8.4,22.6,.605666437418901,1.927127763127809,431.60001,.63159996,.0296,.0078000003,2,52.22010824128453,East Germany (U),Founded after 1945 (U),0
0,45,64,134,0,.5,1,0,.1414709207431616,52.5,.056249999,.0125,.0047499998,1,26.31207442120727,East Germany (U),Founded after 1945 (U),0
0,45,64,134,0,0,0,0,,3.4000001,.0034,.0296,.0078000003,2,52.22010824128453,East Germany (U),Founded after 1945 (U),0
0,46,64,134,0,.8,1.2,0,.1811474960836232,.80000001,.0096000005,0,0,1,26.31207442120727,East Germany (U),Founded after 1945 (U),0
0,46,64,134,0,1.5,.5,0,,0,.0017500001,0,0,2,52.22010824128453,East Germany (U),Founded after 1945 (U),0
0,47,64,134,0,.8,2.8,0,,399,.39899999,.0034,.00020000001,1,26.31207442120727,East Germany (U),Founded after 1945 (U),0
0,47,64,134,0,2,6.5,0,,87,.086999997,.0078000003,0,2,52.22010824128453,East Germany (U),Founded after 1945 (U),0
0,48,64,134,1,8.6,21.200001,.0900100608593436,2.31939542646792,875.59998,1.125,.051400002,.0035999999,1,26.31207442120727,East Germany (U),Founded after 1945 (U),0
0,48,64,134,0,9.800000000000001,16.200001,.2264105229673381,1.359113039453194,198.2,.565,.092800006,.014,2,52.22010824128453,East Germany (U),Founded after 1945 (U),1
0,49,64,134,0,0,4,.0922089628781662,1.08608902480347,34.599998,.155,.0018,0,1,26.31207442120727,East Germany (U),Founded after 1945 (U),0
0,49,64,134,0,0,3.5,0,,4,.0126,.0078000003,.00020000001,2,52.22010824128453,East Germany (U),Founded after 1945 (U),0
0,50,64,134,0,0,3.4000001,3.959629045074037,7.051244788370957,38.5,.0385,0,0,1,26.31207442120727,East Germany (U),Founded after 1945 (U),0
0,50,64,134,0,1.8,18.4,.3970837818134245,2.120728053041335,76,.075999998,0,0,2,52.22010824128453,East Germany (U),Founded after 1945 (U),0
0,52,64,134,0,0,0,0,,,0,0,0,1,26.31207442120727,East Germany (U),Founded after 1945 (U),0
0,56,64,134,0,28.8,80.400002,.6173086945298381,7.62844219255523,2865.8,2.8782001,.1098,.0146,1,26.31207442120727,East Germany (U),Founded after 1945 (U),0
0,56,64,134,0,32,86.800003,2.117289371591575,6.222776121673813,2163,2.1630001,.384,.033799998,2,52.22010824128453,East Germany (U),Founded after 1945 (U),0
0,3,65,133,0,2.6,3.4000001,.0016483516478657,.9229666765747778,67.800003,.0678,.00080000004,.00020000001,1,28.54978135723075,West Germany (U),Founded before 1945 (U),0
0,3,65,133,0,2,5,.0058620501527444,.478246377630723,54.799999,.0548,.00020000001,.00060000003,2,37.09049676904892,West Germany (U),Founded before 1945 (U),0
0,4,65,133,0,4.4,4,.0383262563937283,.721416552931136,7,.0296,0,.00020000001,1,28.54978135723075,West Germany (U),Founded before 1945 (U),0
0,4,65,133,0,3.2,5.8000002,.0202761904406431,.65942214154603,7.5999999,.082599998,0,.00020000001,2,37.09049676904892,West Germany (U),Founded before 1945 (U),0
0,5,65,133,0,8.4,17,.4591462377745152,1.73705060057238,315,1.0374,.0016000001,.0022,1,28.54978135723075,West Germany (U),Founded before 1945 (U),0
0,5,65,133,0,7.8,20.200001,.2802878179232683,1.962659013417969,222.8,1.2814,.0046000001,.0035999999,2,37.09049676904892,West Germany (U),Founded before 1945 (U),0
0,7,65,133,0,8.199999999999999,10.8,.2191391234804018,1.203795576311036,132.60001,.13260001,.0016000001,.0022,1,28.54978135723075,West Germany (U),Founded before 1945 (U),0
0,7,65,133,0,8.6,10.6,.8159820769672566,1.010776686472555,220.2,.221,.0046000001,.0035999999,2,37.09049676904892,West Germany (U),Founded before 1945 (U),0
0,10,65,133,0,1.4,1.8,0,.2096252061334239,119.2,.1192,.0055999998,.00080000004,1,28.54978135723075,West Germany (U),Founded before 1945 (U),0
0,10,65,133,0,2.4,3.5999999,.0925942109948412,.316920532132029,243,.243,.015600001,.00020000001,2,37.09049676904892,West Germany (U),Founded before 1945 (U),0
0,11,65,133,0,1.2,1,0,,,0,0,0,1,28.54978135723075,West Germany (U),Founded before 1945 (U),0
0,11,65,133,0,.6666666666666666,1.3333334,0,.0013356997969923,,0,0,0,2,37.09049676904892,West Germany (U),Founded before 1945 (U),0
0,12,65,133,1,16.2,85,3.677798391346579,7.984732931205141,612.59998,.84940004,4.8806,.1584,1,28.54978135723075,West Germany (U),Founded before 1945 (U),0
0,12,65,133,1,15.6,126.2,5.530100481396198,7.07496480874414,596.59998,.87620002,8.0846004,.1948,2,37.09049676904892,West Germany (U),Founded before 1945 (U),1
0,13,65,133,1,22,140.60001,4.236394292092457,8.455067661316212,416,.46900001,5.4903998,.16860001,1,28.54978135723075,West Germany (U),Founded before 1945 (U),0
0,13,65,133,1,23.2,183.60001,4.067987428036798,8.651966669414065,615.79999,.73100001,11.1344,.25299999,2,37.09049676904892,West Germany (U),Founded before 1945 (U),1
0,14,65,133,0,2,2.8,0,,445.20001,.44520003,.00040000002,0,1,28.54978135723075,West Germany (U),Founded before 1945 (U),0
0,14,65,133,0,2.4,5,.032806819635331,.3654298455128886,505.20001,.50520003,0,.00020000001,2,37.09049676904892,West Germany (U),Founded before 1945 (U),0
0,15,65,133,0,19.4,131.60001,4.175828172678597,9.527245044954663,620.59998,.62620002,.31400001,.0262,1,28.54978135723075,West Germany (U),Founded before 1945 (U),0
0,15,65,133,0,24.4,192.60001,9.157968685788441,7.848726622035572,819.79999,.829,.72399998,.044400003,2,37.09049676904892,West Germany (U),Founded before 1945 (U),0
0,17,65,133,0,7.4,19.799999,1.031167318234695,6.961874634587645,291.60001,.30879998,.017000001,.0041999999,1,28.54978135723075,West Germany (U),Founded before 1945 (U),0
0,17,65,133,0,11.2,35.799999,.4873552143151246,1.608822515817729,364.79999,.39720002,.058200002,.0032000002,2,37.09049676904892,West Germany (U),Founded before 1945 (U),0
0,18,65,133,0,15.4,25.799999,.3260664342448072,3.325509267830388,135.60001,.2174,.00040000002,.00080000004,1,28.54978135723075,West Germany (U),Founded before 1945 (U),0
0,18,65,133,0,14.4,29.6,.5496783616226221,2.822708888517861,144.8,.2588,.00040000002,.0016000001,2,37.09049676904892,West Germany (U),Founded before 1945 (U),0
0,20,65,133,0,8.800000000000001,14,.2283332251386604,1.683546562002695,210.39999,.42460001,.0024000001,.00020000001,1,28.54978135723075,West Germany (U),Founded before 1945 (U),0
0,20,65,133,0,8.6,25.4,.4128051595745677,1.846841505842002,298.20001,.62120003,.015600001,.003,2,37.09049676904892,West Germany (U),Founded before 1945 (U),0
0,21,65,133,0,9.4,28.799999,.9799918286509501,2.698968642648231,141,.141,.29860002,.0288,1,28.54978135723075,West Germany (U),Founded before 1945 (U),0
0,21,65,133,0,11.6,37.799999,1.488866928946526,2.630997753646544,224.60001,.2246,1.0184001,.056599997,2,37.09049676904892,West Germany (U),Founded before 1945 (U),0
0,22,65,133,0,13.6,24.200001,.4787588148553709,2.82357031066753,356.60001,1.3216,.0016000001,.0022,1,28.54978135723075,West Germany (U),Founded before 1945 (U),0
0,22,65,133,0,13.4,23.799999,.3682727019426461,2.838649679325179,323.20001,1.8184,.0046000001,.0035999999,2,37.09049676904892,West Germany (U),Founded before 1945 (U),0
0,23,65,133,0,16.8,24.200001,.3819111457480614,2.66035633413602,247.2,.3362,.0080000004,.0018,1,28.54978135723075,West Germany (U),Founded before 1945 (U),0
0,23,65,133,0,14.2,23.6,.4746473054839768,2.484422566251976,251.39999,.36579999,.012,.0016000001,2,37.09049676904892,West Germany (U),Founded before 1945 (U),0
0,25,65,133,0,17.4,107.2,3.544291804484211,8.578780226456875,1372.8,1.4002,.2656,.011,1,28.54978135723075,West Germany (U),Founded before 1945 (U),0
0,25,65,133,0,18.6,134.2,4.757622517038431,7.047369785849342,851.79999,.903,.27920002,.017000001,2,37.09049676904892,West Germany (U),Founded before 1945 (U),0
0,26,65,133,0,0,1,.1327236219630781,3.119231550830751,299.20001,.2992,0,0,1,28.54978135723075,West Germany (U),Founded before 1945 (U),0
0,26,65,133,0,2.6,17.200001,6.704564923466812,.719705574438222,446.79999,.44679999,0,0,2,37.09049676904892,West Germany (U),Founded before 1945 (U),0
0,27,65,133,0,1.8,1.2,0,,0,.025600001,.00040000002,.00080000004,1,28.54978135723075,West Germany (U),Founded before 1945 (U),0
0,27,65,133,0,.2,.2,.0001864838393226,.0204360508897339,0,.0154,.00040000002,.0016000001,2,37.09049676904892,West Germany (U),Founded before 1945 (U),0
0,28,65,133,0,1.2,0,0,,,0,.0012000001,0,1,28.54978135723075,West Germany (U),Founded before 1945 (U),0
0,28,65,133,0,0,1.3333334,.0013691683568259,.0071704750479592,0,0,.0020000001,.00020000001,2,37.09049676904892,West Germany (U),Founded before 1945 (U),0
0,29,65,133,0,2.8,2.2,.0005494505492886,.5617627769506753,150.2,.19499999,0,0,1,28.54978135723075,West Germany (U),Founded before 1945 (U),0
0,29,65,133,0,3.4,5,.1795142976910882,.541858944591069,142.60001,.1982,0,.00020000001,2,37.09049676904892,West Germany (U),Founded before 1945 (U),0
1,31,65,133,1,31,314.60001,22.05568309365477,17.25210441852581,1156.4,1.1564,1.462,.1054,1,28.54978135723075,West Germany (U),Founded before 1945 (U),0
0,31,65,133,1,36,459.60001,27.36050467174049,14.63766171232122,2932,2.9319999,4.0056,.16580001,2,37.09049676904892,West Germany (U),Founded before 1945 (U),1
0,32,65,133,0,20.8,45.200001,.4183932613347826,4.469636072675516,315,.64240003,.41679999,.039000001,1,28.54978135723075,West Germany (U),Founded before 1945 (U),0
0,32,65,133,0,22.8,66.800003,1.284251816896329,4.456581715746164,447,1.0582,.70640004,.047800001,2,37.09049676904892,West Germany (U),Founded before 1945 (U),0
0,33,65,133,0,2.2,0,.024409719209387,.6792609168346636,,0,0,0,1,28.54978135723075,West Germany (U),Founded before 1945 (U),0
0,33,65,133,0,2.2,3.8,.1288582924020747,.8457435685851162,,0,0,0,2,37.09049676904892,West Germany (U),Founded before 1945 (U),0
0,34,65,133,0,4,4.8000002,.1790257833911326,.4345296710680411,41.599998,.086800002,.00060000003,.0012000001,1,28.54978135723075,West Germany (U),Founded before 1945 (U),0
0,34,65,133,0,2.4,1.2,.1805734008613263,.563250843924141,7.4000001,.050999999,.0012000001,.001,2,37.09049676904892,West Germany (U),Founded before 1945 (U),0
1,35,65,133,0,4.4,41.799999,.196766900150237,2.573705834263524,366.20001,.3662,.19960001,.0112,1,28.54978135723075,West Germany (U),Founded before 1945 (U),0
0,35,65,133,0,4.6,45.799999,.5894988542669175,2.739204231908367,415.60001,.4156,.50440001,.0132,2,37.09049676904892,West Germany (U),Founded before 1945 (U),0
0,36,65,133,0,4.4,6.8000002,.0022247266099802,1.314255703933434,85.800003,.094800003,.0020000001,.001,1,28.54978135723075,West Germany (U),Founded before 1945 (U),0
0,36,65,133,0,3.8,6.4000001,.043605670108903,1.191442574117243,71,.073199995,.0164,.0044,2,37.09049676904892,West Germany (U),Founded before 1945 (U),0
0,37,65,133,1,29.8,175.39999,6.109095718077181,10.72515679317191,365.39999,.37459999,5.6872001,.27739999,1,28.54978135723075,West Germany (U),Founded before 1945 (U),0
0,37,65,133,1,33.2,197.2,7.889738706839609,9.927172816862027,475.60001,.48800001,10.9626,.403,2,37.09049676904892,West Germany (U),Founded before 1945 (U),1
0,38,65,133,0,6.4,9.6000004,.1472179609734191,2.286497479378006,491,.491,.015600001,.0032000002,1,28.54978135723075,West Germany (U),Founded before 1945 (U),0
0,38,65,133,0,5.6,11.4,.1469470623791693,1.713791768175804,577.79999,.57779998,.096000001,.0026,2,37.09049676904892,West Germany (U),Founded before 1945 (U),0
0,39,65,133,0,9,50.200001,1.676698070450745,1.733482223398077,313.39999,.3134,.2438,.018200001,1,28.54978135723075,West Germany (U),Founded before 1945 (U),0
0,39,65,133,0,9.199999999999999,64.400002,1.510350708025203,2.324553525062965,498.20001,.4982,.57999998,.032400001,2,37.09049676904892,West Germany (U),Founded before 1945 (U),0
0,41,65,133,0,1.75,3.5,0,.2244903322109592,,0,0,0,1,28.54978135723075,West Germany (U),Founded before 1945 (U),0
0,41,65,133,0,.6,1,.0028178582741666,.2973800276393416,5,.0049999999,0,0,2,37.09049676904892,West Germany (U),Founded before 1945 (U),0
0,42,65,133,0,18.4,70.599998,.1873029454423209,3.898958336402225,1520.4,1.5204,.0052,.00060000003,1,28.54978135723075,West Germany (U),Founded before 1945 (U),0
0,42,65,133,0,20.2,84.400002,.4226952417635366,4.70148109172645,1567,1.567,.0108,.0014,2,37.09049676904892,West Germany (U),Founded before 1945 (U),0
0,44,65,133,0,6.4,8.6000004,.0068681318661073,1.161659884304346,126.4,.1762,.0016000001,.0022,1,28.54978135723075,West Germany (U),Founded before 1945 (U),0
0,44,65,133,0,7,10.8,.0962290912132023,1.35179783988099,120.4,.22239999,.0046000001,.0035999999,2,37.09049676904892,West Germany (U),Founded before 1945 (U),0
0,45,65,133,0,1.8,2.8,.0547716656051136,.4201088514742056,39.400002,.039999999,.0016000001,.0022,1,28.54978135723075,West Germany (U),Founded before 1945 (U),0
0,45,65,133,0,0,1.5,.024915738337271,.0937140190547857,14,.014,.0046000001,.0035999999,2,37.09049676904892,West Germany (U),Founded before 1945 (U),0
0,46,65,133,0,0,,0,,15,.015,0,0,2,37.09049676904892,West Germany (U),Founded before 1945 (U),0
0,47,65,133,0,0,,0,.020767,,0,.001,0,2,37.09049676904892,West Germany (U),Founded before 1945 (U),0
0,48,65,133,0,8.4,20.4,0,,729,.89880002,.0099999998,.001,1,28.54978135723075,West Germany (U),Founded before 1945 (U),0
0,48,65,133,0,7.4,32.400002,.4869864033731068,.997489557929526,786,.99680001,.022399999,.003,2,37.09049676904892,West Germany (U),Founded before 1945 (U),0
0,49,65,133,0,2.2,11,.0695295985002509,1.53405264223847,140.39999,.20439999,0,0,1,28.54978135723075,West Germany (U),Founded before 1945 (U),0
0,49,65,133,0,3.6,20.4,.9681669098131337,1.533873170273246,98,.18339999,.0024000001,0,2,37.09049676904892,West Germany (U),Founded before 1945 (U),0
0,50,65,133,0,.2,34.599998,.1714298321797677,1.82975901374411,0,.0038000001,0,0,1,28.54978135723075,West Germany (U),Founded before 1945 (U),0
0,50,65,133,0,.4,6.5999999,.7933534614426572,1.89164912111058,1.2,.0035999999,0,0,2,37.09049676904892,West Germany (U),Founded before 1945 (U),0
0,54,65,133,0,0,,0,,732,.73199999,.024,.0015,2,37.09049676904892,West Germany (U),Founded before 1945 (U),0
0,55,65,133,0,0,,0,,188.2,.1882,0,0,1,28.54978135723075,West Germany (U),Founded before 1945 (U),0
0,55,65,133,0,0,,0,.0109582636860119,453.33334,.45333335,0,0,2,37.09049676904892,West Germany (U),Founded before 1945 (U),0
0,56,65,133,0,25.4,123.8,1.638989167871875,12.89793020471329,3766.6001,3.8308001,.044400003,.0078000003,1,28.54978135723075,West Germany (U),Founded before 1945 (U),0
0,56,65,133,0,29.4,158,2.833910945590283,10.60283911620637,3781.6001,3.8098001,.17019999,.0274,2,37.09049676904892,West Germany (U),Founded before 1945 (U),0
0,3,66,147,0,3,17.4,0,1.10270270262,7.8000002,.0078000003,.00020000001,.00080000004,1,11.73363343036382,East Germany (U),Founded before 1945 (U),0
0,3,66,147,0,4.2,24.4,0,1.590561441854131,30.4,.030400001,.00040000002,.00080000004,2,18.57017189412558,East Germany (U),Founded before 1945 (U),0
0,4,66,147,0,3,7.1999998,.3289857926459566,1.176900643749612,6,.055400003,0,.00020000001,1,11.73363343036382,East Germany (U),Founded before 1945 (U),0
0,4,66,147,0,3.2,3.2,.2760818714656082,1.65920107208737,3.5999999,.104,0,0,2,18.57017189412558,East Germany (U),Founded before 1945 (U),0
0,5,66,147,0,5.6,10.4,.0522890954572816,1.325066369113925,263.20001,.4984,.0018,.0020000001,1,11.73363343036382,East Germany (U),Founded before 1945 (U),0
0,5,66,147,0,6,15.6,.0931591114943824,2.046990411796668,231.60001,.49399999,.015800001,.0018,2,18.57017189412558,East Germany (U),Founded before 1945 (U),0
0,7,66,147,0,4,5.5999999,.040586557228384,1.041758468233674,36.799999,.036800001,.0018,.0020000001,1,11.73363343036382,East Germany (U),Founded before 1945 (U),0
0,7,66,147,0,4,7.8000002,.2197084085249618,2.376930306912334,74.800003,.0748,.015800001,.0018,2,18.57017189412558,East Germany (U),Founded before 1945 (U),0
0,10,66,147,0,5.2,10.6,.1352716240628499,.8147503219720891,405.20001,.4052,.0032000002,0,1,11.73363343036382,East Germany (U),Founded before 1945 (U),0
0,10,66,147,0,5,9,.1753092546038044,1.11807925163487,439,.43900001,.0098000001,.00080000004,2,18.57017189412558,East Germany (U),Founded before 1945 (U),0
0,12,66,147,1,26.4,118.2,3.097641558500893,9.888696994255021,784,.9878,2.6561999,.169,1,11.73363343036382,East Germany (U),Founded before 1945 (U),0
0,12,66,147,1,29.6,161.2,5.230094899444748,14.03612814522522,646,.83640003,5.9698,.2568,2,18.57017189412558,East Germany (U),Founded before 1945 (U),1
0,13,66,147,0,18.8,143,3.2135735088354,9.041195201770877,561.20001,.59540004,1.926,.1128,1,11.73363343036382,East Germany (U),Founded before 1945 (U),0
0,13,66,147,0,17,182.8,6.249915484999359,13.67781210524835,583.59998,.66500002,5.684,.23100001,2,18.57017189412558,East Germany (U),Founded before 1945 (U),0
0,14,66,147,0,0,0,0,,,0,0,0,1,11.73363343036382,East Germany (U),Founded before 1945 (U),0
0,14,66,147,0,0,,0,.1041044624615581,,0,0,0,2,18.57017189412558,East Germany (U),Founded before 1945 (U),0
0,15,66,147,0,0,,0,,0,0,.26520002,.0152,1,11.73363343036382,East Germany (U),Founded before 1945 (U),0
0,15,66,147,0,0,,0,,0,0,.56240004,.0196,2,18.57017189412558,East Germany (U),Founded before 1945 (U),0
0,16,66,147,0,5.4,28.799999,1.090010810580139,1.743019238757795,467.60001,.46760002,.1288,.0074,1,11.73363343036382,East Germany (U),Founded before 1945 (U),0
0,16,66,147,0,4.6,31.799999,2.071889844661672,2.375815080766793,449.39999,.44940001,.36059999,.018999999,2,18.57017189412558,East Germany (U),Founded before 1945 (U),0
0,17,66,147,0,5.4,15,.1650249787973729,1.953483688904329,926.20001,.92620003,.0060000001,.0016000001,1,11.73363343036382,East Germany (U),Founded before 1945 (U),0
0,17,66,147,0,8,26.799999,.2154723383874014,3.482228782420204,772.59998,.7726,.033199999,.0020000001,2,18.57017189412558,East Germany (U),Founded before 1945 (U),0
0,18,66,147,0,9.4,17.200001,.3393725362072232,1.616802638860114,81.800003,.1136,.00040000002,.001,1,11.73363343036382,East Germany (U),Founded before 1945 (U),0
0,18,66,147,0,10.4,14.8,.1374773108804314,2.237787533365724,118.2,.15619999,.00080000004,.00040000002,2,18.57017189412558,East Germany (U),Founded before 1945 (U),0
0,20,66,147,0,7.2,31.200001,.9472863983576723,1.904945955332481,284.60001,.4192,.0041999999,.0014,1,11.73363343036382,East Germany (U),Founded before 1945 (U),0
0,20,66,147,0,7.4,59,1.806761959123985,3.380584378494308,247.60001,.42679998,.0298,.0035999999,2,18.57017189412558,East Germany (U),Founded before 1945 (U),0
0,21,66,147,0,7.2,31.200001,.7071951860714552,2.444828109017898,153.8,.1538,.2784,.0262,1,11.73363343036382,East Germany (U),Founded before 1945 (U),0
0,21,66,147,0,7.8,54.599998,2.370961640651282,4.084904027478958,253.60001,.2536,.77459997,.041000001,2,18.57017189412558,East Germany (U),Founded before 1945 (U),0
0,22,66,147,0,12.6,61,1.355512307538874,3.286816566299365,597.20001,.963,.0018,.0020000001,1,11.73363343036382,East Germany (U),Founded before 1945 (U),0
0,22,66,147,0,12.6,58.799999,1.345610011749591,5.400761431555309,814.40002,1.2398001,.015800001,.0018,2,18.57017189412558,East Germany (U),Founded before 1945 (U),0
0,23,66,147,0,15,36.400002,.7075246221842302,2.628240805106873,376,.69520003,.0041999999,.0012000001,1,11.73363343036382,East Germany (U),Founded before 1945 (U),0
0,23,66,147,0,17.6,50.799999,1.996173117524051,4.814785916858235,449.39999,.82559997,.012,.0034,2,18.57017189412558,East Germany (U),Founded before 1945 (U),0
0,25,66,147,0,13,35.200001,.4633252888941289,3.356365487208485,750.59998,.7798,.1042,.0076000001,1,11.73363343036382,East Germany (U),Founded before 1945 (U),0
0,25,66,147,0,14,66.199997,1.666976606387859,5.146068017891672,491.79999,.51520002,.15880001,.0138,2,18.57017189412558,East Germany (U),Founded before 1945 (U),0
0,26,66,147,0,0,,0,1.935071272519117,,0,0,0,1,11.73363343036382,East Germany (U),Founded before 1945 (U),0
0,26,66,147,0,1.8,13.2,0,.7543875217624083,,0,0,0,2,18.57017189412558,East Germany (U),Founded before 1945 (U),0
0,27,66,147,0,0,,0,.0029087221091678,,0,.001,.001,2,18.57017189412558,East Germany (U),Founded before 1945 (U),0
0,28,66,147,0,1,2.2,0,.1527679325796923,92.199997,.092199996,.00020000001,.00060000003,1,11.73363343036382,East Germany (U),Founded before 1945 (U),0
0,28,66,147,0,1.8,2.2,.0521659043990393,.3222053842390429,230.2,.23019999,.001,.00020000001,2,18.57017189412558,East Germany (U),Founded before 1945 (U),0
0,29,66,147,0,3.2,3.8,0,.6301105583671788,209.2,.2164,0,0,1,11.73363343036382,East Germany (U),Founded before 1945 (U),0
0,29,66,147,0,3,5.5999999,.1295977038021731,1.205078484655729,284.79999,.2852,0,0,2,18.57017189412558,East Germany (U),Founded before 1945 (U),0
0,30,66,147,0,0,,0,,19,.018999999,0,0,2,18.57017189412558,East Germany (U),Founded before 1945 (U),0
0,31,66,147,0,2,10,0,1.195675675586,161.2,.1612,.51480001,.027799999,1,11.73363343036382,East Germany (U),Founded before 1945 (U),0
0,31,66,147,0,0,0,0,.3707086340880919,238.8,.2388,1.4558001,.055,2,18.57017189412558,East Germany (U),Founded before 1945 (U),0
0,32,66,147,0,17.6,33.599998,.4073711473181502,3.571629382943048,257.79999,.39820001,.1948,.0242,1,11.73363343036382,East Germany (U),Founded before 1945 (U),0
0,32,66,147,0,18.8,39.799999,.3962923984019158,5.259628789470952,239,.54159999,.35439998,.035400003,2,18.57017189412558,East Germany (U),Founded before 1945 (U),0
0,33,66,147,0,1.2,10.4,0,.7362162161610001,36.200001,.036200002,0,0,1,11.73363343036382,East Germany (U),Founded before 1945 (U),0
0,33,66,147,0,1.6,5,0,.6790596426228521,154.8,.1548,0,0,2,18.57017189412558,East Germany (U),Founded before 1945 (U),0
0,34,66,147,0,.2,2.5999999,.1289893180637097,.0932537741807922,,0,0,0,1,11.73363343036382,East Germany (U),Founded before 1945 (U),0
0,34,66,147,0,.8,.80000001,.015522835617242,.1148000713577415,,0,.0020000001,.00020000001,2,18.57017189412558,East Germany (U),Founded before 1945 (U),0
0,35,66,147,0,4,27.4,.169841243438326,2.075336221272637,293,.29300001,.14399999,.0134,1,11.73363343036382,East Germany (U),Founded before 1945 (U),0
0,35,66,147,0,5.2,36.599998,.3825582154590219,3.507680718997662,329.60001,.32960001,.22839999,.0060000001,2,18.57017189412558,East Germany (U),Founded before 1945 (U),0
0,36,66,147,0,6,11.2,.1192634538980376,1.016521190746305,153.2,.219,.0020000001,.0012000001,1,11.73363343036382,East Germany (U),Founded before 1945 (U),0
0,36,66,147,0,6,18.200001,.2149903710419472,1.973923927368022,173.8,.26440001,.0108,.0020000001,2,18.57017189412558,East Germany (U),Founded before 1945 (U),0
0,37,66,147,0,21.4,155.39999,8.123382036014993,8.943638340226171,433,.45640001,4.1389999,.213,1,11.73363343036382,East Germany (U),Founded before 1945 (U),0
0,37,66,147,0,24.6,228,14.20298201412753,12.7671175938123,495.79999,.53899997,8.6947994,.3096,2,18.57017189412558,East Germany (U),Founded before 1945 (U),0
0,38,66,147,0,5.8,10.6,.2160557825498477,.9933525771051739,630.40002,.6304,.012399999,.0027999999,1,11.73363343036382,East Germany (U),Founded before 1945 (U),0
0,38,66,147,0,5.8,10.8,.1539539079609164,2.258374085070517,744.79999,.74479997,.070800006,.0061999997,2,18.57017189412558,East Germany (U),Founded before 1945 (U),0
1,39,66,147,0,13,63.599998,1.328154272941413,3.713039729593942,648,.648,.28920001,.033599999,1,11.73363343036382,East Germany (U),Founded before 1945 (U),0
1,39,66,147,0,12.6,88.599998,2.187925394522791,6.712691333468138,678,.67799997,1.0721999,.057799999,2,18.57017189412558,East Germany (U),Founded before 1945 (U),0
0,40,66,147,0,0,0,0,,3.5999999,.0035999999,.00060000003,0,1,11.73363343036382,East Germany (U),Founded before 1945 (U),0
0,40,66,147,0,0,,0,,0,0,.0099999998,.0015,2,18.57017189412558,East Germany (U),Founded before 1945 (U),0
0,41,66,147,0,1.8,4.4000001,0,.329729729705,0,0,0,0,1,11.73363343036382,East Germany (U),Founded before 1945 (U),0
0,41,66,147,0,4.8,20,0,.7808311539212613,273.20001,.27320001,0,0,2,18.57017189412558,East Germany (U),Founded before 1945 (U),0
0,42,66,147,0,17.8,58.400002,.0989184243997652,4.420723138747153,1494.6,1.4945999,.0026,.00080000004,1,11.73363343036382,East Germany (U),Founded before 1945 (U),0
0,42,66,147,0,18,57,.3621772988146932,6.83762427551611,1489.4,1.4894,.0089999996,.0014,2,18.57017189412558,East Germany (U),Founded before 1945 (U),0
0,44,66,147,0,6.2,10.4,.0294994682893503,1.336757767604567,170.39999,.25099999,.0018,.0020000001,1,11.73363343036382,East Germany (U),Founded before 1945 (U),0
0,44,66,147,0,6.4,8,.0385890679655551,1.910463335149127,149.39999,.26479998,.015800001,.0018,2,18.57017189412558,East Germany (U),Founded before 1945 (U),0
0,45,66,147,0,3,4,.0434477415445447,.6964196317136223,63.799999,.0744,.0018,.0020000001,1,11.73363343036382,East Germany (U),Founded before 1945 (U),0
0,45,66,147,0,2.8,9.1999998,.0757442480503233,1.017714657626436,95.199997,.118,.015800001,.0018,2,18.57017189412558,East Germany (U),Founded before 1945 (U),0
0,47,66,147,0,1.2,2.5999999,0,.109189189181,,0,.0012000001,0,1,11.73363343036382,East Germany (U),Founded before 1945 (U),0
0,47,66,147,0,.8,5,.0289295872310911,.102501902264274,,0,.0061999997,0,2,18.57017189412558,East Germany (U),Founded before 1945 (U),0
0,48,66,147,0,7,38,1.127290604564638,1.566239657064601,591.40002,.67620003,.0166,.0040000002,1,11.73363343036382,East Germany (U),Founded before 1945 (U),0
0,48,66,147,0,8.4,67,2.448205003258975,3.257962335726616,835.40002,.97820002,.044799998,.0071999999,2,18.57017189412558,East Germany (U),Founded before 1945 (U),0
0,49,66,147,0,5.4,24,.5093359205527804,2.810108532231307,598.20001,.88959998,.00080000004,0,1,11.73363343036382,East Germany (U),Founded before 1945 (U),0
0,49,66,147,0,5.8,44.599998,.8012034068213174,4.851188299729105,561.20001,.92640001,.0016000001,.00020000001,2,18.57017189412558,East Germany (U),Founded before 1945 (U),0
0,50,66,147,0,0,.33333334,.0541011351250355,1.013101018742806,,0,0,0,1,11.73363343036382,East Germany (U),Founded before 1945 (U),0
0,50,66,147,0,1.6,3.5999999,.1145124279384388,.4039957084836518,172,.17200001,0,0,2,18.57017189412558,East Germany (U),Founded before 1945 (U),0
0,53,66,147,0,0,,0,.004324324324,,0,.0089999996,.0020000001,1,11.73363343036382,East Germany (U),Founded before 1945 (U),0
0,55,66,147,0,0,,0,,27,.027000001,0,0,2,18.57017189412558,East Germany (U),Founded before 1945 (U),0
0,56,66,147,0,15.8,51.799999,.5166177238961813,5.171729149144301,1546.4,1.6128,.0164,.0040000002,1,11.73363343036382,East Germany (U),Founded before 1945 (U),0
0,56,66,147,0,16.6,70.199997,.8304144391483881,8.876091008722277,1515.2,1.5854,.14039999,.020200001,2,18.57017189412558,East Germany (U),Founded before 1945 (U),0
0,1,67,140,0,1.8,10,0,,,0,0,0,1,19.95966682863337,West Germany (U),Founded before 1945 (U),0
0,1,67,140,0,1.4,1.2,.2359778720570539,.3230560217815549,,0,0,0,2,40.54295394787458,West Germany (U),Founded before 1945 (U),0
0,2,67,140,0,28.8,154.60001,5.807958772583299,11.85589651281093,805.79999,.80579996,.89559996,.062600002,1,19.95966682863337,West Germany (U),Founded before 1945 (U),0
0,2,67,140,0,27,177,5.250369137355938,11.58015219574081,1298.8,1.2988,1.9544001,.092800006,2,40.54295394787458,West Germany (U),Founded before 1945 (U),0
0,3,67,140,0,1,6.8000002,.0064666266849526,.3131659979009288,59.400002,.0594,.0027999999,.0014,1,19.95966682863337,West Germany (U),Founded before 1945 (U),0
0,3,67,140,0,1,3.8,.0005997687347225,.2746907660105956,103,.103,.0032000002,.0022,2,40.54295394787458,West Germany (U),Founded before 1945 (U),0
0,4,67,140,0,3.6,9,.0064050987044612,.7893293936819421,19.799999,.1472,.00060000003,0,1,19.95966682863337,West Germany (U),Founded before 1945 (U),0
0,4,67,140,0,3.8,10,.0711712937755205,.625063624232125,102.6,.16939999,.00020000001,.00020000001,2,40.54295394787458,West Germany (U),Founded before 1945 (U),0
0,5,67,140,0,5.4,12.6,.0181562396640713,1.919552702543124,234.39999,.523,.001,.0022,1,19.95966682863337,West Germany (U),Founded before 1945 (U),0
0,5,67,140,0,9,19.200001,.1172577643707711,2.011345608141934,354.39999,.49000001,.0052,.0046000001,2,40.54295394787458,West Germany (U),Founded before 1945 (U),0
0,6,67,140,0,1,0,0,,,0,0,0,2,40.54295394787458,West Germany (U),Founded before 1945 (U),0
0,7,67,140,0,9.4,11.4,.239699617254123,1.684392725334431,167,.167,.001,.0022,1,19.95966682863337,West Germany (U),Founded before 1945 (U),0
0,7,67,140,0,10.8,17.200001,.3760689572885486,1.675442508318703,191.39999,.19139999,.0052,.0046000001,2,40.54295394787458,West Germany (U),Founded before 1945 (U),0
0,8,67,140,0,0,0,0,,,0,.012,.00020000001,2,40.54295394787458,West Germany (U),Founded before 1945 (U),0
0,10,67,140,0,2.2,2.8,.1393731825163256,.662283713071753,160.8,.16080001,.0016000001,.00060000003,1,19.95966682863337,West Germany (U),Founded before 1945 (U),0
0,10,67,140,0,0,.80000001,.001732810920298,.1416787475380121,81,.081,.0064000003,.0014,2,40.54295394787458,West Germany (U),Founded before 1945 (U),0
1,12,67,140,1,28.2,169.60001,6.74530446320624,13.4187968304632,1119,1.24,8.2894001,.31400001,1,19.95966682863337,West Germany (U),Founded before 1945 (U),0
1,12,67,140,1,32.6,231.2,9.873014145607597,11.39818079149581,1224.4,1.2601999,15.1224,.45920002,2,40.54295394787458,West Germany (U),Founded before 1945 (U),1
1,13,67,140,1,16.2,148.2,3.830185268812937,10.78853217826132,380.60001,.43179998,6.1543999,.16760001,1,19.95966682863337,West Germany (U),Founded before 1945 (U),0
1,13,67,140,1,16.8,133.39999,4.102044853168484,8.721638566224831,575.59998,.59759998,13.3042,.206,2,40.54295394787458,West Germany (U),Founded before 1945 (U),1
0,17,67,140,0,5.6,11.8,.2730400619627431,1.834895426298661,414,.41979998,.011399999,.003,1,19.95966682863337,West Germany (U),Founded before 1945 (U),0
0,17,67,140,0,5.6,14.6,.4597444358676069,1.113803828028459,139,.13960001,.042599998,.0068000001,2,40.54295394787458,West Germany (U),Founded before 1945 (U),0
0,18,67,140,0,12.6,22.799999,.389461026082619,3.307085243137916,262.60001,.28839999,.00080000004,.0027999999,1,19.95966682863337,West Germany (U),Founded before 1945 (U),0
0,18,67,140,0,13.6,28.6,1.036890349131379,2.236287055422409,258.20001,.27179998,.0027999999,.003,2,40.54295394787458,West Germany (U),Founded before 1945 (U),0
0,19,67,140,0,18.4,101.4,3.902974294304669,8.746903005846514,521.20001,.5212,.2068,.033,1,19.95966682863337,West Germany (U),Founded before 1945 (U),0
0,19,67,140,0,16.2,117.6,5.480028897577681,7.143626111170282,579.79999,.57980001,.49599999,.0374,2,40.54295394787458,West Germany (U),Founded before 1945 (U),0
0,20,67,140,0,6.6,19.200001,.4993579444318175,2.158249383421604,328.20001,.35600001,.0146,.001,1,19.95966682863337,West Germany (U),Founded before 1945 (U),0
0,20,67,140,0,4,10.8,.3294995837239663,1.259891301871757,327.39999,.33560002,.058200002,.0052,2,40.54295394787458,West Germany (U),Founded before 1945 (U),0
0,21,67,140,0,17.4,60.599998,1.677487186681513,6.035412451488091,211.8,.21180001,1.515,.056599997,1,19.95966682863337,West Germany (U),Founded before 1945 (U),0
0,21,67,140,0,16,89.199997,2.933156477896707,5.392493884947905,302.20001,.30220002,3.0956001,.093800001,2,40.54295394787458,West Germany (U),Founded before 1945 (U),0
1,22,67,140,0,12.8,25.4,.1616471539245148,3.505973232754847,526.20001,1.0846,.001,.0022,1,19.95966682863337,West Germany (U),Founded before 1945 (U),0
0,22,67,140,0,16.6,34.799999,1.015899485840255,3.383891703673412,821.79999,1.017,.0052,.0046000001,2,40.54295394787458,West Germany (U),Founded before 1945 (U),0
1,23,67,140,0,13.8,44.200001,.6210925508990484,4.290360701259882,500.79999,.5988,.0286,.0052,1,19.95966682863337,West Germany (U),Founded before 1945 (U),0
0,23,67,140,0,17.6,45.200001,1.279989663511894,4.012231624718526,603.79999,.64859998,.060400002,.0048000002,2,40.54295394787458,West Germany (U),Founded before 1945 (U),0
0,25,67,140,0,3.4,2.2,.1760377963872008,.758813257863418,488.79999,.49599999,.048599999,.0046000001,1,19.95966682863337,West Germany (U),Founded before 1945 (U),0
0,25,67,140,0,5.8,19.4,.3090896062029965,3.284917210521168,521.79999,.52179998,.090800002,.0080000004,2,40.54295394787458,West Germany (U),Founded before 1945 (U),0
0,27,67,140,0,1,0,0,,,0,.00066666666,.0040000002,1,19.95966682863337,West Germany (U),Founded before 1945 (U),0
0,27,67,140,0,0,1,0,,,0,.001,.0020000001,2,40.54295394787458,West Germany (U),Founded before 1945 (U),0
0,28,67,140,0,6.2,7,.1244432190477424,1.233067999637727,381.79999,.3818,.00060000003,.00020000001,1,19.95966682863337,West Germany (U),Founded before 1945 (U),0
0,28,67,140,0,8.4,13.8,.5312814101850746,1.184105253459412,412.39999,.41240001,.0022,.00060000003,2,40.54295394787458,West Germany (U),Founded before 1945 (U),0
0,29,67,140,0,2,3.4000001,.063474784866866,.5206104269166171,143.2,.1434,.00020000001,0,1,19.95966682863337,West Germany (U),Founded before 1945 (U),0
0,29,67,140,0,2,3.4000001,.106118231619623,.5088728634796941,163.2,.16319999,.001,0,2,40.54295394787458,West Germany (U),Founded before 1945 (U),0
0,30,67,140,0,2,4.1999998,.9931539198783353,1.893050171235086,,0,0,0,1,19.95966682863337,West Germany (U),Founded before 1945 (U),0
0,30,67,140,0,1.4,4,.0002587659156988,.0778118685972382,,0,0,0,2,40.54295394787458,West Germany (U),Founded before 1945 (U),0
0,31,67,140,0,1,0,0,,,0,.81759995,.0414,1,19.95966682863337,West Germany (U),Founded before 1945 (U),0
0,31,67,140,0,1,0,0,,18,.017999999,1.6546,.0504,2,40.54295394787458,West Germany (U),Founded before 1945 (U),0
0,32,67,140,0,19.2,42.799999,.6917139767196999,4.300628168099759,260,.3976,.4524,.032000002,1,19.95966682863337,West Germany (U),Founded before 1945 (U),0
0,32,67,140,0,25.6,57.799999,1.821021510290243,3.342547747751761,382,.4262,.77459997,.062600002,2,40.54295394787458,West Germany (U),Founded before 1945 (U),0
0,33,67,140,0,0,,.0274986798035431,.2809894602705368,,0,0,0,1,19.95966682863337,West Germany (U),Founded before 1945 (U),0
0,33,67,140,0,0,0,0,.1871419191350703,,0,0,0,2,40.54295394787458,West Germany (U),Founded before 1945 (U),0
0,34,67,140,0,1.8,2.5999999,.0688186266574065,.3457336990364113,66.800003,.066800006,.00060000003,.00020000001,1,19.95966682863337,West Germany (U),Founded before 1945 (U),0
0,34,67,140,0,2,4.1999998,.0415480534803326,.3710235990847083,46.400002,.046400003,.00060000003,.00040000002,2,40.54295394787458,West Germany (U),Founded before 1945 (U),0
0,36,67,140,0,8.800000000000001,8.3999996,.0154469345104165,.8106255478762826,143.2,.1532,.0066,.0034,1,19.95966682863337,West Germany (U),Founded before 1945 (U),0
0,36,67,140,0,7.4,6.5999999,.082804210341912,.9150070708275956,129.8,.1322,.0144,.0046000001,2,40.54295394787458,West Germany (U),Founded before 1945 (U),0
0,37,67,140,1,24.4,148.2,3.973482102275707,12.51716828474661,472.79999,.491,4.6283998,.24460001,1,19.95966682863337,West Germany (U),Founded before 1945 (U),0
0,37,67,140,1,23.4,201,9.15858058985021,8.394846192789231,688,.69879997,7.5927997,.28079998,2,40.54295394787458,West Germany (U),Founded before 1945 (U),1
0,38,67,140,0,5.2,3.5999999,.0227558214166823,.8761841617160271,246,.27079999,.0154,.0026,1,19.95966682863337,West Germany (U),Founded before 1945 (U),0
0,38,67,140,0,6.2,13,.1679049368806518,1.31361267478952,354.79999,.36520001,.10219999,.0076000001,2,40.54295394787458,West Germany (U),Founded before 1945 (U),0
0,39,67,140,0,8.199999999999999,32,.5043952785615383,2.86929402546367,479.39999,.47939998,.3646,.029200001,1,19.95966682863337,West Germany (U),Founded before 1945 (U),0
0,39,67,140,0,6.8,38.200001,.6976829368191113,2.425889177086708,433.20001,.4332,1.228,.061799999,2,40.54295394787458,West Germany (U),Founded before 1945 (U),0
0,41,67,140,0,0,3,.0765410330940124,1.816831946825462,9.6000004,.0096000005,0,0,1,19.95966682863337,West Germany (U),Founded before 1945 (U),0
0,41,67,140,0,.2,.2,.0043233300678009,.9457230046296281,32.400002,.032400001,0,0,2,40.54295394787458,West Germany (U),Founded before 1945 (U),0
0,42,67,140,0,23.4,58.599998,.6871004547815925,7.283911283889994,2382.6001,2.3826001,.0026,.0014,1,19.95966682863337,West Germany (U),Founded before 1945 (U),0
0,42,67,140,0,26,71,.7616139326056349,6.878413950873038,1763.4,1.7634001,.02,.0040000002,2,40.54295394787458,West Germany (U),Founded before 1945 (U),0
0,43,67,140,0,.8,3.5999999,0,,,0,0,0,1,19.95966682863337,West Germany (U),Founded before 1945 (U),0
0,43,67,140,0,1,.2,0,,,0,0,0,2,40.54295394787458,West Germany (U),Founded before 1945 (U),0
0,44,67,140,0,6,6.1999998,.0555175616836164,2.50317151917689,125.4,.32679999,.001,.0022,1,19.95966682863337,West Germany (U),Founded before 1945 (U),0
0,44,67,140,0,7,7,.0439977844136999,1.879918675628261,251.2,.34639999,.0052,.0046000001,2,40.54295394787458,West Germany (U),Founded before 1945 (U),0
0,45,67,140,0,2.8,4.4000001,.0162481625175737,1.316017612398735,72.400002,.082599998,.001,.0022,1,19.95966682863337,West Germany (U),Founded before 1945 (U),0
0,45,67,140,0,3.4,7.5999999,.0977048650057385,1.170467391912003,73.599998,.0766,.0052,.0046000001,2,40.54295394787458,West Germany (U),Founded before 1945 (U),0
0,47,67,140,0,1,2.2,0,,,0,.00060000003,0,1,19.95966682863337,West Germany (U),Founded before 1945 (U),0
0,47,67,140,0,.2,.2,0,,,0,.0034,.00040000002,2,40.54295394787458,West Germany (U),Founded before 1945 (U),0
0,48,67,140,0,8.199999999999999,39,.4256118731144776,2.038164327336154,1388,1.3944,.023,.0024000001,1,19.95966682863337,West Germany (U),Founded before 1945 (U),0
0,48,67,140,0,8.4,35.799999,.6181729372391279,2.455250042979201,1050.4,1.0528001,.052999999,.0071999999,2,40.54295394787458,West Germany (U),Founded before 1945 (U),0
0,49,67,140,0,2,6.8000002,.0159765703872579,1.207485714741592,454.20001,.54979998,.00020000001,.00020000001,1,19.95966682863337,West Germany (U),Founded before 1945 (U),0
0,49,67,140,0,1.8,7,.0711863729986709,1.349726887510345,406.79999,.44760001,.003,0,2,40.54295394787458,West Germany (U),Founded before 1945 (U),0
0,50,67,140,0,0,4.8000002,.077230978113302,.4441813205409854,2,.013,0,0,1,19.95966682863337,West Germany (U),Founded before 1945 (U),0
0,50,67,140,0,1,9.3999996,.3774152968728993,2.280626854604098,58.599998,.063000001,0,0,2,40.54295394787458,West Germany (U),Founded before 1945 (U),0
0,56,67,140,0,20.4,108.4,.7938055661041193,8.40900077029807,2477.6001,2.4776001,.0274,.0078000003,1,19.95966682863337,West Germany (U),Founded before 1945 (U),0
0,56,67,140,0,24.6,127.6,1.575659112732654,7.492231343182485,2312.8,2.372,.17919999,.0396,2,40.54295394787458,West Germany (U),Founded before 1945 (U),0
0,3,68,138,0,2,2.8,1.757524925285376,13.95493720891501,141.8,.1418,.0024000001,.0027999999,1,20.88850754957999,West Germany (U),Founded before 1945 (U),0
0,3,68,138,0,2,6.1999998,.4719996807281036,4.120759580747423,285,.285,.0020000001,.0027999999,2,38.29429283334522,West Germany (U),Founded before 1945 (U),0
0,4,68,138,0,3,4,1.093307220872697,4.341604620448475,20,.060400002,.00060000003,0,1,20.88850754957999,West Germany (U),Founded before 1945 (U),0
0,4,68,138,0,2.2,4.5999999,.3461871471254216,1.528898896014991,22.200001,.1008,.00020000001,.00060000003,2,38.29429283334522,West Germany (U),Founded before 1945 (U),0
0,5,68,138,0,12.4,20,.0388129621931724,.2468026142614085,822.59998,1.4524,.0092000002,.0034,1,20.88850754957999,West Germany (U),Founded before 1945 (U),0
0,5,68,138,0,11.6,21.4,.1383870834207608,2.95803468698603,489.20001,1.031,.017999999,.0068000001,2,38.29429283334522,West Germany (U),Founded before 1945 (U),0
0,7,68,138,0,7.4,16.6,0,0,444.79999,.44479999,.0092000002,.0034,1,20.88850754957999,West Germany (U),Founded before 1945 (U),0
0,7,68,138,0,10.4,24.799999,.3462213895149339,2.414407522438498,622.40002,.62240005,.017999999,.0068000001,2,38.29429283334522,West Germany (U),Founded before 1945 (U),0
0,9,68,138,0,0,,0,,1,.001,.003,0,2,38.29429283334522,West Germany (U),Founded before 1945 (U),0
0,10,68,138,0,0,,.0004395604394309,1.268163763952486,304,.30399999,.0032000002,.00040000002,1,20.88850754957999,West Germany (U),Founded before 1945 (U),0
0,10,68,138,0,0,,0,,264,.264,.0089999996,.001,2,38.29429283334522,West Germany (U),Founded before 1945 (U),0
0,12,68,138,1,27,109.4,3.705085245344176,12.98898044534171,837,1.0488,6.2914,.21880001,1,20.88850754957999,West Germany (U),Founded before 1945 (U),0
0,12,68,138,1,31.6,147.8,7.428145480783048,10.70875176450584,757.40002,.96399999,11.706,.3066,2,38.29429283334522,West Germany (U),Founded before 1945 (U),1
0,13,68,138,1,14.2,106.4,5.967418642481874,6.985451496686352,614.59998,.6864,2.8731999,.13160001,1,20.88850754957999,West Germany (U),Founded before 1945 (U),0
0,13,68,138,1,25,160.60001,11.97928490541032,10.89907591782258,841,.95039999,6.3740001,.20460001,2,38.29429283334522,West Germany (U),Founded before 1945 (U),1
0,14,68,138,0,2.2,5.5999999,0,0,,0,0,.00040000002,1,20.88850754957999,West Germany (U),Founded before 1945 (U),0
0,14,68,138,0,2.8,6.4000001,.0623765026317223,.6688952455456262,150.33333,.15033333,.00060000003,.00040000002,2,38.29429283334522,West Germany (U),Founded before 1945 (U),0
0,17,68,138,0,14.4,28.4,.6078411548346352,5.776110489019405,2029.8,2.0324001,.0112,.0032000002,1,20.88850754957999,West Germany (U),Founded before 1945 (U),0
0,17,68,138,0,17.2,53,.8896841984072602,5.052215951347771,1933.6,1.9405999,.051599998,.0086000003,2,38.29429283334522,West Germany (U),Founded before 1945 (U),0
0,18,68,138,0,4.4,9.3999996,.2389728893648976,1.18301711505814,87.800003,.2288,.00060000003,.00060000003,1,20.88850754957999,West Germany (U),Founded before 1945 (U),0
0,18,68,138,0,7,17.4,.2349819046479445,1.740959688154162,179,.27879998,.0014,.00020000001,2,38.29429283334522,West Germany (U),Founded before 1945 (U),0
0,20,68,138,0,12.8,25,.3628260313798268,3.130113569344431,430.39999,.5248,.020200001,.0034,1,20.88850754957999,West Germany (U),Founded before 1945 (U),0
0,20,68,138,0,13,41.599998,1.095366285388898,3.223246504516301,483.39999,.6336,.079999998,.0092000002,2,38.29429283334522,West Germany (U),Founded before 1945 (U),0
0,21,68,138,0,14.8,55.599998,2.122986687594667,5.593816342287544,303,.303,.8082,.054599997,1,20.88850754957999,West Germany (U),Founded before 1945 (U),0
0,21,68,138,0,19.6,84.199997,4.042328141474013,5.994328078277796,578.79999,.57879996,1.9662,.089000002,2,38.29429283334522,West Germany (U),Founded before 1945 (U),0
0,22,68,138,0,19,28.799999,0,0,1439.2,2.8912001,.0092000002,.0034,1,20.88850754957999,West Germany (U),Founded before 1945 (U),0
0,22,68,138,0,18.2,59.200001,1.240928957972995,5.564445317243506,998.59998,1.9355999,.017999999,.0068000001,2,38.29429283334522,West Germany (U),Founded before 1945 (U),0
0,23,68,138,1,15.6,65.199997,3.242477625430619,4.708584665402388,659.20001,.92900002,.0186,.0046000001,1,20.88850754957999,West Germany (U),Founded before 1945 (U),0
0,23,68,138,1,18.8,75.599998,3.327473320943713,5.193158910812494,649,.99659997,.039999999,.0092000002,2,38.29429283334522,West Germany (U),Founded before 1945 (U),1
0,25,68,138,0,9.6,27.799999,.5375564496429474,4.029460282026165,1152.8,1.1694,.16419999,.0136,1,20.88850754957999,West Germany (U),Founded before 1945 (U),0
0,25,68,138,0,14.4,65.800003,2.560521323545725,4.712657347159018,821.59998,.84979999,.17119999,.022399999,2,38.29429283334522,West Germany (U),Founded before 1945 (U),0
0,27,68,138,0,5.8,7.4000001,.2024444453728919,1.197651134125026,36.200001,.18099999,.00060000003,.00060000003,1,20.88850754957999,West Germany (U),Founded before 1945 (U),0
0,27,68,138,0,8.199999999999999,11.4,.1872164991427536,1.629168118685249,63.599998,.16419999,.0014,.00020000001,2,38.29429283334522,West Germany (U),Founded before 1945 (U),0
0,28,68,138,0,4.4,22.200001,0,,386.60001,.38660002,.001,.001,1,20.88850754957999,West Germany (U),Founded before 1945 (U),0
0,28,68,138,0,8.4,16.6,.6253151449425286,1.345767087922219,337.20001,.33720002,.0052,.0022,2,38.29429283334522,West Germany (U),Founded before 1945 (U),0
0,29,68,138,0,8.4,16.6,0,0,767.40002,.9296,0,.00020000001,1,20.88850754957999,West Germany (U),Founded before 1945 (U),0
0,29,68,138,0,10.8,22,.408670871396884,2.608891613625524,639.59998,.78079998,0,.00020000001,2,38.29429283334522,West Germany (U),Founded before 1945 (U),0
0,32,68,138,0,19.8,31,.3855545986352257,4.447526079198407,420.39999,.93800002,.16160001,.0208,1,20.88850754957999,West Germany (U),Founded before 1945 (U),0
0,32,68,138,0,21,40.599998,.7312911329247234,4.065053506429255,528,1.4978,.32440001,.0274,2,38.29429283334522,West Germany (U),Founded before 1945 (U),0
0,33,68,138,0,5,40.599998,0,.0334154491751481,1,.001,0,0,1,20.88850754957999,West Germany (U),Founded before 1945 (U),0
0,33,68,138,0,0,21.799999,.0241293271114118,.4529475270633217,81,.081,0,0,2,38.29429283334522,West Germany (U),Founded before 1945 (U),0
0,34,68,138,0,3.4,2.8,.0039503385994864,.1133270168943311,216,.30220002,.00060000003,.00060000003,1,20.88850754957999,West Germany (U),Founded before 1945 (U),0
0,34,68,138,0,3.4,4.1999998,.0181034380301931,.4890904094858337,172.39999,.2024,.0016000001,.001,2,38.29429283334522,West Germany (U),Founded before 1945 (U),0
1,35,68,138,0,9.6,61.799999,3.896571021747147,9.046191282963674,671.59998,.67159998,.16160001,.0066,1,20.88850754957999,West Germany (U),Founded before 1945 (U),0
1,35,68,138,0,10.2,73.400002,2.953253040256765,5.470581283809782,663.79999,.6638,.40360001,.0088,2,38.29429283334522,West Germany (U),Founded before 1945 (U),0
0,36,68,138,1,6.8,10.4,.1016416331652375,2.028767432098317,703,.77240002,.013,.0041999999,1,20.88850754957999,West Germany (U),Founded before 1945 (U),0
0,36,68,138,1,8.199999999999999,25,.4383630222715341,2.669608225759395,663.79999,.73900002,.026000001,.0086000003,2,38.29429283334522,West Germany (U),Founded before 1945 (U),1
0,37,68,138,0,24.4,120.2,5.309837593778667,13.14205442328739,362,.43439999,5.5370002,.26120001,1,20.88850754957999,West Germany (U),Founded before 1945 (U),0
0,37,68,138,0,28.6,180,10.17280417969176,15.32707509871095,687.79999,.75940001,9.4757996,.34,2,38.29429283334522,West Germany (U),Founded before 1945 (U),0
0,38,68,138,1,30.2,53,.0906623106501976,.233513513496,1613.2,1.6131999,.023600001,.0035999999,1,20.88850754957999,West Germany (U),Founded before 1945 (U),0
0,38,68,138,1,16,47,.5450071622710039,3.398451203148906,1202.2,1.2021999,.085599996,.010600001,2,38.29429283334522,West Germany (U),Founded before 1945 (U),1
0,39,68,138,0,16.4,39.599998,.4796701088643149,3.98425528283949,595,.59500003,.3502,.023600001,1,20.88850754957999,West Germany (U),Founded before 1945 (U),0
0,39,68,138,0,18,66.800003,.6669385399468172,5.200548079017524,592.59998,.59259999,1.233,.058400001,2,38.29429283334522,West Germany (U),Founded before 1945 (U),0
0,41,68,138,0,0,,0,,153,.153,0,0,2,38.29429283334522,West Germany (U),Founded before 1945 (U),0
1,42,68,138,0,31.6,87.599998,.8178693846256172,10.44104119064405,4085.8,4.0858002,.0154,.0012000001,1,20.88850754957999,West Germany (U),Founded before 1945 (U),0
0,42,68,138,0,33,85.400002,4.754971608100306,10.16507531048362,3370.6001,3.3706,.0262,.0038000001,2,38.29429283334522,West Germany (U),Founded before 1945 (U),0
0,44,68,138,0,8,18.4,0,0,554.40002,.76520002,.0092000002,.0034,1,20.88850754957999,West Germany (U),Founded before 1945 (U),0
0,44,68,138,0,8,19.4,.0936779156922718,2.116004484628646,466.20001,.75640005,.017999999,.0068000001,2,38.29429283334522,West Germany (U),Founded before 1945 (U),0
0,45,68,138,0,3.333333333333333,5,0,,83.199997,.092800006,.0092000002,.0034,1,20.88850754957999,West Germany (U),Founded before 1945 (U),0
0,45,68,138,0,2,9.3999996,.2864791482345669,.7075767179423101,5.4000001,.0082,.017999999,.0068000001,2,38.29429283334522,West Germany (U),Founded before 1945 (U),0
0,46,68,138,0,4.6,3.5999999,0,.0098901098871945,0,.65820003,0,0,1,20.88850754957999,West Germany (U),Founded before 1945 (U),0
0,46,68,138,0,5.6,11.8,.3198590240988156,1.351506786474298,0,.52359998,0,0,2,38.29429283334522,West Germany (U),Founded before 1945 (U),0
0,47,68,138,0,0,,0,.0208791208729661,,0,0,0,1,20.88850754957999,West Germany (U),Founded before 1945 (U),0
0,48,68,138,0,0,,1.472395968874785,8.03080324406552,1418.2,1.5494,.014,.003,1,20.88850754957999,West Germany (U),Founded before 1945 (U),0
0,48,68,138,0,20.6,56.599998,1.120445274051516,5.263685062267605,1113.4,1.3111999,.043400001,.0052,2,38.29429283334522,West Germany (U),Founded before 1945 (U),0
0,49,68,138,0,5.6,16,.2657652380402766,3.665522291129347,748.40002,1.217,.00020000001,0,1,20.88850754957999,West Germany (U),Founded before 1945 (U),0
0,49,68,138,0,4.4,17.6,.1910157118720216,2.904869917738768,601,.8804,.0046000001,0,2,38.29429283334522,West Germany (U),Founded before 1945 (U),0
0,50,68,138,0,0,.5,0,0,21.75,.021749999,0,0,1,20.88850754957999,West Germany (U),Founded before 1945 (U),0
0,50,68,138,0,0,1,0,.455053785596205,237,.237,0,0,2,38.29429283334522,West Germany (U),Founded before 1945 (U),0
1,56,68,138,0,41,140.8,3.509683347118502,14.41332377054678,4667.6001,4.6987996,.082999997,.016000001,1,20.88850754957999,West Germany (U),Founded before 1945 (U),0
1,56,68,138,0,50.2,167.8,6.260098826786588,13.70245749509925,3525.8,3.5283999,.4312,.054200001,2,38.29429283334522,West Germany (U),Founded before 1945 (U),0
0,3,69,141,0,2,13.4,.3853096475472897,.8004509140364729,454.79999,.45479998,.00060000003,.00040000002,1,9.648683145654168,West Germany (U),Founded after 1945 (U),0
0,3,69,141,0,5,20,.5171894963065663,1.240926003228999,336.79999,.33679998,.00060000003,.00040000002,2,13.84385700167441,West Germany (U),Founded after 1945 (U),0
0,4,69,141,0,2,2.4000001,.0006864988556856,.3848488472439252,49,.088199995,.00020000001,.00040000002,1,9.648683145654168,West Germany (U),Founded after 1945 (U),0
0,4,69,141,0,2.8,1.4,.0295695597289877,.2836057209205277,8.8000002,.0112,.00040000002,0,2,13.84385700167441,West Germany (U),Founded after 1945 (U),0
0,5,69,141,0,6.2,14.4,.0794158473324407,2.166317396705695,1164.4,1.4571999,.021,.0044,1,9.648683145654168,West Germany (U),Founded after 1945 (U),0
0,5,69,141,0,5.2,19.200001,.0502941047333936,1.444184614623524,675.40002,.68379998,.0394,.0022,2,13.84385700167441,West Germany (U),Founded after 1945 (U),0
0,7,69,141,0,5.4,10.2,.289914411570924,.7438115037616192,283.20001,.28320003,.021,.0044,1,9.648683145654168,West Germany (U),Founded after 1945 (U),0
0,7,69,141,0,6.4,11.8,.0857717120113191,1.200892131573165,427.60001,.4276,.0394,.0022,2,13.84385700167441,West Germany (U),Founded after 1945 (U),0
0,10,69,141,0,2.8,2.5999999,.0009153318075808,.4865952459998769,22,.022,.0012000001,.00060000003,1,9.648683145654168,West Germany (U),Founded after 1945 (U),0
0,10,69,141,0,3,7,0,,87,.086999997,.014333333,.0016666666,2,13.84385700167441,West Germany (U),Founded after 1945 (U),0
0,11,69,141,0,0,,0,0,,0,0,0,2,13.84385700167441,West Germany (U),Founded after 1945 (U),0
0,12,69,141,0,27,185.2,6.76400041678959,11.2939262547196,1126.2,1.263,6.9638,.21519999,1,9.648683145654168,West Germany (U),Founded after 1945 (U),0
0,12,69,141,1,22.6,181.39999,6.129160422371713,12.07949140316806,1215,1.2201999,10.819401,.2176,2,13.84385700167441,West Germany (U),Founded after 1945 (U),0
0,13,69,141,0,14.8,111.2,1.964496233653977,9.097339489153198,645.20001,.68199998,2.6924,.083800003,1,9.648683145654168,West Germany (U),Founded after 1945 (U),0
0,13,69,141,0,14.6,152,3.536288747147617,9.189396747114635,854.20001,.85519999,4.5794001,.1134,2,13.84385700167441,West Germany (U),Founded after 1945 (U),0
0,14,69,141,0,0,,0,.0594338007052678,,0,0,0,1,9.648683145654168,West Germany (U),Founded after 1945 (U),0
0,17,69,141,0,4.4,17,.234239272111761,1.389491104558566,634.79999,.64779997,.011,.00060000003,1,9.648683145654168,West Germany (U),Founded after 1945 (U),0
0,17,69,141,0,1.8,9.8000002,.0509618852469492,.5379762549900897,16,.0164,.021,.00060000003,2,13.84385700167441,West Germany (U),Founded after 1945 (U),0
0,20,69,141,0,3.6,5.4000001,.0249583110114811,1.057595954147101,172.2,.2304,.0038000001,.00020000001,1,9.648683145654168,West Germany (U),Founded after 1945 (U),0
0,20,69,141,0,0,,.0080856555721107,.0152463082508656,9.1999998,.0098000001,.0061999997,0,2,13.84385700167441,West Germany (U),Founded after 1945 (U),0
0,21,69,141,0,0,0,.0120820371822181,.0049411517029864,,0,.1338,.0032000002,1,9.648683145654168,West Germany (U),Founded after 1945 (U),0
0,22,69,141,0,9.800000000000001,26.6,.2133882115253497,2.494506550382431,2693.3999,3.0922,.021,.0044,1,9.648683145654168,West Germany (U),Founded after 1945 (U),0
0,22,69,141,0,6.8,29.200001,.1918529838078471,1.799754072474479,1468.2,1.4788001,.0394,.0022,2,13.84385700167441,West Germany (U),Founded after 1945 (U),0
0,23,69,141,0,8.199999999999999,20.799999,.4270862712886339,2.226659865865983,1066.2,1.1868,.0044,.00060000003,1,9.648683145654168,West Germany (U),Founded after 1945 (U),0
0,23,69,141,0,7.6,20.6,.2451429846679194,1.779983226193235,788.59998,.79280001,.0104,.0014,2,13.84385700167441,West Germany (U),Founded after 1945 (U),0
0,24,69,141,0,0,,.0228833134321276,.0180078164507124,,0,.00075000001,0,1,9.648683145654168,West Germany (U),Founded after 1945 (U),0
0,24,69,141,0,0,,.0585217414163577,.3278501059165454,,0,.0020000001,0,2,13.84385700167441,West Germany (U),Founded after 1945 (U),0
0,25,69,141,0,5,18,.2325668091214095,.2907178519268327,330.5,.33050001,.058400001,.0046000001,1,9.648683145654168,West Germany (U),Founded after 1945 (U),0
0,25,69,141,0,10,33.400002,.6233736270770154,2.607743944325235,586,.58600003,.088199995,.0058000004,2,13.84385700167441,West Germany (U),Founded after 1945 (U),0
0,28,69,141,0,0,,.1243524192670256,.6264828274418002,24,.024,.001,0,2,13.84385700167441,West Germany (U),Founded after 1945 (U),0
0,29,69,141,0,2.4,3.2,.063572293181801,.4236530851399925,305,.30500001,.00040000002,0,1,9.648683145654168,West Germany (U),Founded after 1945 (U),0
0,29,69,141,0,3.2,6.1999998,.1264270638661777,.5993343016942615,336.60001,.33660001,.00020000001,0,2,13.84385700167441,West Germany (U),Founded after 1945 (U),0
0,32,69,141,0,16.6,24.799999,.1760387761636284,3.275629404754087,628.59998,.69559997,.17739999,.021600001,1,9.648683145654168,West Germany (U),Founded after 1945 (U),0
0,32,69,141,0,13.6,30.200001,.2700911553109557,2.41750603314262,406.39999,.40739998,.30520001,.022399999,2,13.84385700167441,West Germany (U),Founded after 1945 (U),0
0,33,69,141,0,0,,.0267692441706077,.1185884688984228,,0,0,0,1,9.648683145654168,West Germany (U),Founded after 1945 (U),0
0,33,69,141,0,0,,.1862399782762889,1.875600139671304,27,.027000001,0,0,2,13.84385700167441,West Germany (U),Founded after 1945 (U),0
0,34,69,141,0,0,,0,,.25,.00025000001,.00050000002,0,1,9.648683145654168,West Germany (U),Founded after 1945 (U),0
0,34,69,141,0,0,,0,,0,0,.0020000001,0,2,13.84385700167441,West Germany (U),Founded after 1945 (U),0
0,35,69,141,0,7,44.799999,.4384341806310477,4.254018110642622,651.59998,.6516,.48699999,.0146,1,9.648683145654168,West Germany (U),Founded after 1945 (U),0
0,35,69,141,0,9.199999999999999,62.400002,.8537566157408092,4.11344013012406,554.79999,.55479997,.81020004,.0142,2,13.84385700167441,West Germany (U),Founded after 1945 (U),0
0,36,69,141,0,5,7.8000002,.0299072785540133,1.306877253228924,784.20001,.86120003,.0046000001,.0018,1,9.648683145654168,West Germany (U),Founded after 1945 (U),0
0,36,69,141,0,5.4,14.8,.2298232531050912,.9040495887451631,423.39999,.4258,.0154,.0044,2,13.84385700167441,West Germany (U),Founded after 1945 (U),0
0,37,69,141,0,15.2,62.400002,2.572898757729498,4.908958629798302,384.39999,.40820003,2.0648,.097199999,1,9.648683145654168,West Germany (U),Founded after 1945 (U),0
0,37,69,141,0,15,68,4.045499645171152,5.786680727544254,353.39999,.354,3.9196,.119,2,13.84385700167441,West Germany (U),Founded after 1945 (U),0
0,38,69,141,0,2.6,5.5999999,.0404799440899159,.4284263517881521,3.5,.0035000001,.012399999,.00060000003,1,9.648683145654168,West Germany (U),Founded after 1945 (U),0
0,38,69,141,0,3,6.5999999,.0997754536310889,.1983316429770961,52.799999,.0528,.038200002,.00080000004,2,13.84385700167441,West Germany (U),Founded after 1945 (U),0
0,39,69,141,0,7.8,32.200001,.9551198193858702,2.490752485249019,408.39999,.4084,.81279999,.0266,1,9.648683145654168,West Germany (U),Founded after 1945 (U),0
0,39,69,141,0,7.8,37.400002,.7450825733193718,2.747202321572122,547,.54699999,1.9448,.039999999,2,13.84385700167441,West Germany (U),Founded after 1945 (U),0
0,41,69,141,0,0,,0,.2329204687764618,,0,0,0,1,9.648683145654168,West Germany (U),Founded after 1945 (U),0
0,41,69,141,0,0,,0,.874903036001982,.75,.00075000001,0,0,2,13.84385700167441,West Germany (U),Founded after 1945 (U),0
0,42,69,141,0,13.2,47,.7263993989542612,1.993477480287041,1416.2,1.4161999,.0046000001,.0016000001,1,9.648683145654168,West Germany (U),Founded after 1945 (U),0
0,42,69,141,0,14.8,65.599998,.7052931837862473,2.972397851346049,1253,1.253,.015,.0014,2,13.84385700167441,West Germany (U),Founded after 1945 (U),0
0,44,69,141,0,5.6,20,.1053100134235063,2.21482110577533,632.40002,.85479999,.021,.0044,1,9.648683145654168,West Germany (U),Founded after 1945 (U),0
0,44,69,141,0,5.8,24,.2013578188508438,1.921108074939988,432.20001,.43939999,.0394,.0022,2,13.84385700167441,West Germany (U),Founded after 1945 (U),0
0,48,69,141,0,3,13,.150363994550946,1.022334117681683,781.59998,.7816,.0134,.0014,1,9.648683145654168,West Germany (U),Founded after 1945 (U),0
0,48,69,141,0,5.4,22.200001,.3632311856041083,1.569669080370392,482.20001,.48220003,.0252,.0054000001,2,13.84385700167441,West Germany (U),Founded after 1945 (U),0
0,49,69,141,0,1.4,2.4000001,.0129677587568041,.8483967098494756,.40000001,.088800006,0,0,1,9.648683145654168,West Germany (U),Founded after 1945 (U),0
0,49,69,141,0,.5,0,.0365808588662096,.1225236458004914,0,.0043333336,.00033333333,0,2,13.84385700167441,West Germany (U),Founded after 1945 (U),0
0,50,69,141,0,0,0,.0205475386084166,.1275605453789043,293.5,.29350001,0,0,1,9.648683145654168,West Germany (U),Founded after 1945 (U),0
0,50,69,141,0,1.6,12.6,.0659874492489188,1.515010775186047,520.40002,.52040005,0,0,2,13.84385700167441,West Germany (U),Founded after 1945 (U),0
0,53,69,141,0,0,3,0,,,0,.0020000001,0,1,9.648683145654168,West Germany (U),Founded after 1945 (U),0
0,56,69,141,0,9.6,26.200001,.1019340186495634,2.753348861380663,1128.6,1.1286,.024600001,.0026,1,9.648683145654168,West Germany (U),Founded after 1945 (U),0
0,56,69,141,0,13,47.400002,.2039233272264422,3.182660417885203,987.79999,.9878,.062600002,.0074,2,13.84385700167441,West Germany (U),Founded after 1945 (U),0
0,1,70,134,0,0,0,0,,,0,0,0,2,34.25735685581078,East Germany (U),Founded before 1945 (U),0
0,2,70,134,0,32.2,117.6,2.291907052799822,19.6972291746985,1229.4,1.2761999,.18539999,.0206,1,19.18839969497729,East Germany (U),Founded before 1945 (U),0
0,2,70,134,0,24.4,113.2,3.862245279602072,6.211025180375255,1195,1.1950001,.4014,.025799999,2,34.25735685581078,East Germany (U),Founded before 1945 (U),0
0,3,70,134,1,0,0,0,,102.8,.1028,.0016000001,.0022,1,19.18839969497729,East Germany (U),Founded before 1945 (U),0
0,3,70,134,1,0,0,0,,424.60001,.42460001,.0012000001,.0035999999,2,34.25735685581078,East Germany (U),Founded before 1945 (U),1
0,4,70,134,1,2,5,.0195121398850458,.6709814553165309,170.8,.26620001,0,0,1,19.18839969497729,East Germany (U),Founded before 1945 (U),0
0,4,70,134,1,5.4,11.2,.5398737340869967,.305852885961595,53.599998,.18519999,.00060000003,.0012000001,2,34.25735685581078,East Germany (U),Founded before 1945 (U),1
0,5,70,134,0,7.2,18.200001,.2193191202504715,2.456450121889528,897.59998,1.2021999,.0035999999,.0099999998,1,19.18839969497729,East Germany (U),Founded before 1945 (U),0
0,5,70,134,0,10,16.799999,.1644281005676176,1.875440100291255,458.39999,.7568,.019200001,.0138,2,34.25735685581078,East Germany (U),Founded before 1945 (U),0
0,7,70,134,0,12.2,33.599998,.6668543979377529,3.983414265333608,1100.2,1.1001999,.0035999999,.0099999998,1,19.18839969497729,East Germany (U),Founded before 1945 (U),0
0,7,70,134,1,14.6,32,1.749730414149735,1.228635921393828,373.39999,.3734,.019200001,.0138,2,34.25735685581078,East Germany (U),Founded before 1945 (U),0
0,8,70,134,0,0,0,0,,,0,.001,.001,2,34.25735685581078,East Germany (U),Founded before 1945 (U),0
0,10,70,134,0,3.4,8.1999998,.053706194237371,.7757515848575237,442.79999,.44279999,.0018,.0016000001,1,19.18839969497729,East Germany (U),Founded before 1945 (U),0
0,10,70,134,0,4.6,13,.6384319213445163,.084521083079363,452.79999,.45279998,.0152,.0048000002,2,34.25735685581078,East Germany (U),Founded before 1945 (U),0
0,11,70,134,0,0,0,0,,,0,0,0,1,19.18839969497729,East Germany (U),Founded before 1945 (U),0
0,11,70,134,0,0,0,0,,,0,.00033333333,0,2,34.25735685581078,East Germany (U),Founded before 1945 (U),0
0,12,70,134,1,24.8,140,4.959559721500487,8.871202691999038,656.20001,.79079998,4.0757999,.1366,1,19.18839969497729,East Germany (U),Founded before 1945 (U),0
0,12,70,134,1,31.6,181.8,8.939013832877961,.4309687824522533,535.40002,.63440001,5.9272003,.1788,2,34.25735685581078,East Germany (U),Founded before 1945 (U),1
0,13,70,134,1,14.2,95.400002,2.365815962913827,6.674849181753071,387.20001,.43779999,2.2906001,.095600002,1,19.18839969497729,East Germany (U),Founded before 1945 (U),0
0,13,70,134,1,15.4,137.39999,3.110892689772068,2.788711689724577,452,.51480001,4.6656003,.1354,2,34.25735685581078,East Germany (U),Founded before 1945 (U),1
0,14,70,134,0,0,0,0,,165,.16500001,.00020000001,0,1,19.18839969497729,East Germany (U),Founded before 1945 (U),0
0,14,70,134,0,0,0,0,,17.200001,.017200001,.00020000001,0,2,34.25735685581078,East Germany (U),Founded before 1945 (U),0
0,15,70,134,0,0,,0,,1.6666666,.0016666666,.075333335,.0043333336,1,19.18839969497729,East Germany (U),Founded before 1945 (U),0
0,15,70,134,0,0,0,0,,,0,.114,.003,2,34.25735685581078,East Germany (U),Founded before 1945 (U),0
1,17,70,134,0,16.6,61.599998,1.770820061747285,4.472170819066815,506.20001,.58499998,.0112,.0060000001,1,19.18839969497729,East Germany (U),Founded before 1945 (U),0
1,17,70,134,0,17.4,69.400002,3.680392615327042,.2742892494584197,390.79999,.68599999,.066199996,.012399999,2,34.25735685581078,East Germany (U),Founded before 1945 (U),0
0,18,70,134,0,15.8,29.6,.3325432506911458,3.744874921078214,499,.52279997,.0014,.0026,1,19.18839969497729,East Germany (U),Founded before 1945 (U),0
0,18,70,134,0,14.6,32.599998,.8284889424604953,2.174664328124276,580,.62099999,.0020000001,.0018,2,34.25735685581078,East Germany (U),Founded before 1945 (U),0
0,19,70,134,0,0,0,0,,,0,.017999999,.0020000001,2,34.25735685581078,East Germany (U),Founded before 1945 (U),0
0,20,70,134,0,10.2,29.799999,.6680767279943768,2.769824115186648,918.40002,1.104,.0055999998,.0016000001,1,19.18839969497729,East Germany (U),Founded before 1945 (U),0
0,20,70,134,0,15,36,1.407182388398181,.8760876411066001,597.79999,.73340005,.029200001,.0040000002,2,34.25735685581078,East Germany (U),Founded before 1945 (U),0
0,21,70,134,0,0,0,.505643340734259,0,,0,.162,.022500001,1,19.18839969497729,East Germany (U),Founded before 1945 (U),0
1,22,70,134,0,23.4,70.400002,2.499562379898781,6.039632952992557,2146.2,2.6589999,.0035999999,.0099999998,1,19.18839969497729,East Germany (U),Founded before 1945 (U),0
0,22,70,134,0,26.2,66.400002,2.158623976655742,2.985150092012141,1074.8,1.4006,.019200001,.0138,2,34.25735685581078,East Germany (U),Founded before 1945 (U),0
1,23,70,134,1,16.2,59.400002,1.677240955256212,4.010691598696208,1620,1.8940001,.0122,.0076000001,1,19.18839969497729,East Germany (U),Founded before 1945 (U),0
1,23,70,134,1,23.4,77.400002,2.261906807711473,1.222196409438717,1190.8,1.5045999,.0252,.0112,2,34.25735685581078,East Germany (U),Founded before 1945 (U),1
0,24,70,134,0,0,0,0,,,0,0,0,2,34.25735685581078,East Germany (U),Founded before 1945 (U),0
0,25,70,134,0,16,60.200001,2.087757463112483,4.725322296177845,1034,1.073,.18519999,.022399999,1,19.18839969497729,East Germany (U),Founded before 1945 (U),0
0,25,70,134,1,17.6,67.400002,2.697058336007924,1.353350991008261,965.79999,1.0128,.3046,.033199999,2,34.25735685581078,East Germany (U),Founded before 1945 (U),0
0,26,70,134,0,0,,0,,1,.001,0,0,1,19.18839969497729,East Germany (U),Founded before 1945 (U),0
0,28,70,134,0,26,67.800003,.3126087354152708,.6881981885386468,406,.40599999,.0018,.00060000003,1,19.18839969497729,East Germany (U),Founded before 1945 (U),0
0,28,70,134,0,15,42,1.828810071175042,.2250067841756821,303.39999,.30339998,.003,.0022,2,34.25735685581078,East Germany (U),Founded before 1945 (U),0
0,29,70,134,0,0,0,1.599813280652061,5.671673976707445,397.79999,.3978,.00040000002,.00040000002,1,19.18839969497729,East Germany (U),Founded before 1945 (U),0
0,29,70,134,0,11.6,34.400002,2.251473345190365,.9265894315365492,361.20001,.3612,.00040000002,0,2,34.25735685581078,East Germany (U),Founded before 1945 (U),0
0,30,70,134,0,0,,0,,31.5,.090000004,0,0,1,19.18839969497729,East Germany (U),Founded before 1945 (U),0
0,30,70,134,0,0,2,0,,37.200001,.1106,0,0,2,34.25735685581078,East Germany (U),Founded before 1945 (U),0
0,32,70,134,0,26,78.199997,2.66345400418197,5.369090860731369,770.59998,.96179998,.31920001,.049599998,1,19.18839969497729,East Germany (U),Founded before 1945 (U),0
1,32,70,134,1,28.6,73.800003,3.270352754036494,1.006682552176885,703.40002,.97240001,.75099999,.065800004,2,34.25735685581078,East Germany (U),Founded before 1945 (U),0
0,33,70,134,0,3.666666666666667,56.333332,0,,,0,0,0,1,19.18839969497729,East Germany (U),Founded before 1945 (U),0
0,33,70,134,0,6,65,0,,0,0,0,0,2,34.25735685581078,East Germany (U),Founded before 1945 (U),0
0,34,70,134,0,0,0,0,,452.60001,.4526,.001,.00060000003,1,19.18839969497729,East Germany (U),Founded before 1945 (U),0
0,34,70,134,0,4,5,.1048416194660596,1.090855964194745,407,.40700001,.0024000001,.0024000001,2,34.25735685581078,East Germany (U),Founded before 1945 (U),0
0,35,70,134,0,2.333333333333333,12.333333,.1154635287535117,.9201701072149814,32.400002,.032400001,.14819999,.0034,1,19.18839969497729,East Germany (U),Founded before 1945 (U),0
0,35,70,134,0,0,0,0,.1397584523405984,,0,.20200001,.0037499999,2,34.25735685581078,East Germany (U),Founded before 1945 (U),0
0,36,70,134,1,5.2,15.4,.2576909546397627,1.69845123103689,646.59998,.67220002,.0040000002,.0048000002,1,19.18839969497729,East Germany (U),Founded before 1945 (U),0
0,36,70,134,1,13.8,40.200001,1.145292096906328,.5568264483232402,575.59998,.62580001,.010600001,.0061999997,2,34.25735685581078,East Germany (U),Founded before 1945 (U),1
0,37,70,134,1,25.6,131.39999,5.313626982996166,8.704329598118715,707,.75620002,4.4772,.25659999,1,19.18839969497729,East Germany (U),Founded before 1945 (U),0
0,37,70,134,1,27.4,145,6.69299208306728,1.124369260965164,627.79999,.7062,7.7692003,.31320003,2,34.25735685581078,East Germany (U),Founded before 1945 (U),1
0,38,70,134,1,0,0,0,,50.599998,.0506,.034200002,.0083999997,1,19.18839969497729,East Germany (U),Founded before 1945 (U),0
0,38,70,134,0,0,0,0,,101.2,.1012,.089400001,.0108,2,34.25735685581078,East Germany (U),Founded before 1945 (U),1
1,39,70,134,1,11,34.400002,.8246530999655334,3.240008727525149,806,.80599999,.36700001,.028200001,1,19.18839969497729,East Germany (U),Founded before 1945 (U),0
0,39,70,134,1,13,52,1.435871568046037,1.341160721526159,778.79999,.77880001,1.0446,.0572,2,34.25735685581078,East Germany (U),Founded before 1945 (U),1
0,41,70,134,0,0,1,0,,14.4,.0144,0,0,1,19.18839969497729,East Germany (U),Founded before 1945 (U),0
0,41,70,134,0,2,3.4000001,0,,6.5999999,.0066,0,0,2,34.25735685581078,East Germany (U),Founded before 1945 (U),0
1,42,70,134,0,23.2,87.199997,1.24297453570821,6.218126777788294,3107,3.1070001,.0089999996,.0020000001,1,19.18839969497729,East Germany (U),Founded before 1945 (U),0
0,42,70,134,0,24.8,100.2,1.767599920402694,3.210353304626004,2313,2.313,.0198,.0046000001,2,34.25735685581078,East Germany (U),Founded before 1945 (U),0
0,43,70,134,0,0,,0,,235,.235,0,0,1,19.18839969497729,East Germany (U),Founded before 1945 (U),0
0,43,70,134,0,0,0,0,,371,.37099999,0,0,2,34.25735685581078,East Germany (U),Founded before 1945 (U),0
0,44,70,134,0,6.6,11.6,.0480342086257546,2.637340825170758,668.40002,.85500002,.0035999999,.0099999998,1,19.18839969497729,East Germany (U),Founded before 1945 (U),0
0,44,70,134,0,8,8.1999998,.1034876509425279,1.921364485019248,356.79999,.5794,.019200001,.0138,2,34.25735685581078,East Germany (U),Founded before 1945 (U),0
0,45,70,134,0,7.2,18.200001,.0794079381426245,3.086445412403388,789,.84179997,.0035999999,.0099999998,1,19.18839969497729,East Germany (U),Founded before 1945 (U),0
0,45,70,134,0,10.6,20,.384032803447404,1.81865215125462,519,.58920002,.019200001,.0138,2,34.25735685581078,East Germany (U),Founded before 1945 (U),0
0,46,70,134,0,9.6,25.4,.338716545161985,3.235740509825313,22,.97320002,0,0,1,19.18839969497729,East Germany (U),Founded before 1945 (U),0
0,46,70,134,0,10,17.799999,.1895527000404822,2.130629875885389,191,.67400002,0,0,2,34.25735685581078,East Germany (U),Founded before 1945 (U),0
0,47,70,134,0,0,,0,,413.66666,.41366667,0,.00033333333,1,19.18839969497729,East Germany (U),Founded before 1945 (U),0
1,48,70,134,1,13,49.200001,1.595416015491946,3.287725117867311,1110.4,1.1104001,.021799998,.0099999998,1,19.18839969497729,East Germany (U),Founded before 1945 (U),0
1,48,70,134,0,20.6,45.200001,1.192026944035849,1.774844439312767,753.20001,.75319999,.064999998,.011399999,2,34.25735685581078,East Germany (U),Founded before 1945 (U),1
0,49,70,134,0,8.800000000000001,12.4,1.354756277732724,2.351367430939539,374.39999,.8872,.00080000004,0,1,19.18839969497729,East Germany (U),Founded before 1945 (U),0
0,49,70,134,0,5.8,21.799999,.5581964279119793,1.490821506436635,421,.82740003,.0061999997,.00020000001,2,34.25735685581078,East Germany (U),Founded before 1945 (U),0
0,50,70,134,0,0,17.799999,.0365446238168418,3.332708479641427,1006.4,1.0064,0,0,1,19.18839969497729,East Germany (U),Founded before 1945 (U),0
0,50,70,134,0,.5,7,.0315259524010054,2.367748337738119,806.40002,.8064,0,0,2,34.25735685581078,East Germany (U),Founded before 1945 (U),0
0,52,70,134,0,0,0,0,,,0,0,0,1,19.18839969497729,East Germany (U),Founded before 1945 (U),0
0,53,70,134,0,0,0,0,,1.6666666,.0016666666,.021,.0049999999,1,19.18839969497729,East Germany (U),Founded before 1945 (U),0
1,56,70,134,0,27,88.599998,3.399601144654599,6.572622060944221,2144.2,2.2509999,.17219999,.032000002,1,19.18839969497729,East Germany (U),Founded before 1945 (U),0
0,56,70,134,0,29.4,92,2.843440311409346,2.755943585344232,1642.8,1.794,.5036,.035,2,34.25735685581078,East Germany (U),Founded before 1945 (U),0
0,3,71,142,0,12.4,26,.2262591057420035,9.182896634197281,389.79999,.38979998,.00060000003,.00080000004,1,21.50190991782564,West Germany (U),Founded before 1945 (U),0
0,3,71,142,0,17.4,43.400002,.1676133238173125,9.009515264205634,469.79999,.4698,.00080000004,.0016000001,2,22.53526500230274,West Germany (U),Founded before 1945 (U),0
0,4,71,142,0,3.4,4.8000002,.0073609989312718,.6517488895886839,53.599998,.1102,.00060000003,0,1,21.50190991782564,West Germany (U),Founded before 1945 (U),0
0,4,71,142,0,3.8,9.3999996,.0659437276338672,.8429239158356558,35.599998,.1928,0,0,2,22.53526500230274,West Germany (U),Founded before 1945 (U),0
1,5,71,142,0,7.2,30.200001,.0031637506935833,2.65776135574447,1451.6,1.9274,.0035999999,.0034,1,21.50190991782564,West Germany (U),Founded before 1945 (U),0
0,5,71,142,0,9.800000000000001,32.200001,.1248603536219833,2.962449525983888,1455.2,2.3368001,.011,.0061999997,2,22.53526500230274,West Germany (U),Founded before 1945 (U),0
0,7,71,142,0,7.4,43.400002,.1921278653432631,2.21636421819389,258.39999,.25839999,.0035999999,.0034,1,21.50190991782564,West Germany (U),Founded before 1945 (U),0
0,7,71,142,0,9,34.400002,.9103692229127531,1.535329541158807,283.39999,.2834,.011,.0061999997,2,22.53526500230274,West Germany (U),Founded before 1945 (U),0
0,8,71,142,0,0,,0,0,,0,.0023333333,.00066666666,1,21.50190991782564,West Germany (U),Founded before 1945 (U),0
0,10,71,142,0,9.199999999999999,21.799999,.1426108133141626,2.219160779833709,981.20001,.98120004,.025,.0022,1,21.50190991782564,West Germany (U),Founded before 1945 (U),0
0,10,71,142,0,11,22,.1290023476573853,2.484568657816831,515.20001,.51520002,.035400003,.0027999999,2,22.53526500230274,West Germany (U),Founded before 1945 (U),0
0,11,71,142,0,12.2,4,.0867009698053547,1.916728245958605,94.400002,.2078,0,0,1,21.50190991782564,West Germany (U),Founded before 1945 (U),0
0,11,71,142,0,13.2,4.5999999,.066271190116803,2.164303113635407,59.599998,.17039999,.00040000002,0,2,22.53526500230274,West Germany (U),Founded before 1945 (U),0
0,12,71,142,0,23.6,148.2,2.735291684513891,12.06445136032556,1296.6,1.4621999,5.9742002,.17900001,1,21.50190991782564,West Germany (U),Founded before 1945 (U),0
0,12,71,142,0,21.2,132.60001,3.283757617321276,11.07935803693113,1306.8,1.549,8.901,.1912,2,22.53526500230274,West Germany (U),Founded before 1945 (U),0
0,13,71,142,0,20,217.60001,7.632330577966893,12.78539686503444,763,.88099998,6.5679998,.1558,1,21.50190991782564,West Germany (U),Founded before 1945 (U),0
0,13,71,142,0,25.4,216.8,8.775824482977393,15.33085895687969,1126.2,1.2952,9.2257996,.22139999,2,22.53526500230274,West Germany (U),Founded before 1945 (U),0
0,14,71,142,0,2.8,11.2,.2010456639958508,.7393671077548933,453,.45300001,.00040000002,.00060000003,1,21.50190991782564,West Germany (U),Founded before 1945 (U),0
0,14,71,142,0,3.6,10.8,.1669888315722056,.7491930950764112,518.79999,.51879996,.00020000001,.00020000001,2,22.53526500230274,West Germany (U),Founded before 1945 (U),0
0,15,71,142,0,0,,0,.0665407845695229,,0,.0515,.0015,1,21.50190991782564,West Germany (U),Founded before 1945 (U),0
0,17,71,142,0,6.2,30.4,.3677364239920924,2.302037035865312,1058,1.058,.010600001,.0012000001,1,21.50190991782564,West Germany (U),Founded before 1945 (U),0
0,17,71,142,0,9.6,40,.2624880600956968,3.043091690782394,1120,1.12,.023,.0014,2,22.53526500230274,West Germany (U),Founded before 1945 (U),0
0,18,71,142,0,11,13,.3944374795334906,1.64423149107649,159.2,.1868,.001,.00080000004,1,21.50190991782564,West Germany (U),Founded before 1945 (U),0
0,18,71,142,0,12,17.200001,.1580847021930771,2.075384365551951,191.8,.2784,.0014,.00060000003,2,22.53526500230274,West Germany (U),Founded before 1945 (U),0
0,20,71,142,0,4.4,25.799999,.2507245173334149,2.572369205828359,588,.76159996,.0054000001,.001,1,21.50190991782564,West Germany (U),Founded before 1945 (U),0
0,20,71,142,0,6.6,28,.403164173699723,2.760108850293124,609.20001,1.0428001,.027000001,.0024000001,2,22.53526500230274,West Germany (U),Founded before 1945 (U),0
0,21,71,142,0,13.6,46.400002,3.012714765474326,4.781733625497649,423.79999,.42379999,1.1244,.0594,1,21.50190991782564,West Germany (U),Founded before 1945 (U),0
0,21,71,142,0,10.4,55,1.814307939232732,4.866491656943717,595.79999,.59579998,3.141,.1034,2,22.53526500230274,West Germany (U),Founded before 1945 (U),0
0,22,71,142,0,8.6,28.6,.5474605858774815,3.043890177922643,1607,2.2688,.0035999999,.0034,1,21.50190991782564,West Germany (U),Founded before 1945 (U),0
0,22,71,142,0,11.2,25.4,.2778925593876112,3.076218248676116,1215.6,2.0039999,.011,.0061999997,2,22.53526500230274,West Germany (U),Founded before 1945 (U),0
0,23,71,142,0,9,32.400002,.3705918699028437,3.066242750778928,609,.8204,.0089999996,.0041999999,1,21.50190991782564,West Germany (U),Founded before 1945 (U),0
0,23,71,142,0,12.6,42,.7134366179400699,3.791137609395539,790.79999,1.2952,.038400002,.0074,2,22.53526500230274,West Germany (U),Founded before 1945 (U),0
0,24,71,142,0,0,,0,.0216151577244901,,0,0,0,1,21.50190991782564,West Germany (U),Founded before 1945 (U),0
0,25,71,142,0,5.4,14.6,.1255311674662839,.3827288520762273,183.2,.197,.048799999,.0034,1,21.50190991782564,West Germany (U),Founded before 1945 (U),0
0,25,71,142,0,4,14.2,.1416145084627522,1.415905833532502,289.60001,.29879999,.0614,.0024000001,2,22.53526500230274,West Germany (U),Founded before 1945 (U),0
0,27,71,142,0,11.2,16.200001,.1592745928701322,2.023555337609363,143,.19060001,.001,.00080000004,1,21.50190991782564,West Germany (U),Founded before 1945 (U),0
0,27,71,142,0,10.6,15,.3328463189158672,1.892580639666345,152.60001,.28560001,.0014,.00060000003,2,22.53526500230274,West Germany (U),Founded before 1945 (U),0
0,28,71,142,0,1.2,2.8,.0093555428742582,.0039503385994864,495.60001,.49560001,.00060000003,.00020000001,1,21.50190991782564,West Germany (U),Founded before 1945 (U),0
0,28,71,142,0,3.25,11.75,.1232733209574166,.286820126843749,639.20001,.63920003,.0035999999,.00080000004,2,22.53526500230274,West Germany (U),Founded before 1945 (U),0
0,29,71,142,0,3,7,.008778469760794,.774235049552063,452.20001,.45220003,0,0,1,21.50190991782564,West Germany (U),Founded before 1945 (U),0
0,29,71,142,0,3.4,11.4,.1472048483309759,1.094058089726887,378.60001,.3786,.00040000002,0,2,22.53526500230274,West Germany (U),Founded before 1945 (U),0
0,30,71,142,0,0,,0,0,,0,0,0,1,21.50190991782564,West Germany (U),Founded before 1945 (U),0
0,32,71,142,0,14.8,38.799999,.407308976163485,3.930891966320158,554.79999,.80240005,.2088,.0266,1,21.50190991782564,West Germany (U),Founded before 1945 (U),0
0,32,71,142,0,15.6,43.400002,.8256837005797018,3.53112803607128,510.39999,1.0254,.41139999,.024799999,2,22.53526500230274,West Germany (U),Founded before 1945 (U),0
0,33,71,142,0,0,,0,.4242033498181303,0,0,0,0,1,21.50190991782564,West Germany (U),Founded before 1945 (U),0
0,33,71,142,0,0,2.2,.1769828851478619,.6725263893944481,.75,.00075000001,0,0,2,22.53526500230274,West Germany (U),Founded before 1945 (U),0
0,34,71,142,0,21.4,10.6,.5879225396776631,3.540663742148438,427.79999,.54459995,.00060000003,.001,1,21.50190991782564,West Germany (U),Founded before 1945 (U),0
0,34,71,142,0,25.2,16,.2830867287489489,5.021494353518645,438.79999,.56459999,.00060000003,.0012000001,2,22.53526500230274,West Germany (U),Founded before 1945 (U),0
0,35,71,142,0,4.8,35,.5193786614784248,2.148547341973412,519.79999,.51980001,.41139999,.0083999997,1,21.50190991782564,West Germany (U),Founded before 1945 (U),0
0,35,71,142,0,4.2,39.799999,.853561223173929,2.96966357388071,484.79999,.48479998,.60519999,.0104,2,22.53526500230274,West Germany (U),Founded before 1945 (U),0
0,36,71,142,0,5.6,12.2,.2484779650805643,1.813813533159702,400.79999,.47040001,.0034,.0024000001,1,21.50190991782564,West Germany (U),Founded before 1945 (U),0
0,36,71,142,0,5.4,18,.6059636094852995,1.498030620603588,444,.58779997,.012800001,.0012000001,2,22.53526500230274,West Germany (U),Founded before 1945 (U),0
0,37,71,142,1,25.6,189.2,7.583466036584005,14.05494838664334,523.20001,.56559998,10.352401,.31299999,1,21.50190991782564,West Germany (U),Founded before 1945 (U),0
0,37,71,142,1,29.2,211.8,10.31847971323231,16.27674965733442,624.79999,.73940003,14.4034,.40700001,2,22.53526500230274,West Germany (U),Founded before 1945 (U),1
0,38,71,142,0,4.2,16.799999,.2501850513381281,1.314771163465509,1063.8,1.0638001,.022,.003,1,21.50190991782564,West Germany (U),Founded before 1945 (U),0
0,38,71,142,0,5.6,14.8,.0867192057820789,1.687624709876456,777.79999,.77779996,.087800004,.0054000001,2,22.53526500230274,West Germany (U),Founded before 1945 (U),0
0,39,71,142,0,7.8,21.200001,.1434121024695574,1.947167531287546,558.40002,.55840003,.23619999,.0178,1,21.50190991782564,West Germany (U),Founded before 1945 (U),0
0,39,71,142,0,9.6,34.400002,.7498351681589662,2.70054545300691,534.40002,.53440005,.74159998,.043000001,2,22.53526500230274,West Germany (U),Founded before 1945 (U),0
0,41,71,142,0,0,5.4000001,.2573739225721512,1.149867251679582,58.5,.058499999,0,0,1,21.50190991782564,West Germany (U),Founded before 1945 (U),0
0,41,71,142,0,10,33.599998,.0853458858283252,3.11008894865239,658.59998,.65859997,0,0,2,22.53526500230274,West Germany (U),Founded before 1945 (U),0
0,42,71,142,0,21.4,67.599998,.1107075388113081,4.41513483921096,2568.3999,2.5683999,.0038000001,.00080000004,1,21.50190991782564,West Germany (U),Founded before 1945 (U),0
0,42,71,142,0,21.6,70.800003,.2972561739385267,5.584238142798649,2546.2,2.5462,.010600001,.00020000001,2,22.53526500230274,West Germany (U),Founded before 1945 (U),0
0,43,71,142,0,2.666666666666667,13.333333,1.490922267085187,.0416261891161947,,0,0,0,1,21.50190991782564,West Germany (U),Founded before 1945 (U),0
0,43,71,142,0,0,,0,1.110169857861925,,0,0,0,2,22.53526500230274,West Germany (U),Founded before 1945 (U),0
0,44,71,142,0,6.6,10.4,.0125395301311224,2.647181037729091,905,1.22,.0035999999,.0034,1,21.50190991782564,West Germany (U),Founded before 1945 (U),0
0,44,71,142,0,6,11,.0270648238829826,1.830983528470075,678.79999,1.166,.011,.0061999997,2,22.53526500230274,West Germany (U),Founded before 1945 (U),0
0,45,71,142,0,3.4,4.1999998,.0093162514803264,.9243345460753014,218.60001,.23119999,.0035999999,.0034,1,21.50190991782564,West Germany (U),Founded before 1945 (U),0
0,45,71,142,0,3,4.5999999,.0631161117295588,.9743342781656691,308.20001,.32320002,.011,.0061999997,2,22.53526500230274,West Germany (U),Founded before 1945 (U),0
0,46,71,142,0,1,3.4000001,0,.1076499706881947,,0,0,0,1,21.50190991782564,West Germany (U),Founded before 1945 (U),0
0,46,71,142,0,1,2.4000001,0,.1178936596764525,,0,0,0,2,22.53526500230274,West Germany (U),Founded before 1945 (U),0
0,47,71,142,0,0,,0,.1331828442112557,,0,0,0,1,21.50190991782564,West Germany (U),Founded before 1945 (U),0
0,47,71,142,0,2,19,.5728765249252431,.139654941398498,,0,.0034,.00040000002,2,22.53526500230274,West Germany (U),Founded before 1945 (U),0
0,48,71,142,0,4,14.8,.1227828125827392,1.181046209138462,896.20001,.9964,.0138,.0027999999,1,21.50190991782564,West Germany (U),Founded before 1945 (U),0
0,48,71,142,0,4.8,18,.276175576231473,2.65226323115101,895.59998,1.0361999,.033199999,.0055999998,2,22.53526500230274,West Germany (U),Founded before 1945 (U),0
0,49,71,142,0,8.6,13.4,.1112636933891672,2.961458220913488,720.79999,.9598,.00040000002,0,1,21.50190991782564,West Germany (U),Founded before 1945 (U),0
0,49,71,142,0,6,19.200001,.1958152223947704,3.811202804076215,737.40002,1.0661999,.0044,.00020000001,2,22.53526500230274,West Germany (U),Founded before 1945 (U),0
0,50,71,142,0,0,,1.392952852350372,2.71085728304486,0,0,0,0,1,21.50190991782564,West Germany (U),Founded before 1945 (U),0
0,50,71,142,0,0,1,.2494068371994472,1.300729478000597,0,0,0,0,2,22.53526500230274,West Germany (U),Founded before 1945 (U),0
0,53,71,142,0,0,,.1824620829306337,0,,0,.034000002,.0049999999,2,22.53526500230274,West Germany (U),Founded before 1945 (U),0
0,55,71,142,0,0,,0,.0971067143274946,,0,0,0,1,21.50190991782564,West Germany (U),Founded before 1945 (U),0
0,56,71,142,0,19.6,72,.4811939564791028,5.779074702240463,2785.6001,2.7856002,.023600001,.0049999999,1,21.50190991782564,West Germany (U),Founded before 1945 (U),0
0,56,71,142,0,20.6,66.199997,.3662926254131467,6.19808578447916,2348.8,2.6830001,.1166,.0126,2,22.53526500230274,West Germany (U),Founded before 1945 (U),0
0,3,72,133,0,1.2,1.8,.0085812356960696,.1480745107152959,6.1999998,.0061999997,.00020000001,.00080000004,1,25.91807734406447,West Germany (U),Founded before 1945 (U),0
0,3,72,133,0,1.2,3.4000001,.0540096792534455,.2302345063567439,28,.028000001,.00020000001,.00020000001,2,33.69001611861044,West Germany (U),Founded before 1945 (U),0
0,4,72,133,0,3,3,.0011102170138019,.7435182499295543,6.8000002,.074199997,0,0,1,25.91807734406447,West Germany (U),Founded before 1945 (U),0
0,4,72,133,0,2.6,4.4000001,.0501377255653904,.7122451676547776,2.5999999,.17460001,0,0,2,33.69001611861044,West Germany (U),Founded before 1945 (U),0
0,5,72,133,0,3.6,8.6000004,.0039503385994864,1.236774183835956,197.60001,.92559999,.0014,.00060000003,1,25.91807734406447,West Germany (U),Founded before 1945 (U),0
0,5,72,133,0,3.6,17.4,.001555651521181,1.589115508500402,197.39999,1.5454,.0034,.0018,2,33.69001611861044,West Germany (U),Founded before 1945 (U),0
0,7,72,133,0,7,12,.2750630074455254,1.535133802743901,136.8,.13680001,.0014,.00060000003,1,25.91807734406447,West Germany (U),Founded before 1945 (U),0
0,7,72,133,0,8.4,18.200001,.3831415317624234,1.537023505712907,185.39999,.18539999,.0034,.0018,2,33.69001611861044,West Germany (U),Founded before 1945 (U),0
0,10,72,133,0,0,,.0201826963537772,.0629651647845465,,0,.0066,.00080000004,2,33.69001611861044,West Germany (U),Founded before 1945 (U),0
0,11,72,133,0,0,,0,.016596348882295,,0,0,0,2,33.69001611861044,West Germany (U),Founded before 1945 (U),0
1,12,72,133,1,22.8,165.39999,9.378883979152222,8.248634391009057,987.40002,1.2414,10.5636,.31779999,1,25.91807734406447,West Germany (U),Founded before 1945 (U),0
0,12,72,133,1,22,175.39999,8.855110496292086,10.87071346170629,1012.4,1.3154,15.463401,.33140001,2,33.69001611861044,West Germany (U),Founded before 1945 (U),1
0,13,72,133,1,19.2,140.8,3.520055634437727,7.917590171993123,425.20001,.45899999,4.8866,.1716,1,25.91807734406447,West Germany (U),Founded before 1945 (U),0
0,13,72,133,1,20.2,172.60001,4.722170866789255,8.823124735435757,541.79999,.65779996,7.8573999,.1602,2,33.69001611861044,West Germany (U),Founded before 1945 (U),1
0,14,72,133,0,0,,0,0,,0,0,0,1,25.91807734406447,West Germany (U),Founded before 1945 (U),0
0,16,72,133,0,0,,0,,0,.001,.24699999,.0060000001,1,25.91807734406447,West Germany (U),Founded before 1945 (U),0
0,17,72,133,0,5,8.6000004,.0739199418866779,2.150932929113232,516,.51640004,.026000001,.0020000001,1,25.91807734406447,West Germany (U),Founded before 1945 (U),0
0,17,72,133,0,6.6,21,.1500248677313288,2.209441680138658,478.20001,.47820002,.077199996,.0046000001,2,33.69001611861044,West Germany (U),Founded before 1945 (U),0
0,18,72,133,0,2,3,.0008241758239329,.3879820795223227,7.8000002,.033,.00020000001,.00020000001,1,25.91807734406447,West Germany (U),Founded before 1945 (U),0
0,18,72,133,0,2,3.2,.0081826924625122,.3853196421145949,4.4000001,.0502,.00080000004,.00020000001,2,33.69001611861044,West Germany (U),Founded before 1945 (U),0
0,20,72,133,0,7,16.4,.222459463352278,1.913543796502603,280.60001,.4052,.0052,.00040000002,1,25.91807734406447,West Germany (U),Founded before 1945 (U),0
0,20,72,133,0,7,45.400002,1.421363927899141,2.55240686969802,438.20001,.62599999,.032200001,.0032000002,2,33.69001611861044,West Germany (U),Founded before 1945 (U),0
0,21,72,133,0,8,15,.4953410530025807,1.930476755845732,64.199997,.064199999,.51820004,.028200001,1,25.91807734406447,West Germany (U),Founded before 1945 (U),0
0,21,72,133,0,2,3.8,.0884840802733954,.3635010878036987,11.8,.0118,1.209,.0296,2,33.69001611861044,West Germany (U),Founded before 1945 (U),0
0,22,72,133,0,10.4,16,.4621955886591231,2.328126705619908,342.79999,1.1696,.0014,.00060000003,1,25.91807734406447,West Germany (U),Founded before 1945 (U),0
0,22,72,133,0,9.800000000000001,27.200001,.6641256288207451,2.599815653817853,315.60001,1.8465999,.0034,.0018,2,33.69001611861044,West Germany (U),Founded before 1945 (U),0
0,23,72,133,0,10.2,10.2,.3272097188478201,1.648243514611673,182,.25060001,.0046000001,.0012000001,1,25.91807734406447,West Germany (U),Founded before 1945 (U),0
0,23,72,133,0,11.4,19.799999,.2130983824568885,2.336856473378471,189.60001,.3362,.0088,.0018,2,33.69001611861044,West Germany (U),Founded before 1945 (U),0
0,25,72,133,0,8.800000000000001,36.599998,.8534648180699124,2.333435917576676,587.79999,.59679997,.088199995,.0060000001,1,25.91807734406447,West Germany (U),Founded before 1945 (U),0
0,25,72,133,0,12,52.400002,1.468130596475118,2.994395403503005,499,.51700002,.1158,.0098000001,2,33.69001611861044,West Germany (U),Founded before 1945 (U),0
0,26,72,133,0,2.5,4,0,.059518,,0,0,0,2,33.69001611861044,West Germany (U),Founded before 1945 (U),0
0,27,72,133,0,15,19.799999,.4639344328940666,2.653781334973754,127.6,.21439999,.00020000001,.00020000001,1,25.91807734406447,West Germany (U),Founded before 1945 (U),0
0,27,72,133,0,13.8,29.4,.4965222532632839,2.435119199558393,81.199997,.18799999,.00080000004,.00020000001,2,33.69001611861044,West Germany (U),Founded before 1945 (U),0
0,28,72,133,0,1,1,0,,71.400002,.071400002,.0012000001,0,1,25.91807734406447,West Germany (U),Founded before 1945 (U),0
0,28,72,133,0,1,4,.0133942468403429,.2949663985782593,128.39999,.1284,.0014,.00020000001,2,33.69001611861044,West Germany (U),Founded before 1945 (U),0
0,29,72,133,0,2.8,3.8,.2310243617287475,.4376711416892705,114,.114,.00040000002,0,1,25.91807734406447,West Germany (U),Founded before 1945 (U),0
0,29,72,133,0,2.8,3.4000001,.0211315878677892,.6906278781469006,95.199997,.095199995,.00020000001,0,2,33.69001611861044,West Germany (U),Founded before 1945 (U),0
0,31,72,133,0,0,,0,,219.8,.21980001,.43599999,.025799999,1,25.91807734406447,West Germany (U),Founded before 1945 (U),0
0,31,72,133,0,0,,0,.0078823529401856,344.20001,.34420002,1.1531999,.032599997,2,33.69001611861044,West Germany (U),Founded before 1945 (U),0
0,32,72,133,0,13.6,25,.2593914887231065,3.308904918703395,172.8,.4682,.15899999,.022,1,25.91807734406447,West Germany (U),Founded before 1945 (U),0
0,32,72,133,0,14,39.799999,.5579966403619033,3.391762532042697,342.79999,.98159999,.25220001,.0274,2,33.69001611861044,West Germany (U),Founded before 1945 (U),0
0,33,72,133,0,0,0,.0557031318470859,.1038191704638365,,0,0,0,1,25.91807734406447,West Germany (U),Founded before 1945 (U),0
0,33,72,133,0,0,1.6,.1521135573178862,.9509906830638498,0,0,0,0,2,33.69001611861044,West Germany (U),Founded before 1945 (U),0
0,34,72,133,0,3,5.8000002,.2205395013304808,.727639983183707,78.599998,.18080001,.00020000001,.00020000001,1,25.91807734406447,West Germany (U),Founded before 1945 (U),0
0,34,72,133,0,6,10.6,.2738856073775736,1.299641669699732,94,.1892,.00020000001,.0018,2,33.69001611861044,West Germany (U),Founded before 1945 (U),0
0,35,72,133,0,5,43.200001,1.06524170617494,2.424014862365752,377.20001,.37720001,.4226,.011,1,25.91807734406447,West Germany (U),Founded before 1945 (U),0
0,35,72,133,0,5.6,44.200001,.5416480718473856,1.891288940331995,365,.36500001,.62180001,.0146,2,33.69001611861044,West Germany (U),Founded before 1945 (U),0
0,36,72,133,0,3,4.8000002,.028877019139499,.697502785101084,79.199997,.086000003,.0014,0,1,25.91807734406447,West Germany (U),Founded before 1945 (U),0
0,36,72,133,0,3.8,9.1999998,.250509048213519,.7790193825317359,74.199997,.080600001,.0066,.00080000004,2,33.69001611861044,West Germany (U),Founded before 1945 (U),0
0,37,72,133,0,23.6,155.39999,6.931367079239728,6.033125443631505,526,.54640001,4.204,.20460001,1,25.91807734406447,West Germany (U),Founded before 1945 (U),0
0,37,72,133,0,28.6,178.2,7.383979656752798,7.478802450522463,449.39999,.49620003,7.388,.2448,2,33.69001611861044,West Germany (U),Founded before 1945 (U),0
0,38,72,133,0,2.4,3,.0635958885281609,1.025138645245626,270.39999,.27039999,.047599997,.001,1,25.91807734406447,West Germany (U),Founded before 1945 (U),0
0,38,72,133,0,1,2.2,0,.2202796322295516,159.2,.1592,.060400002,.0024000001,2,33.69001611861044,West Germany (U),Founded before 1945 (U),0
0,39,72,133,0,9,68.599998,2.339058479029949,2.499447413601654,456,.456,.56640005,.047599997,1,25.91807734406447,West Germany (U),Founded before 1945 (U),0
0,39,72,133,0,10,105.6,3.754282867292325,3.427078084623914,565.79999,.56580001,1.7236,.062200002,2,33.69001611861044,West Germany (U),Founded before 1945 (U),0
0,41,72,133,0,0,0,0,,,0,0,0,1,25.91807734406447,West Germany (U),Founded before 1945 (U),0
0,41,72,133,0,1,3.5,0,.053385155960606,,0,0,0,2,33.69001611861044,West Germany (U),Founded before 1945 (U),0
0,42,72,133,0,19.8,49.799999,.1033147491170159,4.48814743871484,1536.2,1.5361999,.0096000005,.00080000004,1,25.91807734406447,West Germany (U),Founded before 1945 (U),0
0,42,72,133,0,22.2,83.199997,.4384027932179688,5.546876354265228,1582.8,1.5828,.021,.00080000004,2,33.69001611861044,West Germany (U),Founded before 1945 (U),0
0,44,72,133,0,5.2,5.8000002,.0167602669208275,1.214714017023172,64.400002,.1726,.0014,.00060000003,1,25.91807734406447,West Germany (U),Founded before 1945 (U),0
0,44,72,133,0,3.4,3.4000001,.0061204011140746,1.043016820919293,87.800003,.27179998,.0034,.0018,2,33.69001611861044,West Germany (U),Founded before 1945 (U),0
0,45,72,133,0,1.8,.80000001,.0555282291378672,.5854230188413809,21.799999,.022600001,.0014,.00060000003,1,25.91807734406447,West Germany (U),Founded before 1945 (U),0
0,45,72,133,0,1.4,.40000001,.0329703299501297,.3572236401053638,41.200001,.042599998,.0034,.0018,2,33.69001611861044,West Germany (U),Founded before 1945 (U),0
0,46,72,133,0,4.2,5.5999999,.0032967032957315,.9658682434071286,120.4,1.0272,0,0,1,25.91807734406447,West Germany (U),Founded before 1945 (U),0
0,46,72,133,0,4.6,10,.084350058949315,1.589394444329439,111,1.2046,0,0,2,33.69001611861044,West Germany (U),Founded before 1945 (U),0
0,48,72,133,0,1.4,2,0,,133.60001,.1952,.0046000001,0,1,25.91807734406447,West Germany (U),Founded before 1945 (U),0
0,48,72,133,0,1.6,3.2,.0963427778154612,1.211610391842301,391.60001,.47999999,.014,.0014,2,33.69001611861044,West Germany (U),Founded before 1945 (U),0
0,49,72,133,0,1.4,4.1999998,.1814080779652246,.9196691689592867,30.6,.13500001,.00020000001,0,1,25.91807734406447,West Germany (U),Founded before 1945 (U),0
0,49,72,133,0,1.4,2.4000001,.0457425789029634,1.706107010132613,69.599998,.26899999,.00080000004,.00020000001,2,33.69001611861044,West Germany (U),Founded before 1945 (U),0
0,50,72,133,0,.2,2.2,0,.2771671978368481,0,.0070000002,0,0,1,25.91807734406447,West Germany (U),Founded before 1945 (U),0
0,50,72,133,0,.2,5.5999999,.1346526594243573,2.343043059723042,71.199997,.071400002,0,0,2,33.69001611861044,West Germany (U),Founded before 1945 (U),0
0,51,72,133,0,0,,0,,44,.044,.012,0,1,25.91807734406447,West Germany (U),Founded before 1945 (U),0
0,51,72,133,0,1,2,0,.0009645030424751,135.60001,.1356,.016799999,.00080000004,2,33.69001611861044,West Germany (U),Founded before 1945 (U),0
0,56,72,133,0,13,61.799999,.6583547746471481,3.979359233667939,1591.4,1.5918001,.065800004,.0082,1,25.91807734406447,West Germany (U),Founded before 1945 (U),0
0,56,72,133,0,14.6,76.599998,.9739970591749592,4.702737109641444,1521,1.521,.18700001,.0174,2,33.69001611861044,West Germany (U),Founded before 1945 (U),0
0,2,73,138,0,24.4,137,5.79745157388786,14.89883253147381,381.39999,.40739998,.6038,.0506,1,11.3088788731594,West Germany (U),Founded before 1945 (U),0
0,2,73,138,0,17.2,94.800003,4.175232213658768,11.83337082729819,816.20001,.82740003,1.216,.048599999,2,23.4199439021015,West Germany (U),Founded before 1945 (U),0
0,3,73,138,0,0,0,0,,41.799999,.0418,.0022,.0020000001,1,11.3088788731594,West Germany (U),Founded before 1945 (U),0
0,3,73,138,0,0,0,0,,34.200001,.034200002,.0024000001,.0014,2,23.4199439021015,West Germany (U),Founded before 1945 (U),0
0,4,73,138,0,2,5.1999998,.2415621352686995,.5523631463118547,6,.032000002,0,.00020000001,1,11.3088788731594,West Germany (U),Founded before 1945 (U),0
0,4,73,138,0,2,4.5999999,.1209590166010814,.6922965514831868,3.5999999,.084399998,.00020000001,0,2,23.4199439021015,West Germany (U),Founded before 1945 (U),0
1,5,73,138,1,8,21.200001,.220628391264816,2.559258040872902,494.60001,1.0086,.0096000005,.0016000001,1,11.3088788731594,West Germany (U),Founded before 1945 (U),0
1,5,73,138,1,9.800000000000001,23.200001,.2352291581640695,2.627845267893444,703.79999,1.3318001,.0196,.0035999999,2,23.4199439021015,West Germany (U),Founded before 1945 (U),1
0,7,73,138,0,2,3,.0997835233476233,.4146878622759591,25,.025,.0096000005,.0016000001,1,11.3088788731594,West Germany (U),Founded before 1945 (U),0
0,7,73,138,0,1.2,3.2,.2563532588542888,.7207770672367981,0,0,.0196,.0035999999,2,23.4199439021015,West Germany (U),Founded before 1945 (U),0
0,11,73,138,0,1,0,0,,,0,0,0,1,11.3088788731594,West Germany (U),Founded before 1945 (U),0
0,12,73,138,0,23,85.400002,3.532399318796925,9.253315978527604,571.40002,.85780001,4.5226002,.18560001,1,11.3088788731594,West Germany (U),Founded before 1945 (U),0
0,12,73,138,0,19.4,95.199997,3.71313265001176,8.051880919805745,564,.92879999,7.5005999,.2032,2,23.4199439021015,West Germany (U),Founded before 1945 (U),0
0,13,73,138,0,8,48.799999,.9945480471344156,5.247418193324088,121.4,.20119999,1.2221999,.046,1,11.3088788731594,West Germany (U),Founded before 1945 (U),0
0,13,73,138,0,10,92.800003,3.014734991467586,4.560913965406724,305.79999,.41979998,2.7251999,.067400001,2,23.4199439021015,West Germany (U),Founded before 1945 (U),0
0,14,73,138,0,2,1.8,.0201122164651971,.586103574037303,115.8,.1158,.00020000001,.00040000002,1,11.3088788731594,West Germany (U),Founded before 1945 (U),0
0,14,73,138,0,3.4,3,.0762768709584231,.6092235885368915,130.8,.13080001,.00020000001,.00020000001,2,23.4199439021015,West Germany (U),Founded before 1945 (U),0
0,15,73,138,0,0,,0,,0,.017333334,.063333333,.0013333333,2,23.4199439021015,West Germany (U),Founded before 1945 (U),0
0,16,73,138,0,14.4,56.799999,.6766767041845608,5.383186572551407,1201.4,1.2578001,.3752,.034599997,1,11.3088788731594,West Germany (U),Founded before 1945 (U),0
0,16,73,138,0,14.2,50.599998,.7957036427877453,5.206987047992256,1277.4,1.3508,.72619998,.044400003,2,23.4199439021015,West Germany (U),Founded before 1945 (U),0
0,17,73,138,0,7.2,14.4,.0833408923284571,2.078036610017498,701,.70480001,.0099999998,.0024000001,1,11.3088788731594,West Germany (U),Founded before 1945 (U),0
0,17,73,138,0,8.6,24.4,.2006674571070903,2.647254679295414,1110.6,1.1112,.039999999,.0046000001,2,23.4199439021015,West Germany (U),Founded before 1945 (U),0
0,18,73,138,0,4,2.5999999,.0061130050854676,.5963970678767689,8.8000002,.096000001,.00040000002,.00040000002,1,11.3088788731594,West Germany (U),Founded before 1945 (U),0
0,18,73,138,0,3.8,4.1999998,.0021670826186579,.6213518428979876,6.4000001,.068000004,.001,0,2,23.4199439021015,West Germany (U),Founded before 1945 (U),0
0,20,73,138,0,6.2,9.8000002,.1181504481626212,1.795436571024305,219.8,.28239998,.0099999998,.00060000003,1,11.3088788731594,West Germany (U),Founded before 1945 (U),0
0,20,73,138,0,6,16,.3231158176275884,1.71117368124272,338.20001,.51160002,.033799998,.0035999999,2,23.4199439021015,West Germany (U),Founded before 1945 (U),0
0,21,73,138,0,3,9.3999996,.2544383875897773,1.288121431640631,38.400002,.038400002,.41859999,.018200001,1,11.3088788731594,West Germany (U),Founded before 1945 (U),0
0,21,73,138,0,0,0,0,.0000378713679297,1.2,.0012000001,.8222,.0176,2,23.4199439021015,West Germany (U),Founded before 1945 (U),0
0,22,73,138,0,14.2,23.4,.9184255301594889,2.654552122546818,385.20001,1.3839999,.0096000005,.0016000001,1,11.3088788731594,West Germany (U),Founded before 1945 (U),0
0,22,73,138,0,13.2,22.799999,.3544968629737329,2.78956147042911,372.20001,1.4102,.0196,.0035999999,2,23.4199439021015,West Germany (U),Founded before 1945 (U),0
0,23,73,138,0,11.8,28.6,1.026200127820031,1.885516028608054,316,.4612,.0061999997,.001,1,11.3088788731594,West Germany (U),Founded before 1945 (U),0
0,23,73,138,0,14.4,39.599998,1.345796843855815,1.955091193042756,376.60001,.63420004,.0206,.0032000002,2,23.4199439021015,West Germany (U),Founded before 1945 (U),0
0,25,73,138,0,2.2,4.8000002,.0041189931341134,.8027581691156601,0,.022200001,.075199999,.0061999997,1,11.3088788731594,West Germany (U),Founded before 1945 (U),0
0,25,73,138,0,1,2.4000001,.0012300186943448,.4377863093668713,0,.0188,.082400002,.010600001,2,23.4199439021015,West Germany (U),Founded before 1945 (U),0
0,27,73,138,0,3,2.5999999,.0024450549440789,.5164511977846816,2,.034200002,.00040000002,.00040000002,1,11.3088788731594,West Germany (U),Founded before 1945 (U),0
0,27,73,138,0,2.6,1.8,.0009281053879378,.3998870404023017,3.8,.038599998,.001,0,2,23.4199439021015,West Germany (U),Founded before 1945 (U),0
0,29,73,138,0,3.6,2.5999999,.1138252667084686,1.26945577769934,175.2,.27520001,0,0,1,11.3088788731594,West Germany (U),Founded before 1945 (U),0
0,29,73,138,0,6.6,6,.1253201119846691,1.237702332328192,164.60001,.2156,0,0,2,23.4199439021015,West Germany (U),Founded before 1945 (U),0
0,30,73,138,0,3,20.5,0,,,0,0,0,1,11.3088788731594,West Germany (U),Founded before 1945 (U),0
0,30,73,138,0,3,29,0,,,0,0,0,2,23.4199439021015,West Germany (U),Founded before 1945 (U),0
0,31,73,138,0,0,,0,,104.5,.1375,.81124997,.022,2,23.4199439021015,West Germany (U),Founded before 1945 (U),0
0,32,73,138,0,14.4,19.200001,.2078269786598672,2.693190792132915,200.60001,.68800002,.147,.0198,1,11.3088788731594,West Germany (U),Founded before 1945 (U),0
0,32,73,138,0,14.2,21.6,.0876667984157271,2.759103555595491,213.2,.86620003,.31299999,.018999999,2,23.4199439021015,West Germany (U),Founded before 1945 (U),0
0,33,73,138,0,0,0,0,,,0,0,0,2,23.4199439021015,West Germany (U),Founded before 1945 (U),0
0,34,73,138,0,4.4,2.5999999,.0114060435371351,1.249180583215707,108.4,.1992,.00040000002,0,1,11.3088788731594,West Germany (U),Founded before 1945 (U),0
0,34,73,138,0,3.2,5.1999998,.0495493832041744,1.173075745295842,169.8,.2242,.00080000004,.00080000004,2,23.4199439021015,West Germany (U),Founded before 1945 (U),0
0,36,73,138,0,0,0,.0475953652273375,.6409463755318203,109,.1198,.003,.00020000001,1,11.3088788731594,West Germany (U),Founded before 1945 (U),0
0,36,73,138,0,3,4.4000001,.0709367487010148,.4991806737598816,69.400002,.104,.010600001,.00080000004,2,23.4199439021015,West Germany (U),Founded before 1945 (U),0
0,37,73,138,0,14.2,80.199997,3.859671163713347,7.255100844342366,207.39999,.24419999,2.9171999,.1574,1,11.3088788731594,West Germany (U),Founded before 1945 (U),0
0,37,73,138,0,15,89.599998,3.597860260329669,5.927882913788644,238.2,.2854,4.6192002,.17839999,2,23.4199439021015,West Germany (U),Founded before 1945 (U),0
0,38,73,138,0,5.8,11,.3386372893439903,1.198822816259069,334.60001,.33479998,.0178,.0020000001,1,11.3088788731594,West Germany (U),Founded before 1945 (U),0
0,38,73,138,0,6.2,9,.5176866691502076,1.222558444120356,144.8,.14480001,.062400002,.0027999999,2,23.4199439021015,West Germany (U),Founded before 1945 (U),0
0,39,73,138,0,14.4,50.200001,1.603160927972091,3.838219251186839,751.40002,.75140005,.32440001,.0296,1,11.3088788731594,West Germany (U),Founded before 1945 (U),0
0,39,73,138,0,16.2,68.199997,1.615981092433912,4.25028498584444,738.20001,.73820001,.9016,.048599999,2,23.4199439021015,West Germany (U),Founded before 1945 (U),0
0,41,73,138,0,0,,0,,1,.001,0,0,2,23.4199439021015,West Germany (U),Founded before 1945 (U),0
0,42,73,138,0,17.6,49.400002,.246057132089721,4.984036237708165,1702.4,1.7024,.0048000002,.0014,1,11.3088788731594,West Germany (U),Founded before 1945 (U),0
0,42,73,138,0,19.4,57.799999,.2652045775778014,4.343235748725315,1408.4,1.4084001,.017999999,.0018,2,23.4199439021015,West Germany (U),Founded before 1945 (U),0
0,44,73,138,0,6.8,12.2,.1775722676035789,2.092122810703253,255.8,.34540001,.0096000005,.0016000001,1,11.3088788731594,West Germany (U),Founded before 1945 (U),0
0,44,73,138,0,6.8,15,.1490456264997657,2.259551640440639,520,.65640002,.0196,.0035999999,2,23.4199439021015,West Germany (U),Founded before 1945 (U),0
0,45,73,138,0,2,3.2,0,.7083368022197071,58.799999,.066399999,.0096000005,.0016000001,1,11.3088788731594,West Germany (U),Founded before 1945 (U),0
0,45,73,138,0,4,7.1999998,.0755818344441005,1.093232745118894,240.39999,.25920001,.0196,.0035999999,2,23.4199439021015,West Germany (U),Founded before 1945 (U),0
0,46,73,138,0,3.4,3.4000001,0,.7567508786656643,0,.77179998,0,0,1,11.3088788731594,West Germany (U),Founded before 1945 (U),0
0,46,73,138,0,4,11,.0366147205212617,1.276596429546578,0,.75059998,0,0,2,23.4199439021015,West Germany (U),Founded before 1945 (U),0
0,48,73,138,0,5.6,6.4000001,.0761862032599012,1.345078892442896,440.79999,.50420004,.011600001,.0018,1,11.3088788731594,West Germany (U),Founded before 1945 (U),0
0,48,73,138,0,8.4,9,.0409283790622965,1.611935191465799,660.79999,.76140004,.033400003,.0041999999,2,23.4199439021015,West Germany (U),Founded before 1945 (U),0
0,49,73,138,0,4.4,6.4000001,.0400729138042551,2.145862148466519,226.2,.59220004,.00060000003,0,1,11.3088788731594,West Germany (U),Founded before 1945 (U),0
0,49,73,138,0,5.2,11,.3491883625436824,1.954490131165487,310.39999,.62720001,.0048000002,0,2,23.4199439021015,West Germany (U),Founded before 1945 (U),0
0,50,73,138,1,0,0,0,,,0,0,0,1,11.3088788731594,West Germany (U),Founded before 1945 (U),0
0,50,73,138,1,0,0,0,,,0,0,0,2,23.4199439021015,West Germany (U),Founded before 1945 (U),1
0,56,73,138,0,15.6,48.599998,.1015774058735674,5.071900346193432,1714.2,1.7354001,.064800002,.0046000001,1,11.3088788731594,West Germany (U),Founded before 1945 (U),0
0,56,73,138,0,15.8,59.400002,.4082610024900986,5.004833103563744,1659.6,1.7021999,.2282,.0164,2,23.4199439021015,West Germany (U),Founded before 1945 (U),0
0,2,74,132,0,1,10.6,0,,,0,.1506,.0060000001,1,32.29305537589401,West Germany (U),Founded before 1945 (U),0
0,2,74,132,0,0,12.6,0,,,0,.34020001,.0164,2,53.81510527864681,West Germany (U),Founded before 1945 (U),0
0,3,74,132,0,0,,0,.0152370203123047,64.199997,.064199999,0,.00060000003,1,32.29305537589401,West Germany (U),Founded before 1945 (U),0
0,3,74,132,0,0,,0,0,0,0,.00020000001,.001,2,53.81510527864681,West Germany (U),Founded before 1945 (U),0
0,6,74,132,0,11.2,70,1.494720934440973,6.804156229777196,944.40002,.94440001,0,0,1,32.29305537589401,West Germany (U),Founded before 1945 (U),0
0,6,74,132,0,13.2,69,1.153535278913565,5.58004953804262,733.79999,.73379999,.00020000001,.00020000001,2,53.81510527864681,West Germany (U),Founded before 1945 (U),0
0,8,74,132,0,20.6,218.8,12.7478246339986,15.2462377616386,792.40002,.7924,.015,.0020000001,1,32.29305537589401,West Germany (U),Founded before 1945 (U),0
0,8,74,132,0,17.2,216.60001,11.75650563538861,9.785924627919766,1017.4,1.0174,.0634,.0046000001,2,53.81510527864681,West Germany (U),Founded before 1945 (U),0
0,11,74,132,0,1,2.8,0,.3136864464046956,,0,0,0,1,32.29305537589401,West Germany (U),Founded before 1945 (U),0
0,11,74,132,0,1,3,.0009560874088027,.2714836524245083,,0,0,.00020000001,2,53.81510527864681,West Germany (U),Founded before 1945 (U),0
0,12,74,132,0,9.6,52.400002,1.566082559140354,4.239938021381827,353.20001,.38999999,1.478,.034000002,1,32.29305537589401,West Germany (U),Founded before 1945 (U),0
0,12,74,132,0,10.6,84.800003,2.707831420104406,3.638746587970823,373.79999,.41240001,2.5148001,.1002,2,53.81510527864681,West Germany (U),Founded before 1945 (U),0
0,13,74,132,0,18,170.60001,2.89340103002172,12.52950698824872,487.20001,.51999998,4.5912004,.14760001,1,32.29305537589401,West Germany (U),Founded before 1945 (U),0
1,13,74,132,0,18.6,207.39999,7.219470409819184,7.896804714498039,645.59998,.69740003,9.3834,.3276,2,53.81510527864681,West Germany (U),Founded before 1945 (U),0
1,15,74,132,0,17.8,158.2,6.829172475638707,12.37866763557674,1459.8,1.4604,.153,.022799999,1,32.29305537589401,West Germany (U),Founded before 1945 (U),0
1,15,74,132,0,18.8,201.8,11.14534431119867,7.753651186780077,1727,1.727,.46679997,.035999998,2,53.81510527864681,West Germany (U),Founded before 1945 (U),0
0,17,74,132,0,2.8,5,.0785818730857281,.619895833418075,171,.171,.0041999999,.00060000003,1,32.29305537589401,West Germany (U),Founded before 1945 (U),0
0,17,74,132,0,4.4,5,.1576659443183719,.7815496926407561,149.2,.14919999,.0184,.001,2,53.81510527864681,West Germany (U),Founded before 1945 (U),0
0,20,74,132,0,3,8.6000004,.1394185694588898,.9996602807740932,153.39999,.2024,.0099999998,.00060000003,1,32.29305537589401,West Germany (U),Founded before 1945 (U),0
0,20,74,132,0,3,10.6,.1168328517236674,.8984256381530411,146,.24780001,.039799999,.0022,2,53.81510527864681,West Germany (U),Founded before 1945 (U),0
0,21,74,132,0,11.2,99.199997,5.357537584921536,3.932609923054073,299.60001,.29960001,1.3026,.071999997,1,32.29305537589401,West Germany (U),Founded before 1945 (U),0
0,21,74,132,0,11.2,102.8,4.751029492455427,3.197452878940105,357,.35699999,2.7448001,.16139999,2,53.81510527864681,West Germany (U),Founded before 1945 (U),0
0,22,74,132,0,3,4.4000001,.029838563309041,.5665183120897062,343.79999,.50279999,.00060000003,.00020000001,1,32.29305537589401,West Germany (U),Founded before 1945 (U),0
0,22,74,132,0,2.8,7.1999998,.0108089638523894,.5770632723801692,298,.47999999,.0014,0,2,53.81510527864681,West Germany (U),Founded before 1945 (U),0
0,23,74,132,0,2,5.8000002,.0815605780845594,.60597629090644,160.60001,.16060001,.0014,.00060000003,1,32.29305537589401,West Germany (U),Founded before 1945 (U),0
0,23,74,132,0,2,1,0,.2083428608480561,41.799999,.0418,.0049999999,.00080000004,2,53.81510527864681,West Germany (U),Founded before 1945 (U),0
0,25,74,132,0,19.8,211.39999,9.842582492547722,12.48829050578764,2642.6001,2.6431999,.4224,.022799999,1,32.29305537589401,West Germany (U),Founded before 1945 (U),0
1,25,74,132,0,25.4,270.60001,12.55663667896154,10.6347464376897,2702.6001,2.7026,.46579999,.039000001,2,53.81510527864681,West Germany (U),Founded before 1945 (U),0
0,26,74,132,0,0,0,3.526460003077151,0,27,.027000001,0,0,1,32.29305537589401,West Germany (U),Founded before 1945 (U),0
0,26,74,132,0,0,.5,1.310463423501421,.1292074,91.599998,.091600001,0,0,2,53.81510527864681,West Germany (U),Founded before 1945 (U),0
0,28,74,132,0,0,,0,0,,0,0,0,2,53.81510527864681,West Germany (U),Founded before 1945 (U),0
0,29,74,132,0,2,2.2,.0065735108567643,.3883042233960381,142.39999,.1424,0,0,1,32.29305537589401,West Germany (U),Founded before 1945 (U),0
0,29,74,132,0,2,2.2,.0032183537154328,.4197802681169028,136.60001,.1366,0,.00020000001,2,53.81510527864681,West Germany (U),Founded before 1945 (U),0
1,31,74,132,0,38.8,409.20001,19.93500855265653,31.43819841226685,2544,2.5439999,1.6766,.13419999,1,32.29305537589401,West Germany (U),Founded before 1945 (U),0
1,31,74,132,0,42.6,626.59998,35.18775677562958,21.64706521611768,4329.2002,4.3292003,4.2080002,.38320002,2,53.81510527864681,West Germany (U),Founded before 1945 (U),0
0,32,74,132,0,20.4,62,.5858140838152384,7.063105387606115,594.20001,.72840005,.47460002,.062400002,1,32.29305537589401,West Germany (U),Founded before 1945 (U),0
0,32,74,132,0,23.2,89.800003,1.572169431972288,6.775670439930748,761.59998,.96700001,.82840002,.058400001,2,53.81510527864681,West Germany (U),Founded before 1945 (U),0
0,33,74,132,0,0,1.75,3.536622895667244,.1622773545532755,,0,0,0,1,32.29305537589401,West Germany (U),Founded before 1945 (U),0
0,33,74,132,0,.2,26.4,4.60126943648708,.428104058207114,0,.0105,0,0,2,53.81510527864681,West Germany (U),Founded before 1945 (U),0
0,34,74,132,0,0,.40000001,0,.0605808708856759,51.799999,.051799998,.001,0,1,32.29305537589401,West Germany (U),Founded before 1945 (U),0
0,34,74,132,0,0,,0,.0001415192507588,5,.0049999999,0,0,2,53.81510527864681,West Germany (U),Founded before 1945 (U),0
0,36,74,132,0,1.6,5.5999999,.067560337693046,.4964049903672539,80.599998,.080600001,.00080000004,.00020000001,1,32.29305537589401,West Germany (U),Founded before 1945 (U),0
0,36,74,132,0,2.2,8,.1765665518845107,.5318404311780699,184.60001,.18460001,.001,.00040000002,2,53.81510527864681,West Germany (U),Founded before 1945 (U),0
1,37,74,132,1,22.8,153.8,4.930627422087594,9.734911824624451,674.79999,.7098,9.4865999,.37799999,1,32.29305537589401,West Germany (U),Founded before 1945 (U),0
1,37,74,132,1,24.6,207.2,8.923797551178803,7.812112288614847,997.59998,1.0292,15.408,.65040004,2,53.81510527864681,West Germany (U),Founded before 1945 (U),1
0,38,74,132,0,0,,0,0,,0,.052000001,.0040000002,1,32.29305537589401,West Germany (U),Founded before 1945 (U),0
0,40,74,132,0,5.6,24,.1760339685428862,.9782831253297266,33.400002,.033400003,.0044,0,1,32.29305537589401,West Germany (U),Founded before 1945 (U),0
0,40,74,132,0,5,23.799999,.1220110962644403,.566376604593542,43,.043000001,.015800001,.00020000001,2,53.81510527864681,West Germany (U),Founded before 1945 (U),0
0,42,74,132,0,2.4,8.1999998,.0758672298010216,.4822644693032136,,0,.0018,.00020000001,1,32.29305537589401,West Germany (U),Founded before 1945 (U),0
0,42,74,132,0,3,13.4,.120828921136576,.7346421312517237,,0,.0014,.00020000001,2,53.81510527864681,West Germany (U),Founded before 1945 (U),0
0,48,74,132,0,1,2.8,.0503518367094679,.3312280954385103,0,0,.0086000003,.0022,1,32.29305537589401,West Germany (U),Founded before 1945 (U),0
0,48,74,132,0,2,6.4000001,.0619737661791266,.3456979982145779,0,0,.0244,.0038000001,2,53.81510527864681,West Germany (U),Founded before 1945 (U),0
0,49,74,132,0,2,15.2,.3385939361853603,1.707866712946816,173.39999,.2538,0,0,1,32.29305537589401,West Germany (U),Founded before 1945 (U),0
0,49,74,132,0,2.2,23.6,.4753144894439347,1.639850515373611,175.39999,.27620003,.0027999999,0,2,53.81510527864681,West Germany (U),Founded before 1945 (U),0
0,50,74,132,0,0,5,.1213142802715709,.8007448813797512,,0,0,0,1,32.29305537589401,West Germany (U),Founded before 1945 (U),0
0,50,74,132,0,0,2.4000001,.247403654065917,.9555116328007871,,0,0,0,2,53.81510527864681,West Germany (U),Founded before 1945 (U),0
0,52,74,132,0,4,30.200001,.5701216896528719,2.611516989537793,78.199997,.078199998,0,0,1,32.29305537589401,West Germany (U),Founded before 1945 (U),0
0,52,74,132,0,4,29.799999,.7509960845774005,2.081577702411288,81.599998,.081599995,0,0,2,53.81510527864681,West Germany (U),Founded before 1945 (U),0
0,55,74,132,0,20.4,119.8,5.120898999402941,10.28429255080035,2405.8,2.4058001,0,0,1,32.29305537589401,West Germany (U),Founded before 1945 (U),0
0,55,74,132,0,25.6,170.2,7.362687260994479,9.135295023510809,2847.6001,2.8476,0,0,2,53.81510527864681,West Germany (U),Founded before 1945 (U),0
0,56,74,132,0,7,42.75,0,,158.39999,.1584,.1124,.016000001,1,32.29305537589401,West Germany (U),Founded before 1945 (U),0
0,56,74,132,0,3.4,25.799999,.488100809957121,.0634732052643071,132,.132,.2924,.033799998,2,53.81510527864681,West Germany (U),Founded before 1945 (U),0
0,1,75,140,0,0,,1.370810810708,0,,0,0,0,1,20.35389547944164,West Germany (U),Founded before 1945 (U),0
0,1,75,140,0,0,,1.221550468075276,5.67307908341897,,0,0,0,2,31.01979301262196,West Germany (U),Founded before 1945 (U),0
0,2,75,140,0,16,74.800003,1.449782508624955,7.115172072581632,495,.6742,.315,.029200001,1,20.35389547944164,West Germany (U),Founded before 1945 (U),0
0,2,75,140,0,13,60,1.806989092319172,7.081686143981195,416.60001,.4404,.53979999,.0274,2,31.01979301262196,West Germany (U),Founded before 1945 (U),0
0,3,75,140,0,.5,.25,0,.073982650221391,,0,.00040000002,.00020000001,1,20.35389547944164,West Germany (U),Founded before 1945 (U),0
0,3,75,140,0,0,0,0,,20.75,.020749999,.00050000002,.001,2,31.01979301262196,West Germany (U),Founded before 1945 (U),0
0,5,75,140,0,7.2,8.3999996,.0123175923157829,1.681652342155905,344.60001,.63020003,.0024000001,.0022,1,20.35389547944164,West Germany (U),Founded before 1945 (U),0
0,5,75,140,0,6.6,9.3999996,.0442747409878286,1.501983971577251,327.60001,.4366,.0096000005,.0032000002,2,31.01979301262196,West Germany (U),Founded before 1945 (U),0
0,6,75,140,0,20.4,55.200001,.3213417606148438,6.785350365645786,851,1.0175999,.00020000001,0,1,20.35389547944164,West Germany (U),Founded before 1945 (U),0
0,6,75,140,0,17,55.200001,.3627241076614226,4.322179788454088,557.40002,.61320001,.00020000001,0,2,31.01979301262196,West Germany (U),Founded before 1945 (U),0
0,8,75,140,0,21.2,167,6.439878630219886,6.727630214201735,785.59998,.78559995,.0040000002,.00020000001,1,20.35389547944164,West Germany (U),Founded before 1945 (U),0
0,8,75,140,0,15.6,139.60001,6.618742818959266,7.55398841696202,793.79999,.7938,.016000001,.0012000001,2,31.01979301262196,West Germany (U),Founded before 1945 (U),0
0,11,75,140,0,0,,0,,0,0,0,0,1,20.35389547944164,West Germany (U),Founded before 1945 (U),0
0,12,75,140,0,9.4,40.599998,1.132865526603451,3.277268926666786,458.20001,.61799997,1.331,.0704,1,20.35389547944164,West Germany (U),Founded before 1945 (U),0
0,12,75,140,1,11.6,45,1.116653163736993,3.583721383405614,363,.4014,2.303,.074599996,2,31.01979301262196,West Germany (U),Founded before 1945 (U),0
0,13,75,140,0,17.4,111.8,3.338582627098587,6.135280168189462,837.59998,.91059995,1.747,.075400002,1,20.35389547944164,West Germany (U),Founded before 1945 (U),0
0,13,75,140,0,18.4,152.60001,4.68451858855116,7.581189781338338,670.79999,.69740003,2.7412,.081,2,31.01979301262196,West Germany (U),Founded before 1945 (U),0
0,14,75,140,0,0,,0,,1.25,.0072499998,0,0,1,20.35389547944164,West Germany (U),Founded before 1945 (U),0
0,14,75,140,0,0,,0,,23.6,.0284,0,0,2,31.01979301262196,West Germany (U),Founded before 1945 (U),0
0,15,75,140,0,16.6,119.8,3.162763339394969,6.918525298769517,850.20001,.88480002,.1152,.012800001,1,20.35389547944164,West Germany (U),Founded before 1945 (U),0
0,15,75,140,0,12.6,146.8,6.05220828379071,7.120444372166019,564.79999,.58579999,.2018,.0196,2,31.01979301262196,West Germany (U),Founded before 1945 (U),0
0,16,75,140,0,3.2,6.8000002,.0018486721604677,.4826481287664549,0,.0063333334,.032200001,.0068000001,1,20.35389547944164,West Germany (U),Founded before 1945 (U),0
0,16,75,140,0,.4,2.5999999,.4467472253509348,.6650329050634112,8.1999998,.1338,.067400001,.0060000001,2,31.01979301262196,West Germany (U),Founded before 1945 (U),0
0,17,75,140,0,30.8,78.199997,.2800984740819648,7.167401244932113,651.79999,.75259995,.0040000002,.0020000001,1,20.35389547944164,West Germany (U),Founded before 1945 (U),0
0,17,75,140,0,9.199999999999999,28,.2484976614790236,3.535103613935335,195.8,.19780001,.021799998,.0041999999,2,31.01979301262196,West Germany (U),Founded before 1945 (U),0
0,18,75,140,0,0,,.015135135134,.001081081081,.80000001,.058400001,0,.00040000002,1,20.35389547944164,West Germany (U),Founded before 1945 (U),0
0,18,75,140,0,0,0,.0078378406166637,.4365908615603287,58.200001,.068999998,0,0,2,31.01979301262196,West Germany (U),Founded before 1945 (U),0
0,20,75,140,0,3.6,13,.1735758525913528,.9163172888046601,356.20001,.36939999,.0066,.00040000002,1,20.35389547944164,West Germany (U),Founded before 1945 (U),0
0,20,75,140,0,5.8,16.200001,.2647795092613641,1.437823559561558,317.20001,.3242,.038799997,.003,2,31.01979301262196,West Germany (U),Founded before 1945 (U),0
0,21,75,140,0,8,34.799999,1.010618874105748,2.47934907357516,472,.472,.56199998,.034200002,1,20.35389547944164,West Germany (U),Founded before 1945 (U),0
0,21,75,140,0,11.6,56,1.986804414307452,3.343375755198588,357.20001,.35720003,1.3398,.059599999,2,31.01979301262196,West Germany (U),Founded before 1945 (U),0
0,22,75,140,0,10.2,9.3999996,.114387962784707,1.725816564578843,690.20001,1.2718,.0024000001,.0022,1,20.35389547944164,West Germany (U),Founded before 1945 (U),0
0,22,75,140,0,8.199999999999999,16.799999,.1423992452588385,2.302419418388082,480.60001,.61040002,.0096000005,.0032000002,2,31.01979301262196,West Germany (U),Founded before 1945 (U),0
0,23,75,140,0,7,14.2,.2215554152288155,2.062314869237788,467.60001,.54960001,.003,.0014,1,20.35389547944164,West Germany (U),Founded before 1945 (U),0
0,23,75,140,0,6.2,19.200001,.1370631018936903,1.892116863332298,367.79999,.39820001,.0061999997,.0034,2,31.01979301262196,West Germany (U),Founded before 1945 (U),0
0,24,75,140,0,0,,0,,0,.090999998,.015600001,.00080000004,1,20.35389547944164,West Germany (U),Founded before 1945 (U),0
0,24,75,140,0,0,,0,,31,.078000002,.016000001,.001,2,31.01979301262196,West Germany (U),Founded before 1945 (U),0
0,25,75,140,0,9.6,48,1.943358980048012,4.101821755429642,528.20001,.52820003,.125,.010600001,1,20.35389547944164,West Germany (U),Founded before 1945 (U),0
0,25,75,140,0,13.4,66.400002,4.137064210329724,4.428639193228743,557,.55699998,.1816,.0178,2,31.01979301262196,West Germany (U),Founded before 1945 (U),0
0,26,75,140,0,0,0,0,.0016216216215,78.199997,.078199998,0,0,1,20.35389547944164,West Germany (U),Founded before 1945 (U),0
0,26,75,140,0,0,.25,.0731301980293951,.6333440127009029,300.20001,.35579997,0,0,2,31.01979301262196,West Germany (U),Founded before 1945 (U),0
0,27,75,140,0,0,,.0050450450446667,.0234260531034037,1.2,.021600001,0,.00040000002,1,20.35389547944164,West Germany (U),Founded before 1945 (U),0
0,27,75,140,0,.25,1.5,.0064043442723178,.4135419236574491,20.799999,.0266,0,0,2,31.01979301262196,West Germany (U),Founded before 1945 (U),0
0,29,75,140,0,1,4,0,,0,.0616,0,0,1,20.35389547944164,West Germany (U),Founded before 1945 (U),0
0,29,75,140,0,1.6,2.2,.0004919392754771,.3450658264958862,0,.0040000002,.00020000001,0,2,31.01979301262196,West Germany (U),Founded before 1945 (U),0
0,30,75,140,0,11.6,37.599998,1.13129058968317,3.01880024169545,604.40002,.60440004,0,0,1,20.35389547944164,West Germany (U),Founded before 1945 (U),0
0,30,75,140,0,10,35.400002,1.409394403348742,3.128521800612496,427,.42699999,0,0,2,31.01979301262196,West Germany (U),Founded before 1945 (U),0
0,31,75,140,0,18.2,300.20001,23.74534822600463,7.422021610807952,1269.4,1.5472,.73900002,.0568,1,20.35389547944164,West Germany (U),Founded before 1945 (U),0
0,31,75,140,0,16.4,333.60001,27.91344961037857,10.09755211623362,2296.6001,2.4283998,1.7104,.101,2,31.01979301262196,West Germany (U),Founded before 1945 (U),0
0,32,75,140,0,20.4,42.200001,.5795802394331662,4.708838913109799,509.60001,1.018,.3396,.0438,1,20.35389547944164,West Germany (U),Founded before 1945 (U),0
0,32,75,140,0,18.4,55.599998,.9367660377858922,4.162047418264726,594,.71219999,.5844,.063000001,2,31.01979301262196,West Germany (U),Founded before 1945 (U),0
0,33,75,140,0,2,.5,.0022206959698286,1.618090349768544,63.5,.063500002,0,0,1,20.35389547944164,West Germany (U),Founded before 1945 (U),0
0,33,75,140,0,0,0,0,,202,.20200001,0,0,2,31.01979301262196,West Germany (U),Founded before 1945 (U),0
0,34,75,140,0,0,,0,,0,.078400001,.00020000001,.00020000001,1,20.35389547944164,West Germany (U),Founded before 1945 (U),0
0,34,75,140,0,0,,0,,.60000002,.011600001,.00040000002,0,2,31.01979301262196,West Germany (U),Founded before 1945 (U),0
0,36,75,140,0,5.4,7.1999998,.0246552940221187,1.544545094116733,218.39999,.23800001,.0014,0,1,20.35389547944164,West Germany (U),Founded before 1945 (U),0
0,36,75,140,0,9.6,6.4000001,.0660928976115843,1.442300296989824,116.2,.119,.003,.0012000001,2,31.01979301262196,West Germany (U),Founded before 1945 (U),0
0,37,75,140,1,17.8,103.4,3.264229066845523,6.577228985605504,334.39999,.35579997,3.1389999,.1758,1,20.35389547944164,West Germany (U),Founded before 1945 (U),0
0,37,75,140,1,25.2,126,7.957908141926084,6.274005918228402,429.79999,.44060001,5.4674001,.21260001,2,31.01979301262196,West Germany (U),Founded before 1945 (U),1
0,38,75,140,0,6.6,12.8,.1435956835679272,1.46399873735123,377,.41240001,.012399999,.0022,1,20.35389547944164,West Germany (U),Founded before 1945 (U),0
0,38,75,140,0,5.8,19.4,.357010556991718,1.640426907167027,482.60001,.50160003,.060200002,.0040000002,2,31.01979301262196,West Germany (U),Founded before 1945 (U),0
0,39,75,140,0,3.2,6.8000002,.0731913919102445,.2977829546083665,199.2,.1992,.0146,.00080000004,1,20.35389547944164,West Germany (U),Founded before 1945 (U),0
0,39,75,140,0,1.8,1.8,0,,29,.028999999,.030999999,.0020000001,2,31.01979301262196,West Germany (U),Founded before 1945 (U),0
0,40,75,140,0,1,28.5,1.06837385095221,3.311071245617996,,0,.015666667,.001,2,31.01979301262196,West Germany (U),Founded before 1945 (U),0
0,41,75,140,0,0,,.1350446427980307,0,0,.001,0,0,1,20.35389547944164,West Germany (U),Founded before 1945 (U),0
0,41,75,140,0,0,,0,,10.5,.0105,0,0,2,31.01979301262196,West Germany (U),Founded before 1945 (U),0
0,42,75,140,0,22.4,41.200001,.7058191019218908,5.310328740721335,2207.6001,2.2076001,.00080000004,0,1,20.35389547944164,West Germany (U),Founded before 1945 (U),0
0,42,75,140,0,19.2,49.599998,1.143285791495579,5.512209557497171,1448,1.448,.0018,.00060000003,2,31.01979301262196,West Germany (U),Founded before 1945 (U),0
0,43,75,140,0,1,0,0,,,0,0,0,2,31.01979301262196,West Germany (U),Founded before 1945 (U),0
0,44,75,140,0,4,4.1999998,.003331043954743,.8950832526832131,108.8,.1952,.0024000001,.0022,1,20.35389547944164,West Germany (U),Founded before 1945 (U),0
0,44,75,140,0,2.2,.80000001,.0009203321570946,.3483430367656412,21,.0328,.0096000005,.0032000002,2,31.01979301262196,West Germany (U),Founded before 1945 (U),0
0,45,75,140,0,.5,0,.0011160714280829,.0156249999931606,,0,.0026666666,.0020000001,1,20.35389547944164,West Germany (U),Founded before 1945 (U),0
0,46,75,140,0,5.5,12,.0018601190468048,2.07181962165863,246.8,.90779996,0,0,1,20.35389547944164,West Germany (U),Founded before 1945 (U),0
0,46,75,140,0,6.2,19.6,.2002657699076534,2.140491319569542,158.60001,.68699998,0,0,2,31.01979301262196,West Germany (U),Founded before 1945 (U),0
0,48,75,140,0,5.6,14.6,.1982677147582904,1.726648443953899,1401.4,1.4098001,.0034,.001,1,20.35389547944164,West Germany (U),Founded before 1945 (U),0
0,48,75,140,0,4.8,10.8,.2403953097790394,1.58684539534674,768.40002,.76840001,.014,.0041999999,2,31.01979301262196,West Germany (U),Founded before 1945 (U),0
0,49,75,140,0,3,6.5999999,.0237019540089708,1.066955530073512,11.6,.214,0,0,1,20.35389547944164,West Germany (U),Founded before 1945 (U),0
0,49,75,140,0,3.2,5.5999999,.1225619047126511,1.062504337248147,102.6,.132,.0034,0,2,31.01979301262196,West Germany (U),Founded before 1945 (U),0
0,50,75,140,0,0,,0,.0456929078694265,0,.0026,0,0,1,20.35389547944164,West Germany (U),Founded before 1945 (U),0
0,50,75,140,0,0,,0,,8,.010600001,0,0,2,31.01979301262196,West Germany (U),Founded before 1945 (U),0
0,52,75,140,0,5.8,42.599998,1.78084023191323,1.875146148423133,167,.167,0,0,1,20.35389547944164,West Germany (U),Founded before 1945 (U),0
0,52,75,140,0,8,47,1.690148210852334,2.813855788800574,113.6,.1136,0,0,2,31.01979301262196,West Germany (U),Founded before 1945 (U),0
0,55,75,140,0,0,,0,,211.60001,.21160001,0,0,1,20.35389547944164,West Germany (U),Founded before 1945 (U),0
0,55,75,140,0,0,,0,,470.39999,.47040001,0,0,2,31.01979301262196,West Germany (U),Founded before 1945 (U),0
0,56,75,140,0,17.4,75.599998,.937221190674706,7.709876093060275,2310.6001,2.3106,.0396,.011399999,1,20.35389547944164,West Germany (U),Founded before 1945 (U),0
0,56,75,140,0,19.6,78,1.421492708730618,8.303252612594953,1764.6,1.7645999,.19139999,.026799999,2,31.01979301262196,West Germany (U),Founded before 1945 (U),0
0,3,76,140,0,0,0,.002162162162,.2866095614735544,389,.389,0,0,1,.2793479534954733,West Germany (U),Founded after 1945 (U),0
0,3,76,140,0,0,,0,,179,.17900001,0,.00040000002,2,.4557553492493088,West Germany (U),Founded after 1945 (U),0
0,5,76,140,0,1.2,1.2,.001081081081,.1420807890510981,0,.1848,.00040000002,.00080000004,1,.2793479534954733,West Germany (U),Founded after 1945 (U),0
0,5,76,140,0,2.4,0,0,,0,.114,.0041999999,.00080000004,2,.4557553492493088,West Germany (U),Founded after 1945 (U),0
0,8,76,140,0,22,7,.326486486462,2.849729729516,62,.061999999,0,0,1,.2793479534954733,West Germany (U),Founded after 1945 (U),0
0,8,76,140,0,10.4,4.4000001,.4445827969495789,1.492545054875855,56.799999,.0568,.00020000001,0,2,.4557553492493088,West Germany (U),Founded after 1945 (U),0
0,10,76,140,0,1,2,0,.2509721676795891,1,.001,.00020000001,0,1,.2793479534954733,West Germany (U),Founded after 1945 (U),0
0,11,76,140,0,0,,.0799837656811924,.269801902076176,,0,0,0,1,.2793479534954733,West Germany (U),Founded after 1945 (U),0
0,12,76,140,0,0,,.0005643340856409,.0260840938536872,573,.648,.0066,.0020000001,1,.2793479534954733,West Germany (U),Founded after 1945 (U),0
0,12,76,140,0,0,,0,,489.20001,.54120004,.125,.0174,2,.4557553492493088,West Germany (U),Founded after 1945 (U),0
0,13,76,140,0,0,0,.1388989748493372,.3220683542562966,0,.0112,.003,.0012000001,1,.2793479534954733,West Germany (U),Founded after 1945 (U),0
0,13,76,140,0,0,,0,,0,.0176,.045599997,.0026,2,.4557553492493088,West Germany (U),Founded after 1945 (U),0
0,14,76,140,0,0,0,0,,,0,0,0,2,.4557553492493088,West Germany (U),Founded after 1945 (U),0
0,17,76,140,0,7.8,14.4,.1884029213390462,2.466562354628622,341.20001,.39579999,.0014,.00080000004,1,.2793479534954733,West Germany (U),Founded after 1945 (U),0
0,17,76,140,0,9.199999999999999,18.6,.9438351003861201,1.76954338941645,149.39999,.15239999,.0035999999,.0020000001,2,.4557553492493088,West Germany (U),Founded after 1945 (U),0
0,18,76,140,0,1.8,0,0,.13170168287258,0,.035599999,0,.00020000001,1,.2793479534954733,West Germany (U),Founded after 1945 (U),0
0,18,76,140,0,1.666666666666667,.33333334,.0018305877839777,.111684313501771,0,.010600001,.00040000002,.00020000001,2,.4557553492493088,West Germany (U),Founded after 1945 (U),0
0,20,76,140,0,.6,2.2,.0026790365383717,.1457219086498261,61.599998,.066800006,.00040000002,.00020000001,1,.2793479534954733,West Germany (U),Founded after 1945 (U),0
0,20,76,140,0,0,,0,,42.599998,.0482,.0041999999,.00020000001,2,.4557553492493088,West Germany (U),Founded after 1945 (U),0
0,22,76,140,0,3.8,6.8000002,.0071199592900736,.4807178156485479,0,.4646,.00040000002,.00080000004,1,.2793479534954733,West Germany (U),Founded after 1945 (U),0
0,22,76,140,0,3.6,6,.1174086140089852,.5348187479483038,0,.47279999,.0041999999,.00080000004,2,.4557553492493088,West Germany (U),Founded after 1945 (U),0
0,23,76,140,0,1.4,2,0,.210355320024718,0,.0043333336,.00040000002,.00040000002,1,.2793479534954733,West Germany (U),Founded after 1945 (U),0
0,23,76,140,0,0,,0,,0,.003,0,0,2,.4557553492493088,West Germany (U),Founded after 1945 (U),0
0,24,76,140,0,.6,0,0,,0,.0284,0,.00020000001,1,.2793479534954733,West Germany (U),Founded after 1945 (U),0
0,24,76,140,0,1,0,0,.0481401324469128,0,.00875,0,0,2,.4557553492493088,West Germany (U),Founded after 1945 (U),0
0,25,76,140,0,0,0,.0051891891888,.0884336078790344,13.8,.0138,0,0,1,.2793479534954733,West Germany (U),Founded after 1945 (U),0
0,25,76,140,0,13.8,1.6,.104865524248932,1.266897444801593,185.60001,.18560001,.001,0,2,.4557553492493088,West Germany (U),Founded after 1945 (U),0
0,26,76,140,0,13,9,.624864864818,1.749189189058,,0,0,0,1,.2793479534954733,West Germany (U),Founded after 1945 (U),0
0,26,76,140,0,8.4,4,.2442462126277553,1.100344074779098,,0,0,0,2,.4557553492493088,West Germany (U),Founded after 1945 (U),0
0,27,76,140,0,0,.2,.0010882090880309,.0034181576282318,0,.011,0,.00020000001,1,.2793479534954733,West Germany (U),Founded after 1945 (U),0
0,27,76,140,0,2,.5,.0008394033991084,.0034566964098065,0,.003,.00033333333,0,2,.4557553492493088,West Germany (U),Founded after 1945 (U),0
0,29,76,140,0,1,3.8,.0267834867789179,.1805229585123015,205.2,.28260002,0,0,1,.2793479534954733,West Germany (U),Founded after 1945 (U),0
0,29,76,140,0,2,1,0,,67.400002,.092,0,.00020000001,2,.4557553492493088,West Germany (U),Founded after 1945 (U),0
0,30,76,140,0,3.5,10.5,.6565900410538112,2.340535401140733,,0,0,0,1,.2793479534954733,West Germany (U),Founded after 1945 (U),0
0,30,76,140,0,17.66666666666667,69.333336,2.757418401804704,2.641099303414963,,0,0,0,2,.4557553492493088,West Germany (U),Founded after 1945 (U),0
0,31,76,140,0,0,,0,,33,.033,.0049999999,.001,1,.2793479534954733,West Germany (U),Founded after 1945 (U),0
0,31,76,140,0,0,,0,,274.39999,.2744,.026000001,.0024000001,2,.4557553492493088,West Germany (U),Founded after 1945 (U),0
0,32,76,140,0,.8,3.4000001,0,.2018330295911961,0,.18239999,.00020000001,0,1,.2793479534954733,West Germany (U),Founded after 1945 (U),0
0,32,76,140,0,1.8,3.5999999,.0167932416406664,.3419134740136547,0,.20660001,.00060000003,0,2,.4557553492493088,West Germany (U),Founded after 1945 (U),0
0,33,76,140,0,7.2,22.6,.6054954480791396,1.442696342084463,2.3333333,.0023333333,0,0,1,.2793479534954733,West Germany (U),Founded after 1945 (U),0
0,33,76,140,0,4.5,11.5,0,,,0,0,0,2,.4557553492493088,West Germany (U),Founded after 1945 (U),0
0,34,76,140,0,1,2.8,.0019459459458,.3861531484639571,132.60001,.212,0,.00020000001,1,.2793479534954733,West Germany (U),Founded after 1945 (U),0
0,34,76,140,0,0,.66666669,0,,63,.089599997,0,.00020000001,2,.4557553492493088,West Germany (U),Founded after 1945 (U),0
0,36,76,140,0,1.6,1.6,.0067392574953738,.2045655728650918,35.5,.036499999,.00020000001,.00060000003,1,.2793479534954733,West Germany (U),Founded after 1945 (U),0
0,36,76,140,0,0,,0,,53.400002,.053400002,.001,.001,2,.4557553492493088,West Germany (U),Founded after 1945 (U),0
0,37,76,140,0,0,0,0,.0130548262571037,0,.0086000003,.00040000002,.00040000002,1,.2793479534954733,West Germany (U),Founded after 1945 (U),0
0,37,76,140,0,0,,0,,0,.0064000003,.0032000002,.00020000001,2,.4557553492493088,West Germany (U),Founded after 1945 (U),0
0,38,76,140,0,0,,0,.0062937051007541,0,.0020000001,.00060000003,.00060000003,1,.2793479534954733,West Germany (U),Founded after 1945 (U),0
0,38,76,140,0,0,,0,,6.1999998,.0086000003,.0078000003,.0014,2,.4557553492493088,West Germany (U),Founded after 1945 (U),0
0,39,76,140,0,6,4.8000002,.1786092261767896,.6690514658955469,,0,.0016000001,.0016000001,1,.2793479534954733,West Germany (U),Founded after 1945 (U),0
0,39,76,140,0,11,9.8000002,.1896886031064483,1.208191732930553,,0,.0242,.0068000001,2,.4557553492493088,West Germany (U),Founded after 1945 (U),0
0,41,76,140,0,3.8,18.200001,.4109126495419456,1.308634481613284,543.20001,.54320002,0,0,1,.2793479534954733,West Germany (U),Founded after 1945 (U),0
0,41,76,140,0,7,46,0,.0278751300685747,319.79999,.31979999,0,0,2,.4557553492493088,West Germany (U),Founded after 1945 (U),0
0,42,76,140,0,6.2,5,.0356714589542672,.8677188773896971,103,.103,0,0,1,.2793479534954733,West Germany (U),Founded after 1945 (U),0
0,42,76,140,0,12.6,3.8,.0675587245191738,1.04741303198249,272.39999,.27239999,.00020000001,0,2,.4557553492493088,West Germany (U),Founded after 1945 (U),0
0,46,76,140,0,0,,0,.6412601455834408,,0,0,0,2,.4557553492493088,West Germany (U),Founded after 1945 (U),0
0,47,76,140,0,6.8,11.2,.2092518872530292,1.046037834524898,555,.6728,.00020000001,0,1,.2793479534954733,West Germany (U),Founded after 1945 (U),0
0,47,76,140,0,8.4,15.4,.3547639339289912,1.385513464110697,366.39999,.60399997,.00020000001,0,2,.4557553492493088,West Germany (U),Founded after 1945 (U),0
0,48,76,140,0,4.8,9,.0605490349546803,.8608564410390757,105,.1082,.0020000001,.00080000004,1,.2793479534954733,West Germany (U),Founded after 1945 (U),0
0,48,76,140,0,6.6,10,.1466188198320831,1.004558079403958,35.799999,.036400001,.0048000002,.0014,2,.4557553492493088,West Germany (U),Founded after 1945 (U),0
0,49,76,140,0,.8,1.6,.0035552482557508,.3650948280630562,.40000001,.13419999,.00040000002,0,1,.2793479534954733,West Germany (U),Founded after 1945 (U),0
0,49,76,140,0,1.4,1.8,.0007938075867739,.2698564808509242,0,.048799999,.0022,0,2,.4557553492493088,West Germany (U),Founded after 1945 (U),0
0,50,76,140,0,3,7.5999999,.0720378665091589,.9614078714236628,22.25,.02225,0,0,1,.2793479534954733,West Germany (U),Founded after 1945 (U),0
0,50,76,140,0,13.2,22.6,.2636080725350075,2.103049697766069,501.79999,.5018,0,0,2,.4557553492493088,West Germany (U),Founded after 1945 (U),0
0,53,76,140,0,0,,0,,30,.029999999,.0060000001,.001,2,.4557553492493088,West Germany (U),Founded after 1945 (U),0
0,55,76,140,0,0,,0,,45,.045000002,0,0,1,.2793479534954733,West Germany (U),Founded after 1945 (U),0
0,55,76,140,0,0,,0,,33.75,.033750001,0,0,2,.4557553492493088,West Germany (U),Founded after 1945 (U),0
0,56,76,140,0,18.8,27.4,.5309685013029103,2.553090750874987,1887.2,2.1234,.032200001,.0044,1,.2793479534954733,West Germany (U),Founded after 1945 (U),0
0,56,76,140,0,24.8,31,.5566109994101127,3.327004149890697,1819.2,2.0368001,.1026,.0152,2,.4557553492493088,West Germany (U),Founded after 1945 (U),0
0,1,77,133,0,0,,0,,,0,0,0,1,33.33304160162537,West Germany (U),Founded before 1945 (U),0
0,1,77,133,0,0,,0,0,,0,0,0,2,67.8612618087945,West Germany (U),Founded before 1945 (U),0
0,3,77,133,0,22.4,75.599998,2.14570390225127,2.022101409839746,723.20001,.72320002,.0027999999,.0024000001,1,33.33304160162537,West Germany (U),Founded before 1945 (U),0
0,3,77,133,0,18.8,98.400002,.7391960908263587,3.949939800346356,691.40002,.69140005,.0066,.0038000001,2,67.8612618087945,West Germany (U),Founded before 1945 (U),0
0,4,77,133,0,4.8,7.4000001,.0235438372596509,1.734544279471263,63.799999,.18280001,.00060000003,.00020000001,1,33.33304160162537,West Germany (U),Founded before 1945 (U),0
0,4,77,133,1,7.4,15,.4083637412992479,1.388854672405857,54.200001,.3154,.00020000001,.001,2,67.8612618087945,West Germany (U),Founded before 1945 (U),0
1,5,77,133,0,10.4,38.599998,.7320212619042661,4.166897290517834,795.59998,1.6966,.0118,.0048000002,1,33.33304160162537,West Germany (U),Founded before 1945 (U),0
1,5,77,133,0,11.4,54,2.107650675867125,3.184961141533117,567.79999,1.6474,.0266,.0080000004,2,67.8612618087945,West Germany (U),Founded before 1945 (U),0
0,6,77,133,0,0,,0,.055790567944305,,0,.00050000002,0,2,67.8612618087945,West Germany (U),Founded before 1945 (U),0
0,7,77,133,0,11,20.200001,.7299089150980795,3.757899199368952,524.40002,.52540004,.0118,.0048000002,1,33.33304160162537,West Germany (U),Founded before 1945 (U),0
0,7,77,133,1,15.6,36.400002,1.172449630817069,3.424942738503048,698,.69800001,.0266,.0080000004,2,67.8612618087945,West Germany (U),Founded before 1945 (U),0
0,9,77,133,0,0,,0,.0230207280104359,,0,.0074999998,.00050000002,2,67.8612618087945,West Germany (U),Founded before 1945 (U),0
0,10,77,133,0,4,15.2,.0967093502296822,1.831667593952496,1039.4,1.0394,.0144,.0020000001,1,33.33304160162537,West Germany (U),Founded before 1945 (U),0
0,10,77,133,0,.75,5.5,.0914010992481637,.8445680283935392,234,.234,.0392,.0041999999,2,67.8612618087945,West Germany (U),Founded before 1945 (U),0
1,12,77,133,1,32.4,214.60001,6.414196135632293,13.5569296702018,876.20001,1.1668,16.8878,.43739998,1,33.33304160162537,West Germany (U),Founded before 1945 (U),0
1,12,77,133,1,38.6,281.79999,9.926645238348604,12.70717513608586,741.79999,1.1414,25.009401,.53320003,2,67.8612618087945,West Germany (U),Founded before 1945 (U),1
1,13,77,133,1,22.6,186.8,6.552752445520355,15.39021156019021,596.59998,.64240003,6.1799998,.27060002,1,33.33304160162537,West Germany (U),Founded before 1945 (U),0
1,13,77,133,1,25.8,300,12.74053179941173,9.205809958837092,815.59998,.97479999,13.602,.34400001,2,67.8612618087945,West Germany (U),Founded before 1945 (U),1
0,14,77,133,0,1.666666666666667,7.6666665,.0391876430120513,1.029008700200825,560,.56,.001,.00040000002,1,33.33304160162537,West Germany (U),Founded before 1945 (U),0
0,14,77,133,0,4.2,8,.2089827013421328,.6535884827493468,515.59998,.51559997,.00080000004,.00040000002,2,67.8612618087945,West Germany (U),Founded before 1945 (U),0
0,15,77,133,0,0,,0,.0054665314394751,,0,.43000001,.012,2,67.8612618087945,West Germany (U),Founded before 1945 (U),0
1,17,77,133,0,8,25.799999,1.120784367605658,3.617984537579938,1028.4,1.316,.060400002,.0061999997,1,33.33304160162537,West Germany (U),Founded before 1945 (U),0
1,17,77,133,0,8.6,40.200001,1.170532181557512,2.978580085459329,811,1.1481999,.25040001,.018200001,2,67.8612618087945,West Germany (U),Founded before 1945 (U),0
0,18,77,133,0,13.2,28.799999,.5392947449878523,2.84941777421617,115.8,.16680001,.0018,.0012000001,1,33.33304160162537,West Germany (U),Founded before 1945 (U),0
0,18,77,133,0,12.6,25,.2881971650285783,2.219947417288041,125.6,.18560001,.0055999998,.0027999999,2,67.8612618087945,West Germany (U),Founded before 1945 (U),0
0,19,77,133,0,0,1,.0823798626822683,0,,0,.102,.00020000001,1,33.33304160162537,West Germany (U),Founded before 1945 (U),0
0,20,77,133,0,8.800000000000001,40,1.355918246041086,2.54839574821582,797,.96859998,.011399999,.001,1,33.33304160162537,West Germany (U),Founded before 1945 (U),0
0,20,77,133,0,9.800000000000001,59.400002,1.350133701166669,2.398197521838292,607,.84359998,.057599999,.0044,2,67.8612618087945,West Germany (U),Founded before 1945 (U),0
0,21,77,133,0,21.8,101.2,4.834060990920046,8.953426808575355,272.60001,.2726,1.3202,.081,1,33.33304160162537,West Germany (U),Founded before 1945 (U),0
0,21,77,133,0,20,103.6,3.324597935857978,7.411325674495946,138.8,.13880001,2.9673998,.1294,2,67.8612618087945,West Germany (U),Founded before 1945 (U),0
1,22,77,133,0,13.4,61.400002,2.349893497326111,7.922802417170429,2061.8,3.5039999,.0118,.0048000002,1,33.33304160162537,West Germany (U),Founded before 1945 (U),0
0,22,77,133,0,13.8,54.400002,.7183018046598948,5.601103164917544,1595.8,3.9000001,.0266,.0080000004,2,67.8612618087945,West Germany (U),Founded before 1945 (U),0
1,23,77,133,0,32.2,69.400002,2.364794637950637,6.394734757573885,802.79999,.88920003,.057999998,.0086000003,1,33.33304160162537,West Germany (U),Founded before 1945 (U),0
1,23,77,133,0,28.6,85.199997,1.871469144293613,6.125420380919809,636.20001,.78399998,.093199998,.0080000004,2,67.8612618087945,West Germany (U),Founded before 1945 (U),0
0,25,77,133,0,12.6,66.800003,1.705706223541477,.783070931464805,1024.2,1.0829999,.2406,.0138,1,33.33304160162537,West Germany (U),Founded before 1945 (U),0
0,25,77,133,0,16.8,90,3.109118446385303,2.767412404690032,1056.6,1.1536,.32100001,.022,2,67.8612618087945,West Germany (U),Founded before 1945 (U),0
0,27,77,133,0,13.8,26,.2123124077110365,4.388996870535061,441.20001,.611,.0018,.0012000001,1,33.33304160162537,West Germany (U),Founded before 1945 (U),0
0,27,77,133,0,18.8,28.6,.3323158620565362,3.386086906569767,218.2,.3908,.0055999998,.0027999999,2,67.8612618087945,West Germany (U),Founded before 1945 (U),0
0,28,77,133,0,12.2,18.799999,0,,532.20001,.53220004,.0018,.00040000002,1,33.33304160162537,West Germany (U),Founded before 1945 (U),0
0,28,77,133,0,9.6,25.6,.3786923852412871,.9158896223186554,728.20001,.72820002,.0058000004,.00080000004,2,67.8612618087945,West Germany (U),Founded before 1945 (U),0
0,29,77,133,0,8.5,16,.3919100253605865,2.114495184882348,653,.74359995,.00040000002,0,1,33.33304160162537,West Germany (U),Founded before 1945 (U),0
0,29,77,133,0,10.8,19.6,.1118250874704184,2.635087237283586,628.79999,.68580002,.00020000001,0,2,67.8612618087945,West Germany (U),Founded before 1945 (U),0
0,31,77,133,0,0,,0,.1235010900894945,,0,1.722,.045000002,2,67.8612618087945,West Germany (U),Founded before 1945 (U),0
0,32,77,133,0,32,49.200001,1.223206589447439,7.469638868068612,774.20001,1.2278,.40779999,.047200002,1,33.33304160162537,West Germany (U),Founded before 1945 (U),0
0,32,77,133,0,23.6,48.200001,.736829853103016,5.912549349114493,1023.2,1.9621999,.86400002,.058599997,2,67.8612618087945,West Germany (U),Founded before 1945 (U),0
0,33,77,133,0,.6666666666666666,10.666667,0,1.545840508389694,6.8000002,.0068000001,0,0,1,33.33304160162537,West Germany (U),Founded before 1945 (U),0
0,33,77,133,0,.2,9.3999996,.0981451860911907,.4235075128762037,5.1999998,.0052,0,0,2,67.8612618087945,West Germany (U),Founded before 1945 (U),0
0,34,77,133,0,1.75,4.5,.0014302059493449,.7560731747259531,250.60001,.32339999,.0012000001,.00040000002,1,33.33304160162537,West Germany (U),Founded before 1945 (U),0
0,34,77,133,0,3,9.1999998,.229755574355386,.5786795369804574,183.8,.18539999,.0018,.001,2,67.8612618087945,West Germany (U),Founded before 1945 (U),0
1,35,77,133,0,8.800000000000001,86,.8015320692741218,6.268503962850833,717,.71700001,.47999999,.015600001,1,33.33304160162537,West Germany (U),Founded before 1945 (U),0
1,35,77,133,0,8.4,111.4,2.110103374307632,7.455701364090766,739.59998,.7396,1.077,.022399999,2,67.8612618087945,West Germany (U),Founded before 1945 (U),0
0,36,77,133,0,14.2,21.4,.2185842591046965,2.000467875721663,569.59998,.59279996,.0146,.0061999997,1,33.33304160162537,West Germany (U),Founded before 1945 (U),0
0,36,77,133,0,12.8,27.799999,.6485603195262818,1.839276684567327,504.20001,.51319999,.035999998,.0055999998,2,67.8612618087945,West Germany (U),Founded before 1945 (U),0
1,37,77,133,1,36,227.2,8.977384464097591,18.02106624349123,640.40002,.65420002,10.633,.36360002,1,33.33304160162537,West Germany (U),Founded before 1945 (U),0
1,37,77,133,1,47,329.39999,19.22540069861236,13.1335483968106,1232.4,1.2426,21.054199,.49560001,2,67.8612618087945,West Germany (U),Founded before 1945 (U),1
0,38,77,133,0,7.4,42,3.891634572914869,4.373895076461468,1543.8,1.5438,.065199994,.0096000005,1,33.33304160162537,West Germany (U),Founded before 1945 (U),0
0,38,77,133,0,7.8,44.400002,1.478120238115641,3.931936671598541,1141.6,1.1416,.213,.0080000004,2,67.8612618087945,West Germany (U),Founded before 1945 (U),0
1,39,77,133,0,22.8,95,1.962130809883794,4.646564215155693,783,1.0658001,.96619999,.048599999,1,33.33304160162537,West Germany (U),Founded before 1945 (U),0
1,39,77,133,0,21.4,128.8,2.290901774548655,5.060347152893383,674,.83379996,2.3299999,.097800002,2,67.8612618087945,West Germany (U),Founded before 1945 (U),0
0,41,77,133,0,0,,0,.0669352013002909,,0,0,0,1,33.33304160162537,West Germany (U),Founded before 1945 (U),0
0,41,77,133,0,7.75,32.75,.3665971156677914,.8090279660775602,583,.583,0,0,2,67.8612618087945,West Germany (U),Founded before 1945 (U),0
1,42,77,133,0,31.6,79.400002,.5991742273195021,9.425621330962258,3570.2,3.5702,.0166,.0022,1,33.33304160162537,West Germany (U),Founded before 1945 (U),0
0,42,77,133,0,29.2,97,.5224723662108474,9.052310550689214,3392.3999,3.3923998,.055599999,.0048000002,2,67.8612618087945,West Germany (U),Founded before 1945 (U),0
0,43,77,133,0,2,1,0,,29.5,.0295,0,0,1,33.33304160162537,West Germany (U),Founded before 1945 (U),0
0,43,77,133,0,1,0,.0017748478699594,.0058467784141886,32.400002,.032400001,0,0,2,67.8612618087945,West Germany (U),Founded before 1945 (U),0
0,44,77,133,0,9.6,28.6,.2622888868877575,4.387553623435065,556.79999,.7374,.0118,.0048000002,1,33.33304160162537,West Germany (U),Founded before 1945 (U),0
0,44,77,133,0,8.4,36.400002,.4095549807432104,3.7776731158583,468.39999,.76540005,.0266,.0080000004,2,67.8612618087945,West Germany (U),Founded before 1945 (U),0
0,45,77,133,0,3.5,6.75,.021739130430043,1.397503989038563,180,.18460001,.0118,.0048000002,1,33.33304160162537,West Germany (U),Founded before 1945 (U),0
0,45,77,133,0,3.8,9.8000002,.0882438923852532,1.418952481859603,196.2,.19660001,.0266,.0080000004,2,67.8612618087945,West Germany (U),Founded before 1945 (U),0
0,46,77,133,0,4,11.8,.1797208398718636,1.531024675869021,179,1.0425999,0,0,1,33.33304160162537,West Germany (U),Founded before 1945 (U),0
0,46,77,133,0,4,15,.1104491061595977,1.28381045342117,149.39999,1.0956,0,0,2,67.8612618087945,West Germany (U),Founded before 1945 (U),0
0,47,77,133,0,0,,0,,0,.003,.0033333332,0,1,33.33304160162537,West Germany (U),Founded before 1945 (U),0
0,47,77,133,0,0,,0,.0074213186364187,,0,.013,.00050000002,2,67.8612618087945,West Germany (U),Founded before 1945 (U),0
1,48,77,133,0,8.800000000000001,42,0,,1549.4,1.704,.051200002,.010600001,1,33.33304160162537,West Germany (U),Founded before 1945 (U),0
1,48,77,133,0,7.6,42.799999,.6748390542732914,1.218493188023149,790.40002,1.0002,.16860001,.011,2,67.8612618087945,West Germany (U),Founded before 1945 (U),0
0,49,77,133,0,0,,0,,0,.020333335,0,0,1,33.33304160162537,West Germany (U),Founded before 1945 (U),0
0,50,77,133,0,14.2,23.799999,0,.8763215758304685,0,.0032500001,0,0,1,33.33304160162537,West Germany (U),Founded before 1945 (U),0
0,50,77,133,0,2.2,1,.0084461407477984,.1378387959366341,0,.034000002,0,0,2,67.8612618087945,West Germany (U),Founded before 1945 (U),0
0,53,77,133,0,0,,0,.0560184663034017,,0,.044666667,.0033333332,2,67.8612618087945,West Germany (U),Founded before 1945 (U),0
0,55,77,133,0,0,,0,.0878798174331717,,0,0,0,2,67.8612618087945,West Germany (U),Founded before 1945 (U),0
1,56,77,133,0,31.6,188,2.870840580131621,14.97370122153202,3676.6001,3.7718,.2534,.039799999,1,33.33304160162537,West Germany (U),Founded before 1945 (U),0
1,56,77,133,0,46.4,227.39999,4.16123490380429,14.2143109342559,3038,3.0878,.96219999,.1176,2,67.8612618087945,West Germany (U),Founded before 1945 (U),0
0,1,78,145,0,0,6,0,,,0,0,0,1,13.31316305364917,East Germany (U),Founded before 1945 (U),0
0,2,78,145,0,25.2,105.6,3.632327306221146,9.943950375716543,431.79999,.43179998,.24360001,.041000001,1,13.31316305364917,East Germany (U),Founded before 1945 (U),0
0,2,78,145,0,19.8,88.599998,2.031126202024877,6.331773318382152,541,.54100001,.76099998,.036400001,2,18.64634525591654,East Germany (U),Founded before 1945 (U),0
0,3,78,145,0,4.4,29.799999,.0014302059493449,2.639843070208977,278,.278,0,0,1,13.31316305364917,East Germany (U),Founded before 1945 (U),0
0,3,78,145,0,0,1.6,.0445222161585518,.0563860379879554,296,.296,.00020000001,.00040000002,2,18.64634525591654,East Germany (U),Founded before 1945 (U),0
0,4,78,145,0,3,2,0,,10.8,.0704,.00080000004,0,1,13.31316305364917,East Germany (U),Founded before 1945 (U),0
0,4,78,145,0,7,13.4,0,.4428512867986097,5.4000001,.061999999,.00060000003,0,2,18.64634525591654,East Germany (U),Founded before 1945 (U),0
0,5,78,145,0,5,11,.0060782967011859,1.19637172069985,204.39999,.338,.00060000003,.001,1,13.31316305364917,East Germany (U),Founded before 1945 (U),0
0,5,78,145,0,4.6,9.6000004,.0118181502115368,.7107139073263695,100.2,.16839999,.0018,.001,2,18.64634525591654,East Germany (U),Founded before 1945 (U),0
0,7,78,145,0,10,30.4,.3982851529693264,2.350186222993882,142,.142,.00060000003,.001,1,13.31316305364917,East Germany (U),Founded before 1945 (U),0
0,7,78,145,0,8.800000000000001,32,.869996100197066,.5505781295987919,278,.278,.0018,.001,2,18.64634525591654,East Germany (U),Founded before 1945 (U),0
0,9,78,145,0,0,,0,.0255113984221074,,0,.003,.00050000002,1,13.31316305364917,East Germany (U),Founded before 1945 (U),0
0,10,78,145,0,2.2,8.3999996,.1105597527084401,.2459536820481723,211.60001,.21160001,.0027999999,.00080000004,1,13.31316305364917,East Germany (U),Founded before 1945 (U),0
0,10,78,145,0,4,14,.1451925903688449,1.371446972277636,239,.23899999,.0092000002,.00080000004,2,18.64634525591654,East Germany (U),Founded before 1945 (U),0
0,12,78,145,0,28.6,163,3.811917742435051,10.80909664153871,632.40002,.81999999,3.0128,.1602,1,13.31316305364917,East Germany (U),Founded before 1945 (U),0
0,12,78,145,0,25.6,170.39999,6.343367221893156,7.168916339986582,617.20001,.72420001,5.6302004,.19780001,2,18.64634525591654,East Germany (U),Founded before 1945 (U),0
0,13,78,145,0,18.2,86.400002,1.836714585976008,6.700474005833508,594.20001,.61140001,2.5426002,.13680001,1,13.31316305364917,East Germany (U),Founded before 1945 (U),0
0,13,78,145,0,13.8,67.400002,.6843967385967131,4.205263789602178,773.79999,.78720003,3.9656,.1374,2,18.64634525591654,East Germany (U),Founded before 1945 (U),0
0,15,78,145,0,0,,0,,0,0,.014,.0024999999,1,13.31316305364917,East Germany (U),Founded before 1945 (U),0
0,15,78,145,0,0,,0,.0030788675432866,,0,.057999998,.001,2,18.64634525591654,East Germany (U),Founded before 1945 (U),0
0,16,78,145,0,.6666666666666666,1,0,,160.60001,.1798,.16599999,.029999999,1,13.31316305364917,East Germany (U),Founded before 1945 (U),0
0,16,78,145,0,0,,0,,276.20001,.28439999,.40260002,.0274,2,18.64634525591654,East Germany (U),Founded before 1945 (U),0
1,17,78,145,0,16.6,48,.2751988358618913,4.461336198377866,583,.58340001,.0026,.0027999999,1,13.31316305364917,East Germany (U),Founded before 1945 (U),0
0,17,78,145,0,14.6,39.599998,.2051703981040175,1.913868217370215,470.60001,1.6292,.021399999,.0046000001,2,18.64634525591654,East Germany (U),Founded before 1945 (U),0
0,18,78,145,0,11.8,19.4,.2344646364094259,2.023032823073312,94.400002,.1234,.00040000002,.0016000001,1,13.31316305364917,East Germany (U),Founded before 1945 (U),0
0,18,78,145,0,9,16.799999,.2600425750511374,.8462849828182665,125.2,.1512,.00040000002,.00060000003,2,18.64634525591654,East Germany (U),Founded before 1945 (U),0
0,20,78,145,0,6.8,27,.5581050765243742,1.871546536673777,320.60001,.41579998,.0040000002,.00040000002,1,13.31316305364917,East Germany (U),Founded before 1945 (U),0
0,20,78,145,0,5.8,18.200001,.3972905467851658,.0584319924897009,314.60001,.3714,.0242,.0020000001,2,18.64634525591654,East Germany (U),Founded before 1945 (U),0
0,21,78,145,0,7,24.6,.3111146601838667,1.835671406908122,171,.171,.14300001,.0146,1,13.31316305364917,East Germany (U),Founded before 1945 (U),0
0,21,78,145,0,5.2,20,.4355144488411649,2.50266850505171,212.2,.2122,.4258,.0174,2,18.64634525591654,East Germany (U),Founded before 1945 (U),0
0,22,78,145,0,7.2,24.799999,.3750211825968655,1.701403073588782,263.60001,.667,.00060000003,.001,1,13.31316305364917,East Germany (U),Founded before 1945 (U),0
0,22,78,145,0,5.8,14.8,.1351952313228473,.7680062944649669,244,.3998,.0018,.001,2,18.64634525591654,East Germany (U),Founded before 1945 (U),0
0,23,78,145,0,14,39.400002,.498947367423251,3.016524840105626,363,.50339997,.0014,.0024000001,1,13.31316305364917,East Germany (U),Founded before 1945 (U),0
0,23,78,145,0,6.6,20.4,.4882046341474217,1.671143782305524,395.20001,.48920003,.0052,.0026,2,18.64634525591654,East Germany (U),Founded before 1945 (U),0
0,24,78,145,0,0,,0,.0022727291867068,,0,.011,.0015,2,18.64634525591654,East Germany (U),Founded before 1945 (U),0
0,25,78,145,0,7.2,21.4,.2004583415601525,1.679536252447386,745,.7464,.043599997,.0034,1,13.31316305364917,East Germany (U),Founded before 1945 (U),0
0,25,78,145,0,6.8,27.200001,.3060423838915326,1.414663016414747,530.79999,.53100002,.042799998,.0046000001,2,18.64634525591654,East Germany (U),Founded before 1945 (U),0
0,26,78,145,0,1,4.25,.0260971951550433,.7246801367498883,0,.0054000001,0,0,1,13.31316305364917,East Germany (U),Founded before 1945 (U),0
0,26,78,145,0,0,,0,.0044510134594198,0,.0060000001,0,0,2,18.64634525591654,East Germany (U),Founded before 1945 (U),0
0,27,78,145,0,1,.5,0,.07362637360467,0,.0049999999,0,0,1,13.31316305364917,East Germany (U),Founded before 1945 (U),0
0,27,78,145,0,2,3,.0153642933988081,.1747314031723235,0,.0083999997,.00040000002,.00060000003,2,18.64634525591654,East Germany (U),Founded before 1945 (U),0
0,28,78,145,0,2.5,4.75,.054476934117967,.4931541157484423,93,.093000002,.00075000001,.00025000001,1,13.31316305364917,East Germany (U),Founded before 1945 (U),0
0,28,78,145,0,0,,.1020800565886618,.1369088027183159,106.2,.10619999,.0020000001,.00040000002,2,18.64634525591654,East Germany (U),Founded before 1945 (U),0
0,29,78,145,0,3.6,5,.0041208791196644,.5945482276232151,209,.20919999,0,0,1,13.31316305364917,East Germany (U),Founded before 1945 (U),0
0,29,78,145,0,6.2,10.4,.3743920702741148,.5392886801064387,213.39999,.2138,0,0,2,18.64634525591654,East Germany (U),Founded before 1945 (U),0
0,30,78,145,0,2,1,0,,,0,0,0,1,13.31316305364917,East Germany (U),Founded before 1945 (U),0
0,30,78,145,0,0,,0,,89,.089000002,0,0,2,18.64634525591654,East Germany (U),Founded before 1945 (U),0
0,31,78,145,0,20,97.400002,2.919119436720224,7.7114329483439,296.79999,.29679999,.4316,.047800001,1,13.31316305364917,East Germany (U),Founded before 1945 (U),0
0,31,78,145,0,4.2,35.799999,1.441236314918376,.1818916153058798,103.2,.1032,.9102,.043400001,2,18.64634525591654,East Germany (U),Founded before 1945 (U),0
0,32,78,145,0,14.4,30.200001,.0470788110760314,2.958012879490294,103.6,.2332,.088199995,.017000001,1,13.31316305364917,East Germany (U),Founded before 1945 (U),0
0,32,78,145,0,11.4,24.6,.1792128693714028,1.15968882246691,128.60001,.2034,.2352,.023,2,18.64634525591654,East Germany (U),Founded before 1945 (U),0
0,33,78,145,0,.8,3.8,.0836699213743025,.5448444346017253,0,.0024000001,0,0,1,13.31316305364917,East Germany (U),Founded before 1945 (U),0
0,33,78,145,0,0,,.0009989594171208,.0017505115115891,,0,0,0,2,18.64634525591654,East Germany (U),Founded before 1945 (U),0
0,34,78,145,0,6.8,19.6,.2492551749118094,1.809527910745215,122.6,.2086,0,.00040000002,1,13.31316305364917,East Germany (U),Founded before 1945 (U),0
0,34,78,145,0,8,19,.3360019007436849,1.116845615547439,124,.1832,.00040000002,.00020000001,2,18.64634525591654,East Germany (U),Founded before 1945 (U),0
0,35,78,145,0,10.4,61.400002,.9619936309872862,4.228226438613127,623.40002,.62340003,.064599998,.0032000002,1,13.31316305364917,East Germany (U),Founded before 1945 (U),0
0,35,78,145,0,15,73.400002,1.282793733102519,3.651533920511324,681.20001,.68120003,.1688,.0046000001,2,18.64634525591654,East Germany (U),Founded before 1945 (U),0
0,36,78,145,0,3.8,8.6000004,.0115384615350602,.8825893745690817,99.800003,.17119999,.0026,.001,1,13.31316305364917,East Germany (U),Founded before 1945 (U),0
0,36,78,145,0,5.6,16.799999,.2280350150905057,.7403458919412794,70,.1322,.0078000003,.0014,2,18.64634525591654,East Germany (U),Founded before 1945 (U),0
0,37,78,145,0,12.6,70,1.434989808634358,5.64044500678152,170,.1858,1.6878,.1186,1,13.31316305364917,East Germany (U),Founded before 1945 (U),0
0,37,78,145,0,15.8,84.400002,2.674616578754844,3.704206246972642,234.39999,.249,2.8080001,.1444,2,18.64634525591654,East Germany (U),Founded before 1945 (U),0
0,38,78,145,0,5.4,14.6,.1812648188216113,.9315582067874871,388.79999,.3888,.012800001,.00060000003,1,13.31316305364917,East Germany (U),Founded before 1945 (U),0
0,38,78,145,0,5,15.8,.1165393663619063,.9047144708916979,507,.50700003,.0414,.003,2,18.64634525591654,East Germany (U),Founded before 1945 (U),0
0,39,78,145,0,6.6,16.799999,.0594975016113099,1.598176979003446,328.60001,.33720002,.1156,.017999999,1,13.31316305364917,East Germany (U),Founded before 1945 (U),0
0,39,78,145,0,5.6,21.799999,.3038145964353108,1.062655254435441,302.60001,.30860001,.3612,.0164,2,18.64634525591654,East Germany (U),Founded before 1945 (U),0
0,41,78,145,0,1,0,0,.0390624999829014,0,0,0,0,1,13.31316305364917,East Germany (U),Founded before 1945 (U),0
0,41,78,145,0,4,16,0,.0016942592554117,23.4,.023399999,0,0,2,18.64634525591654,East Germany (U),Founded before 1945 (U),0
0,42,78,145,0,17.2,48.400002,.4311979250327736,2.927059556615737,1349.4,1.3494,.00080000004,.00040000002,1,13.31316305364917,East Germany (U),Founded before 1945 (U),0
0,42,78,145,0,15.6,52.200001,.4579421749258848,1.853813321810935,1122.4,1.1224,.0086000003,.0016000001,2,18.64634525591654,East Germany (U),Founded before 1945 (U),0
0,43,78,145,0,0,,0,,12,.012,0,0,1,13.31316305364917,East Germany (U),Founded before 1945 (U),0
0,43,78,145,0,0,,0,,12,.012,0,0,2,18.64634525591654,East Germany (U),Founded before 1945 (U),0
0,44,78,145,0,5.8,11,.0685894092915365,1.090600215482483,74.400002,.15260001,.00060000003,.001,1,13.31316305364917,East Germany (U),Founded before 1945 (U),0
0,44,78,145,0,6,6,.0087862068967226,.7094441722097735,81.800003,.1522,.0018,.001,2,18.64634525591654,East Germany (U),Founded before 1945 (U),0
0,45,78,145,0,3,8,.0074967938219687,.6362948426099609,39,.0482,.00060000003,.001,1,13.31316305364917,East Germany (U),Founded before 1945 (U),0
0,45,78,145,0,6,14.2,.020949420501967,.9744469709760699,36.599998,.047800001,.0018,.001,2,18.64634525591654,East Germany (U),Founded before 1945 (U),0
0,46,78,145,0,5.4,27.799999,.479413199376613,1.206361798445493,41,.52059996,0,0,1,13.31316305364917,East Germany (U),Founded before 1945 (U),0
0,46,78,145,0,4.8,21.799999,.4308342312861924,.5914987767610534,12,.19319999,0,0,2,18.64634525591654,East Germany (U),Founded before 1945 (U),0
0,47,78,145,0,0,,0,,252.66667,.25266668,.00025000001,0,1,13.31316305364917,East Germany (U),Founded before 1945 (U),0
0,47,78,145,0,0,,0,.004499,,0,.001,0,2,18.64634525591654,East Germany (U),Founded before 1945 (U),0
0,48,78,145,0,5.2,14.8,.1336980821206877,.8555103563615721,365.39999,.3962,.0046000001,.0014,1,13.31316305364917,East Germany (U),Founded before 1945 (U),0
0,48,78,145,0,4.2,13.4,.1458793343745041,.6761780702384175,480,.51679999,.014,.0024000001,2,18.64634525591654,East Germany (U),Founded before 1945 (U),0
0,49,78,145,0,3,19.200001,.0154512688026121,1.616634585259153,377,.491,.00020000001,0,1,13.31316305364917,East Germany (U),Founded before 1945 (U),0
0,49,78,145,0,3.8,10.2,.0526444103428825,.0138709668309087,280.20001,.37920001,.0012000001,.00020000001,2,18.64634525591654,East Germany (U),Founded before 1945 (U),0
0,50,78,145,0,.25,.75,.0093115124130751,.416655409724399,269,.26899999,0,0,1,13.31316305364917,East Germany (U),Founded before 1945 (U),0
0,50,78,145,0,5,12,0,.0124167162975227,425,.42500001,0,0,2,18.64634525591654,East Germany (U),Founded before 1945 (U),0
0,55,78,145,0,0,,0,,191.2,.1912,0,0,1,13.31316305364917,East Germany (U),Founded before 1945 (U),0
0,55,78,145,0,0,,0,,92.400002,.092399999,0,0,2,18.64634525591654,East Germany (U),Founded before 1945 (U),0
0,56,78,145,0,20.2,54.200001,.2334917921228071,5.128642083428804,1616.6,1.6165999,.0186,.0041999999,1,13.31316305364917,East Germany (U),Founded before 1945 (U),0
0,56,78,145,0,17.6,55.200001,.1940335354708959,2.93488790036648,2152,2.152,.0964,.0104,2,18.64634525591654,East Germany (U),Founded before 1945 (U),0
0,3,79,133,0,0,,0,,,0,0,0,1,1.709345558388474,West Germany (U),Founded after 1945 (U),0
0,3,79,133,0,2,4,.0015739471102494,.1581447773163375,,0,.00025000001,.00050000002,2,3.000338876125213,West Germany (U),Founded after 1945 (U),0
0,4,79,133,0,2,1.8,.0016741071421243,.2687290199475425,3.4000001,.0276,.00040000002,0,1,1.709345558388474,West Germany (U),Founded after 1945 (U),0
0,4,79,133,0,2.2,3.2,.0187264180989241,.2152300969567942,5,.055199999,0,0,2,3.000338876125213,West Germany (U),Founded after 1945 (U),0
0,5,79,133,0,3.8,4.4000001,.0392342032805113,.8609704558533969,105,.38460001,.0032000002,.00040000002,1,1.709345558388474,West Germany (U),Founded after 1945 (U),0
0,5,79,133,0,4,14.4,.0023303856910795,1.079977316918162,116.2,.671,.0049999999,.001,2,3.000338876125213,West Germany (U),Founded after 1945 (U),0
0,6,79,133,0,3.4,2,.0054945054928858,0,76.400002,.076400004,0,0,1,1.709345558388474,West Germany (U),Founded after 1945 (U),0
0,6,79,133,0,3,8.6000004,.2921162422650017,.1921693715099507,58.799999,.058800001,0,0,2,3.000338876125213,West Germany (U),Founded after 1945 (U),0
0,7,79,133,0,4.4,7.5999999,.2008069134784617,.8878903183197295,63,.063000001,.0032000002,.00040000002,1,1.709345558388474,West Germany (U),Founded after 1945 (U),0
0,7,79,133,0,5.8,8.8000002,.1632080277493839,.6328665702871676,95.599998,.095600002,.0049999999,.001,2,3.000338876125213,West Germany (U),Founded after 1945 (U),0
0,10,79,133,0,2,2,.0033985465327538,.3952001018355227,.2,.00020000001,.001,.00020000001,1,1.709345558388474,West Germany (U),Founded after 1945 (U),0
0,10,79,133,0,2,5,.0801827329265026,.1874777942249843,4,.0040000002,.0032000002,.00060000003,2,3.000338876125213,West Germany (U),Founded after 1945 (U),0
0,12,79,133,0,0,0,0,.1056352510815425,,0,.0041999999,.0012000001,1,1.709345558388474,West Germany (U),Founded after 1945 (U),0
0,12,79,133,0,0,0,0,.0057073081688015,,0,.011600001,.0014,2,3.000338876125213,West Germany (U),Founded after 1945 (U),0
0,13,79,133,0,0,0,0,.0746083875933404,,0,.001,0,1,1.709345558388474,West Germany (U),Founded after 1945 (U),0
0,13,79,133,0,0,0,0,.0192672829711637,,0,.0024000001,.00020000001,2,3.000338876125213,West Germany (U),Founded after 1945 (U),0
0,17,79,133,0,6.2,14,.0461709882197907,1.755826265856022,626.20001,.69300002,.00060000003,.00060000003,1,1.709345558388474,West Germany (U),Founded after 1945 (U),0
0,17,79,133,0,8,49,1.168536401329972,1.601856445241705,919.59998,.93720001,.015800001,.0108,2,3.000338876125213,West Germany (U),Founded after 1945 (U),0
0,18,79,133,0,1.8,1.6,.0010989010985772,.2979138506696104,2,.036200002,.00080000004,.00020000001,1,1.709345558388474,West Germany (U),Founded after 1945 (U),0
0,18,79,133,0,2,4.4000001,.0166830330225327,.2581870005993975,7,.0766,.00020000001,0,2,3.000338876125213,West Germany (U),Founded after 1945 (U),0
0,20,79,133,0,4,5,.0486558569528484,.7621866927873355,101.2,.16419999,.00080000004,.00080000004,1,1.709345558388474,West Germany (U),Founded after 1945 (U),0
0,20,79,133,0,4,8.3999996,.0807632148607953,.6433498576981609,102.8,.18939999,.0055999998,.00040000002,2,3.000338876125213,West Germany (U),Founded after 1945 (U),0
0,21,79,133,0,0,,0,,,0,.0080000004,.001,1,1.709345558388474,West Germany (U),Founded after 1945 (U),0
0,21,79,133,0,0,,0,.078461294444748,,0,.02125,.00050000002,2,3.000338876125213,West Germany (U),Founded after 1945 (U),0
0,22,79,133,0,7.4,10.6,.142382043965171,1.650339983073472,469.39999,.93740004,.0032000002,.00040000002,1,1.709345558388474,West Germany (U),Founded after 1945 (U),0
0,22,79,133,0,9.199999999999999,22.200001,.1422863204777402,1.342197348615936,330.60001,1.1738,.0049999999,.001,2,3.000338876125213,West Germany (U),Founded after 1945 (U),0
0,23,79,133,0,8.4,11.8,.5018339493117357,1.842405231983803,222.2,.28120002,.00080000004,.00040000002,1,1.709345558388474,West Germany (U),Founded after 1945 (U),0
0,23,79,133,0,10.4,23.799999,.34976754276278,1.412497705462094,303.79999,.3962,.0014,.0012000001,2,3.000338876125213,West Germany (U),Founded after 1945 (U),0
0,25,79,133,0,6,33.400002,.1575687195258287,.8009006357460646,449.79999,.44979998,.0046000001,.0014,1,1.709345558388474,West Germany (U),Founded after 1945 (U),0
0,25,79,133,0,9.800000000000001,53,.9204440119533334,1.816121732549711,568.79999,.56879997,.0154,.0041999999,2,3.000338876125213,West Germany (U),Founded after 1945 (U),0
0,27,79,133,0,10.2,10.6,.2036472402142725,1.816453089626547,61.200001,.14660001,.00080000004,.00020000001,1,1.709345558388474,West Germany (U),Founded after 1945 (U),0
0,27,79,133,0,7.2,8.3999996,.043290423129579,.9820595007965388,13.8,.1064,.00020000001,0,2,3.000338876125213,West Germany (U),Founded after 1945 (U),0
0,28,79,133,0,.8,1.4,0,,30.799999,.0308,.00020000001,0,1,1.709345558388474,West Germany (U),Founded after 1945 (U),0
0,28,79,133,0,1,2.2,.0173511928147203,.1381489848885825,38,.037999999,.00060000003,.00020000001,2,3.000338876125213,West Germany (U),Founded after 1945 (U),0
0,29,79,133,0,2.8,3,.0002747252746443,.6494279599354904,90,.1142,0,0,1,1.709345558388474,West Germany (U),Founded after 1945 (U),0
0,29,79,133,0,2,3.4000001,.0070881150007853,.3128145756763355,95,.1164,0,0,2,3.000338876125213,West Germany (U),Founded after 1945 (U),0
0,30,79,133,0,0,,0,.0513809003497052,,0,0,0,2,3.000338876125213,West Germany (U),Founded after 1945 (U),0
0,32,79,133,0,.4,0,.0005494505492886,.0829484236448023,,0,.00060000003,.00020000001,1,1.709345558388474,West Germany (U),Founded after 1945 (U),0
0,32,79,133,0,1,1.4,.0075777752606214,.1611741432775913,7,.0070000002,.0044,.00060000003,2,3.000338876125213,West Germany (U),Founded after 1945 (U),0
0,33,79,133,0,0,,0,.0846131803958382,,0,0,0,1,1.709345558388474,West Germany (U),Founded after 1945 (U),0
0,33,79,133,0,.6666666666666666,1.3333334,0,.0723512770719655,,0,0,0,2,3.000338876125213,West Germany (U),Founded after 1945 (U),0
0,34,79,133,0,3,.60000002,.0073040399066693,.6026354217604881,30.6,.0568,.00020000001,0,1,1.709345558388474,West Germany (U),Founded after 1945 (U),0
0,34,79,133,0,1.6,2.4000001,.0204869716094326,.4040179759698433,10,.049400002,.00020000001,0,2,3.000338876125213,West Germany (U),Founded after 1945 (U),0
0,36,79,133,0,1.8,5.1999998,.0522972344295015,.4577627654990368,36.200001,.037799999,0,.00080000004,1,1.709345558388474,West Germany (U),Founded after 1945 (U),0
0,36,79,133,0,1.8,5,.0068118402787197,.2818520600217197,49.599998,.0528,.0016000001,.00060000003,2,3.000338876125213,West Germany (U),Founded after 1945 (U),0
0,37,79,133,0,0,,0,.0022461895218623,,0,.014,0,1,1.709345558388474,West Germany (U),Founded after 1945 (U),0
0,38,79,133,0,4,9.1999998,1.062080246903944,2.114156614538607,240.2,.2402,.0049999999,.0034,1,1.709345558388474,West Germany (U),Founded after 1945 (U),0
0,38,79,133,1,4.6,14.2,.1331320439698695,1.120308168088559,389.60001,.38960001,.0276,.0032000002,2,3.000338876125213,West Germany (U),Founded after 1945 (U),0
0,39,79,133,0,6.8,22.6,.3859627891619434,1.711387974333881,246.2,.30700001,.028200001,.0026,1,1.709345558388474,West Germany (U),Founded after 1945 (U),0
0,39,79,133,0,9.800000000000001,40.400002,.6310480667964237,1.349162282934795,321.20001,.39020002,.077800006,.010600001,2,3.000338876125213,West Germany (U),Founded after 1945 (U),0
0,41,79,133,0,0,1,.0167156123668737,.1002730491965066,,0,0,0,1,1.709345558388474,West Germany (U),Founded after 1945 (U),0
0,41,79,133,0,2.2,4.8000002,.033145366542489,.5685878331325337,189.5,.1895,0,0,2,3.000338876125213,West Germany (U),Founded after 1945 (U),0
0,42,79,133,0,5,6.4000001,.0169116857819802,.8000203941295422,,0,.00020000001,0,1,1.709345558388474,West Germany (U),Founded after 1945 (U),0
0,42,79,133,0,1.4,3,.0060032483903468,.2371608486481423,,0,.001,.00040000002,2,3.000338876125213,West Germany (U),Founded after 1945 (U),0
0,44,79,133,0,5,3,.006669999156971,.9039430006902528,123.2,.15899999,.0032000002,.00040000002,1,1.709345558388474,West Germany (U),Founded after 1945 (U),0
0,44,79,133,0,5.2,5.8000002,.0229520209694562,.7360217010943663,86.199997,.1708,.0049999999,.001,2,3.000338876125213,West Germany (U),Founded after 1945 (U),0
0,45,79,133,0,2,1.6,0,.5998913812615095,28.6,.0294,.0032000002,.00040000002,1,1.709345558388474,West Germany (U),Founded after 1945 (U),0
0,45,79,133,0,2.8,3.2,.0246408076623941,.3616210769601031,46.599998,.047599997,.0049999999,.001,2,3.000338876125213,West Germany (U),Founded after 1945 (U),0
0,47,79,133,0,15.4,1.6,.0046816455841776,1.45839944496571,0,.24699999,0,.00020000001,1,1.709345558388474,West Germany (U),Founded after 1945 (U),0
0,47,79,133,0,4.2,.2,.0120804220220893,.3312865778820995,.40000001,.34560001,.00040000002,0,2,3.000338876125213,West Germany (U),Founded after 1945 (U),0
0,48,79,133,0,6.4,17.200001,0,,490.79999,.54859996,.0071999999,.003,1,1.709345558388474,West Germany (U),Founded after 1945 (U),0
1,48,79,133,1,8.6,33,.9666648300363804,.8582098111402944,493.60001,.56720001,.034200002,.010199999,2,3.000338876125213,West Germany (U),Founded after 1945 (U),0
0,49,79,133,0,.2,1,0,.1838789844883509,,0,.00040000002,0,1,1.709345558388474,West Germany (U),Founded after 1945 (U),0
0,49,79,133,0,0,1.4,.0021315852652462,.196961024832299,0,0,.00020000001,0,2,3.000338876125213,West Germany (U),Founded after 1945 (U),0
0,50,79,133,0,0,1,.0039019574159137,.2443065611127333,3.8,.0054000001,0,0,1,1.709345558388474,West Germany (U),Founded after 1945 (U),0
0,50,79,133,0,0,3.2,.0017805743621123,1.067262878918334,,0,0,0,2,3.000338876125213,West Germany (U),Founded after 1945 (U),0
0,53,79,133,0,1,1.8,0,.159633567845388,,0,.0040000002,.0027999999,1,1.709345558388474,West Germany (U),Founded after 1945 (U),0
0,53,79,133,0,.8,2,0,.1167777804548416,,0,.022399999,.0026,2,3.000338876125213,West Germany (U),Founded after 1945 (U),0
0,56,79,133,0,15.4,43.400002,.7702809227529412,4.857164587092461,1543,1.5914,.0264,.0020000001,1,1.709345558388474,West Germany (U),Founded after 1945 (U),0
0,56,79,133,0,16.6,78.800003,.5149591156323966,3.241819199328422,2065.8,2.1471999,.060400002,.0099999998,2,3.000338876125213,West Germany (U),Founded after 1945 (U),0
0,3,80,145,0,0,0,.0628953303477633,.0873293827604262,,0,0,.00020000001,1,4.534978332920223,East Germany (U),Founded after 1945 (U),0
0,3,80,145,0,0,0,0,,,0,.00025000001,0,2,6.798166477072955,East Germany (U),Founded after 1945 (U),0
0,5,80,145,0,3,8.3999996,0,.8833003931472359,113,.2904,.0014,.00080000004,1,4.534978332920223,East Germany (U),Founded after 1945 (U),0
0,5,80,145,0,2.6,7.1999998,.0588643427381267,.725400303625203,100.2,.1532,.0061999997,.00060000003,2,6.798166477072955,East Germany (U),Founded after 1945 (U),0
0,7,80,145,0,0,,0,,36,.035999998,.0020000001,.0020000001,2,6.798166477072955,East Germany (U),Founded after 1945 (U),0
0,8,80,145,0,0,,0,,0,.0294,.0012000001,.00060000003,1,4.534978332920223,East Germany (U),Founded after 1945 (U),0
0,8,80,145,0,0,,0,,8.6000004,.031399999,.003,.0014,2,6.798166477072955,East Germany (U),Founded after 1945 (U),0
0,10,80,145,0,0,,0,,117.5,.1175,.001,.00050000002,1,4.534978332920223,East Germany (U),Founded after 1945 (U),0
0,10,80,145,0,0,,0,,175,.175,.001,0,2,6.798166477072955,East Germany (U),Founded after 1945 (U),0
0,12,80,145,0,2.2,9.8000002,.4814895458622362,.3435019297499819,0,0,.99659997,.054200001,1,4.534978332920223,East Germany (U),Founded after 1945 (U),0
0,12,80,145,0,5.4,27,.8385171145712387,1.434304350139705,32.400002,.032400001,2.0851998,.071400002,2,6.798166477072955,East Germany (U),Founded after 1945 (U),0
0,13,80,145,0,3,13.8,.145160115624862,1.396209850931816,0,.011600001,.52279997,.0294,1,4.534978332920223,East Germany (U),Founded after 1945 (U),0
0,13,80,145,0,4.4,13.2,.1797115367428916,1.485866802184663,0,.0048000002,1.1388,.033599999,2,6.798166477072955,East Germany (U),Founded after 1945 (U),0
0,14,80,145,0,0,,0,,6,.0060000001,0,0,2,6.798166477072955,East Germany (U),Founded after 1945 (U),0
0,15,80,145,0,13.6,87.400002,2.841978636478911,7.153772199589899,323.20001,.33759999,.021,.0068000001,1,4.534978332920223,East Germany (U),Founded after 1945 (U),0
0,15,80,145,0,14.6,109.2,5.787916415894724,5.737978472846923,322.60001,.3344,.1018,.011399999,2,6.798166477072955,East Germany (U),Founded after 1945 (U),0
0,17,80,145,0,9.800000000000001,24.799999,.3023722582794551,2.638331542356812,491.39999,.54340005,.0032000002,.00080000004,1,4.534978332920223,East Germany (U),Founded after 1945 (U),0
0,17,80,145,0,9.199999999999999,34.799999,.7210746781805052,2.632781090800071,528.59998,.52859998,.022,.001,2,6.798166477072955,East Germany (U),Founded after 1945 (U),0
0,22,80,145,0,3,14,.1451285097987157,1.227821610726316,238.39999,.4454,.0014,.00080000004,1,4.534978332920223,East Germany (U),Founded after 1945 (U),0
0,22,80,145,0,3,10.6,.0623275494599074,.9461722939286641,354.39999,.44579998,.0061999997,.00060000003,2,6.798166477072955,East Germany (U),Founded after 1945 (U),0
0,23,80,145,0,4.6,9.6000004,.0389978976233579,1.008185851743179,101.6,.21600001,.00060000003,0,1,4.534978332920223,East Germany (U),Founded after 1945 (U),0
0,23,80,145,0,4,9.6000004,.006459316792161,.8610165295156709,198.39999,.2388,.0018,.00040000002,2,6.798166477072955,East Germany (U),Founded after 1945 (U),0
0,25,80,145,0,17.8,98.599998,2.239159126411396,5.734631510274101,1323.6,1.3875999,.0964,.0176,1,4.534978332920223,East Germany (U),Founded after 1945 (U),0
0,25,80,145,0,20.8,112.4,4.539087742201661,5.397676590245052,1068.6,1.077,.21160001,.0288,2,6.798166477072955,East Germany (U),Founded after 1945 (U),0
0,26,80,145,0,0,5,0,,549,.54900002,0,0,1,4.534978332920223,East Germany (U),Founded after 1945 (U),0
0,26,80,145,0,0,,0,,1254.2,1.29,0,0,2,6.798166477072955,East Germany (U),Founded after 1945 (U),0
0,31,80,145,0,28.8,226.60001,9.090980477195767,14.85020837699732,497.79999,.51800001,.23999999,.058800001,1,4.534978332920223,East Germany (U),Founded after 1945 (U),0
0,31,80,145,0,29.6,219.8,9.176371488000658,14.09317832520279,1143.4,1.1766,.95499998,.090599999,2,6.798166477072955,East Germany (U),Founded after 1945 (U),0
0,32,80,145,0,13.6,37,.5322287088219424,3.522003538391825,119.6,.1716,.105,.0274,1,4.534978332920223,East Germany (U),Founded after 1945 (U),0
0,32,80,145,0,15.2,42.599998,2.040569895819075,4.874666002979393,229,.2642,.3448,.031600002,2,6.798166477072955,East Germany (U),Founded after 1945 (U),0
0,33,80,145,0,0,0,0,,68.400002,.068400003,0,0,1,4.534978332920223,East Germany (U),Founded after 1945 (U),0
0,33,80,145,0,0,0,0,,52.599998,.0526,0,0,2,6.798166477072955,East Germany (U),Founded after 1945 (U),0
0,34,80,145,0,5,5.4000001,.0029635910420802,1.598455795277547,98.400002,.1592,.00020000001,.00020000001,1,4.534978332920223,East Germany (U),Founded after 1945 (U),0
0,34,80,145,0,2.8,1.6,.0029728153535525,.9997068874920557,27.200001,.045200001,.0012000001,.00020000001,2,6.798166477072955,East Germany (U),Founded after 1945 (U),0
0,36,80,145,0,3,6.4000001,.0245485807799178,.6032881729585373,39.400002,.1222,.003,.001,1,4.534978332920223,East Germany (U),Founded after 1945 (U),0
0,36,80,145,0,2.8,5.4000001,.0074488887502571,.5976370948754501,147.2,.16360001,.0078000003,.00060000003,2,6.798166477072955,East Germany (U),Founded after 1945 (U),0
0,37,80,145,0,8.4,47.799999,1.135314396580888,3.842474521129813,92,.1028,.71520001,.079000004,1,4.534978332920223,East Germany (U),Founded after 1945 (U),0
0,37,80,145,0,8.800000000000001,46.599998,1.144039005045425,3.431529232891713,144.60001,.14860001,1.5001999,.069400005,2,6.798166477072955,East Germany (U),Founded after 1945 (U),0
0,38,80,145,0,3.6,9.8000002,.0380393247063422,.9385527564964166,240.2,.2402,.0068000001,.0020000001,1,4.534978332920223,East Germany (U),Founded after 1945 (U),0
0,38,80,145,0,3.2,7.8000002,.1408997531919091,.7387732429484707,168.60001,.16860001,.0348,.0038000001,2,6.798166477072955,East Germany (U),Founded after 1945 (U),0
0,39,80,145,0,6.8,30.799999,.5626646672067624,1.402403575240118,295.39999,.29539999,.4244,.023200002,1,4.534978332920223,East Germany (U),Founded after 1945 (U),0
0,39,80,145,0,6.6,34.200001,1.695616029576873,1.555940547914182,364.39999,.3644,1.2501999,.040400002,2,6.798166477072955,East Germany (U),Founded after 1945 (U),0
0,41,80,145,0,0,,0,,195.2,.1952,0,0,1,4.534978332920223,East Germany (U),Founded after 1945 (U),0
0,41,80,145,0,0,,0,,321.33334,.32133335,0,0,2,6.798166477072955,East Germany (U),Founded after 1945 (U),0
0,42,80,145,0,1,2,0,,,0,.0023333333,0,1,4.534978332920223,East Germany (U),Founded after 1945 (U),0
0,42,80,145,0,1,2,0,,,0,.0083999997,.00060000003,2,6.798166477072955,East Germany (U),Founded after 1945 (U),0
0,45,80,145,0,1.2,4.1999998,0,.4913639598054158,25.6,.028999999,.0014,.00080000004,1,4.534978332920223,East Germany (U),Founded after 1945 (U),0
0,45,80,145,0,1,2,.0388737411121123,.3644507838076527,5.5999999,.0064000003,.0061999997,.00060000003,2,6.798166477072955,East Germany (U),Founded after 1945 (U),0
0,48,80,145,0,3.8,10.8,.2172099552179807,.8550599801677342,274.60001,.3452,.0038000001,.00060000003,1,4.534978332920223,East Germany (U),Founded after 1945 (U),0
0,48,80,145,0,3.8,8.3999996,.1477868611673639,.7325257754680485,437.20001,.4524,.015600001,.001,2,6.798166477072955,East Germany (U),Founded after 1945 (U),0
0,49,80,145,0,2.8,15.4,.226867004364678,1.608482002498774,310.20001,.41520002,.00040000002,0,1,4.534978332920223,East Germany (U),Founded after 1945 (U),0
0,49,80,145,0,1.8,13.6,.2961962270129593,1.380675446321474,347.39999,.38320002,.0012000001,0,2,6.798166477072955,East Germany (U),Founded after 1945 (U),0
0,50,80,145,0,0,,0,.1281464530613063,43.5,.043499999,0,0,1,4.534978332920223,East Germany (U),Founded after 1945 (U),0
0,50,80,145,0,0,1.6666666,0,,301.60001,.30160001,0,0,2,6.798166477072955,East Germany (U),Founded after 1945 (U),0
0,51,80,145,0,0,,0,,48,.048,.003,0,2,6.798166477072955,East Germany (U),Founded after 1945 (U),0
0,54,80,145,0,0,,0,,1142.6666,1.1426666,.0076666665,0,2,6.798166477072955,East Germany (U),Founded after 1945 (U),0
0,55,80,145,0,0,,0,,416.60001,.41660002,0,0,1,4.534978332920223,East Germany (U),Founded after 1945 (U),0
0,55,80,145,0,0,,0,,494,.49399999,0,0,2,6.798166477072955,East Germany (U),Founded after 1945 (U),0
0,56,80,145,0,18,54.400002,.7932207674901723,4.512789138395487,2320.3999,2.4584,.1002,.0164,1,4.534978332920223,East Germany (U),Founded after 1945 (U),0
0,56,80,145,0,21.2,62,1.065465434972941,4.972284400731292,1982.8,2.1800001,.2766,.023799999,2,6.798166477072955,East Germany (U),Founded after 1945 (U),0
0,3,81,138,0,0,0,.0225714797631904,.7888546963253107,110.4,.1104,.0016000001,.0026,1,11.29011091625435,West Germany (U),Founded before 1945 (U),0
0,3,81,138,0,0,0,0,,367.39999,.36739999,.0020000001,.0038000001,2,19.93042511728226,West Germany (U),Founded before 1945 (U),0
0,4,81,138,0,3,5.4000001,.0340076677297202,.8631408758742252,9,.051599998,0,0,1,11.29011091625435,West Germany (U),Founded before 1945 (U),0
0,4,81,138,0,1.2,6.5999999,.0680299963177878,.7885479156283998,11.6,.13699999,.00020000001,0,2,19.93042511728226,West Germany (U),Founded before 1945 (U),0
0,5,81,138,0,5,8.8000002,.0661748859351836,1.533331567361323,331.60001,.60940003,.0061999997,.0022,1,11.29011091625435,West Germany (U),Founded before 1945 (U),0
0,5,81,138,0,4.8,9.8000002,.0466064713379268,1.674695016782908,195.8,.59179997,.016799999,.0041999999,2,19.93042511728226,West Germany (U),Founded before 1945 (U),0
0,7,81,138,0,7.4,11.2,.1034523145031805,1.109382116059205,126.6,.127,.0061999997,.0022,1,11.29011091625435,West Germany (U),Founded before 1945 (U),0
0,7,81,138,0,4.6,10.6,.312036244479359,3.143196177513905,233.2,.23380001,.016799999,.0041999999,2,19.93042511728226,West Germany (U),Founded before 1945 (U),0
0,10,81,138,0,0,1,0,,116,.116,.00040000002,0,1,11.29011091625435,West Germany (U),Founded before 1945 (U),0
0,10,81,138,0,0,,.0243973752034868,.6366177194361262,218,.21799999,.0048000002,.0012000001,2,19.93042511728226,West Germany (U),Founded before 1945 (U),0
0,11,81,138,0,2.8,2.5999999,.0018058690740509,.2074526060224071,,0,0,.00020000001,1,11.29011091625435,West Germany (U),Founded before 1945 (U),0
0,11,81,138,0,5,7.5999999,.003400381516473,.3212065934571204,12.5,.0125,0,.00020000001,2,19.93042511728226,West Germany (U),Founded before 1945 (U),0
0,12,81,138,0,21.6,102.6,3.926899903386545,9.895289509327373,932,1.1664001,6.7887998,.1802,1,11.29011091625435,West Germany (U),Founded before 1945 (U),0
0,12,81,138,0,20.4,105.8,4.229117691734775,10.04022063129844,866.20001,1.1101999,8.7212,.1816,2,19.93042511728226,West Germany (U),Founded before 1945 (U),0
1,13,81,138,0,21.8,146.8,3.364234638862988,11.37083967115994,545.20001,.5952,5.7362003,.18260001,1,11.29011091625435,West Germany (U),Founded before 1945 (U),0
0,13,81,138,0,20.2,155,3.397716408515507,13.81048426848998,597.40002,.68919998,8.757,.1944,2,19.93042511728226,West Germany (U),Founded before 1945 (U),0
0,17,81,138,0,11,21,.2557844478156762,2.808789357970506,889,.889,.015600001,.0024000001,1,11.29011091625435,West Germany (U),Founded before 1945 (U),0
0,17,81,138,0,12,24.799999,.1399943229863788,2.370488887677226,868,.86799997,.039000001,.0034,2,19.93042511728226,West Germany (U),Founded before 1945 (U),0
0,18,81,138,0,14.8,29.799999,.3077290223943251,3.190284608717837,243.8,.27000001,.00040000002,.001,1,11.29011091625435,West Germany (U),Founded before 1945 (U),0
0,18,81,138,0,14.6,18.799999,.259444502980221,2.747902632947088,290,.32539999,.0016000001,.0024000001,2,19.93042511728226,West Germany (U),Founded before 1945 (U),0
0,20,81,138,0,7.8,19.200001,.8305198152024335,2.416742091843156,309.39999,.37099999,.0080000004,.0018,1,11.29011091625435,West Germany (U),Founded before 1945 (U),0
0,20,81,138,0,8,25.200001,1.168574676929968,3.022992696416416,426.39999,.53240001,.089599997,.0052,2,19.93042511728226,West Germany (U),Founded before 1945 (U),0
0,21,81,138,0,6.6,14.4,.157627038996032,1.933007576329557,52.400002,.0524,.18099999,.0078000003,1,11.29011091625435,West Germany (U),Founded before 1945 (U),0
0,21,81,138,0,1.2,1.2,.0091835657176065,.3364586233470197,2,.0020000001,.35979998,.016000001,2,19.93042511728226,West Germany (U),Founded before 1945 (U),0
0,22,81,138,0,14.6,38.599998,.6509694775755703,4.193340599832876,819.40002,1.1731999,.0061999997,.0022,1,11.29011091625435,West Germany (U),Founded before 1945 (U),0
0,22,81,138,0,16,54.400002,1.193691504468275,4.478956356469467,478.39999,1.0388,.016799999,.0041999999,2,19.93042511728226,West Germany (U),Founded before 1945 (U),0
0,23,81,138,0,14.6,20.799999,.7756171690468174,2.942013537241197,307.79999,.44820002,.0032000002,.0022,1,11.29011091625435,West Germany (U),Founded before 1945 (U),0
0,23,81,138,0,11,35.400002,.8540714789484906,3.08734026185213,460,.67979997,.010199999,.0027999999,2,19.93042511728226,West Germany (U),Founded before 1945 (U),0
0,25,81,138,0,7.4,18.200001,.3753847686160626,1.604363981809562,371.39999,.39300001,.067000002,.0074,1,11.29011091625435,West Germany (U),Founded before 1945 (U),0
0,25,81,138,0,9.800000000000001,32.200001,.9002208344498036,2.460553959742855,379.60001,.39720002,.1076,.0096000005,2,19.93042511728226,West Germany (U),Founded before 1945 (U),0
0,27,81,138,0,0,,0,,0,.0082,.00040000002,.001,1,11.29011091625435,West Germany (U),Founded before 1945 (U),0
0,27,81,138,0,0,0,0,,0,.0104,.0016000001,.0024000001,2,19.93042511728226,West Germany (U),Founded before 1945 (U),0
0,28,81,138,0,3.4,7,.0594780933256921,.8648978551890459,293,.29300001,0,0,1,11.29011091625435,West Germany (U),Founded before 1945 (U),0
0,28,81,138,0,4.2,16.4,.3304217936761719,1.164874310065265,337.60001,.33759999,.0014,.00040000002,2,19.93042511728226,West Germany (U),Founded before 1945 (U),0
0,29,81,138,0,4.8,14,.7978510560841373,1.728368135770672,223,.223,0,.00020000001,1,11.29011091625435,West Germany (U),Founded before 1945 (U),0
0,29,81,138,0,5.4,17.6,.0691037661604746,.9174375112216485,412.79999,.41279998,0,.00020000001,2,19.93042511728226,West Germany (U),Founded before 1945 (U),0
0,32,81,138,0,11,17.200001,.210390521989006,2.229379441396849,173.2,.26839998,.099399999,.0104,1,11.29011091625435,West Germany (U),Founded before 1945 (U),0
0,32,81,138,0,10.2,20.6,.328003755418022,2.260453236927179,305,.46720001,.19860001,.016799999,2,19.93042511728226,West Germany (U),Founded before 1945 (U),0
0,33,81,138,0,0,0,.6632135773168091,.4837184738040006,,0,0,0,1,11.29011091625435,West Germany (U),Founded before 1945 (U),0
0,33,81,138,0,0,.33333334,0,,,0,0,0,2,19.93042511728226,West Germany (U),Founded before 1945 (U),0
0,34,81,138,0,2.6,1,.119632790098004,.2413033625710395,49.200001,.049200002,.00020000001,.00020000001,1,11.29011091625435,West Germany (U),Founded before 1945 (U),0
0,34,81,138,0,2,2.2,.0000463488609296,.562484669321124,12.6,.0126,.00040000002,.001,2,19.93042511728226,West Germany (U),Founded before 1945 (U),0
1,35,81,138,0,13.2,84.400002,1.332504525213168,6.249152212596051,745.79999,.74579996,.17200001,.0052,1,11.29011091625435,West Germany (U),Founded before 1945 (U),0
1,35,81,138,0,12.6,95.599998,1.587812144789001,7.96485847236544,780.59998,.78059995,.2396,.0024000001,2,19.93042511728226,West Germany (U),Founded before 1945 (U),0
0,36,81,138,0,4.4,7,.1630493068883998,.9608724692392306,143.8,.16680001,.0035999999,.0018,1,11.29011091625435,West Germany (U),Founded before 1945 (U),0
0,36,81,138,0,4.4,10,.239250783665793,1.096106487204883,203.2,.2568,.0089999996,.0032000002,2,19.93042511728226,West Germany (U),Founded before 1945 (U),0
0,37,81,138,0,18.2,64.800003,1.824801538969828,6.819458952409831,187.2,.2032,3.8864,.1494,1,11.29011091625435,West Germany (U),Founded before 1945 (U),0
0,37,81,138,0,16.4,65.599998,2.936604863711601,6.324664347694066,327.20001,.36300001,4.9587998,.131,2,19.93042511728226,West Germany (U),Founded before 1945 (U),0
0,38,81,138,0,8.199999999999999,18.799999,.367515955458044,1.427633116971633,809.79999,.80979997,.010199999,.0020000001,1,11.29011091625435,West Germany (U),Founded before 1945 (U),0
0,38,81,138,0,10.4,18.4,.1344176558489155,2.092538088236083,652,.65200001,.031600002,.0020000001,2,19.93042511728226,West Germany (U),Founded before 1945 (U),0
1,39,81,138,0,15.4,51.400002,2.017408724186862,2.860612479879878,694.40002,.69440001,.53179997,.039999999,1,11.29011091625435,West Germany (U),Founded before 1945 (U),0
0,39,81,138,0,14.6,54.799999,1.874501739678419,3.952564289289085,661.40002,.66140002,1.2631999,.068800002,2,19.93042511728226,West Germany (U),Founded before 1945 (U),0
0,41,81,138,0,0,,.0081871039410494,.488557178258927,,0,0,0,1,11.29011091625435,West Germany (U),Founded before 1945 (U),0
0,41,81,138,0,0,.66666669,0,,86.400002,.086400002,0,0,2,19.93042511728226,West Germany (U),Founded before 1945 (U),0
0,42,81,138,0,18.2,47.799999,.1704676107226662,4.599244134851705,1725,1.725,.0054000001,.00020000001,1,11.29011091625435,West Germany (U),Founded before 1945 (U),0
0,42,81,138,0,18.4,64.800003,.2052204961162696,4.96816088791424,1437,1.437,.011,.00080000004,2,19.93042511728226,West Germany (U),Founded before 1945 (U),0
0,43,81,138,0,0,,.0125737649391572,.4878750678684777,,0,0,0,1,11.29011091625435,West Germany (U),Founded before 1945 (U),0
0,43,81,138,0,4.4,9.3999996,.0229805521642743,.3709212398183596,,0,0,0,2,19.93042511728226,West Germany (U),Founded before 1945 (U),0
0,44,81,138,0,3.6,6.5999999,.021111844365607,1.133206951897916,72.199997,.15800001,.0061999997,.0022,1,11.29011091625435,West Germany (U),Founded before 1945 (U),0
0,44,81,138,0,4,5,.0359931514892107,1.364968654612492,53.400002,.2112,.016799999,.0041999999,2,19.93042511728226,West Germany (U),Founded before 1945 (U),0
0,45,81,138,0,2,6.8000002,.0530882823991646,.736685748880426,30,.031600002,.0061999997,.0022,1,11.29011091625435,West Germany (U),Founded before 1945 (U),0
0,45,81,138,0,0,.60000002,.0000253208463367,.1114692414876339,.80000001,.00080000004,.016799999,.0041999999,2,19.93042511728226,West Germany (U),Founded before 1945 (U),0
0,46,81,138,0,.8,2.4000001,.0011410654418371,.5349521840836378,0,.228,0,0,1,11.29011091625435,West Germany (U),Founded before 1945 (U),0
0,46,81,138,0,1,2.5999999,.0020708782189922,1.468016524397316,11.5,.0115,0,0,2,19.93042511728226,West Germany (U),Founded before 1945 (U),0
0,48,81,138,0,6,12.8,.3322963639695242,1.096640502922408,529.59998,.6006,.0122,.0016000001,1,11.29011091625435,West Germany (U),Founded before 1945 (U),0
0,48,81,138,0,7.8,19.799999,.1911551879503552,1.370279871231483,654.40002,.778,.037799999,.0024000001,2,19.93042511728226,West Germany (U),Founded before 1945 (U),0
0,49,81,138,0,3.8,15.4,.0318003070496462,2.097803508270128,4.4000001,.138,.00040000002,0,1,11.29011091625435,West Germany (U),Founded before 1945 (U),0
0,49,81,138,0,5,16.6,.1587168501809194,2.598053890280087,125,.39879999,.0027999999,.00020000001,2,19.93042511728226,West Germany (U),Founded before 1945 (U),0
0,50,81,138,0,1.75,6,0,.0524553571198962,5,.0049999999,0,0,1,11.29011091625435,West Germany (U),Founded before 1945 (U),0
0,50,81,138,0,2,3.2,0,,167.2,.1672,0,0,2,19.93042511728226,West Germany (U),Founded before 1945 (U),0
0,56,81,138,0,18.8,50,.6204351633604904,4.350360334579455,1363.4,1.3634,.0252,.0058000004,1,11.29011091625435,West Germany (U),Founded before 1945 (U),0
0,56,81,138,0,15.6,51.200001,.5868006442641258,4.883787130629304,1287.4,1.2874,.1234,.0108,2,19.93042511728226,West Germany (U),Founded before 1945 (U),0
0,3,82,141,0,1,8,0,.1760758128587073,1.2,.0012000001,.00060000003,.00020000001,1,36.22687162008341,West Germany (U),Founded before 1945 (U),0
0,3,82,141,0,0,9.6000004,.1254201130390269,.7881820672676488,,0,.00080000004,0,2,68.62528182287315,West Germany (U),Founded before 1945 (U),0
0,5,82,141,0,4.6,11,.0693216906151366,1.385357370164644,316.60001,.57440001,.0018,.001,1,36.22687162008341,West Germany (U),Founded before 1945 (U),0
0,5,82,141,0,7,16.4,.0009174522389693,.9260347989717277,143,.5194,.0074,.0012000001,2,68.62528182287315,West Germany (U),Founded before 1945 (U),0
0,6,82,141,0,18.8,94.400002,.7908403258091857,8.607124501595088,1390.6,1.3922,.00020000001,0,1,36.22687162008341,West Germany (U),Founded before 1945 (U),0
0,6,82,141,0,17.8,93.400002,1.220906208582851,7.807290430921942,1067.8,1.0678,0,0,2,68.62528182287315,West Germany (U),Founded before 1945 (U),0
0,7,82,141,0,0,,.0149442190044781,.8426050452853157,,0,.0018,.001,1,36.22687162008341,West Germany (U),Founded before 1945 (U),0
0,7,82,141,0,0,,.0091336108206625,.1672306993254468,,0,.0074,.0012000001,2,68.62528182287315,West Germany (U),Founded before 1945 (U),0
0,8,82,141,0,17.2,190,11.03593431395126,18.82082504232516,1044.4,1.1392,.0066,.0012000001,1,36.22687162008341,West Germany (U),Founded before 1945 (U),0
0,8,82,141,0,17.2,195,10.49989316091607,14.93112025489989,786.59998,.85299999,.0298,.0044,2,68.62528182287315,West Germany (U),Founded before 1945 (U),0
0,9,82,141,0,21.4,240.39999,17.3020614477164,15.62197376833287,950.79999,.9508,.1238,.021200001,1,36.22687162008341,West Germany (U),Founded before 1945 (U),0
0,9,82,141,0,17,247.8,17.93085613297947,15.07107333260331,966.79999,.96679997,.18000001,.019399999,2,68.62528182287315,West Germany (U),Founded before 1945 (U),0
0,10,82,141,0,0,,0,,652,.65200001,.003,0,1,36.22687162008341,West Germany (U),Founded before 1945 (U),0
0,10,82,141,0,0,,0,,499,.49900001,.001,0,2,68.62528182287315,West Germany (U),Founded before 1945 (U),0
0,12,82,141,0,15.6,105.6,3.794830153411578,7.105270905518815,637.20001,.73559999,2.7609999,.1256,1,36.22687162008341,West Germany (U),Founded before 1945 (U),0
0,12,82,141,0,18.2,110.8,4.246945059929331,6.083638186632094,807,.94080001,4.822,.14739999,2,68.62528182287315,West Germany (U),Founded before 1945 (U),0
1,13,82,141,0,21.2,201,5.578855292762024,12.88288307716162,578.79999,.6232,4.3189998,.20439999,1,36.22687162008341,West Germany (U),Founded before 1945 (U),0
1,13,82,141,0,22.4,248.39999,9.221470442466703,10.77659150290678,669.20001,.7816,9.3295994,.24519999,2,68.62528182287315,West Germany (U),Founded before 1945 (U),0
1,15,82,141,1,22.2,278.20001,12.30273671174441,22.66582291562229,2166.3999,2.1848001,.21799999,.0262,1,36.22687162008341,West Germany (U),Founded before 1945 (U),0
1,15,82,141,0,22.4,363.20001,26.56154877908142,15.5193024689656,1763.2,1.7772,.53720003,.0392,2,68.62528182287315,West Germany (U),Founded before 1945 (U),1
0,17,82,141,0,2.2,5.8000002,.113138672140845,.7006262106127794,203,.20299999,.011399999,.0012000001,1,36.22687162008341,West Germany (U),Founded before 1945 (U),0
0,17,82,141,0,3,6.8000002,.0450688772542721,.6475198394797067,83.599998,.0836,.0274,.0027999999,2,68.62528182287315,West Germany (U),Founded before 1945 (U),0
0,18,82,141,0,1.8,3,.0008648648648,.3068950887575813,0,.0046000001,0,0,1,36.22687162008341,West Germany (U),Founded before 1945 (U),0
0,18,82,141,0,0,1,0,.0312519131151581,0,0,.00060000003,.00060000003,2,68.62528182287315,West Germany (U),Founded before 1945 (U),0
0,20,82,141,0,4,13.8,.2908278150707223,1.454579150473066,908.40002,.9084,.0052,.00020000001,1,36.22687162008341,West Germany (U),Founded before 1945 (U),0
0,20,82,141,0,4,23,.5834994169307609,1.559843004558434,613.20001,.61320001,.019200001,.0020000001,2,68.62528182287315,West Germany (U),Founded before 1945 (U),0
0,21,82,141,0,11.4,61.400002,2.963195593215135,4.928108021115075,220.60001,.22060001,.39220002,.0374,1,36.22687162008341,West Germany (U),Founded before 1945 (U),0
0,21,82,141,0,10.8,81,3.82022095145413,4.145922050485365,528.79999,.52880001,.99759996,.062600002,2,68.62528182287315,West Germany (U),Founded before 1945 (U),0
0,22,82,141,0,9.4,30.6,1.00274599902731,2.165035768542853,589.20001,.89200002,.0018,.001,1,36.22687162008341,West Germany (U),Founded before 1945 (U),0
0,22,82,141,0,9.4,45,1.287171061691187,2.175040727057214,263,.66759998,.0074,.0012000001,2,68.62528182287315,West Germany (U),Founded before 1945 (U),0
0,23,82,141,0,6,11.6,.1892781022841442,1.149528078894561,295.79999,.35499999,.0012000001,.00040000002,1,36.22687162008341,West Germany (U),Founded before 1945 (U),0
0,23,82,141,0,5.4,17.4,.2091828430314144,1.140423657215749,145.8,.32660002,.010199999,.0014,2,68.62528182287315,West Germany (U),Founded before 1945 (U),0
0,25,82,141,1,20.6,109.4,5.134415389557586,6.399865166736989,2226,2.2420001,.43279999,.0416,1,36.22687162008341,West Germany (U),Founded before 1945 (U),0
1,25,82,141,1,24.4,206,10.49849686816726,6.813155628796793,2042,2.0783999,.62359995,.0502,2,68.62528182287315,West Germany (U),Founded before 1945 (U),1
0,26,82,141,0,1,3,0,,29,.028999999,0,0,1,36.22687162008341,West Germany (U),Founded before 1945 (U),0
0,26,82,141,0,.8,3,0,,319,.32260001,0,0,2,68.62528182287315,West Germany (U),Founded before 1945 (U),0
0,27,82,141,0,2.2,3.5999999,.0026111100818729,.4741380535942986,1,.0272,0,0,1,36.22687162008341,West Germany (U),Founded before 1945 (U),0
0,27,82,141,0,3.2,7.1999998,.0693485695786332,.4786146170616488,0,.0722,.00060000003,.00060000003,2,68.62528182287315,West Germany (U),Founded before 1945 (U),0
0,28,82,141,0,0,,0,,73,.072999999,.00040000002,.00020000001,2,68.62528182287315,West Germany (U),Founded before 1945 (U),0
0,29,82,141,0,2.4,5.1999998,.0657989741306605,.6154648559270282,182.2,.1822,0,0,1,36.22687162008341,West Germany (U),Founded before 1945 (U),0
0,29,82,141,0,1,2.4000001,.1163666313225817,.5401710267801011,49.200001,.049200002,0,0,2,68.62528182287315,West Germany (U),Founded before 1945 (U),0
1,31,82,141,1,48.4,688.79999,56.99313227893138,38.53182326576336,4341.2002,4.4070001,1.9988,.16599999,1,36.22687162008341,West Germany (U),Founded before 1945 (U),0
1,31,82,141,1,43.8,860.20001,75.35478275202254,37.09108601027182,6396.2002,6.4310002,4.5297999,.2568,2,68.62528182287315,West Germany (U),Founded before 1945 (U),1
0,32,82,141,0,27.6,91.599998,2.290453650986323,7.57949854320967,540.20001,.68940002,.4524,.040400002,1,36.22687162008341,West Germany (U),Founded before 1945 (U),0
0,32,82,141,0,28.2,113.8,1.803754339523973,8.446876532741546,510.60001,.79100001,.86620003,.0792,2,68.62528182287315,West Germany (U),Founded before 1945 (U),0
0,33,82,141,0,0,,0,.2218764312196129,,0,0,0,1,36.22687162008341,West Germany (U),Founded before 1945 (U),0
0,33,82,141,0,0,0,.036902030861623,.721348745756259,13.5,.0135,0,0,2,68.62528182287315,West Germany (U),Founded before 1945 (U),0
0,35,82,141,0,0,,.065848214256891,0,,0,.064000003,.0040000002,1,36.22687162008341,West Germany (U),Founded before 1945 (U),0
0,36,82,141,0,3.4,8.6000004,.0331086959118189,.7155201517343436,230,.2308,.0012000001,.00020000001,1,36.22687162008341,West Germany (U),Founded before 1945 (U),0
0,36,82,141,0,3.6,13,.4732530621839691,.5886231658301907,87,.086999997,.0082,.0027999999,2,68.62528182287315,West Germany (U),Founded before 1945 (U),0
1,37,82,141,0,30.8,118.6,6.775608962514119,9.779408155308611,816.40002,.84780002,6.8243999,.2904,1,36.22687162008341,West Germany (U),Founded before 1945 (U),0
1,37,82,141,0,28.8,161.60001,7.217484053857598,8.496540019216216,999.79999,1.0591999,11.5516,.36379999,2,68.62528182287315,West Germany (U),Founded before 1945 (U),0
0,38,82,141,0,3,6.1999998,.0652148857900825,.8065020543191788,470.60001,.4734,.0146,.0016000001,1,36.22687162008341,West Germany (U),Founded before 1945 (U),0
0,38,82,141,0,3.4,8.8000002,.1960980331061567,.713685137416763,277,.28479999,.084600002,.0034,2,68.62528182287315,West Germany (U),Founded before 1945 (U),0
0,39,82,141,0,3.8,15.2,.2848916732422741,1.494779394255329,149.60001,.1496,.31320003,.024,1,36.22687162008341,West Germany (U),Founded before 1945 (U),0
0,39,82,141,0,4.4,20.799999,.4085624148287135,1.433810899538543,138.39999,.13839999,1.3232,.065199994,2,68.62528182287315,West Germany (U),Founded before 1945 (U),0
0,40,82,141,0,2,5,0,,,0,.00050000002,0,1,36.22687162008341,West Germany (U),Founded before 1945 (U),0
0,40,82,141,0,1.8,6,0,,,0,.0054000001,.001,2,68.62528182287315,West Germany (U),Founded before 1945 (U),0
0,41,82,141,0,0,,0,,119.25,.11925,0,0,2,68.62528182287315,West Germany (U),Founded before 1945 (U),0
0,42,82,141,0,1,5,0,,,0,.0020000001,0,1,36.22687162008341,West Germany (U),Founded before 1945 (U),0
0,42,82,141,0,1,5.4000001,0,,,0,.0144,.00040000002,2,68.62528182287315,West Germany (U),Founded before 1945 (U),0
0,44,82,141,0,3.2,11,.0371659703409036,1.303037327360023,153.8,.26479998,.0018,.001,1,36.22687162008341,West Germany (U),Founded before 1945 (U),0
0,44,82,141,0,3,12.4,.0787940969357028,.9670044427029683,28.4,.26120001,.0074,.0012000001,2,68.62528182287315,West Germany (U),Founded before 1945 (U),0
0,45,82,141,0,0,,0,.9168803328461494,,0,.0049999999,.001,2,68.62528182287315,West Germany (U),Founded before 1945 (U),0
0,47,82,141,0,.6666666666666666,2,0,,,0,0,0,1,36.22687162008341,West Germany (U),Founded before 1945 (U),0
0,47,82,141,0,1,4.1999998,0,,,0,.0016000001,.00020000001,2,68.62528182287315,West Germany (U),Founded before 1945 (U),0
0,48,82,141,0,3,8.6000004,.1426625530281049,.8059623865481841,720.20001,.7202,.0041999999,.00060000003,1,36.22687162008341,West Germany (U),Founded before 1945 (U),0
0,48,82,141,0,4,18.6,.395780883491038,.8839540427551044,296.60001,.29660001,.016799999,.0027999999,2,68.62528182287315,West Germany (U),Founded before 1945 (U),0
0,49,82,141,0,0,0,0,,,0,.0020000001,0,2,68.62528182287315,West Germany (U),Founded before 1945 (U),0
0,50,82,141,0,.3333333333333333,5.6666665,.0115106746761601,.6381200087430169,,0,0,0,1,36.22687162008341,West Germany (U),Founded before 1945 (U),0
0,50,82,141,0,0,6.4000001,.4243515889869542,2.070456021601395,359.39999,.3594,0,0,2,68.62528182287315,West Germany (U),Founded before 1945 (U),0
0,51,82,141,0,6,100.5,0,,0,.0020000001,.05166667,.0046666665,1,36.22687162008341,West Germany (U),Founded before 1945 (U),0
0,51,82,141,0,7.4,164,0,,148,.15539999,.088599995,.0044,2,68.62528182287315,West Germany (U),Founded before 1945 (U),0
0,52,82,141,0,1,9.5,0,,0,0,0,0,1,36.22687162008341,West Germany (U),Founded before 1945 (U),0
0,54,82,141,0,0,,0,,3224.3333,3.2243333,.091666661,.025333334,2,68.62528182287315,West Germany (U),Founded before 1945 (U),0
0,55,82,141,0,0,,0,,497.60001,.49760002,0,0,1,36.22687162008341,West Germany (U),Founded before 1945 (U),0
0,55,82,141,0,0,,0,,1131,1.131,0,0,2,68.62528182287315,West Germany (U),Founded before 1945 (U),0
0,56,82,141,0,17.8,85.800003,1.205678411452724,6.824165729341691,1907,2.0696001,.078400001,.010600001,1,36.22687162008341,West Germany (U),Founded before 1945 (U),0
0,56,82,141,0,21.2,140.39999,2.587111815907385,7.537841744341089,915.40002,1.0496,.20660001,.0244,2,68.62528182287315,West Germany (U),Founded before 1945 (U),0
0,1,83,141,0,2,11,0,.1852952059054991,,0,0,0,1,19.01018526966426,West Germany (U),Founded before 1945 (U),0
0,1,83,141,0,0,1.75,.1737474553769055,5.983570728729976,,0,0,0,2,40.57503701315192,West Germany (U),Founded before 1945 (U),0
0,2,83,141,0,29.8,187.2,4.401682452407583,21.84660296079079,1012.4,1.021,.42160001,.0462,1,19.01018526966426,West Germany (U),Founded before 1945 (U),0
0,2,83,141,0,26.2,215.8,6.599070818893016,43.7722875761219,1124.8,1.1251999,1.1244,.074000001,2,40.57503701315192,West Germany (U),Founded before 1945 (U),0
0,3,83,141,0,7.2,20.200001,.3551184126022832,1.659580258667353,387.60001,.3876,.001,.001,1,19.01018526966426,West Germany (U),Founded before 1945 (U),0
0,3,83,141,0,4.4,30.4,.1740539605134719,2.110545115591324,304.39999,.3044,.0014,.0014,2,40.57503701315192,West Germany (U),Founded before 1945 (U),0
0,4,83,141,0,4.6,4.4000001,.0145794703269917,.1886256154438463,44.799999,.1018,0,0,1,19.01018526966426,West Germany (U),Founded before 1945 (U),0
0,4,83,141,0,6,17.4,.3636052086616557,1.123329866675171,8.6000004,.0142,0,.00060000003,2,40.57503701315192,West Germany (U),Founded before 1945 (U),0
0,5,83,141,0,7,15.6,.0389846085039004,2.522437921276543,1106,1.4124,.0032000002,.0014,1,19.01018526966426,West Germany (U),Founded before 1945 (U),0
0,5,83,141,0,7.8,19,.0523185968261878,5.662862612100631,679.20001,.71399999,.0098000001,.0018,2,40.57503701315192,West Germany (U),Founded before 1945 (U),0
0,7,83,141,0,10.8,35.400002,.7348294485704026,4.200888853294386,1466,1.466,.0032000002,.0014,1,19.01018526966426,West Germany (U),Founded before 1945 (U),0
0,7,83,141,0,12.2,37.400002,.4897786788858922,6.212872920957103,1085.6,1.0856,.0098000001,.0018,2,40.57503701315192,West Germany (U),Founded before 1945 (U),0
0,10,83,141,0,0,,0,.0022321428561658,487,.48699999,.0032000002,0,1,19.01018526966426,West Germany (U),Founded before 1945 (U),0
0,10,83,141,0,0,,0,,481,.48100001,.0070000002,0,2,40.57503701315192,West Germany (U),Founded before 1945 (U),0
0,12,83,141,0,26.4,133.8,4.398544515972745,11.33643036260059,1051.6,1.2381999,6.211,.27420002,1,19.01018526966426,West Germany (U),Founded before 1945 (U),0
0,12,83,141,1,28,226.2,10.08524535443937,20.26269058522199,1073.2,1.0776,11.5592,.32120001,2,40.57503701315192,West Germany (U),Founded before 1945 (U),0
0,13,83,141,0,20.8,175,4.780061166547055,10.89106249409582,609.59998,.66079998,3.9346001,.15180001,1,19.01018526966426,West Germany (U),Founded before 1945 (U),0
0,13,83,141,0,18.6,189.2,4.606945129721925,22.60320590160936,599.79999,.60320002,6.9958,.17919999,2,40.57503701315192,West Germany (U),Founded before 1945 (U),0
0,16,83,141,0,4,14.2,.4989016529825233,2.500610918715282,860.40002,.91600001,.34200001,.025799999,1,19.01018526966426,West Germany (U),Founded before 1945 (U),0
0,16,83,141,0,5.4,25.200001,.5626549165208652,6.203429389537065,778.40002,.78059995,.74859995,.042799998,2,40.57503701315192,West Germany (U),Founded before 1945 (U),0
0,17,83,141,0,3.8,6.5999999,.0053530746055095,1.024927490692145,383.79999,.44499999,.0058000004,.00020000001,1,19.01018526966426,West Germany (U),Founded before 1945 (U),0
0,17,83,141,0,1.666666666666667,3.6666667,.001253672869396,.9855475021816085,14,.0154,.015600001,.00060000003,2,40.57503701315192,West Germany (U),Founded before 1945 (U),0
0,18,83,141,0,11.8,11.4,.1554673691840163,1.92867654825709,180.60001,.20060001,.001,.0026,1,19.01018526966426,West Germany (U),Founded before 1945 (U),0
0,18,83,141,0,11.2,12,.2002513268349531,4.419591114290021,117.6,.121,.0020000001,.0020000001,2,40.57503701315192,West Germany (U),Founded before 1945 (U),0
0,19,83,141,0,0,,.2935267855858023,0,,0,.014,.0020000001,1,19.01018526966426,West Germany (U),Founded before 1945 (U),0
0,20,83,141,0,14,47.200001,2.775567163448421,3.641407977711685,942.59998,1.0288,.031399999,.0038000001,1,19.01018526966426,West Germany (U),Founded before 1945 (U),0
0,20,83,141,0,14,61,1.621164849088118,7.978902473679198,1100.4,1.1024001,.1582,.0068000001,2,40.57503701315192,West Germany (U),Founded before 1945 (U),0
0,21,83,141,0,16.2,64.800003,2.709158637189692,4.489396316599996,416,.41600001,.88440001,.065400004,1,19.01018526966426,West Germany (U),Founded before 1945 (U),0
0,21,83,141,0,15.6,93,5.610280095684866,2.54220579927365,451,.45100001,2.2161999,.1074,2,40.57503701315192,West Germany (U),Founded before 1945 (U),0
0,22,83,141,0,11.4,32.599998,.4311851285630102,3.360359678425828,1368.8,1.8116,.0032000002,.0014,1,19.01018526966426,West Germany (U),Founded before 1945 (U),0
0,22,83,141,0,8.6,13.2,.2647298184497079,5.951435523145626,1199.2,1.2180001,.0098000001,.0018,2,40.57503701315192,West Germany (U),Founded before 1945 (U),0
0,23,83,141,0,13.2,39.200001,.8067255392687001,4.746628551542195,1259.8,1.3874,.0176,.0040000002,1,19.01018526966426,West Germany (U),Founded before 1945 (U),0
0,23,83,141,0,17.2,60,1.874471644979879,7.74732491056515,783.79999,.7956,.042400002,.0038000001,2,40.57503701315192,West Germany (U),Founded before 1945 (U),0
0,25,83,141,0,14.4,87.400002,3.710376840851057,4.465033833203293,1643.6,1.6436,.3062,.023200002,1,19.01018526966426,West Germany (U),Founded before 1945 (U),0
0,25,83,141,0,16.6,103.6,4.900438177537746,18.25203780069733,1011.6,1.0116,.4136,.023399999,2,40.57503701315192,West Germany (U),Founded before 1945 (U),0
0,27,83,141,0,15.8,22,.9949817900011191,3.129929332551899,325,.37540001,.001,.0026,1,19.01018526966426,West Germany (U),Founded before 1945 (U),0
0,27,83,141,0,13.4,27,.3160718662600788,3.586014774865784,181.2,.18360001,.0020000001,.0020000001,2,40.57503701315192,West Germany (U),Founded before 1945 (U),0
0,28,83,141,0,3.2,7.4000001,.3183483112166478,.6373264099614173,355.20001,.35520002,.001,.00020000001,1,19.01018526966426,West Germany (U),Founded before 1945 (U),0
0,28,83,141,0,1,8,0,5.149886338589519,156,.156,.0038000001,.00060000003,2,40.57503701315192,West Germany (U),Founded before 1945 (U),0
0,29,83,141,0,7,6.1999998,.1106930560985851,1.228989137806576,559,.55900002,.00020000001,0,1,19.01018526966426,West Germany (U),Founded before 1945 (U),0
0,29,83,141,0,5,12,.2160660511427868,3.168724825781653,444.39999,.44439998,.00060000003,0,2,40.57503701315192,West Germany (U),Founded before 1945 (U),0
0,32,83,141,1,23.2,67.599998,2.283677877020427,5.71255491206988,614.79999,.722,.78059995,.061999999,1,19.01018526966426,West Germany (U),Founded before 1945 (U),0
1,32,83,141,1,35.4,119.8,8.974284610356939,7.781133331996792,720.40002,.73359996,1.365,.099399999,2,40.57503701315192,West Germany (U),Founded before 1945 (U),1
0,33,83,141,0,4.666666666666667,16,.3508882343855316,1.24330338438392,,0,0,0,1,19.01018526966426,West Germany (U),Founded before 1945 (U),0
0,33,83,141,0,3,10.75,.3939703192105919,18.31815066624101,78,.078000002,0,0,2,40.57503701315192,West Germany (U),Founded before 1945 (U),0
0,34,83,141,0,2.8,3.5999999,.176385990718469,.4453889651771514,285.60001,.28560001,.00020000001,.00020000001,1,19.01018526966426,West Germany (U),Founded before 1945 (U),0
0,34,83,141,0,.8,3,.03939425,2.823473785504164,109.4,.1094,.00080000004,.001,2,40.57503701315192,West Germany (U),Founded before 1945 (U),0
1,35,83,141,0,10.2,77,1.032481482060731,5.808375192615221,888.59998,.88859999,.1286,.0052,1,19.01018526966426,West Germany (U),Founded before 1945 (U),0
1,35,83,141,0,11.2,88.199997,2.560148086332975,14.92046234302036,823,.82300001,.28120002,.0068000001,2,40.57503701315192,West Germany (U),Founded before 1945 (U),0
0,36,83,141,0,8.6,17.6,.5634782703559507,1.620521576755813,724.59998,.77859998,.0052,.0026,1,19.01018526966426,West Germany (U),Founded before 1945 (U),0
0,36,83,141,0,7.6,19,.7976689538384718,3.278663133494769,394.20001,.396,.0186,.0052,2,40.57503701315192,West Germany (U),Founded before 1945 (U),0
0,37,83,141,1,30.2,207.8,7.379124528735518,15.21261342685397,808.59998,.833,7.1845999,.32499999,1,19.01018526966426,West Germany (U),Founded before 1945 (U),0
0,37,83,141,1,29.4,298.39999,11.51740350360046,7.00276934188365,710.20001,.71079999,13.6796,.43979999,2,40.57503701315192,West Germany (U),Founded before 1945 (U),1
0,38,83,141,0,3.6,6.8000002,.0401025675379919,.9177363081826009,1033,1.033,.024799999,.0066,1,19.01018526966426,West Germany (U),Founded before 1945 (U),0
0,38,83,141,0,2.4,10.2,.0367381654360899,0,807.79999,.80779999,.094800003,.0054000001,2,40.57503701315192,West Germany (U),Founded before 1945 (U),0
0,39,83,141,0,6.2,29,.4893032621692222,2.616668133801026,559.40002,.55940002,.40560001,.0254,1,19.01018526966426,West Germany (U),Founded before 1945 (U),0
0,39,83,141,0,7.2,39.200001,.6185993770414348,4.407830768148798,492.20001,.49220002,1.1835999,.035999998,2,40.57503701315192,West Germany (U),Founded before 1945 (U),0
0,41,83,141,0,0,,.0018058690740509,.0029748283746375,,0,0,0,1,19.01018526966426,West Germany (U),Founded before 1945 (U),0
0,41,83,141,0,3,12.666667,0,,242,.242,0,0,2,40.57503701315192,West Germany (U),Founded before 1945 (U),0
1,42,83,141,0,29.2,82.199997,.3416845197764263,7.563582364880519,3871.6001,3.8716002,.0068000001,.0014,1,19.01018526966426,West Germany (U),Founded before 1945 (U),0
0,42,83,141,0,30.2,96.800003,.489950386363519,24.90140356312075,3175.3999,3.1754,.0198,.0027999999,2,40.57503701315192,West Germany (U),Founded before 1945 (U),0
0,43,83,141,0,0,7.3333335,0,,,0,0,0,1,19.01018526966426,West Germany (U),Founded before 1945 (U),0
0,43,83,141,0,0,3,0,,,0,0,0,2,40.57503701315192,West Germany (U),Founded before 1945 (U),0
0,44,83,141,0,5,22,.0581187514112205,2.375204945712361,747.20001,.9386,.0032000002,.0014,1,19.01018526966426,West Germany (U),Founded before 1945 (U),0
0,44,83,141,0,6.333333333333333,25.333334,.2861857147099851,5.419833598003711,437.20001,.44660002,.0098000001,.0018,2,40.57503701315192,West Germany (U),Founded before 1945 (U),0
0,45,83,141,0,2,4.4000001,.1531035503626796,.7008086519102462,178,.1848,.0032000002,.0014,1,19.01018526966426,West Germany (U),Founded before 1945 (U),0
0,45,83,141,0,2,2,0,,62.400002,.062600002,.0098000001,.0018,2,40.57503701315192,West Germany (U),Founded before 1945 (U),0
0,47,83,141,0,0,,0,,35.333332,.035333332,.0020000001,0,2,40.57503701315192,West Germany (U),Founded before 1945 (U),0
0,48,83,141,0,2.6,3.2,.0004464285712332,.5673594218380749,230.39999,.28839999,.0144,.003,1,19.01018526966426,West Germany (U),Founded before 1945 (U),0
0,48,83,141,0,4.8,9.3999996,.6500463252882206,4.261106130273967,9.1999998,.011,.046,.0038000001,2,40.57503701315192,West Germany (U),Founded before 1945 (U),0
0,49,83,141,0,1,5.1999998,.2450880249165359,1.846963145569861,127.2,.1292,.00040000002,0,1,19.01018526966426,West Germany (U),Founded before 1945 (U),0
0,49,83,141,0,0,1.3333334,0,3.422180812311066,39,.039999999,.0035000001,.00025000001,2,40.57503701315192,West Germany (U),Founded before 1945 (U),0
0,50,83,141,0,0,,.8256919966406476,1.210855936032461,191.2,.1912,0,0,1,19.01018526966426,West Germany (U),Founded before 1945 (U),0
0,50,83,141,0,5.4,20.4,.2208831527641133,4.629431238601465,265,.26499999,0,0,2,40.57503701315192,West Germany (U),Founded before 1945 (U),0
0,52,83,141,0,10.4,44.200001,1.285746964420371,5.06898573415801,213,.213,0,0,1,19.01018526966426,West Germany (U),Founded before 1945 (U),0
0,52,83,141,0,6.4,45,1.216349116979891,1.608025327654582,184.60001,.18460001,0,0,2,40.57503701315192,West Germany (U),Founded before 1945 (U),0
0,55,83,141,0,0,,0,.007567567567,,0,0,0,1,19.01018526966426,West Germany (U),Founded before 1945 (U),0
0,56,83,141,1,17.4,42,1.135802177876092,5.864853899213951,2243.8,2.2438002,.34020001,.038799997,1,19.01018526966426,West Germany (U),Founded before 1945 (U),0
0,56,83,141,0,25.2,47.400002,3.702434633407325,10.61124312577518,1305,1.3049999,.85079998,.068400003,2,40.57503701315192,West Germany (U),Founded before 1945 (U),1
0,3,84,141,0,7,13.2,.1366028960144398,1.488870938165181,409.39999,.40939999,.00040000002,.0014,1,24.68468759851558,West Germany (U),Founded after 1945 (U),0
0,3,84,141,0,5.4,12.2,.198319562677081,1.015119645825797,528.59998,.52859998,.0016000001,.001,2,30.76214314261971,West Germany (U),Founded after 1945 (U),0
0,4,84,141,0,3.4,5.5999999,.0054321482171426,1.070324931485335,60.799999,.1246,.00060000003,0,1,24.68468759851558,West Germany (U),Founded after 1945 (U),0
0,4,84,141,0,3,5.1999998,.1996779850220376,1.392424779844676,118.4,.14480001,.00040000002,0,2,30.76214314261971,West Germany (U),Founded after 1945 (U),0
0,5,84,141,0,6.8,13.6,.0131763592000677,2.748120195909265,994.40002,1.2806,.003,.0054000001,1,24.68468759851558,West Germany (U),Founded after 1945 (U),0
0,5,84,141,0,7.6,13.8,.0216748231059234,2.053554809955834,1152.2,1.364,.0099999998,.0018,2,30.76214314261971,West Germany (U),Founded after 1945 (U),0
0,7,84,141,0,9.199999999999999,25.799999,.6902712638709027,3.394510443763921,596.20001,.59619999,.003,.0054000001,1,24.68468759851558,West Germany (U),Founded after 1945 (U),0
0,7,84,141,0,9.199999999999999,23.799999,.5476142220990362,4.673718468240227,873,.87300003,.0099999998,.0018,2,30.76214314261971,West Germany (U),Founded after 1945 (U),0
0,8,84,141,0,18.4,136,4.757746137899,12.29497806393455,731.79999,.73179996,.0082,.001,1,24.68468759851558,West Germany (U),Founded after 1945 (U),0
0,8,84,141,0,15.6,122.4,5.31648658682089,8.271007918426349,670,.67000002,.0206,.00060000003,2,30.76214314261971,West Germany (U),Founded after 1945 (U),0
0,10,84,141,0,3,7,.0036303340539348,.5339017359187853,383,.38299999,.001,.00040000002,1,24.68468759851558,West Germany (U),Founded after 1945 (U),0
0,10,84,141,0,0,,0,,366,.366,.0020000001,0,2,30.76214314261971,West Germany (U),Founded after 1945 (U),0
0,11,84,141,0,0,,.0216105306173569,.432312211432858,,0,.00025000001,0,2,30.76214314261971,West Germany (U),Founded after 1945 (U),0
0,12,84,141,0,22.4,151.2,6.716227182548042,14.21378594693133,1076.4,1.3108001,4.0911999,.132,1,24.68468759851558,West Germany (U),Founded after 1945 (U),0
0,12,84,141,0,24.6,186.39999,6.842070824531956,14.15618867259225,1198,1.2690001,6.158,.17399999,2,30.76214314261971,West Germany (U),Founded after 1945 (U),0
0,13,84,141,0,21.8,176.60001,4.823284350685909,13.08192088864518,704,.72619998,2.7809999,.1032,1,24.68468759851558,West Germany (U),Founded after 1945 (U),0
0,13,84,141,1,24.4,223.39999,8.19168989840135,10.43085897389681,837.40002,.85540003,5.3150001,.1576,2,30.76214314261971,West Germany (U),Founded after 1945 (U),0
0,14,84,141,0,8.199999999999999,13,.1576401252843756,1.33884199756231,627.59998,.62759995,0,0,1,24.68468759851558,West Germany (U),Founded after 1945 (U),0
0,14,84,141,0,10.4,17,.3955760756391892,1.394395263974029,156.2,.15619999,.00020000001,0,2,30.76214314261971,West Germany (U),Founded after 1945 (U),0
0,15,84,141,0,19.4,137.2,4.734252200661958,13.28523854202558,965,.97359997,.1724,.0144,1,24.68468759851558,West Germany (U),Founded after 1945 (U),0
0,15,84,141,0,19.6,152.39999,5.910407146612593,10.03608861963718,1065,1.0650001,.315,.0146,2,30.76214314261971,West Germany (U),Founded after 1945 (U),0
0,17,84,141,0,8.199999999999999,21.6,.3837453851242255,2.785667769077266,621.79999,.70920002,.012399999,.001,1,24.68468759851558,West Germany (U),Founded after 1945 (U),0
0,17,84,141,0,8.6,19.6,.2215710836368152,2.364969027260483,524.40002,.58659995,.015800001,.0040000002,2,30.76214314261971,West Germany (U),Founded after 1945 (U),0
0,18,84,141,0,11.6,14,.2113074433594665,2.750991079226524,218.60001,.25139999,.0016000001,.0026,1,24.68468759851558,West Germany (U),Founded after 1945 (U),0
0,18,84,141,0,12.4,29.6,1.422722991113672,2.145339317200559,199.8,.2186,.0016000001,.0024000001,2,30.76214314261971,West Germany (U),Founded after 1945 (U),0
0,20,84,141,0,10,26.4,.4773821467290231,2.889670163297944,943.20001,1.0322,.0082,.0022,1,24.68468759851558,West Germany (U),Founded after 1945 (U),0
0,20,84,141,0,10.4,37.200001,.4723230144846408,2.236067636580374,916.40002,.98159999,.0162,.0014,2,30.76214314261971,West Germany (U),Founded after 1945 (U),0
0,21,84,141,0,10.6,67,2.659116013837226,5.574242723106756,264.79999,.26479998,1.2164,.066399999,1,24.68468759851558,West Germany (U),Founded after 1945 (U),0
0,21,84,141,0,13.4,71.800003,2.925610050402808,5.552685366524177,500,.5,2.2996001,.065199994,2,30.76214314261971,West Germany (U),Founded after 1945 (U),0
0,22,84,141,0,12.8,23.4,.4065789162499993,3.277910827126269,1443.8,1.7961999,.003,.0054000001,1,24.68468759851558,West Germany (U),Founded after 1945 (U),0
0,22,84,141,0,12,23.6,.4491777959108827,2.815952124695465,1380.6,1.636,.0099999998,.0018,2,30.76214314261971,West Germany (U),Founded after 1945 (U),0
0,23,84,141,0,18.2,42.599998,1.234362740763295,5.218429978282109,1041.8,1.2096,.0134,.0032000002,1,24.68468759851558,West Germany (U),Founded after 1945 (U),0
0,23,84,141,0,21.25,55,1.990174482455536,4.521617470839472,1286,1.409,.019200001,.0052,2,30.76214314261971,West Germany (U),Founded after 1945 (U),0
0,24,84,141,0,0,2,0,,,0,.014,0,2,30.76214314261971,West Germany (U),Founded after 1945 (U),0
0,25,84,141,0,5,28.333334,0,,66.800003,.066800006,.22760001,.0148,1,24.68468759851558,West Germany (U),Founded after 1945 (U),0
0,25,84,141,0,2.75,13.75,0,,505.60001,.50560004,.2552,.0088,2,30.76214314261971,West Germany (U),Founded after 1945 (U),0
0,26,84,141,0,0,2.5,.0029244629236801,.0129283919861747,,0,0,0,1,24.68468759851558,West Germany (U),Founded after 1945 (U),0
0,26,84,141,0,0,,0,.000228218375828,,0,0,0,2,30.76214314261971,West Germany (U),Founded after 1945 (U),0
0,27,84,141,0,11.2,17.200001,.3582442173103478,2.240173056654821,121.6,.1628,.0016000001,.0026,1,24.68468759851558,West Germany (U),Founded after 1945 (U),0
0,27,84,141,0,10.6,20.4,.7729924496988072,1.584035387015126,136.60001,.16319999,.0016000001,.0024000001,2,30.76214314261971,West Germany (U),Founded after 1945 (U),0
0,28,84,141,0,0,,0,1.634812,,0,.0020000001,0,2,30.76214314261971,West Germany (U),Founded after 1945 (U),0
0,29,84,141,0,4.2,6.8000002,.0881174736476673,1.144490996183936,494.60001,.4946,.00020000001,0,1,24.68468759851558,West Germany (U),Founded after 1945 (U),0
0,29,84,141,0,6,4.4000001,.0506387334010969,1.056042192475078,313,.31299999,.00040000002,0,2,30.76214314261971,West Germany (U),Founded after 1945 (U),0
0,31,84,141,0,22.6,180.8,7.934549396132931,14.31625454762087,1263.6,1.2636,1.3488001,.087199993,1,24.68468759851558,West Germany (U),Founded after 1945 (U),0
0,31,84,141,0,23.2,239,12.58877041345917,11.54372995000306,3079.6001,3.0796001,2.5681999,.13680001,2,30.76214314261971,West Germany (U),Founded after 1945 (U),0
0,32,84,141,0,17.2,50.400002,.9597060313142363,4.873805998111925,402,.49220002,.5122,.0484,1,24.68468759851558,West Germany (U),Founded after 1945 (U),0
0,32,84,141,0,16.4,50.200001,1.539196974002118,3.411446655484456,459.20001,.51099998,.78799999,.0502,2,30.76214314261971,West Germany (U),Founded after 1945 (U),0
0,34,84,141,0,1,3.4000001,.032778014925482,.2206140887723153,107,.107,.001,.00040000002,1,24.68468759851558,West Germany (U),Founded after 1945 (U),0
0,34,84,141,0,0,.5,0,.0462314496628314,4.1999998,.0041999999,.00080000004,.00060000003,2,30.76214314261971,West Germany (U),Founded after 1945 (U),0
0,35,84,141,0,0,0,0,,,0,.27200001,.024,2,30.76214314261971,West Germany (U),Founded after 1945 (U),0
0,36,84,141,0,9.800000000000001,20.6,.6796101760615227,2.21916450418141,408.20001,.43960002,.0048000002,.00020000001,1,24.68468759851558,West Germany (U),Founded after 1945 (U),0
0,36,84,141,0,9.6,25.4,.660139766973087,2.286113039661569,422,.43960002,.015600001,.0074,2,30.76214314261971,West Germany (U),Founded after 1945 (U),0
0,37,84,141,0,21.4,155.8,7.439436729052136,10.29752412553335,484.60001,.50580001,6.9956002,.4102,1,24.68468759851558,West Germany (U),Founded after 1945 (U),0
0,37,84,141,0,22,145.39999,8.916476451633178,10.05508797053308,464.79999,.47279999,12.9558,.48839998,2,30.76214314261971,West Germany (U),Founded after 1945 (U),0
0,38,84,141,0,3,5.25,0,,285.75,.28650001,.017750001,.0049999999,1,24.68468759851558,West Germany (U),Founded after 1945 (U),0
0,38,84,141,0,4.5,8,0,,80.800003,.080800004,.066,.0083999997,2,30.76214314261971,West Germany (U),Founded after 1945 (U),0
0,39,84,141,0,9.199999999999999,63.799999,3.518142975876051,4.66936463623879,848.59998,.84859997,.53399998,.030200001,1,24.68468759851558,West Germany (U),Founded after 1945 (U),0
0,39,84,141,0,10,68.800003,2.88183575982909,3.95632302994812,691.59998,.69159997,1.288,.057,2,30.76214314261971,West Germany (U),Founded after 1945 (U),0
0,40,84,141,0,0,,0,,22.799999,.022799999,.0016000001,0,1,24.68468759851558,West Germany (U),Founded after 1945 (U),0
0,41,84,141,0,1,20.5,0,.0406120373375122,,0,0,0,1,24.68468759851558,West Germany (U),Founded after 1945 (U),0
0,41,84,141,0,0,0,0,,22.5,.022500001,0,0,2,30.76214314261971,West Germany (U),Founded after 1945 (U),0
0,42,84,141,0,22.4,64.400002,.8806687262910015,6.87353470399237,3424.2,3.4524,.0032000002,.0012000001,1,24.68468759851558,West Germany (U),Founded after 1945 (U),0
0,42,84,141,0,26.6,83.400002,1.275353899470316,6.399900360936735,2692.6001,2.6968,.0074,.0020000001,2,30.76214314261971,West Germany (U),Founded after 1945 (U),0
0,43,84,141,0,1,2,0,,,0,0,0,1,24.68468759851558,West Germany (U),Founded after 1945 (U),0
0,43,84,141,0,1,2.6666667,0,,,0,0,0,2,30.76214314261971,West Germany (U),Founded after 1945 (U),0
0,44,84,141,0,7,15.4,.1774772652090571,2.359912330033983,476.79999,.64099997,.003,.0054000001,1,24.68468759851558,West Germany (U),Founded after 1945 (U),0
0,44,84,141,0,7.4,16.799999,.1695760995129304,2.013908189614593,630,.70179999,.0099999998,.0018,2,30.76214314261971,West Germany (U),Founded after 1945 (U),0
0,45,84,141,0,3,11,.3693871334707156,1.453050413980184,207.60001,.2228,.003,.0054000001,1,24.68468759851558,West Germany (U),Founded after 1945 (U),0
0,45,84,141,0,2.8,6.4000001,.2069407628136531,1.018399299096171,210,.21880001,.0099999998,.0018,2,30.76214314261971,West Germany (U),Founded after 1945 (U),0
0,47,84,141,0,1,0,0,,,0,.003,0,2,30.76214314261971,West Germany (U),Founded after 1945 (U),0
0,48,84,141,0,14,29.799999,1.222022605579422,4.140782837100427,1616.4,1.6954,.017999999,.0035999999,1,24.68468759851558,West Germany (U),Founded after 1945 (U),0
0,48,84,141,0,15,50.400002,1.721597618999039,4.083126032882745,1281.4,1.3276,.031600002,.0041999999,2,30.76214314261971,West Germany (U),Founded after 1945 (U),0
0,49,84,141,0,6.6,29.200001,.6237231212454211,3.070307443091776,794.59998,1.0381999,0,0,1,24.68468759851558,West Germany (U),Founded after 1945 (U),0
0,49,84,141,0,5.8,30.4,.6382008059055524,2.913150226532965,797.40002,.87459999,.0018,0,2,30.76214314261971,West Germany (U),Founded after 1945 (U),0
0,50,84,141,0,0,10,.0722451462704388,.7302184868732929,,0,0,0,1,24.68468759851558,West Germany (U),Founded after 1945 (U),0
0,50,84,141,0,2.4,4.1999998,.1684087403647096,1.627024998089447,348.25,.34825,0,0,2,30.76214314261971,West Germany (U),Founded after 1945 (U),0
0,56,84,141,0,21,92.599998,1.850676454024449,8.130997002634022,3706,3.8988001,.034200002,.0027999999,1,24.68468759851558,West Germany (U),Founded after 1945 (U),0
0,56,84,141,0,23.6,122.2,2.371325938866771,8.289519108788104,3174,3.1883998,.1048,.0138,2,30.76214314261971,West Germany (U),Founded after 1945 (U),0
0,3,85,132,0,4.4,11.4,.1527088657329565,5.182221578344451,182.39999,.18239999,.0012000001,.0020000001,1,23.39858655520753,West Germany (U),Founded before 1945 (U),0
0,3,85,132,0,8.4,50,.5170518809447454,5.066355612835554,269.60001,.2696,.0027999999,.003,2,49.69093989489483,West Germany (U),Founded before 1945 (U),0
0,4,85,132,0,3.2,9.1999998,.0670693706732693,1.3109567536778,17.4,.097599998,.001,0,1,23.39858655520753,West Germany (U),Founded before 1945 (U),0
0,4,85,132,0,4.2,11.8,.1727250199839567,1.088119720896888,22.6,.15099999,.001,.0012000001,2,49.69093989489483,West Germany (U),Founded before 1945 (U),0
0,5,85,132,0,5.6,17.6,.0246898163879239,2.229343402665966,696.20001,1.25,.0058000004,.003,1,23.39858655520753,West Germany (U),Founded before 1945 (U),0
0,5,85,132,0,6.2,29.799999,.0732069418805197,1.831937341642242,703.20001,1.4394001,.0098000001,.0048000002,2,49.69093989489483,West Germany (U),Founded before 1945 (U),0
0,7,85,132,1,9.800000000000001,34.799999,2.120182510554923,5.891073748781998,476,.47600001,.0058000004,.003,1,23.39858655520753,West Germany (U),Founded before 1945 (U),0
0,7,85,132,1,12,18.799999,2.797565979688854,5.366786404238589,550.79999,.55120003,.0098000001,.0048000002,2,49.69093989489483,West Germany (U),Founded before 1945 (U),1
1,12,85,132,1,25,199,11.22621592009998,18.31007850965819,732.79999,.92079997,12.670401,.296,1,23.39858655520753,West Germany (U),Founded before 1945 (U),0
1,12,85,132,1,28.2,307.60001,18.26662389014991,11.12295681008185,667.40002,.83679998,19.946199,.4278,2,49.69093989489483,West Germany (U),Founded before 1945 (U),1
1,13,85,132,1,17.2,147.39999,5.661586390849594,12.29377810934797,443.20001,.49779999,4.6272001,.14860001,1,23.39858655520753,West Germany (U),Founded before 1945 (U),0
1,13,85,132,0,15.8,167.60001,7.038997135776868,10.78323539614936,406.79999,.50739998,8.9350004,.20100001,2,49.69093989489483,West Germany (U),Founded before 1945 (U),1
0,17,85,132,0,3.8,9.1999998,.1119059116687351,1.142590302573139,344,.36300001,.0118,.0012000001,1,23.39858655520753,West Germany (U),Founded before 1945 (U),0
0,17,85,132,0,2.6,15.2,.1851515993072702,.8548191297714882,392.60001,.41839999,.056599997,.0038000001,2,49.69093989489483,West Germany (U),Founded before 1945 (U),0
0,18,85,132,0,14.6,27.6,.4820951296774693,4.636808734338893,377.79999,.4136,.0016000001,.0034,1,23.39858655520753,West Germany (U),Founded before 1945 (U),0
0,18,85,132,0,15,29.6,.9867712966596025,3.849323489717742,365.60001,.43099999,.0027999999,.0022,2,49.69093989489483,West Germany (U),Founded before 1945 (U),0
0,20,85,132,0,4.4,14.2,.3347564664761651,1.61713967073193,257.39999,.33199999,.016000001,.0018,1,23.39858655520753,West Germany (U),Founded before 1945 (U),0
0,20,85,132,0,5.2,30.799999,.8924846943643403,1.592134940154761,324,.4294,.042799998,.0049999999,2,49.69093989489483,West Germany (U),Founded before 1945 (U),0
0,21,85,132,0,9.800000000000001,33.200001,1.572910801565785,3.81353675400753,138,.138,1.4226,.069199994,1,23.39858655520753,West Germany (U),Founded before 1945 (U),0
0,21,85,132,0,8,32.599998,1.374887866152759,2.952517393081804,224.60001,.2246,3.1011999,.082999997,2,49.69093989489483,West Germany (U),Founded before 1945 (U),0
0,22,85,132,0,12.2,27.6,.6089222445773443,4.017167340596494,949.79999,1.5114,.0058000004,.003,1,23.39858655520753,West Germany (U),Founded before 1945 (U),0
0,22,85,132,0,7.8,38.400002,.5369697344579352,2.844768587368146,674,1.3718001,.0098000001,.0048000002,2,49.69093989489483,West Germany (U),Founded before 1945 (U),0
0,23,85,132,0,14.6,30.4,.6898688344426468,4.046378807964635,510,.69059998,.0104,.0027999999,1,23.39858655520753,West Germany (U),Founded before 1945 (U),0
0,23,85,132,0,21.8,94.199997,1.631112600917877,4.348182165910575,663.79999,1.08,.0272,.0040000002,2,49.69093989489483,West Germany (U),Founded before 1945 (U),0
0,24,85,132,0,0,,0,.0343480843415232,,0,.0049999999,.00050000002,1,23.39858655520753,West Germany (U),Founded before 1945 (U),0
0,25,85,132,0,3.8,12.8,.1862528152706363,1.05044017892804,417.39999,.42139998,.106,.010199999,1,23.39858655520753,West Germany (U),Founded before 1945 (U),0
0,25,85,132,0,10.4,52.200001,1.738419904621981,2.534603574008319,478.39999,.49060002,.1402,.0118,2,49.69093989489483,West Germany (U),Founded before 1945 (U),0
0,28,85,132,0,2,3.5999999,.1551428778691114,.4922386282366806,369,.36899999,.0026,.00080000004,1,23.39858655520753,West Germany (U),Founded before 1945 (U),0
0,28,85,132,0,2.2,5,.0533055292372795,.32262691620518,298.39999,.29839998,.0024000001,.001,2,49.69093989489483,West Germany (U),Founded before 1945 (U),0
0,29,85,132,0,6.2,6.8000002,.2134114309890179,1.4714261213077,438,.4404,0,0,1,23.39858655520753,West Germany (U),Founded before 1945 (U),0
0,29,85,132,0,6.4,9.8000002,.2112707004005168,.7862279578433859,399,.4014,.00020000001,0,2,49.69093989489483,West Germany (U),Founded before 1945 (U),0
0,32,85,132,1,18.8,53.799999,4.473470109526536,9.33955748774933,414.79999,.65179998,.82319999,.048799999,1,23.39858655520753,West Germany (U),Founded before 1945 (U),0
1,32,85,132,1,14.2,32.400002,.495013191135718,3.710280797240054,533.40002,.79820001,1.2758,.045400001,2,49.69093989489483,West Germany (U),Founded before 1945 (U),1
0,33,85,132,0,8,62.200001,0,.0147223814464316,,0,0,0,1,23.39858655520753,West Germany (U),Founded before 1945 (U),0
0,33,85,132,0,8,89.800003,7.363734677915878,6.891039537467551,,0,0,0,2,49.69093989489483,West Germany (U),Founded before 1945 (U),0
0,34,85,132,0,2,4.4000001,.0431085195694102,.4941317204552301,129,.1356,.00020000001,.00060000003,1,23.39858655520753,West Germany (U),Founded before 1945 (U),0
0,34,85,132,0,2.2,4.1999998,.0223912327295176,.5421010299604604,122.2,.1256,.0020000001,.001,2,49.69093989489483,West Germany (U),Founded before 1945 (U),0
0,35,85,132,0,6,44.200001,1.176068480685456,3.360120861860108,410.39999,.4104,.37039998,.0099999998,1,23.39858655520753,West Germany (U),Founded before 1945 (U),0
0,35,85,132,0,7.2,59.599998,1.191765363919179,3.393052923483485,409.20001,.40920001,.69819999,.0076000001,2,49.69093989489483,West Germany (U),Founded before 1945 (U),0
0,36,85,132,0,4.6,9.6000004,.3194883767751635,1.502970033793112,296.39999,.3238,.0054000001,.0016000001,1,23.39858655520753,West Germany (U),Founded before 1945 (U),0
0,36,85,132,0,6.6,17.799999,.1658425657507012,1.554141873846569,367.20001,.42179999,.0262,.0049999999,2,49.69093989489483,West Germany (U),Founded before 1945 (U),0
1,37,85,132,1,31.2,191,11.2052709343915,15.83836556117746,1073.8,1.1092,11.3352,.34939998,1,23.39858655520753,West Germany (U),Founded before 1945 (U),0
1,37,85,132,1,32.6,302.60001,14.12108086254139,16.27055828949797,1157.2,1.2256,18.711,.56879997,2,49.69093989489483,West Germany (U),Founded before 1945 (U),1
0,38,85,132,0,3.8,12.8,.2708791578464598,1.164767543323026,663.40002,.73259997,.043599997,.0060000001,1,23.39858655520753,West Germany (U),Founded before 1945 (U),0
0,38,85,132,0,6,17,.1614102002795389,1.184246462624325,587.40002,.68400002,.1182,.0086000003,2,49.69093989489483,West Germany (U),Founded before 1945 (U),0
1,39,85,132,0,7.8,36.200001,1.287600398269881,2.913783125375525,563.20001,.5654,.61320001,.031399999,1,23.39858655520753,West Germany (U),Founded before 1945 (U),0
0,39,85,132,0,11,57.599998,1.442554810817303,2.736830002656031,578.59998,.58559996,1.4094,.0638,2,49.69093989489483,West Germany (U),Founded before 1945 (U),0
0,41,85,132,0,.6,2.2,0,.1101316693184904,,0,0,0,1,23.39858655520753,West Germany (U),Founded before 1945 (U),0
0,41,85,132,0,0,.66666669,.9577040061872424,.2561734393614558,,0,0,0,2,49.69093989489483,West Germany (U),Founded before 1945 (U),0
1,42,85,132,0,17.4,43.799999,.9328122775721571,6.37047580759817,1858.4,1.8584,.0099999998,.001,1,23.39858655520753,West Germany (U),Founded before 1945 (U),0
0,42,85,132,0,20.4,66.199997,1.066575711605328,5.934136602033878,1729.6,1.7296,.032400001,.0018,2,49.69093989489483,West Germany (U),Founded before 1945 (U),0
0,43,85,132,0,7.2,25.799999,0,,88.5,.088500001,0,0,1,23.39858655520753,West Germany (U),Founded before 1945 (U),0
0,43,85,132,0,8.4,21.799999,0,,163.8,.1638,0,0,2,49.69093989489483,West Germany (U),Founded before 1945 (U),0
0,44,85,132,0,4.8,10.4,.1319285312502123,2.388143655839789,623.20001,.85620004,.0058000004,.003,1,23.39858655520753,West Germany (U),Founded before 1945 (U),0
0,44,85,132,0,5,22.799999,.1285967224771565,1.916045346193992,538,.93520004,.0098000001,.0048000002,2,49.69093989489483,West Germany (U),Founded before 1945 (U),0
0,45,85,132,1,2,2,.0051269304997648,.8934825730005587,159,.1612,.0058000004,.003,1,23.39858655520753,West Germany (U),Founded before 1945 (U),0
0,45,85,132,1,2,7,.0071352642806736,.8034985457014995,263.60001,.26879999,.0098000001,.0048000002,2,49.69093989489483,West Germany (U),Founded before 1945 (U),1
0,46,85,132,0,0,,0,,0,0,0,0,1,23.39858655520753,West Germany (U),Founded before 1945 (U),0
0,46,85,132,0,0,,0,,0,0,0,0,2,49.69093989489483,West Germany (U),Founded before 1945 (U),0
0,47,85,132,0,1,8.8000002,.427771900065103,.452200743484483,59.799999,.068599999,.0020000001,0,1,23.39858655520753,West Germany (U),Founded before 1945 (U),0
0,47,85,132,0,1,14.6,.4960175096707189,.5036990557723002,47.799999,.1312,.0055999998,0,2,49.69093989489483,West Germany (U),Founded before 1945 (U),0
0,48,85,132,0,4.2,8,.1328630144843094,1.345740033653638,446.60001,.44660002,.033400003,.0061999997,1,23.39858655520753,West Germany (U),Founded before 1945 (U),0
0,48,85,132,0,6.8,29.200001,.2586036603449882,1.095201978103239,441.79999,.4418,.059799999,.0088,2,49.69093989489483,West Germany (U),Founded before 1945 (U),0
0,49,85,132,0,2.6,14,.2812155800035222,2.246512388779123,254.60001,.40120003,.0012000001,0,1,23.39858655520753,West Germany (U),Founded before 1945 (U),0
0,49,85,132,0,2.4,23.6,.511520790129772,1.895099324004483,198.39999,.37939999,.0016000001,0,2,49.69093989489483,West Germany (U),Founded before 1945 (U),0
0,50,85,132,0,.2,.40000001,.4611078662045099,.2811388431037379,,0,0,0,1,23.39858655520753,West Germany (U),Founded before 1945 (U),0
0,50,85,132,0,0,38.799999,5.61973849249227,.4178189490820048,18,.017999999,0,0,2,49.69093989489483,West Germany (U),Founded before 1945 (U),0
0,53,85,132,0,0,,0,.522162162123,,0,.018999999,.0049999999,1,23.39858655520753,West Germany (U),Founded before 1945 (U),0
0,56,85,132,0,9,29.200001,.668167082907832,4.093784568270342,1408.8,1.4088,.095600002,.0134,1,23.39858655520753,West Germany (U),Founded before 1945 (U),0
0,56,85,132,0,9.800000000000001,36.599998,.4418899538077459,2.660565333526096,968.20001,.96820003,.27520001,.0254,2,49.69093989489483,West Germany (U),Founded before 1945 (U),0
0,4,86,144,0,0,0,0,,,0,0,0,1,5.295498150637085,East Germany (U),Founded before 1945 (U),0
0,5,86,144,0,0,0,0,,,0,0,0,1,5.295498150637085,East Germany (U),Founded before 1945 (U),0
0,7,86,144,0,0,0,0,,,0,0,0,1,5.295498150637085,East Germany (U),Founded before 1945 (U),0
0,9,86,144,0,18.4,96.800003,4.842902285677279,7.047197461959421,267.39999,.2674,.023200002,.0086000003,1,5.295498150637085,East Germany (U),Founded before 1945 (U),0
0,9,86,144,0,15.4,141,7.682250932491685,6.78756598108374,449.39999,.44940001,.057400003,.0136,2,8.63831405196111,East Germany (U),Founded before 1945 (U),0
0,12,86,144,0,2.2,14.8,0,.5057208236883696,,0,.0504,.0048000002,1,5.295498150637085,East Germany (U),Founded before 1945 (U),0
0,12,86,144,0,1,11,0,,,0,.077,.0040000002,2,8.63831405196111,East Germany (U),Founded before 1945 (U),0
0,13,86,144,0,8.4,54.599998,1.795862277135711,3.839554539935782,124.4,.1244,.3924,.035599999,1,5.295498150637085,East Germany (U),Founded before 1945 (U),0
0,13,86,144,0,8.4,82.199997,2.856577552108044,3.340578374339661,199.39999,.19939999,.79120004,.061799999,2,8.63831405196111,East Germany (U),Founded before 1945 (U),0
0,15,86,144,0,3.2,18.4,.301047856168295,1.505070850856195,1,.001,.0080000004,0,1,5.295498150637085,East Germany (U),Founded before 1945 (U),0
0,15,86,144,0,2,12.8,.4250376242067895,1.010859798184755,,0,.0086000003,0,2,8.63831405196111,East Germany (U),Founded before 1945 (U),0
0,20,86,144,0,0,,0,,259.79999,.25979999,.0027999999,0,1,5.295498150637085,East Germany (U),Founded before 1945 (U),0
0,20,86,144,0,0,,0,,247.39999,.2474,.0126,.001,2,8.63831405196111,East Germany (U),Founded before 1945 (U),0
0,21,86,144,0,10.2,53,2.474487819530818,5.243374984206211,351.60001,.35159999,.32079998,.029999999,1,5.295498150637085,East Germany (U),Founded before 1945 (U),0
0,21,86,144,0,10,68.400002,2.171438411340779,5.172482846249571,442,.442,.80240005,.044400003,2,8.63831405196111,East Germany (U),Founded before 1945 (U),0
0,22,86,144,0,0,0,0,,,0,0,0,1,5.295498150637085,East Germany (U),Founded before 1945 (U),0
0,23,86,144,0,0,0,0,,57.5,.057500001,.0037499999,.001,1,5.295498150637085,East Germany (U),Founded before 1945 (U),0
0,25,86,144,0,3.4,10.2,.1005985965644885,.8703714031964719,56,.056000002,.023600001,.0070000002,1,5.295498150637085,East Germany (U),Founded before 1945 (U),0
0,25,86,144,0,4,10.8,.2481263336896788,.8898763881853669,71.599998,.071599998,.048599999,.0064000003,2,8.63831405196111,East Germany (U),Founded before 1945 (U),0
0,26,86,144,0,0,,0,,1,.001,0,0,1,5.295498150637085,East Germany (U),Founded before 1945 (U),0
0,26,86,144,0,1,10,0,.5606601369685948,,0,0,0,2,8.63831405196111,East Germany (U),Founded before 1945 (U),0
0,31,86,144,0,25.2,174.8,10.30717138517472,9.75659069234071,987.20001,.98720002,.32079998,.053799998,1,5.295498150637085,East Germany (U),Founded before 1945 (U),0
0,31,86,144,0,20.2,314.60001,22.16392232631088,7.685629774251132,1460,1.46,.6552,.065400004,2,8.63831405196111,East Germany (U),Founded before 1945 (U),0
0,32,86,144,0,9,23.4,.2881670124560129,2.374414747326404,300.39999,.30039999,.075400002,.0098000001,1,5.295498150637085,East Germany (U),Founded before 1945 (U),0
0,32,86,144,0,8.800000000000001,24.799999,.1167659355100579,2.217292953235812,215,.215,.1434,.012,2,8.63831405196111,East Germany (U),Founded before 1945 (U),0
0,33,86,144,0,0,1,0,,180.8,.18080001,0,0,1,5.295498150637085,East Germany (U),Founded before 1945 (U),0
0,33,86,144,0,0,,0,,213.60001,.21360001,0,0,2,8.63831405196111,East Germany (U),Founded before 1945 (U),0
0,37,86,144,0,3.8,23,.5143360534764418,1.500290739704199,.33333334,.00033333333,.33020002,.0306,1,5.295498150637085,East Germany (U),Founded before 1945 (U),0
0,37,86,144,0,3.6,41.599998,1.100956219599308,1.48080244660704,9,.0089999996,.51540005,.0352,2,8.63831405196111,East Germany (U),Founded before 1945 (U),0
0,40,86,144,0,0,0,0,,,0,.0040000002,.00050000002,1,5.295498150637085,East Germany (U),Founded before 1945 (U),0
0,41,86,144,0,0,0,0,,36.25,.036249999,0,0,1,5.295498150637085,East Germany (U),Founded before 1945 (U),0
0,41,86,144,0,0,,0,,70.800003,.070800006,0,0,2,8.63831405196111,East Germany (U),Founded before 1945 (U),0
0,42,86,144,0,0,0,0,,,0,0,0,1,5.295498150637085,East Germany (U),Founded before 1945 (U),0
0,42,86,144,0,0,,0,,5.3333335,.0053333333,0,0,2,8.63831405196111,East Germany (U),Founded before 1945 (U),0
0,45,86,144,0,0,0,0,,,0,0,0,1,5.295498150637085,East Germany (U),Founded before 1945 (U),0
0,50,86,144,0,0,0,0,,,0,0,0,1,5.295498150637085,East Germany (U),Founded before 1945 (U),0
0,51,86,144,0,0,0,0,,99.5,.0995,.00075000001,0,1,5.295498150637085,East Germany (U),Founded before 1945 (U),0
0,51,86,144,0,0,,0,,188.2,.1882,.0014,0,2,8.63831405196111,East Germany (U),Founded before 1945 (U),0
0,53,86,144,0,0,0,0,,,0,0,0,1,5.295498150637085,East Germany (U),Founded before 1945 (U),0
0,54,86,144,0,0,,0,,323.5,.32350001,.0065000001,.001,2,8.63831405196111,East Germany (U),Founded before 1945 (U),0
0,55,86,144,0,0,,0,,134.39999,.1344,0,0,1,5.295498150637085,East Germany (U),Founded before 1945 (U),0
0,55,86,144,0,0,,.0319438085278895,0,288.60001,.2886,0,0,2,8.63831405196111,East Germany (U),Founded before 1945 (U),0
0,56,86,144,0,15.4,41.200001,.5203232025989409,3.543963708602934,1127,1.127,.0138,.0035999999,1,5.295498150637085,East Germany (U),Founded before 1945 (U),0
0,56,86,144,0,15,62.400002,.9420939064213507,3.57297321897297,826.20001,.82620001,.057,.0041999999,2,8.63831405196111,East Germany (U),Founded before 1945 (U),0
0,2,87,134,0,5.6,27.6,1.528292833633283,3.194848407212804,459,.48920003,.36560002,.034200002,1,26.86231254447148,East Germany (U),Founded before 1945 (U),0
0,2,87,134,0,3.25,24.5,.77768731351874,1.686520338934044,464.66666,.46466666,.73874998,.033,2,39.38558058711514,East Germany (U),Founded before 1945 (U),0
0,3,87,134,0,5.4,12,.1160183066108612,.8630334107869736,284,.28400001,0,0,1,26.86231254447148,East Germany (U),Founded before 1945 (U),0
0,3,87,134,0,3.2,5.1999998,.088598279312061,.5375905067546894,308.75,.30875,.00060000003,.00080000004,2,39.38558058711514,East Germany (U),Founded before 1945 (U),0
0,4,87,134,0,.2,0,0,.0617933687895687,0,.0020000001,0,0,1,26.86231254447148,East Germany (U),Founded before 1945 (U),0
0,4,87,134,0,0,0,0,0,,0,0,0,2,39.38558058711514,East Germany (U),Founded before 1945 (U),0
0,5,87,134,0,.4,.40000001,.065885374658999,.3195132600227615,22.6,.060200002,.0074,.0041999999,1,26.86231254447148,East Germany (U),Founded before 1945 (U),0
0,5,87,134,0,1.666666666666667,1.3333334,0,.258645153315974,4.4000001,.0068000001,.0112,.0034,2,39.38558058711514,East Germany (U),Founded before 1945 (U),0
0,6,87,134,0,18,87.199997,1.210929357934144,8.1144673624036,2080.2,2.1389999,0,0,1,26.86231254447148,East Germany (U),Founded before 1945 (U),0
0,6,87,134,0,21.8,84.599998,2.041589903993807,6.233527867350624,1475.2,1.4751999,0,.00040000002,2,39.38558058711514,East Germany (U),Founded before 1945 (U),0
0,7,87,134,0,0,0,0,,,0,.003,.0055,1,26.86231254447148,East Germany (U),Founded before 1945 (U),0
0,7,87,134,0,0,0,0,,,0,.0070000002,.0060000001,2,39.38558058711514,East Germany (U),Founded before 1945 (U),0
0,8,87,134,0,9.4,46.799999,1.142441670022784,5.793084543621109,1081.4,1.163,.0061999997,.001,1,26.86231254447148,East Germany (U),Founded before 1945 (U),0
0,8,87,134,0,10.8,53.599998,1.842094848901043,4.192595899367182,676.79999,.741,.023399999,.0035999999,2,39.38558058711514,East Germany (U),Founded before 1945 (U),0
0,9,87,134,0,1,1.5,.0753557601679983,.2178443357076381,2.4000001,.0024000001,.056000002,.0016000001,1,26.86231254447148,East Germany (U),Founded before 1945 (U),0
0,9,87,134,0,0,.5,0,.1856684292623538,,0,.0405,.001,2,39.38558058711514,East Germany (U),Founded before 1945 (U),0
0,10,87,134,0,.8,.80000001,.0614679123681853,.3806106038880113,558,.55800003,.0034,.00040000002,1,26.86231254447148,East Germany (U),Founded before 1945 (U),0
0,10,87,134,0,1,2,.0007804370446256,.3148404393644542,452,.45199999,.0055,0,2,39.38558058711514,East Germany (U),Founded before 1945 (U),0
0,11,87,134,0,0,0,0,,,0,0,0,2,39.38558058711514,East Germany (U),Founded before 1945 (U),0
0,12,87,134,0,7,22,.3560947445985843,1.874493229783823,496.20001,.57980001,2.1494,.059,1,26.86231254447148,East Germany (U),Founded before 1945 (U),0
0,12,87,134,0,1.2,.60000002,.0246796406952089,.2660147239996026,359,.36899999,3.1138,.088199995,2,39.38558058711514,East Germany (U),Founded before 1945 (U),0
0,13,87,134,1,20.6,143.60001,5.21921792556577,8.719368356710856,672,.7148,4.5440001,.123,1,26.86231254447148,East Germany (U),Founded before 1945 (U),0
0,13,87,134,1,23,179.2,12.28082187598772,6.454926556350504,747.59998,.764,6.7596002,.15460001,2,39.38558058711514,East Germany (U),Founded before 1945 (U),1
0,14,87,134,0,0,,0,,45.666668,.045666669,0,0,1,26.86231254447148,East Germany (U),Founded before 1945 (U),0
0,14,87,134,0,0,0,0,,20.333334,.020333335,.00066666666,0,2,39.38558058711514,East Germany (U),Founded before 1945 (U),0
0,15,87,134,0,23,144.2,7.624366338461275,9.946902699599411,1182.6,1.214,.38979998,.034400001,1,26.86231254447148,East Germany (U),Founded before 1945 (U),0
0,15,87,134,0,27.2,182.60001,10.3976396616953,9.613284346895632,1395,1.4272,.8628,.064800002,2,39.38558058711514,East Germany (U),Founded before 1945 (U),0
0,16,87,134,0,.4,1,.004324324324,.3344886685240709,13.2,.1798,.060599998,.0038000001,1,26.86231254447148,East Germany (U),Founded before 1945 (U),0
0,16,87,134,0,1.75,5,.0392449018433659,.4508650061181625,0,.14033332,.10625,.0077499999,2,39.38558058711514,East Germany (U),Founded before 1945 (U),0
0,17,87,134,0,17.4,21.6,.2041017588785605,3.512386828459691,439.20001,.43920001,.0064000003,.0018,1,26.86231254447148,East Germany (U),Founded before 1945 (U),0
0,17,87,134,0,10,18.6,.2447267981733359,1.580263777434522,207.39999,.20739999,.014,.00080000004,2,39.38558058711514,East Germany (U),Founded before 1945 (U),0
0,20,87,134,0,0,,0,,5.1999998,.0154,.0035999999,0,1,26.86231254447148,East Germany (U),Founded before 1945 (U),0
0,20,87,134,0,0,0,0,,2.5999999,.0041999999,.012,.001,2,39.38558058711514,East Germany (U),Founded before 1945 (U),0
0,21,87,134,0,10.8,32.400002,.7352791153819676,3.732018826285907,372.20001,.37220001,.55720001,.0414,1,26.86231254447148,East Germany (U),Founded before 1945 (U),0
0,21,87,134,0,7,17.4,.6419465016171445,2.330180739836238,158.8,.15880001,1.2358,.043000001,2,39.38558058711514,East Germany (U),Founded before 1945 (U),0
0,22,87,134,0,2.4,8.3999996,.3443229024492719,1.694471650675673,1089,1.52,.0074,.0041999999,1,26.86231254447148,East Germany (U),Founded before 1945 (U),0
0,22,87,134,0,7,9,.0127858184119899,1.475389149298533,406.79999,.51959997,.0112,.0034,2,39.38558058711514,East Germany (U),Founded before 1945 (U),0
0,23,87,134,0,10.2,19.6,.5696358860370064,2.128636610987012,553.20001,.85759997,.0083999997,.0055999998,1,26.86231254447148,East Germany (U),Founded before 1945 (U),0
0,23,87,134,0,10.2,12,.7053438033559714,1.778431606962492,363.20001,.47579998,.0093999999,.0046000001,2,39.38558058711514,East Germany (U),Founded before 1945 (U),0
0,24,87,134,0,0,0,0,,,0,.016000001,.0024999999,1,26.86231254447148,East Germany (U),Founded before 1945 (U),0
0,25,87,134,0,19,145.2,5.755791575651338,10.44774747681149,2592,2.592,.29120001,.023399999,1,26.86231254447148,East Germany (U),Founded before 1945 (U),0
0,25,87,134,0,24.2,307,19.46563331866349,7.333401667427341,1918.8,1.9188,.43520001,.044599999,2,39.38558058711514,East Germany (U),Founded before 1945 (U),0
0,26,87,134,0,9.800000000000001,57.799999,3.809791454064102,5.087650463734681,14.2,.17919999,0,0,1,26.86231254447148,East Germany (U),Founded before 1945 (U),0
0,26,87,134,0,13.8,94.400002,5.220686411835754,5.307047113630115,559,.58240002,0,0,2,39.38558058711514,East Germany (U),Founded before 1945 (U),0
0,29,87,134,0,.4,1.4,.0241017081822782,.5323860447401585,352.60001,.35260001,0,0,1,26.86231254447148,East Germany (U),Founded before 1945 (U),0
0,29,87,134,0,4,5,.1395472193063251,.6110789724073331,220.33333,.22033332,0,0,2,39.38558058711514,East Germany (U),Founded before 1945 (U),0
0,30,87,134,0,13,43.200001,1.99682431839034,4.710792264528572,846.20001,.86759996,0,0,1,26.86231254447148,East Germany (U),Founded before 1945 (U),0
0,30,87,134,0,17.5,78.25,2.800541084797261,4.399784279310309,687,.74733329,0,0,2,39.38558058711514,East Germany (U),Founded before 1945 (U),0
0,31,87,134,0,43.4,343.20001,15.9539660922935,25.82690829688839,2468.3999,2.5274,1.104,.0986,1,26.86231254447148,East Germany (U),Founded before 1945 (U),0
0,31,87,134,0,45.2,362.20001,18.53709876826276,21.25698131381727,3599.8,3.704,2.5502,.13839999,2,39.38558058711514,East Germany (U),Founded before 1945 (U),0
0,32,87,134,1,28.4,107.6,6.896447435293941,6.742749505261748,969,1.089,.47239998,.051400002,1,26.86231254447148,East Germany (U),Founded before 1945 (U),0
1,32,87,134,1,32.6,129.39999,12.03843879449762,8.182491200587615,1369.2,1.4006,.9048,.079999998,2,39.38558058711514,East Germany (U),Founded before 1945 (U),1
0,33,87,134,0,0,,.217297297281,.07567567567,139.60001,.13960001,0,0,1,26.86231254447148,East Germany (U),Founded before 1945 (U),0
0,33,87,134,0,1,10,.6412344648109257,.377356389839302,131,.131,0,0,2,39.38558058711514,East Germany (U),Founded before 1945 (U),0
0,34,87,134,0,.4,.80000001,.0703048933294046,.2151835936783686,399.79999,.3998,.0035999999,.00080000004,1,26.86231254447148,East Germany (U),Founded before 1945 (U),0
0,34,87,134,0,1.75,.25,.0068660651352374,.1671771275220963,128.66667,.12866667,.001,.0020000001,2,39.38558058711514,East Germany (U),Founded before 1945 (U),0
0,36,87,134,0,4.6,13.6,.514036604925725,1.074727659608205,333,.35299999,.0016000001,.0012000001,1,26.86231254447148,East Germany (U),Founded before 1945 (U),0
0,36,87,134,0,4,11.8,.3847393053282397,.9900115953685836,131,.1338,.0068000001,.0020000001,2,39.38558058711514,East Germany (U),Founded before 1945 (U),0
0,37,87,134,0,21.8,117,5.475471822004052,7.931184109905661,710.79999,.74220002,5.2249999,.2234,1,26.86231254447148,East Germany (U),Founded before 1945 (U),0
0,37,87,134,0,25.2,137.39999,6.689475973934749,7.26190141519104,837.40002,.84720004,7.1497998,.27500001,2,39.38558058711514,East Germany (U),Founded before 1945 (U),0
0,38,87,134,0,1.2,1,0,.5924513718569311,16.4,.0164,.040400002,.0027999999,1,26.86231254447148,East Germany (U),Founded before 1945 (U),0
0,38,87,134,0,4.5,1.25,.0029547309943955,.3975566254505417,2.4000001,.0024000001,.15099999,.0055999998,2,39.38558058711514,East Germany (U),Founded before 1945 (U),0
0,39,87,134,0,7.8,40.200001,.3490631087444749,2.497812358527076,785,.78500003,.086599998,.0086000003,1,26.86231254447148,East Germany (U),Founded before 1945 (U),0
0,39,87,134,0,4,22.799999,.6070270195497006,2.434218856493927,212,.212,.20539999,.0152,2,39.38558058711514,East Germany (U),Founded before 1945 (U),0
0,40,87,134,0,3.2,16.6,.1378906306500606,1.866022523439366,1118.8,1.1188,.0060000001,.0014,1,26.86231254447148,East Germany (U),Founded before 1945 (U),0
0,40,87,134,0,12,30.799999,.9651179769933457,2.556629254770714,1537,1.5650001,.021399999,.0038000001,2,39.38558058711514,East Germany (U),Founded before 1945 (U),0
0,41,87,134,0,0,19,1.058352402515253,.0961098397959798,0,0,0,0,1,26.86231254447148,East Germany (U),Founded before 1945 (U),0
0,41,87,134,0,.5,.5,0,,210,.20999999,0,0,2,39.38558058711514,East Germany (U),Founded before 1945 (U),0
0,42,87,134,0,.6,2,0,,,0,.0014,0,1,26.86231254447148,East Germany (U),Founded before 1945 (U),0
0,42,87,134,0,1.4,4.8000002,.0158164580394477,.4607129364559452,,0,.0032000002,.00020000001,2,39.38558058711514,East Germany (U),Founded before 1945 (U),0
0,44,87,134,0,2.4,2.2,.0096838107570936,.5664639948782757,125.6,.18939999,.0074,.0041999999,1,26.86231254447148,East Germany (U),Founded before 1945 (U),0
0,44,87,134,0,3.8,1.4,.0349798388729141,.5730712757436585,18.200001,.037999999,.0112,.0034,2,39.38558058711514,East Germany (U),Founded before 1945 (U),0
0,45,87,134,0,0,0,0,,,0,.0074,.0041999999,1,26.86231254447148,East Germany (U),Founded before 1945 (U),0
0,47,87,134,0,1,7.3333335,.932969253304747,1.234262154471613,281.66666,.28166667,.00080000004,.00020000001,1,26.86231254447148,East Germany (U),Founded before 1945 (U),0
0,47,87,134,0,0,,0,.0165287438538524,,0,.00033333333,.00033333333,2,39.38558058711514,East Germany (U),Founded before 1945 (U),0
0,48,87,134,0,13,27.200001,.5494955251891172,2.409447763169553,246.2,.37379998,.0112,.0018,1,26.86231254447148,East Germany (U),Founded before 1945 (U),0
0,48,87,134,0,9.6,23.6,.7845829904423554,1.749591628370403,330,.36320001,.038400002,.0076000001,2,39.38558058711514,East Germany (U),Founded before 1945 (U),0
0,50,87,134,0,6.4,19.4,.425786929986934,2.38010779038698,,0,0,0,1,26.86231254447148,East Germany (U),Founded before 1945 (U),0
0,50,87,134,0,1.8,6.4000001,.2091086065538879,.5593914019758933,387.79999,.38779998,0,0,2,39.38558058711514,East Germany (U),Founded before 1945 (U),0
0,51,87,134,0,16.8,105,6.102644449567306,7.753548579734931,1,.001,.024,.0046000001,1,26.86231254447148,East Germany (U),Founded before 1945 (U),0
0,51,87,134,0,16.8,127.8,7.323878108176672,7.043524222244223,930.20001,.93020004,.068400003,.0071999999,2,39.38558058711514,East Germany (U),Founded before 1945 (U),0
0,52,87,134,0,3.4,12.8,.1792990621341768,1.580304564913937,225.39999,.2254,0,0,1,26.86231254447148,East Germany (U),Founded before 1945 (U),0
0,52,87,134,0,3.6,12.8,.379374453540873,1.092562552531281,97.199997,.097199999,0,0,2,39.38558058711514,East Germany (U),Founded before 1945 (U),0
0,53,87,134,0,0,,0,,1747.2,1.7471999,.00060000003,.00060000003,1,26.86231254447148,East Germany (U),Founded before 1945 (U),0
0,53,87,134,0,0,,0,,2097.3333,2.0973332,.003,.00033333333,2,39.38558058711514,East Germany (U),Founded before 1945 (U),0
0,54,87,134,0,7,41,7.28768657980843,4.316096962591846,2681.5,2.6815,.041499998,.0074999998,2,39.38558058711514,East Germany (U),Founded before 1945 (U),0
0,55,87,134,0,2,33.599998,.7640969384263478,1.653280926292171,2049.6001,2.0496001,0,0,1,26.86231254447148,East Germany (U),Founded before 1945 (U),0
0,55,87,134,0,6.2,64,4.049975666851596,2.159656746918067,2346.3333,2.3463333,0,0,2,39.38558058711514,East Germany (U),Founded before 1945 (U),0
0,56,87,134,0,14.6,59.799999,1.196136111876992,4.734915981469491,1579.2,1.8376,.1048,.0164,1,26.86231254447148,East Germany (U),Founded before 1945 (U),0
0,56,87,134,0,14.6,38.200001,1.094234825401461,3.070653338516184,1035.2,1.2974,.35260001,.034400001,2,39.38558058711514,East Germany (U),Founded before 1945 (U),0
0,5,88,140,0,6.6,6.4000001,0,,190.60001,.3946,.0024000001,.00080000004,1,17.26230090775156,West Germany (U),Founded before 1945 (U),0
0,5,88,140,0,4.4,7.4000001,.0179726802112953,1.106962862547484,236.39999,.29279998,.0022,.00040000002,2,19.84807207151778,West Germany (U),Founded before 1945 (U),0
0,6,88,140,0,16,76.400002,0,,945.59998,.94559997,.00020000001,.00020000001,1,17.26230090775156,West Germany (U),Founded before 1945 (U),0
0,6,88,140,0,13.4,58.200001,1.541995058809506,5.129496099956814,618.20001,.6182,0,0,2,19.84807207151778,West Germany (U),Founded before 1945 (U),0
0,8,88,140,0,17,146.8,0,,691.40002,.69140005,.0080000004,.0014,1,17.26230090775156,West Germany (U),Founded before 1945 (U),0
0,8,88,140,0,21,144,8.550720354916232,9.018983531506962,563.40002,.56340003,.020399999,.0035999999,2,19.84807207151778,West Germany (U),Founded before 1945 (U),0
0,10,88,140,0,0,0,0,,166.60001,.1666,.00060000003,0,1,17.26230090775156,West Germany (U),Founded before 1945 (U),0
0,10,88,140,0,0,0,0,,247,.24699999,.0020000001,0,2,19.84807207151778,West Germany (U),Founded before 1945 (U),0
0,11,88,140,0,0,,0,,0,.001,0,0,1,17.26230090775156,West Germany (U),Founded before 1945 (U),0
0,12,88,140,0,15.2,112.8,0,,719.79999,.759,2.2072001,.071999997,1,17.26230090775156,West Germany (U),Founded before 1945 (U),0
0,12,88,140,0,13,134.2,4.337733672504887,7.051875922331441,645.59998,.65259999,3.3322001,.1088,2,19.84807207151778,West Germany (U),Founded before 1945 (U),0
0,13,88,140,0,17,104,0,,486,.50959998,2.2986002,.1372,1,17.26230090775156,West Germany (U),Founded before 1945 (U),0
0,13,88,140,0,16,131.39999,3.455693513874633,7.245865698552572,461.60001,.46760002,3.8552001,.15619999,2,19.84807207151778,West Germany (U),Founded before 1945 (U),0
0,14,88,140,0,0,,0,,2,.0074999998,0,0,1,17.26230090775156,West Germany (U),Founded before 1945 (U),0
0,14,88,140,0,0,,0,,40.599998,.048999999,0,0,2,19.84807207151778,West Germany (U),Founded before 1945 (U),0
0,15,88,140,0,17.4,159.60001,0,,629,.62900001,.069199994,.0093999999,1,17.26230090775156,West Germany (U),Founded before 1945 (U),0
0,15,88,140,0,20,183,10.42053694628262,8.941022428471676,632.20001,.6322,.19760001,.0162,2,19.84807207151778,West Germany (U),Founded before 1945 (U),0
0,17,88,140,0,3.8,10.8,0,,280.39999,.43539998,.0018,.00020000001,1,17.26230090775156,West Germany (U),Founded before 1945 (U),0
0,17,88,140,0,6.6,25,.1441506629193537,2.847274779354585,159.2,.1682,.0082,.0016000001,2,19.84807207151778,West Germany (U),Founded before 1945 (U),0
0,18,88,140,0,1.6,2,0,,8.3999996,.053799998,0,.00020000001,1,17.26230090775156,West Germany (U),Founded before 1945 (U),0
0,18,88,140,0,1,2.4000001,.000873926200683,.2942771946989142,64.800003,.077199996,0,0,2,19.84807207151778,West Germany (U),Founded before 1945 (U),0
0,20,88,140,0,3.4,17.4,0,,194.8,.19599999,.00080000004,0,1,17.26230090775156,West Germany (U),Founded before 1945 (U),0
0,20,88,140,0,4,21.799999,.2007648282731244,1.256670135083429,189,.189,.011600001,.00040000002,2,19.84807207151778,West Germany (U),Founded before 1945 (U),0
0,21,88,140,0,2.6,9.6000004,0,,12,.012,.61059999,.033599999,1,17.26230090775156,West Germany (U),Founded before 1945 (U),0
0,21,88,140,0,2,4.5,.6054421006636109,1.688394741202952,,0,1.1092,.056400001,2,19.84807207151778,West Germany (U),Founded before 1945 (U),0
0,22,88,140,0,7.2,11.2,0,,337,.91620004,.0024000001,.00080000004,1,17.26230090775156,West Germany (U),Founded before 1945 (U),0
0,22,88,140,0,6,10.4,.0162386261438159,1.236847970652093,225,.3382,.0022,.00040000002,2,19.84807207151778,West Germany (U),Founded before 1945 (U),0
0,23,88,140,0,5.2,10,0,,162,.1948,.0014,.00040000002,1,17.26230090775156,West Germany (U),Founded before 1945 (U),0
0,23,88,140,0,4.2,12.4,.2001016808582119,1.021288439010692,231,.25299999,.0076000001,.003,2,19.84807207151778,West Germany (U),Founded before 1945 (U),0
0,24,88,140,0,0,,0,,0,.0083999997,.011,.00080000004,1,17.26230090775156,West Germany (U),Founded before 1945 (U),0
0,24,88,140,0,0,,0,,.40000001,.0022,.0206,.0016000001,2,19.84807207151778,West Germany (U),Founded before 1945 (U),0
0,25,88,140,0,10.4,86,0,,1518.2,1.5184001,.1136,.014,1,17.26230090775156,West Germany (U),Founded before 1945 (U),0
0,25,88,140,0,13.8,98.599998,2.485563499139144,5.534358775466234,1062.4,1.0624,.14739999,.0148,2,19.84807207151778,West Germany (U),Founded before 1945 (U),0
0,26,88,140,0,1,7.4000001,0,,0,.0022,0,0,1,17.26230090775156,West Germany (U),Founded before 1945 (U),0
0,26,88,140,0,.5,4.5,0,,19,.018999999,0,0,2,19.84807207151778,West Germany (U),Founded before 1945 (U),0
0,27,88,140,0,0,,0,,0,.001,0,0,1,17.26230090775156,West Germany (U),Founded before 1945 (U),0
0,29,88,140,0,0,,0,,125,.163,0,0,1,17.26230090775156,West Germany (U),Founded before 1945 (U),0
0,29,88,140,0,.6,3,0,,109.6,.1174,.00020000001,0,2,19.84807207151778,West Germany (U),Founded before 1945 (U),0
0,31,88,140,0,20,217.39999,0,,1361.2,1.3612,.5388,.0484,1,17.26230090775156,West Germany (U),Founded before 1945 (U),0
0,31,88,140,0,25,378.20001,26.56466813824078,16.9036480643688,2232.2,2.2321999,1.0306,.0612,2,19.84807207151778,West Germany (U),Founded before 1945 (U),0
0,32,88,140,0,15,33.400002,0,,343.39999,.5966,.1198,.025799999,1,17.26230090775156,West Germany (U),Founded before 1945 (U),0
0,32,88,140,0,14.8,31,.3433001373348571,3.52288754064748,464.20001,.5122,.3502,.030200001,2,19.84807207151778,West Germany (U),Founded before 1945 (U),0
0,33,88,140,0,4.2,6.4000001,0,,,0,0,0,1,17.26230090775156,West Germany (U),Founded before 1945 (U),0
0,33,88,140,0,1.6,6,0,,,0,0,0,2,19.84807207151778,West Germany (U),Founded before 1945 (U),0
0,34,88,140,0,2,.40000001,0,,11.4,.053199999,.00020000001,0,1,17.26230090775156,West Germany (U),Founded before 1945 (U),0
0,34,88,140,0,1.4,1.8,.0379708167668887,.4074103307018389,54.400002,.063599996,0,0,2,19.84807207151778,West Germany (U),Founded before 1945 (U),0
0,35,88,140,0,10.8,61.599998,0,,715,.71499997,.0392,.00060000003,1,17.26230090775156,West Germany (U),Founded before 1945 (U),0
0,35,88,140,0,11.2,68.599998,1.034178112212847,4.884652811522678,618.59998,.61859995,.082199998,.00040000002,2,19.84807207151778,West Germany (U),Founded before 1945 (U),0
0,36,88,140,0,2,4.8000002,0,,85.599998,.090400003,.00020000001,.00020000001,1,17.26230090775156,West Germany (U),Founded before 1945 (U),0
0,36,88,140,0,1,2.4000001,.0042693703967547,.2849171492869406,13.8,.0144,.00060000003,0,2,19.84807207151778,West Germany (U),Founded before 1945 (U),0
0,37,88,140,0,13.8,61.599998,0,,239.2,.2568,1.4544001,.1184,1,17.26230090775156,West Germany (U),Founded before 1945 (U),0
0,37,88,140,0,13.2,57.599998,1.971481419118772,4.249348045769253,163.60001,.16780001,3.7119999,.16780001,2,19.84807207151778,West Germany (U),Founded before 1945 (U),0
0,38,88,140,0,1.8,1.6,0,,242,.24519999,.0134,.0016000001,1,17.26230090775156,West Germany (U),Founded before 1945 (U),0
0,38,88,140,0,0,2,0,,92.199997,.093800001,.051400002,.0014,2,19.84807207151778,West Germany (U),Founded before 1945 (U),0
0,39,88,140,0,10.4,22.200001,0,,363.60001,.36360002,.1072,.0092000002,1,17.26230090775156,West Germany (U),Founded before 1945 (U),0
0,39,88,140,0,8,33.400002,.3633773310477051,1.666651064405396,354.20001,.35420001,.2062,.0122,2,19.84807207151778,West Germany (U),Founded before 1945 (U),0
0,40,88,140,0,.6,18.200001,0,,,0,.0020000001,0,2,19.84807207151778,West Germany (U),Founded before 1945 (U),0
0,42,88,140,0,2,5.3333335,0,,,0,.0013333333,.00033333333,2,19.84807207151778,West Germany (U),Founded before 1945 (U),0
0,44,88,140,0,0,.33333334,0,,1.8,.0022,.0024000001,.00080000004,1,17.26230090775156,West Germany (U),Founded before 1945 (U),0
0,47,88,140,0,0,,0,,0,0,.00060000003,0,1,17.26230090775156,West Germany (U),Founded before 1945 (U),0
0,47,88,140,0,0,,0,,0,0,.00080000004,0,2,19.84807207151778,West Germany (U),Founded before 1945 (U),0
0,48,88,140,0,4.6,16.799999,0,,302.20001,.3026,.0098000001,.00020000001,1,17.26230090775156,West Germany (U),Founded before 1945 (U),0
0,48,88,140,0,4.4,18.6,.1034098135877971,1.461284050452796,373.79999,.37379998,.0112,.00060000003,2,19.84807207151778,West Germany (U),Founded before 1945 (U),0
0,49,88,140,0,1,4.4000001,0,,17.6,.1138,0,0,1,17.26230090775156,West Germany (U),Founded before 1945 (U),0
0,49,88,140,0,1,3.4000001,.0102169739330939,.5104476563300959,59.799999,.081199996,.00080000004,0,2,19.84807207151778,West Germany (U),Founded before 1945 (U),0
0,50,88,140,0,0,4.1999998,0,,,0,0,0,1,17.26230090775156,West Germany (U),Founded before 1945 (U),0
0,50,88,140,0,0,3,0,,231.5,.2315,0,0,2,19.84807207151778,West Germany (U),Founded before 1945 (U),0
0,51,88,140,0,4.2,56.599998,0,,,0,.045599997,.0024000001,1,17.26230090775156,West Germany (U),Founded before 1945 (U),0
0,51,88,140,0,2.2,35.799999,0,,119.6,.1196,.054599997,.0071999999,2,19.84807207151778,West Germany (U),Founded before 1945 (U),0
0,52,88,140,0,1,7,0,,,0,0,0,1,17.26230090775156,West Germany (U),Founded before 1945 (U),0
0,52,88,140,0,1.333333333333333,2.6666667,.1024505723048201,.5378740894077961,,0,0,0,2,19.84807207151778,West Germany (U),Founded before 1945 (U),0
0,54,88,140,0,0,,0,,1931,1.931,.047499999,.0080000004,2,19.84807207151778,West Germany (U),Founded before 1945 (U),0
0,55,88,140,0,0,0,0,,1178.8,1.1788001,0,0,1,17.26230090775156,West Germany (U),Founded before 1945 (U),0
0,55,88,140,0,0,,0,,1526.3334,1.5263333,0,0,2,19.84807207151778,West Germany (U),Founded before 1945 (U),0
0,56,88,140,0,9.800000000000001,32.400002,0,,98,.097999997,.0272,.0035999999,1,17.26230090775156,West Germany (U),Founded before 1945 (U),0
0,56,88,140,0,8,42.400002,.7127837124921964,3.352986902410413,21.4,.021399999,.11480001,.0099999998,2,19.84807207151778,West Germany (U),Founded before 1945 (U),0
0,3,89,144,0,1.2,1.8,.0011441647594759,.377814792464894,181.8,.18180001,0,.0014,1,7.964722248677315,East Germany (U),Founded after 1945 (U),0
0,3,89,144,0,1,3.5,0,.2347484533398385,117.6,.1176,0,.00060000003,2,11.14816044898072,East Germany (U),Founded after 1945 (U),0
0,5,89,144,0,4,8.3999996,.0066702776766511,1.237064869655925,301.20001,.3188,.00020000001,.00040000002,1,7.964722248677315,East Germany (U),Founded after 1945 (U),0
0,5,89,144,0,4,9.1999998,.0314055000192027,1.076334385741346,302.79999,.3028,.0014,.00020000001,2,11.14816044898072,East Germany (U),Founded after 1945 (U),0
0,10,89,144,0,4,6.3333335,.007567567567,.844324324261,244.2,.24419999,.00020000001,0,1,7.964722248677315,East Germany (U),Founded after 1945 (U),0
0,10,89,144,0,4,8.5,.0468080446682951,.8256983828662278,253,.25299999,.0105,.001,2,11.14816044898072,East Germany (U),Founded after 1945 (U),0
0,13,89,144,0,6.4,46.400002,.7965244474795979,3.155892545355747,180.2,.1802,.61680001,.0548,1,7.964722248677315,East Germany (U),Founded after 1945 (U),0
0,13,89,144,0,8,66.599998,1.227697632300771,3.326928145307877,237.60001,.2376,1.4596,.067199998,2,11.14816044898072,East Germany (U),Founded after 1945 (U),0
0,15,89,144,0,16.4,102.2,4.413135169705392,8.176498126281865,688,.6882,.029200001,.0035999999,1,7.964722248677315,East Germany (U),Founded after 1945 (U),0
0,15,89,144,0,16.6,147,6.214044162770804,7.929961203595127,498.79999,.49879998,.048999999,.0038000001,2,11.14816044898072,East Germany (U),Founded after 1945 (U),0
0,17,89,144,0,6.2,26.200001,.6907151280795004,2.253538504336403,655.20001,.6552,.00080000004,.001,1,7.964722248677315,East Germany (U),Founded after 1945 (U),0
0,17,89,144,0,4.8,22.4,.0377304732597475,1.339578569968847,670.79999,.67079997,.0118,.0020000001,2,11.14816044898072,East Germany (U),Founded after 1945 (U),0
0,20,89,144,0,1,4.5999999,.1027617281826295,.3358492857172951,0,0,.00020000001,0,1,7.964722248677315,East Germany (U),Founded after 1945 (U),0
0,20,89,144,0,1,3,.0046248699264514,.4658451499322995,,0,.0015,0,2,11.14816044898072,East Germany (U),Founded after 1945 (U),0
0,22,89,144,0,5,12.2,.1030054355002468,1.172792240945473,307.60001,.3242,.00020000001,.00040000002,1,7.964722248677315,East Germany (U),Founded after 1945 (U),0
0,22,89,144,0,3.8,13.2,.0640212968374598,1.378337512860973,345,.34579998,.0014,.00020000001,2,11.14816044898072,East Germany (U),Founded after 1945 (U),0
0,23,89,144,0,4.4,8.3999996,.0494460919979836,.9691408074682698,150.2,.16080001,0,0,1,7.964722248677315,East Germany (U),Founded after 1945 (U),0
0,23,89,144,0,5,6.5999999,.087273684753205,.8921886100055797,276.20001,.27620003,.00040000002,0,2,11.14816044898072,East Germany (U),Founded after 1945 (U),0
0,25,89,144,0,12.2,49,.7637509688665073,3.687951390118069,1085.6,1.1536,.0416,.0070000002,1,7.964722248677315,East Germany (U),Founded after 1945 (U),0
0,25,89,144,0,12.8,56.799999,1.596732656445753,3.503663528482314,615,.61500001,.046400003,.0076000001,2,11.14816044898072,East Germany (U),Founded after 1945 (U),0
0,26,89,144,0,0,,0,,90.599998,.090999998,0,0,1,7.964722248677315,East Germany (U),Founded after 1945 (U),0
0,26,89,144,0,0,,0,,140.2,.1402,0,0,2,11.14816044898072,East Germany (U),Founded after 1945 (U),0
0,31,89,144,0,23.8,193.39999,9.005898606811099,12.74264361692186,692.79999,.69640005,.259,.028999999,1,7.964722248677315,East Germany (U),Founded after 1945 (U),0
0,31,89,144,1,23.2,395.60001,25.3132085518954,11.47950110960718,1165,1.165,.67340004,.057400003,2,11.14816044898072,East Germany (U),Founded after 1945 (U),0
0,32,89,144,0,16.6,55.799999,.5991110069524503,3.840585571244446,267.39999,.2726,.206,.032599997,1,7.964722248677315,East Germany (U),Founded after 1945 (U),0
0,32,89,144,0,15.8,66,.6798891110987945,3.622971716669875,287.39999,.28740001,.38779998,.047200002,2,11.14816044898072,East Germany (U),Founded after 1945 (U),0
0,33,89,144,0,0,,0,,52.75,.052749999,0,0,1,7.964722248677315,East Germany (U),Founded after 1945 (U),0
0,33,89,144,0,0,2.2,.0076466587466454,.295588386766868,109.6,.1096,0,0,2,11.14816044898072,East Germany (U),Founded after 1945 (U),0
0,34,89,144,0,1.8,2,.0037185354682968,.4821640559255959,12.8,.0186,0,0,1,7.964722248677315,East Germany (U),Founded after 1945 (U),0
0,34,89,144,0,1.333333333333333,0,0,.000018730489071,,0,0,0,2,11.14816044898072,East Germany (U),Founded after 1945 (U),0
0,36,89,144,0,1,2.8,.0102354964825071,.3703109836055272,67.199997,.086599998,.00020000001,.00040000002,1,7.964722248677315,East Germany (U),Founded after 1945 (U),0
0,36,89,144,0,1.25,3.25,.0102278395696305,.3465800596765452,35.799999,.035799999,.0044,.00020000001,2,11.14816044898072,East Germany (U),Founded after 1945 (U),0
0,37,89,144,0,13.6,73,2.247335507813526,4.889728422195501,152,.15260001,1.3694,.12980001,1,7.964722248677315,East Germany (U),Founded after 1945 (U),0
0,37,89,144,0,12.2,71.599998,1.935748383122642,4.556629275902803,169.8,.1698,1.8931999,.093999997,2,11.14816044898072,East Germany (U),Founded after 1945 (U),0
0,38,89,144,0,4.6,9.6000004,.0770002581545267,.8643117526714572,331.60001,.33160001,.00060000003,.00080000004,1,7.964722248677315,East Germany (U),Founded after 1945 (U),0
0,38,89,144,0,7,19.6,.0861512731805744,1.042881301582439,429.39999,.4294,.0076000001,.0024000001,2,11.14816044898072,East Germany (U),Founded after 1945 (U),0
0,39,89,144,0,6.4,22.200001,.4444568911992254,1.405008334823455,290.79999,.29079998,.022200001,.0078000003,1,7.964722248677315,East Germany (U),Founded after 1945 (U),0
0,39,89,144,0,7,40.400002,.5194300658134279,1.92978460512275,401,.40099999,.1276,.011399999,2,11.14816044898072,East Germany (U),Founded after 1945 (U),0
0,41,89,144,0,16,72,0,,152.2,.162,0,0,1,7.964722248677315,East Germany (U),Founded after 1945 (U),0
0,41,89,144,0,0,,0,,230.66667,.23066667,0,0,2,11.14816044898072,East Germany (U),Founded after 1945 (U),0
0,42,89,144,0,0,,.0282167042820457,0,,0,.003,0,1,7.964722248677315,East Germany (U),Founded after 1945 (U),0
0,43,89,144,0,0,,0,,0,0,0,0,1,7.964722248677315,East Germany (U),Founded after 1945 (U),0
0,43,89,144,0,4.333333333333333,8.333333,.1790321348623543,1.050251054332633,276.5,.27649999,0,0,2,11.14816044898072,East Germany (U),Founded after 1945 (U),0
0,44,89,144,0,2.4,2.5999999,.0004464285712332,.4550886564941605,29.6,.034599997,.00020000001,.00040000002,1,7.964722248677315,East Germany (U),Founded after 1945 (U),0
0,44,89,144,0,1,1.5,.0003121748178502,.1588830837541978,5.1999998,.0052,.0014,.00020000001,2,11.14816044898072,East Germany (U),Founded after 1945 (U),0
0,47,89,144,0,0,,0,,99.599998,.1186,0,0,1,7.964722248677315,East Germany (U),Founded after 1945 (U),0
0,47,89,144,0,0,,0,,4.5,.0047499998,.00025000001,.00025000001,2,11.14816044898072,East Germany (U),Founded after 1945 (U),0
0,48,89,144,0,5.2,21.799999,.4572266005988057,1.257307877892924,386.39999,.38639998,.014,.003,1,7.964722248677315,East Germany (U),Founded after 1945 (U),0
0,48,89,144,0,5,24.333334,.8482582608415105,1.313707628405924,465.20001,.46520001,.034599997,.0070000002,2,11.14816044898072,East Germany (U),Founded after 1945 (U),0
0,49,89,144,0,3,7.1999998,.0387549004958143,1.134189676384183,497.79999,.50920004,0,0,1,7.964722248677315,East Germany (U),Founded after 1945 (U),0
0,49,89,144,0,4,24.6,.4327139712108504,1.799807688198314,572.59998,.57259995,.001,0,2,11.14816044898072,East Germany (U),Founded after 1945 (U),0
0,50,89,144,0,0,1.4,.0011160714280829,0,129.2,.1292,0,0,1,7.964722248677315,East Germany (U),Founded after 1945 (U),0
0,50,89,144,0,1.6,6.5999999,.0980121253543118,.5828132767666248,390,.38999999,0,0,2,11.14816044898072,East Germany (U),Founded after 1945 (U),0
0,51,89,144,0,0,,0,,166.5,.1665,.0017500001,0,2,11.14816044898072,East Germany (U),Founded after 1945 (U),0
0,55,89,144,0,0,,0,,457.79999,.4578,0,0,1,7.964722248677315,East Germany (U),Founded after 1945 (U),0
0,55,89,144,0,0,,0,,485,.48500001,0,0,2,11.14816044898072,East Germany (U),Founded after 1945 (U),0
0,56,89,144,0,15,65,.9367267123464823,5.101723621506348,1466.6,1.5201999,.022600001,.0088,1,7.964722248677315,East Germany (U),Founded after 1945 (U),0
0,56,89,144,0,17.2,111.4,2.282032437272325,5.245853014257636,1627.6,1.6294,.1016,.0126,2,11.14816044898072,East Germany (U),Founded after 1945 (U),0
0,9,90,140,0,14.2,80.599998,6.217019869463575,7.590566988568598,193.39999,.1934,.067400001,.0104,1,5.587133149272922,West Germany (U),Founded before 1945 (U),0
0,9,90,140,0,9.6,91.199997,4.200465957963879,3.830407596649164,284,.28400001,.092199996,.0052,2,5.718660553854653,West Germany (U),Founded before 1945 (U),0
0,13,90,140,0,7,46.200001,.505662043678163,3.943674384550593,170.2,.17019999,.61620003,.034200002,1,5.587133149272922,West Germany (U),Founded before 1945 (U),0
0,13,90,140,0,6.2,38.200001,.6967363171919901,3.100247090706701,149.2,.14919999,1.2321999,.041200001,2,5.718660553854653,West Germany (U),Founded before 1945 (U),0
0,15,90,140,0,2.6,19.4,0,,73.599998,.073600002,.0132,.0040000002,1,5.587133149272922,West Germany (U),Founded before 1945 (U),0
0,15,90,140,0,3,21.5,0,,63.200001,.063200004,.054000001,.0058000004,2,5.718660553854653,West Germany (U),Founded before 1945 (U),0
0,21,90,140,0,9.4,23.200001,.4704888569975618,3.153338977888423,89,.089000002,.1726,.0136,1,5.587133149272922,West Germany (U),Founded before 1945 (U),0
0,21,90,140,0,8.800000000000001,17,.8084262471435977,1.74025586241839,18.200001,.018200001,.32460001,.0176,2,5.718660553854653,West Germany (U),Founded before 1945 (U),0
0,25,90,140,0,6.6,13,.0395339351760027,1.843714807653988,514,.514,.0071999999,.0020000001,1,5.587133149272922,West Germany (U),Founded before 1945 (U),0
0,25,90,140,0,8.800000000000001,40,.9888579295993157,2.574144484853366,270.79999,.27079999,.046400003,.0093999999,2,5.718660553854653,West Germany (U),Founded before 1945 (U),0
0,26,90,140,0,14,86.333336,5.472905797903971,4.211410057342057,13,.013,0,0,2,5.718660553854653,West Germany (U),Founded before 1945 (U),0
0,31,90,140,0,19,134,6.130025352840293,6.459046035374397,1048,1.048,.66320002,.069600001,1,5.587133149272922,West Germany (U),Founded before 1945 (U),0
0,31,90,140,0,16.8,116.4,6.895099499319322,7.331468061078223,1129.4,1.1294,1.5364001,.077399999,2,5.718660553854653,West Germany (U),Founded before 1945 (U),0
0,32,90,140,0,9.199999999999999,16.799999,.1650007293161201,2.020793959669363,169.8,.1698,.034599997,.0078000003,1,5.587133149272922,West Germany (U),Founded before 1945 (U),0
0,32,90,140,0,7.4,13.4,.0708284351729369,1.587599799497491,77.199997,.077199996,.069199994,.0078000003,2,5.718660553854653,West Germany (U),Founded before 1945 (U),0
0,33,90,140,0,0,,0,.0731773698410775,,0,0,0,1,5.587133149272922,West Germany (U),Founded before 1945 (U),0
0,35,90,140,0,0,1,0,,,0,.003,0,1,5.587133149272922,West Germany (U),Founded before 1945 (U),0
0,37,90,140,0,5.8,32.200001,2.019569791081126,2.143277005779972,6.4000001,.0064000003,.99220002,.059999999,1,5.587133149272922,West Germany (U),Founded before 1945 (U),0
0,37,90,140,0,5.4,21.4,1.057335970629848,1.307830860729876,32.200001,.032200001,1.3886,.045000002,2,5.718660553854653,West Germany (U),Founded before 1945 (U),0
0,42,90,140,0,0,,0,.2928158227057553,,0,0,0,1,5.587133149272922,West Germany (U),Founded before 1945 (U),0
0,49,90,140,0,0,,.0015135135134,.4967077262035717,,0,0,0,1,5.587133149272922,West Germany (U),Founded before 1945 (U),0
0,49,90,140,0,0,0,0,,,0,0,0,2,5.718660553854653,West Germany (U),Founded before 1945 (U),0
0,54,90,140,0,0,,0,,550.33331,.55033332,.0033333332,0,2,5.718660553854653,West Germany (U),Founded before 1945 (U),0
0,55,90,140,0,0,,0,,192,.192,0,0,1,5.587133149272922,West Germany (U),Founded before 1945 (U),0
0,55,90,140,0,0,,0,,318.5,.31850001,0,0,2,5.718660553854653,West Germany (U),Founded before 1945 (U),0
0,56,90,140,0,6,9.8000002,.0566410827609534,1.27802797202045,91.800003,.091800004,.0061999997,.0016000001,1,5.587133149272922,West Germany (U),Founded before 1945 (U),0
0,56,90,140,0,8,22.4,.1551097730438306,1.878335496688226,520.40002,.52040005,.017000001,.0032000002,2,5.718660553854653,West Germany (U),Founded before 1945 (U),0
0,3,91,138,0,3.2,7.4000001,.0010989010985772,.0945895826839795,,0,0,.00040000002,1,17.85164446464615,West Germany (U),Founded before 1945 (U),0
0,3,91,138,0,3,10.4,.241864245361415,.6098007003760274,7.8000002,.0078000003,.001,.00020000001,2,37.28242261041231,West Germany (U),Founded before 1945 (U),0
0,4,91,138,0,0,,.0027901785702072,.0016741071421243,,0,0,0,1,17.85164446464615,West Germany (U),Founded before 1945 (U),0
0,5,91,138,0,0,,.0015737373318733,.1875700822071361,0,.0076000001,.001,.0012000001,1,17.85164446464615,West Germany (U),Founded before 1945 (U),0
0,5,91,138,0,1,3.25,.0821461516991704,.0878257681639116,139.60001,.148,.0020000001,.001,2,37.28242261041231,West Germany (U),Founded before 1945 (U),0
0,6,91,138,0,18.2,65.599998,.5748223141590626,6.902555944914107,1477.6,1.4776,0,0,1,17.85164446464615,West Germany (U),Founded before 1945 (U),0
0,6,91,138,0,17.4,79.400002,2.569686628879044,6.363256122250971,1081.2,1.0812,.00020000001,.00040000002,2,37.28242261041231,West Germany (U),Founded before 1945 (U),0
0,8,91,138,0,25.2,147.60001,7.11418320988677,11.8570753692653,1111.6,1.1934,.0054000001,.00080000004,1,17.85164446464615,West Germany (U),Founded before 1945 (U),0
0,8,91,138,0,22.2,163.2,8.776324095151276,11.09141264452563,1394.4,1.4476,.019399999,.0018,2,37.28242261041231,West Germany (U),Founded before 1945 (U),0
0,10,91,138,0,0,1.6666666,0,,,0,.0063333334,0,1,17.85164446464615,West Germany (U),Founded before 1945 (U),0
0,10,91,138,0,0,2.75,0,,,0,.0049999999,.00050000002,2,37.28242261041231,West Germany (U),Founded before 1945 (U),0
0,12,91,138,0,13.8,66.800003,2.370958471011581,5.731126138700008,568,.67859995,1.3458,.056599997,1,17.85164446464615,West Germany (U),Founded before 1945 (U),0
0,12,91,138,0,14.4,85.199997,2.502478765010531,6.604111205516308,481.39999,.60399997,2.5223999,.067199998,2,37.28242261041231,West Germany (U),Founded before 1945 (U),0
0,13,91,138,0,18.8,124.4,2.975591605868146,9.264920623637682,456.39999,.49520001,2.3696001,.1094,1,17.85164446464615,West Germany (U),Founded before 1945 (U),0
0,13,91,138,0,19,161.8,5.032154168866121,7.42765693627163,549.59998,.61840004,4.0648003,.20100001,2,37.28242261041231,West Germany (U),Founded before 1945 (U),0
1,15,91,138,0,25,171,7.951355533627252,13.27215662478198,1227.8,1.2781999,.30020002,.032000002,1,17.85164446464615,West Germany (U),Founded before 1945 (U),0
1,15,91,138,0,22.4,239,10.75720452912823,12.65925236149513,1510,1.5208,.56520003,.0502,2,37.28242261041231,West Germany (U),Founded before 1945 (U),0
0,17,91,138,0,5.6,16.200001,.3348383481361717,1.683906420867115,533.40002,.5334,.0048000002,.0016000001,1,17.85164446464615,West Germany (U),Founded before 1945 (U),0
0,17,91,138,0,5.8,21.4,.3778389312810966,1.466786345828392,459,.45899999,.02,.0022,2,37.28242261041231,West Germany (U),Founded before 1945 (U),0
0,18,91,138,0,0,2,.0094430681572636,.1645189987279214,,0,0,0,1,17.85164446464615,West Germany (U),Founded before 1945 (U),0
0,18,91,138,0,0,2.8,.0263747488941805,.1465398067826088,0,.0032000002,.00040000002,0,2,37.28242261041231,West Germany (U),Founded before 1945 (U),0
0,20,91,138,0,1,1,0,,32.200001,.041200001,.0054000001,0,1,17.85164446464615,West Germany (U),Founded before 1945 (U),0
0,20,91,138,0,0,,0,.0002986472424101,0,.001,.02,0,2,37.28242261041231,West Germany (U),Founded before 1945 (U),0
0,21,91,138,0,14.4,77.800003,5.844717634245184,5.537404093580927,143.8,.14380001,.3274,.024600001,1,17.85164446464615,West Germany (U),Founded before 1945 (U),0
0,21,91,138,0,16.4,136.8,5.494852891229963,3.969154011051374,193.39999,.1934,.70120001,.030200001,2,37.28242261041231,West Germany (U),Founded before 1945 (U),0
0,22,91,138,0,0,,.1623731020695609,.3154653380851393,603,.60720003,.001,.0012000001,1,17.85164446464615,West Germany (U),Founded before 1945 (U),0
0,22,91,138,0,3,5.5,.0752115984806067,.2141468494024354,323.60001,.49760002,.0020000001,.001,2,37.28242261041231,West Germany (U),Founded before 1945 (U),0
0,23,91,138,0,5,8.1999998,.1529700154295723,1.224233605718793,291.39999,.3592,.0055999998,.001,1,17.85164446464615,West Germany (U),Founded before 1945 (U),0
0,23,91,138,0,5,10.8,.4504397122511389,2.509540696433322,234.60001,.32339999,.0112,.00060000003,2,37.28242261041231,West Germany (U),Founded before 1945 (U),0
0,25,91,138,1,18,97.800003,3.357066390578025,5.770676706570853,2516,2.5502,.3046,.021,1,17.85164446464615,West Germany (U),Founded before 1945 (U),0
0,25,91,138,1,23.2,153.39999,7.145419982419424,7.908497316851006,2219.2,2.2678001,.3628,.0286,2,37.28242261041231,West Germany (U),Founded before 1945 (U),1
0,26,91,138,0,1.2,15.4,5.20160064593096,0,232.2,.2322,0,0,2,37.28242261041231,West Germany (U),Founded before 1945 (U),0
0,27,91,138,0,0,,.0094430681572636,.055501796000003,0,.001,0,0,1,17.85164446464615,West Germany (U),Founded before 1945 (U),0
0,27,91,138,0,0,,.0060927957876468,.0420941028323628,0,.0040000002,.00040000002,0,2,37.28242261041231,West Germany (U),Founded before 1945 (U),0
0,29,91,138,0,0,,0,,0,0,0,0,1,17.85164446464615,West Germany (U),Founded before 1945 (U),0
1,31,91,138,1,26,295.39999,20.17968396044401,19.86448788420582,2106,2.2521999,1.2029999,.1188,1,17.85164446464615,West Germany (U),Founded before 1945 (U),0
1,31,91,138,1,28.8,446.20001,36.44526252802611,14.99205484800107,3002,3.2272,2.9263999,.1654,2,37.28242261041231,West Germany (U),Founded before 1945 (U),1
0,32,91,138,1,26.2,58.799999,.6657679141570808,6.601712475545287,990,1.1078,.3978,.058200002,1,17.85164446464615,West Germany (U),Founded before 1945 (U),0
0,32,91,138,1,24.2,87.599998,2.216785357460246,7.330523446549986,774,1.0214,.85979998,.072800003,2,37.28242261041231,West Germany (U),Founded before 1945 (U),1
0,36,91,138,0,2.6,5,.2402153857625395,.3413983639735753,313.39999,.3238,.0020000001,.00040000002,1,17.85164446464615,West Germany (U),Founded before 1945 (U),0
0,36,91,138,0,3.8,9.1999998,.2489874391853439,.6397921165130513,114,.164,.0040000002,.001,2,37.28242261041231,West Germany (U),Founded before 1945 (U),0
0,37,91,138,0,24.8,135.8,5.716638126958202,11.5494186038615,583,.60579997,4.619,.27160001,1,17.85164446464615,West Germany (U),Founded before 1945 (U),0
0,37,91,138,0,24.4,156.2,5.463781583518425,8.702581651460392,667,.70240003,7.3456001,.3364,2,37.28242261041231,West Germany (U),Founded before 1945 (U),0
0,38,91,138,0,5,15.4,.1919886930326176,.8596575724787877,385.39999,.3854,.025,.0024000001,1,17.85164446464615,West Germany (U),Founded before 1945 (U),0
0,38,91,138,0,5.8,16.799999,.3163133843003995,.7377227475663169,549.59998,.54960001,.068599999,.0074,2,37.28242261041231,West Germany (U),Founded before 1945 (U),0
0,39,91,138,0,7.8,15.8,.1200883914794986,1.609607005451401,364.60001,.3646,.057,.0048000002,1,17.85164446464615,West Germany (U),Founded before 1945 (U),0
0,39,91,138,0,6,22.799999,.2774639198960356,2.532215568342057,334.79999,.33479998,.1154,.0054000001,2,37.28242261041231,West Germany (U),Founded before 1945 (U),0
0,41,91,138,0,0,1.3333334,.1171608736949726,.0937014421980826,,0,0,0,1,17.85164446464615,West Germany (U),Founded before 1945 (U),0
0,41,91,138,0,11,50.200001,.451868032801623,5.413353391356543,,0,0,0,2,37.28242261041231,West Germany (U),Founded before 1945 (U),0
0,42,91,138,0,4.4,11.2,.0035238419046796,1.444863518734264,0,0,.001,.00060000003,1,17.85164446464615,West Germany (U),Founded before 1945 (U),0
0,42,91,138,0,6,10.5,.0137342935759042,.4005422409276589,0,0,.0026,.00080000004,2,37.28242261041231,West Germany (U),Founded before 1945 (U),0
0,43,91,138,0,0,,.1661871936209272,1.863189011312631,,0,0,0,1,17.85164446464615,West Germany (U),Founded before 1945 (U),0
0,46,91,138,0,0,,0,,7.8000002,.012800001,0,0,1,17.85164446464615,West Germany (U),Founded before 1945 (U),0
0,46,91,138,0,0,,0,,1,.001,0,0,2,37.28242261041231,West Germany (U),Founded before 1945 (U),0
0,47,91,138,0,0,2,0,,,0,0,0,1,17.85164446464615,West Germany (U),Founded before 1945 (U),0
0,48,91,138,0,4.6,17,.5034037174733964,1.273210254676191,461.60001,.48820001,.0034,.0018,1,17.85164446464615,West Germany (U),Founded before 1945 (U),0
0,48,91,138,0,6.4,20.799999,.4098427852223265,1.704013394656039,624.59998,.68779999,.0108,.0022,2,37.28242261041231,West Germany (U),Founded before 1945 (U),0
0,49,91,138,0,4,10.2,.0198913034357332,.9733477756862294,494.20001,.60119998,0,0,1,17.85164446464615,West Germany (U),Founded before 1945 (U),0
0,49,91,138,0,4.2,10,.1654278044190043,.7432489004181155,309.20001,.49079999,.001,0,2,37.28242261041231,West Germany (U),Founded before 1945 (U),0
0,50,91,138,0,2,12,0,.2579186202134353,,0,0,0,1,17.85164446464615,West Germany (U),Founded before 1945 (U),0
0,50,91,138,0,0,,0,0,,0,0,0,2,37.28242261041231,West Germany (U),Founded before 1945 (U),0
0,52,91,138,0,0,,0,,72,.071999997,0,0,1,17.85164446464615,West Germany (U),Founded before 1945 (U),0
0,52,91,138,0,3,19,.0039241658244648,.0892434573988999,18.200001,.018200001,0,0,2,37.28242261041231,West Germany (U),Founded before 1945 (U),0
0,53,91,138,0,0,,.0842072197631741,.1713649216657463,,0,.011399999,.0012000001,1,17.85164446464615,West Germany (U),Founded before 1945 (U),0
0,53,91,138,0,0,,.0652568083253578,.1372597527654318,,0,.015,.0020000001,2,37.28242261041231,West Germany (U),Founded before 1945 (U),0
0,55,91,138,0,6,17.333334,0,,1647.6,1.6475999,0,0,1,17.85164446464615,West Germany (U),Founded before 1945 (U),0
0,55,91,138,0,0,,0,,2153.2,2.1531999,0,0,2,37.28242261041231,West Germany (U),Founded before 1945 (U),0
0,56,91,138,0,10.2,34,.545067193932179,2.30463809767991,.2,.00060000003,.078400001,.0048000002,1,17.85164446464615,West Germany (U),Founded before 1945 (U),0
0,56,91,138,0,8,32,.8646629778403827,1.479035854773843,9.1999998,.0092000002,.1908,.015600001,2,37.28242261041231,West Germany (U),Founded before 1945 (U),0
0,3,92,141,0,0,,.0148104236822394,.0573856733901746,92.199997,.092199996,.00040000002,.00080000004,1,15.36071296852974,West Germany (U),Founded after 1945 (U),0
0,3,92,141,0,0,,.0021852237249517,0,212.39999,.21239999,0,.00020000001,2,20.06339887095006,West Germany (U),Founded after 1945 (U),0
0,5,92,141,0,5,10.4,.0927879265969563,1.038368297622984,16.4,.5194,.0014,.0012000001,1,15.36071296852974,West Germany (U),Founded after 1945 (U),0
0,5,92,141,0,5.6,15.8,.014267965733846,1.454099787931688,0,.44120002,.0020000001,.001,2,20.06339887095006,West Germany (U),Founded after 1945 (U),0
0,6,92,141,0,8.4,41,.4312315577951248,3.522273808273351,639.59998,.63959998,0,.00020000001,1,15.36071296852974,West Germany (U),Founded after 1945 (U),0
0,6,92,141,0,8.6,45.599998,.4587088438648686,2.684244743638214,623.40002,.62340003,0,.00020000001,2,20.06339887095006,West Germany (U),Founded after 1945 (U),0
0,8,92,141,0,8.6,33.599998,.8019999332496969,3.690717449167284,542,.542,.0034,.00020000001,1,15.36071296852974,West Germany (U),Founded after 1945 (U),0
0,8,92,141,0,8.4,41.599998,1.485087363596351,2.209118649930324,595.79999,.59579998,.0099999998,.001,2,20.06339887095006,West Germany (U),Founded after 1945 (U),0
0,10,92,141,0,7.2,12.8,.376358075973909,1.026234997533934,418.79999,.4188,.0074,.00060000003,1,15.36071296852974,West Germany (U),Founded after 1945 (U),0
0,10,92,141,0,8,12,.7047292591584413,1.142919464411809,304,.30399999,.0070000002,.00033333333,2,20.06339887095006,West Germany (U),Founded after 1945 (U),0
0,11,92,141,0,5,5.6666665,0,,,0,0,0,1,15.36071296852974,West Germany (U),Founded after 1945 (U),0
0,11,92,141,0,5,6.4000001,0,,,0,0,0,2,20.06339887095006,West Germany (U),Founded after 1945 (U),0
0,12,92,141,0,3,4,.0006676834847127,.2813316554734953,13.2,.038799997,.49579999,.0328,1,15.36071296852974,West Germany (U),Founded after 1945 (U),0
0,12,92,141,0,1.4,7.1999998,.0026014568154187,0,221.2,.39739999,1.1386,.054400001,2,20.06339887095006,West Germany (U),Founded after 1945 (U),0
0,13,92,141,0,16.2,99,1.713904759281773,7.626868868143334,448.39999,.53299999,2.0888,.119,1,15.36071296852974,West Germany (U),Founded after 1945 (U),0
0,13,92,141,0,16.2,107.2,2.580253785172185,6.914628333719479,607.20001,.69620001,4.4487996,.1392,2,20.06339887095006,West Germany (U),Founded after 1945 (U),0
0,15,92,141,0,14,98.599998,2.889394201291863,7.708460711161698,947.59998,.95540005,.088199995,.0112,1,15.36071296852974,West Germany (U),Founded after 1945 (U),0
0,15,92,141,0,14.6,101.4,4.541195093400956,5.104781858645873,798.79999,.80320001,.14380001,.0093999999,2,20.06339887095006,West Germany (U),Founded after 1945 (U),0
0,16,92,141,0,1.4,3.2,.0100493041135762,.7185361130269531,0,.0308,.0076000001,.0012000001,1,15.36071296852974,West Germany (U),Founded after 1945 (U),0
0,16,92,141,0,1,2,.034309590429163,.264543624719795,0,0,.036599997,.0026,2,20.06339887095006,West Germany (U),Founded after 1945 (U),0
1,17,92,141,0,12.4,49.599998,1.669332687867647,3.848828608820821,1663.6,1.6636,.0052,.0026,1,15.36071296852974,West Germany (U),Founded after 1945 (U),0
0,17,92,141,0,13.4,79.400002,3.546765805542154,4.136025328879737,624.79999,.91640002,.036400001,.0070000002,2,20.06339887095006,West Germany (U),Founded after 1945 (U),0
0,18,92,141,0,5,1,.001081081081,.700296999007787,11,.1628,0,0,1,15.36071296852974,West Germany (U),Founded after 1945 (U),0
0,18,92,141,0,5,3,.0215949531272532,.5876111876854506,0,.138,.00020000001,.00080000004,2,20.06339887095006,West Germany (U),Founded after 1945 (U),0
0,20,92,141,0,2,4.5999999,.0264123329132846,.544358776883997,0,.066800006,.0035999999,.00020000001,1,15.36071296852974,West Germany (U),Founded after 1945 (U),0
0,20,92,141,0,0,1,0,.2248418313911877,0,.0024000001,.0099999998,.001,2,20.06339887095006,West Germany (U),Founded after 1945 (U),0
0,22,92,141,0,10.4,16.799999,.1934616584420313,2.557837558846368,62.799999,1.217,.0014,.0012000001,1,15.36071296852974,West Germany (U),Founded after 1945 (U),0
0,22,92,141,0,8.800000000000001,23.200001,.1991901931204878,1.801567950251731,0,1.4680001,.0020000001,.001,2,20.06339887095006,West Germany (U),Founded after 1945 (U),0
0,23,92,141,0,3,5.8000002,.0224869053755842,.6658891856952281,0,.14639999,.00020000001,.00020000001,1,15.36071296852974,West Germany (U),Founded after 1945 (U),0
0,23,92,141,0,1.8,1.6,.0022497262949358,.3990587083991673,0,.055400003,.0018,.00040000002,2,20.06339887095006,West Germany (U),Founded after 1945 (U),0
0,24,92,141,0,2,6.5999999,.1121120880069968,.6287403489568671,186.39999,.29720002,.0046000001,.00040000002,1,15.36071296852974,West Germany (U),Founded after 1945 (U),0
0,24,92,141,0,2.4,5.5999999,.0553957204334751,.5748305879564413,30.799999,.132,.0176,.0012000001,2,20.06339887095006,West Germany (U),Founded after 1945 (U),0
0,25,92,141,0,18,118.8,3.8502986644555,7.943087454104219,3047.2,3.0808001,.3626,.028000001,1,15.36071296852974,West Germany (U),Founded after 1945 (U),0
0,25,92,141,0,21.2,114.6,2.666189091403437,5.170208691513619,1711.4,1.7688,.43620002,.032400001,2,20.06339887095006,West Germany (U),Founded after 1945 (U),0
0,26,92,141,0,3.2,18.4,0,1.631269804649327,522.79999,.5862,0,0,1,15.36071296852974,West Germany (U),Founded after 1945 (U),0
0,26,92,141,0,0,,.4306048846761523,2.488232684006377,0,.040599998,0,0,2,20.06339887095006,West Germany (U),Founded after 1945 (U),0
0,27,92,141,0,4.8,1,0,.5011379013051498,10.4,.1104,0,0,1,15.36071296852974,West Germany (U),Founded after 1945 (U),0
0,27,92,141,0,5,3.4000001,.0441427171133358,.5726146036150842,0,.154,.00020000001,.00080000004,2,20.06339887095006,West Germany (U),Founded after 1945 (U),0
0,29,92,141,0,5.5,4.5,.002869574589801,.8640265341300201,3.8,.152,0,0,1,15.36071296852974,West Germany (U),Founded after 1945 (U),0
0,29,92,141,0,0,,.0366325916527669,.8877758301138589,3.2,.20060001,0,0,2,20.06339887095006,West Germany (U),Founded after 1945 (U),0
0,31,92,141,0,26.2,285.79999,14.47844487118994,17.26105907483449,1683.4,1.7162,.61519998,.060400002,1,15.36071296852974,West Germany (U),Founded after 1945 (U),0
0,31,92,141,0,28.8,384.60001,17.01374179622185,16.26242644972359,1728.2,1.767,1.2381999,.076199993,2,20.06339887095006,West Germany (U),Founded after 1945 (U),0
0,32,92,141,0,31.4,96.599998,2.087257625230125,6.900400043503016,1276.6,1.898,.2534,.037599999,1,15.36071296852974,West Germany (U),Founded after 1945 (U),0
0,32,92,141,0,31,120.8,2.596305143466721,8.295231209842788,1150.4,2.2658,.4914,.044599999,2,20.06339887095006,West Germany (U),Founded after 1945 (U),0
0,33,92,141,0,0,,0,.0323181120730596,0,.091800004,0,0,1,15.36071296852974,West Germany (U),Founded after 1945 (U),0
0,33,92,141,0,0,,0,,0,.034200002,0,0,2,20.06339887095006,West Germany (U),Founded after 1945 (U),0
0,34,92,141,0,4,2.8,.0099417823890334,1.031432485386872,7.4000001,.257,.00040000002,.001,1,15.36071296852974,West Germany (U),Founded after 1945 (U),0
0,34,92,141,0,5,5,.0067039521617108,1.297326871548654,0,.2242,.00080000004,.00040000002,2,20.06339887095006,West Germany (U),Founded after 1945 (U),0
0,36,92,141,0,3.6,3.8,.0287912087827217,.4534202550096844,3.5999999,.1136,.00080000004,.00040000002,1,15.36071296852974,West Germany (U),Founded after 1945 (U),0
0,36,92,141,0,3,5.8000002,.3844512139163354,.7106002185908735,0,.068800002,.0032000002,.0012000001,2,20.06339887095006,West Germany (U),Founded after 1945 (U),0
0,37,92,141,0,19.6,89.199997,2.721491639470061,8.748331056519991,374.39999,.44320002,3.1600001,.13,1,15.36071296852974,West Germany (U),Founded after 1945 (U),0
0,37,92,141,0,17,107.8,3.403511425790445,5.883758315012439,531,.59020001,5.5296001,.2176,2,20.06339887095006,West Germany (U),Founded after 1945 (U),0
0,38,92,141,0,.8,3.2,.0324890005974887,.2798822168507258,,0,.0146,.001,1,15.36071296852974,West Germany (U),Founded after 1945 (U),0
0,38,92,141,0,1,2.5999999,0,.277609781435141,,0,.036200002,.0014,2,20.06339887095006,West Germany (U),Founded after 1945 (U),0
0,39,92,141,0,7,23.799999,.6886564025028342,1.522311626856656,10.2,.057599999,.167,.0174,1,15.36071296852974,West Germany (U),Founded after 1945 (U),0
0,39,92,141,0,6,17,.5192372061147792,.9049417083272514,0,.2218,.37620002,.020200001,2,20.06339887095006,West Germany (U),Founded after 1945 (U),0
0,40,92,141,0,17,85.599998,1.446066893746569,7.312209027373855,1036.4,1.0364001,.0096000005,.00040000002,1,15.36071296852974,West Germany (U),Founded after 1945 (U),0
0,40,92,141,0,13.4,81.800003,1.75545748193264,5.571532591202858,1070,1.0700001,.0196,.0027999999,2,20.06339887095006,West Germany (U),Founded after 1945 (U),0
0,41,92,141,0,0,,0,,0,.14399999,0,0,1,15.36071296852974,West Germany (U),Founded after 1945 (U),0
0,41,92,141,0,5.2,19.4,.6265031066662576,2.20444486994897,827.20001,.97119999,0,0,2,20.06339887095006,West Germany (U),Founded after 1945 (U),0
0,42,92,141,0,1,1,0,,,0,0,0,1,15.36071296852974,West Germany (U),Founded after 1945 (U),0
0,42,92,141,0,1,2,0,,,0,.0023333333,0,2,20.06339887095006,West Germany (U),Founded after 1945 (U),0
0,46,92,141,0,19.2,36.599998,.6790552299686756,4.976171106315714,127.8,1.5758001,0,0,1,15.36071296852974,West Germany (U),Founded after 1945 (U),0
0,46,92,141,0,14.8,41.599998,.6312701957886853,4.526710843334621,749,.995,0,0,2,20.06339887095006,West Germany (U),Founded after 1945 (U),0
0,47,92,141,0,2,2.3333333,0,,0,.26460001,.00020000001,0,1,15.36071296852974,West Germany (U),Founded after 1945 (U),0
0,47,92,141,0,2.2,4.4000001,0,,0,.1868,.00040000002,0,2,20.06339887095006,West Germany (U),Founded after 1945 (U),0
0,48,92,141,0,7.4,25.200001,.1458931131088912,1.34033526631589,27.4,.0274,.0040000002,.00060000003,1,15.36071296852974,West Germany (U),Founded after 1945 (U),0
0,48,92,141,0,9,34.400002,.1620429109606485,1.443157453086025,13.2,.18519999,.0152,.0038000001,2,20.06339887095006,West Germany (U),Founded after 1945 (U),0
0,49,92,141,0,3,11.2,.0995641942283449,1.220072936038991,18.4,.3502,.00020000001,0,1,15.36071296852974,West Germany (U),Founded after 1945 (U),0
0,49,92,141,0,4,9.1999998,.0699838877027974,1.118007756338987,0,.44660002,.001,0,2,20.06339887095006,West Germany (U),Founded after 1945 (U),0
0,50,92,141,0,0,,.0225197505146803,.0085906984884549,,0,0,0,1,15.36071296852974,West Germany (U),Founded after 1945 (U),0
0,50,92,141,0,1,0,.142653485930301,0,10.25,.03875,0,0,2,20.06339887095006,West Germany (U),Founded after 1945 (U),0
0,52,92,141,0,0,,0,.0035876008427808,,0,0,0,1,15.36071296852974,West Germany (U),Founded after 1945 (U),0
0,54,92,141,0,0,,0,,1744,1.744,.014,.0056666667,2,20.06339887095006,West Germany (U),Founded after 1945 (U),0
0,55,92,141,0,0,0,0,,1420.5,1.4205,0,0,2,20.06339887095006,West Germany (U),Founded after 1945 (U),0
0,56,92,141,0,16,62.599998,.977056118805446,6.38971027230742,2213.8,2.3592,.089199997,.011600001,1,15.36071296852974,West Germany (U),Founded after 1945 (U),0
0,56,92,141,0,18.6,86.199997,1.630115303082482,5.80924675712003,904.79999,.96420002,.229,.026000001,2,20.06339887095006,West Germany (U),Founded after 1945 (U),0
0,3,93,144,0,0,,0,,194.8,.1948,.00020000001,.00020000001,1,21.15050009494698,East Germany (U),Founded before 1945 (U),0
0,3,93,144,0,1.75,4.75,.0381334599010773,.3044198062242079,59.599998,.059599999,.00080000004,0,2,33.75084836351582,East Germany (U),Founded before 1945 (U),0
0,4,93,144,0,2,2,.0152322670128641,.3039740158011943,7.4000001,.066599995,0,0,1,21.15050009494698,East Germany (U),Founded before 1945 (U),0
0,4,93,144,0,2,3.2,.0884451135384396,.3319128307051998,2.8,.061999999,0,.00020000001,2,33.75084836351582,East Germany (U),Founded before 1945 (U),0
0,5,93,144,0,6,7.8000002,.0121014396158324,1.490197977716241,291.79999,.6146,.00080000004,.0022,1,21.15050009494698,East Germany (U),Founded before 1945 (U),0
0,5,93,144,0,5.8,9,.145626534068801,1.310786320623267,113,.32499999,.0027999999,.0027999999,2,33.75084836351582,East Germany (U),Founded before 1945 (U),0
0,6,93,144,0,25.6,79.599998,1.190691523286233,6.477213753618368,906.40002,.90640002,0,0,1,21.15050009494698,East Germany (U),Founded before 1945 (U),0
0,6,93,144,0,18.6,80.400002,1.646719386034284,4.758612421024988,695,.69499999,.00020000001,0,2,33.75084836351582,East Germany (U),Founded before 1945 (U),0
0,8,93,144,0,18,121.6,4.199976335613004,7.54948880418199,1100.6,1.1896,.0035999999,.0016000001,1,21.15050009494698,East Germany (U),Founded before 1945 (U),0
0,8,93,144,0,25.2,252.8,12.66397938375523,9.714924468735672,1707.4,1.7358,.033,.0076000001,2,33.75084836351582,East Germany (U),Founded before 1945 (U),0
0,10,93,144,0,2.2,4,.0226741948599087,.465814583713583,289.20001,.28920001,.012399999,.0014,1,21.15050009494698,East Germany (U),Founded before 1945 (U),0
0,10,93,144,0,4,5,.1476836628285946,.4167752340673285,304,.30399999,.017000001,.0020000001,2,33.75084836351582,East Germany (U),Founded before 1945 (U),0
0,12,93,144,1,12,67.800003,1.393480837097604,4.752036735137811,392.20001,.39220002,1.4734,.1088,1,21.15050009494698,East Germany (U),Founded before 1945 (U),0
0,12,93,144,1,14,139,11.34488693561011,3.827102425329649,505.79999,.50580001,4.8200002,.1858,2,33.75084836351582,East Germany (U),Founded before 1945 (U),1
0,13,93,144,0,23.6,129.39999,3.870239625024689,7.890084843426097,550,.56620002,1.5378001,.1166,1,21.15050009494698,East Germany (U),Founded before 1945 (U),0
0,13,93,144,0,22.2,163,4.716695342345623,7.03748322763179,665.79999,.67699999,4.6220002,.1874,2,33.75084836351582,East Germany (U),Founded before 1945 (U),0
0,14,93,144,0,0,0,0,.040240276543434,,0,0,.00020000001,1,21.15050009494698,East Germany (U),Founded before 1945 (U),0
0,14,93,144,0,0,0,0,.0441997413029619,,0,0,0,2,33.75084836351582,East Germany (U),Founded before 1945 (U),0
1,15,93,144,0,26.6,242.2,11.13742240230924,12.75752782058786,1341.4,1.358,.075800002,.013,1,21.15050009494698,East Germany (U),Founded before 1945 (U),0
0,15,93,144,1,29.2,346.39999,18.70021211691877,10.21008505249756,1275,1.283,.3524,.027000001,2,33.75084836351582,East Germany (U),Founded before 1945 (U),0
0,16,93,144,0,0,,0,,0,.1618,.046,.0038000001,1,21.15050009494698,East Germany (U),Founded before 1945 (U),0
0,16,93,144,0,0,,0,,0,.080199994,.19780001,.0099999998,2,33.75084836351582,East Germany (U),Founded before 1945 (U),0
0,17,93,144,0,13.6,46.599998,1.005894538696423,4.047360927648931,37.200001,.366,.0049999999,.00080000004,1,21.15050009494698,East Germany (U),Founded before 1945 (U),0
0,17,93,144,0,13.4,64.599998,1.453428977406313,3.950451934410511,108.8,1.7631999,.022799999,.0018,2,33.75084836351582,East Germany (U),Founded before 1945 (U),0
0,18,93,144,0,3,1,0,.3661108053040813,32.599998,.071999997,.00020000001,.00040000002,1,21.15050009494698,East Germany (U),Founded before 1945 (U),0
0,18,93,144,0,3,1.4,.0805822986211017,.3899716356445044,38,.046,.00060000003,.00020000001,2,33.75084836351582,East Germany (U),Founded before 1945 (U),0
0,19,93,144,0,17,87.199997,4.29405451276496,6.497174090822025,564.79999,.56479996,.043599997,.0083999997,1,21.15050009494698,East Germany (U),Founded before 1945 (U),0
0,19,93,144,0,17,90.400002,3.757788842040287,5.420708520141247,573.40002,.57340002,.1126,.0132,2,33.75084836351582,East Germany (U),Founded before 1945 (U),0
0,20,93,144,0,6.8,16.6,.290796509966353,1.578899068658045,680.59998,.85440004,.0032000002,.00020000001,1,21.15050009494698,East Germany (U),Founded before 1945 (U),0
0,20,93,144,0,8.800000000000001,17.4,.3123685492528811,1.940953429888144,585.20001,.68520004,.0252,.0024000001,2,33.75084836351582,East Germany (U),Founded before 1945 (U),0
0,21,93,144,0,1,25,1.325618992042822,.3416679798796059,0,0,1.10825,.043000001,2,33.75084836351582,East Germany (U),Founded before 1945 (U),0
0,22,93,144,0,8,21.4,.2375962196852206,2.197289622353209,724.59998,1.145,.00080000004,.0022,1,21.15050009494698,East Germany (U),Founded before 1945 (U),0
0,22,93,144,0,5.6,19,.4396457439861975,1.654439516093888,355,.64219999,.0027999999,.0027999999,2,33.75084836351582,East Germany (U),Founded before 1945 (U),0
0,23,93,144,0,10.4,50.200001,2.053418896061729,2.331402503121701,444,.8118,.0018,.0020000001,1,21.15050009494698,East Germany (U),Founded before 1945 (U),0
0,23,93,144,0,10.4,57,1.686572129095893,1.696093783661763,412,.66900003,.0058000004,.0012000001,2,33.75084836351582,East Germany (U),Founded before 1945 (U),0
0,25,93,144,1,22.8,141.60001,4.048972510218456,9.637492330099198,2514.8,2.6359999,.12899999,.016000001,1,21.15050009494698,East Germany (U),Founded before 1945 (U),0
0,25,93,144,1,22.6,217,9.54862170602034,8.948691907426417,1627.8,1.6392,.19580001,.021399999,2,33.75084836351582,East Germany (U),Founded before 1945 (U),1
0,26,93,144,0,9.800000000000001,91,4.827200023705362,3.99575672134893,404.39999,.40439999,0,0,1,21.15050009494698,East Germany (U),Founded before 1945 (U),0
0,26,93,144,0,5.4,33,.7475549541062648,.3587473800155079,571,.57099998,0,0,2,33.75084836351582,East Germany (U),Founded before 1945 (U),0
0,27,93,144,0,3,1.2,.0015624999993161,.3592676521723557,15.8,.028999999,.00020000001,.00040000002,1,21.15050009494698,East Germany (U),Founded before 1945 (U),0
0,27,93,144,0,3,2.2,.0349032813963755,.3832280962640447,14,.025,.00060000003,.00020000001,2,33.75084836351582,East Germany (U),Founded before 1945 (U),0
0,29,93,144,0,5,8.1999998,.1509304386299513,1.002779465824818,166,.35499999,0,0,1,21.15050009494698,East Germany (U),Founded before 1945 (U),0
0,29,93,144,0,5.2,8.1999998,.2970512079971347,.7756389520382747,339.60001,.3994,0,0,2,33.75084836351582,East Germany (U),Founded before 1945 (U),0
0,30,93,144,0,0,,0,,344.39999,.34439999,0,0,1,21.15050009494698,East Germany (U),Founded before 1945 (U),0
0,30,93,144,0,6.75,18.25,.239011904018407,.6783428276295356,252.2,.25220001,0,0,2,33.75084836351582,East Germany (U),Founded before 1945 (U),0
0,31,93,144,1,56.4,476.60001,23.8291826049848,23.04237550244782,3207.6001,3.2614,.67180002,.088599995,1,21.15050009494698,East Germany (U),Founded before 1945 (U),0
0,31,93,144,1,46.8,694.59998,41.29126607306893,17.15137369532652,4944.2002,4.9754,2.2809999,.17839999,2,33.75084836351582,East Germany (U),Founded before 1945 (U),1
0,32,93,144,0,23.6,50.599998,.2855195819932614,6.203469256438737,500,.722,.17539999,.0328,1,21.15050009494698,East Germany (U),Founded before 1945 (U),0
0,32,93,144,0,22.8,56.200001,1.032232479611566,5.344911031161986,484.60001,.64059997,.37599999,.037799999,2,33.75084836351582,East Germany (U),Founded before 1945 (U),0
0,33,93,144,0,0,,0,,24.4,.0244,0,0,2,33.75084836351582,East Germany (U),Founded before 1945 (U),0
0,34,93,144,0,2,1,.0046731259975694,.4174203396319679,63.400002,.069600001,0,0,1,21.15050009494698,East Germany (U),Founded before 1945 (U),0
0,34,93,144,0,1,1.6,.047466648697133,.302925799287089,59.799999,.060599998,.00060000003,.00060000003,2,33.75084836351582,East Germany (U),Founded before 1945 (U),0
0,36,93,144,0,6,8.6000004,.0716859876379516,1.573925278679233,213,.39300001,.003,.0012000001,1,21.15050009494698,East Germany (U),Founded before 1945 (U),0
0,36,93,144,0,5.8,7.8000002,.1806522879012858,1.170832087492182,202.8,.2368,.0066,.0020000001,2,33.75084836351582,East Germany (U),Founded before 1945 (U),0
0,37,93,144,0,29.4,148,5.857722423930401,7.280830402961283,567.59998,.58499998,2.904,.2464,1,21.15050009494698,East Germany (U),Founded before 1945 (U),0
0,37,93,144,0,28.4,210.2,9.353423760317861,5.952414002292286,621.79999,.63279998,7.6292,.41999999,2,33.75084836351582,East Germany (U),Founded before 1945 (U),0
0,38,93,144,0,5,9,.1059643905729962,.9969127487882242,323.60001,.32359999,.0144,.003,1,21.15050009494698,East Germany (U),Founded before 1945 (U),0
0,38,93,144,0,4.4,8.8000002,.5103786933906901,.8286131744009123,336.20001,.3362,.086000003,.0049999999,2,33.75084836351582,East Germany (U),Founded before 1945 (U),0
0,39,93,144,0,12.6,77.599998,1.432015621929739,4.285936553049969,665.59998,.6656,.14160001,.023200002,1,21.15050009494698,East Germany (U),Founded before 1945 (U),0
0,39,93,144,0,13.2,133.8,3.666219847878506,4.868828350509889,683.79999,.68379998,.76340002,.042599998,2,33.75084836351582,East Germany (U),Founded before 1945 (U),0
0,40,93,144,0,0,,0,,161.8,.1618,.0022,.00060000003,1,21.15050009494698,East Germany (U),Founded before 1945 (U),0
0,40,93,144,0,2,15.75,.7964217397681531,.4181839119314045,137.60001,.1376,.0078000003,.001,2,33.75084836351582,East Germany (U),Founded before 1945 (U),0
0,41,93,144,0,6,22.200001,.3865225342742069,1.437811955980282,72.800003,.17399999,0,0,1,21.15050009494698,East Germany (U),Founded before 1945 (U),0
0,41,93,144,0,3.6,12,.3140572436540454,.3651446174227517,24.200001,.054000001,0,0,2,33.75084836351582,East Germany (U),Founded before 1945 (U),0
0,42,93,144,0,19.6,42,.2336149539907006,4.515565270502809,1384.6,1.3845999,.0027999999,.00040000002,1,21.15050009494698,East Germany (U),Founded before 1945 (U),0
0,42,93,144,0,14,30.4,.354295240184263,3.200224914071477,1038.6,1.0386,.015600001,.00060000003,2,33.75084836351582,East Germany (U),Founded before 1945 (U),0
0,44,93,144,0,7,6.4000001,.0244492723666666,1.463049449922838,215.8,.35420001,.00080000004,.0022,1,21.15050009494698,East Germany (U),Founded before 1945 (U),0
0,44,93,144,0,7,5.1999998,.2406245451663329,1.317332053928762,84.199997,.20039999,.0027999999,.0027999999,2,33.75084836351582,East Germany (U),Founded before 1945 (U),0
0,45,93,144,0,3.4,2.5999999,.0106607460273387,.6970937363675873,85.599998,.092599995,.00080000004,.0022,1,21.15050009494698,East Germany (U),Founded before 1945 (U),0
0,45,93,144,0,3,3,.1037089114932875,.5819558375636557,44,.063000001,.0027999999,.0027999999,2,33.75084836351582,East Germany (U),Founded before 1945 (U),0
0,47,93,144,0,3.4,16.6,.4984023691363477,.7889147799206107,623.59998,.7392,.00080000004,0,1,21.15050009494698,East Germany (U),Founded before 1945 (U),0
0,47,93,144,0,4,16.200001,.2018832264714622,.7587942836953327,463.39999,.57279998,.0024000001,0,2,33.75084836351582,East Germany (U),Founded before 1945 (U),0
0,48,93,144,0,5,16.200001,.1324401769696849,1.398041672286351,561.79999,.56440002,.010199999,.0018,1,21.15050009494698,East Germany (U),Founded before 1945 (U),0
0,48,93,144,0,4.4,20.799999,.6329151575310391,1.101506897769344,572.59998,.57499999,.025600001,.0024000001,2,33.75084836351582,East Germany (U),Founded before 1945 (U),0
0,49,93,144,0,0,,0,,0,.021200001,0,0,1,21.15050009494698,East Germany (U),Founded before 1945 (U),0
0,50,93,144,0,0,.5,.0030994175495837,.2314916590348003,137.2,.1372,0,0,1,21.15050009494698,East Germany (U),Founded before 1945 (U),0
0,50,93,144,0,0,2.8,.2816376137843898,1.054395182943051,983.20001,.98320001,0,0,2,33.75084836351582,East Germany (U),Founded before 1945 (U),0
0,51,93,144,0,21.6,121,5.472190915998013,7.695144685643638,666.20001,.66620004,.0064000003,.003,1,21.15050009494698,East Germany (U),Founded before 1945 (U),0
0,51,93,144,0,11,88.599998,5.15968579756777,4.395471810731896,943.79999,.94379997,.035,.0020000001,2,33.75084836351582,East Germany (U),Founded before 1945 (U),0
0,52,93,144,0,9.6,40.200001,1.177577742051924,2.524241890378061,371.20001,.37120003,0,0,1,21.15050009494698,East Germany (U),Founded before 1945 (U),0
0,52,93,144,0,9,49.599998,1.520074773161048,1.979082084476785,317.60001,.31760001,0,0,2,33.75084836351582,East Germany (U),Founded before 1945 (U),0
0,53,93,144,0,0,,0,,589.79999,.5898,.0020000001,.0012000001,1,21.15050009494698,East Germany (U),Founded before 1945 (U),0
0,53,93,144,0,0,,0,,575,.57499999,.003,.001,2,33.75084836351582,East Germany (U),Founded before 1945 (U),0
0,54,93,144,0,0,,0,,17.666666,.017666666,.07,.023,2,33.75084836351582,East Germany (U),Founded before 1945 (U),0
0,55,93,144,0,0,,0,,742.40002,.74240005,0,0,1,21.15050009494698,East Germany (U),Founded before 1945 (U),0
0,55,93,144,0,0,,0,,773.59998,.77359998,0,0,2,33.75084836351582,East Germany (U),Founded before 1945 (U),0
0,56,93,144,0,24.2,103,2.479708911399952,6.496742038078873,1545,1.545,.0482,.0093999999,1,21.15050009494698,East Germany (U),Founded before 1945 (U),0
0,56,93,144,0,27.8,140,3.0584643906567,7.504918003721376,2282.6001,2.2826002,.1902,.0266,2,33.75084836351582,East Germany (U),Founded before 1945 (U),0
0,6,94,137,0,12.2,25,0,,0,.0255,0,.00020000001,1,5.046558749292517,West Germany (U),Founded after 1945 (U),0
0,6,94,137,0,0,0,0,,,0,0,0,2,16.10058857918661,West Germany (U),Founded after 1945 (U),0
0,8,94,137,0,15,44.400002,3.34976436408956,7.856025939199656,373.79999,.47679999,.00020000001,.00060000003,1,5.046558749292517,West Germany (U),Founded after 1945 (U),0
0,8,94,137,0,11.2,62.799999,3.198511232318225,5.331047839195094,331.39999,.4014,.0082,.0012000001,2,16.10058857918661,West Germany (U),Founded after 1945 (U),0
0,10,94,137,0,0,,0,,56.5,.056499999,0,0,1,5.046558749292517,West Germany (U),Founded after 1945 (U),0
0,12,94,137,0,0,,0,,48.599998,.048599999,.3628,.012800001,1,5.046558749292517,West Germany (U),Founded after 1945 (U),0
0,12,94,137,0,0,,.6547174310190804,.9784939422019867,191.60001,.19160001,.55520004,.0174,2,16.10058857918661,West Germany (U),Founded after 1945 (U),0
0,15,94,137,0,21.4,42,4.065463617308526,11.18115652932541,727.20001,.76859999,.071199998,.0142,1,5.046558749292517,West Germany (U),Founded after 1945 (U),0
0,15,94,137,0,21.8,79.400002,4.443829394509295,7.88168447885617,474,.50779998,.097199999,.0162,2,16.10058857918661,West Germany (U),Founded after 1945 (U),0
0,23,94,137,0,1,1.25,0,,,0,.00025000001,0,1,5.046558749292517,West Germany (U),Founded after 1945 (U),0
0,23,94,137,0,1,3.2,0,,,0,0,0,2,16.10058857918661,West Germany (U),Founded after 1945 (U),0
0,25,94,137,0,16.2,65.800003,0,,552.40002,.55240005,.027799999,.0016000001,1,5.046558749292517,West Germany (U),Founded after 1945 (U),0
0,25,94,137,0,8.4,45.799999,3.325981049976035,4.970777407589025,422.20001,.42220002,.0264,.0044,2,16.10058857918661,West Germany (U),Founded after 1945 (U),0
0,26,94,137,0,3.8,12,0,,442.39999,.48160002,0,0,1,5.046558749292517,West Germany (U),Founded after 1945 (U),0
0,26,94,137,0,.3333333333333333,1.6666666,2.431807592243566,3.634408515845038,559.79999,.77899998,0,0,2,16.10058857918661,West Germany (U),Founded after 1945 (U),0
0,31,94,137,0,41.4,170,8.547110839535057,19.79190695904068,1191.2,1.3598001,.80040002,.063200004,1,5.046558749292517,West Germany (U),Founded after 1945 (U),0
0,31,94,137,0,35.2,221.60001,9.951536230717986,17.97708391609995,1543.8,1.5908,1.5068001,.076400004,2,16.10058857918661,West Germany (U),Founded after 1945 (U),0
0,32,94,137,0,1.8,4,0,,,0,.0308,.0104,1,5.046558749292517,West Germany (U),Founded after 1945 (U),0
0,32,94,137,0,.4,2.2,0,,,0,.1136,.0142,2,16.10058857918661,West Germany (U),Founded after 1945 (U),0
0,40,94,137,0,3.2,17,0,,501,.50099999,.00040000002,.00040000002,1,5.046558749292517,West Germany (U),Founded after 1945 (U),0
0,40,94,137,0,2.2,2.8,0,,,0,.0020000001,0,2,16.10058857918661,West Germany (U),Founded after 1945 (U),0
0,48,94,137,0,0,1,0,,,0,.0023333333,.001,1,5.046558749292517,West Germany (U),Founded after 1945 (U),0
0,48,94,137,0,0,0,0,,,0,.0065000001,.00025000001,2,16.10058857918661,West Germany (U),Founded after 1945 (U),0
0,51,94,137,0,7.6,18.6,0,,196,.19599999,.0038000001,.00060000003,1,5.046558749292517,West Germany (U),Founded after 1945 (U),0
0,51,94,137,0,6.4,30.200001,2.01754737777628,3.015283676340086,313.39999,.3134,.0093999999,.00040000002,2,16.10058857918661,West Germany (U),Founded after 1945 (U),0
0,54,94,137,0,0,0,0,,0,0,.035,.0074999998,2,16.10058857918661,West Germany (U),Founded after 1945 (U),0
0,55,94,137,0,0,,0,,643,.64300001,0,0,1,5.046558749292517,West Germany (U),Founded after 1945 (U),0
0,55,94,137,0,11.5,48.5,3.574213282062916,5.341766415447212,742.20001,.74220002,0,0,2,16.10058857918661,West Germany (U),Founded after 1945 (U),0
0,56,94,137,0,0,1,0,,21,.021,.014,.0020000001,1,5.046558749292517,West Germany (U),Founded after 1945 (U),0
0,56,94,137,0,0,1,.13466190453187,.2012556408915933,17.4,.0174,.0462,.0032000002,2,16.10058857918661,West Germany (U),Founded after 1945 (U),0
0,10,95,147,0,2.8,10,.1061200975646986,.6488630582700605,694.59998,.69459999,.00020000001,.00020000001,1,3.545363581865254,East Germany (U),Founded after 1945 (U),0
0,10,95,147,0,3,9,.0243506763750454,.617688829791651,731,.73100001,.001,0,2,6.593760225960177,East Germany (U),Founded after 1945 (U),0
0,12,95,147,0,0,,0,,19,.018999999,.072999999,.011,2,6.593760225960177,East Germany (U),Founded after 1945 (U),0
0,13,95,147,0,2,7,0,,,0,.0986,.0112,1,3.545363581865254,East Germany (U),Founded after 1945 (U),0
0,13,95,147,0,1.2,9,.2735861600935872,.5533925444946258,,0,.63480002,.024799999,2,6.593760225960177,East Germany (U),Founded after 1945 (U),0
0,15,95,147,0,24.4,186,5.987840633999547,12.9036130822683,1363.8,1.3638,.022200001,.0035999999,1,3.545363581865254,East Germany (U),Founded after 1945 (U),0
0,15,95,147,0,17.8,182.8,10.14178152328242,9.963453901389229,478.79999,.4788,.133,.0188,2,6.593760225960177,East Germany (U),Founded after 1945 (U),0
0,23,95,147,0,0,,.0004359964359154,.1993368878803688,,0,0,0,1,3.545363581865254,East Germany (U),Founded after 1945 (U),0
0,23,95,147,0,1,3.5,.0002917100242356,.2555681719181112,,0,.00033333333,0,2,6.593760225960177,East Germany (U),Founded after 1945 (U),0
0,25,95,147,0,11.4,55.799999,.7565162229642535,5.373371499128846,1504.6,1.5045999,.0458,.0099999998,1,3.545363581865254,East Germany (U),Founded after 1945 (U),0
0,25,95,147,0,11.4,67.800003,2.227369215216947,4.417917526522752,736,.736,.094800003,.0184,2,6.593760225960177,East Germany (U),Founded after 1945 (U),0
0,26,95,147,0,3.4,11,.0008928571424663,.2847879680327892,859,.8858,0,0,1,3.545363581865254,East Germany (U),Founded after 1945 (U),0
0,26,95,147,0,6.8,35,.5061431728359091,1.242011408508084,1432.8,1.4708,0,0,2,6.593760225960177,East Germany (U),Founded after 1945 (U),0
0,31,95,147,0,17.6,134.8,5.493904334433184,8.426333226732583,742.79999,.7428,.1164,.019399999,1,3.545363581865254,East Germany (U),Founded after 1945 (U),0
0,31,95,147,0,19,173.39999,9.926011043951528,7.191788468963574,684.59998,.6846,.3644,.037599999,2,6.593760225960177,East Germany (U),Founded after 1945 (U),0
0,32,95,147,0,8,22.4,.0446346542217993,2.566843418911039,94,.093999997,.022799999,.0049999999,1,3.545363581865254,East Germany (U),Founded after 1945 (U),0
0,32,95,147,0,8.800000000000001,19.4,.168958001878122,2.185185192252678,83,.082999997,.0792,.0108,2,6.593760225960177,East Germany (U),Founded after 1945 (U),0
0,33,95,147,0,0,0,.0614145083145769,.5695710045735038,,0,0,0,1,3.545363581865254,East Germany (U),Founded after 1945 (U),0
0,33,95,147,0,0,0,.0032407443673885,.4834157481638912,,0,0,0,2,6.593760225960177,East Germany (U),Founded after 1945 (U),0
0,37,95,147,0,5,23.4,.6073210676999193,2.390152547024897,0,0,.39139998,.0614,1,3.545363581865254,East Germany (U),Founded after 1945 (U),0
0,37,95,147,0,5.8,30.4,.9282061331308791,2.166641101846638,0,0,1.3150001,.093599997,2,6.593760225960177,East Germany (U),Founded after 1945 (U),0
0,38,95,147,0,.8,2,.0221677242870963,.3033586005211077,,0,.001,.00020000001,1,3.545363581865254,East Germany (U),Founded after 1945 (U),0
0,38,95,147,0,1,3.5999999,.0266789654207368,.3096649983293189,,0,.0041999999,.00040000002,2,6.593760225960177,East Germany (U),Founded after 1945 (U),0
0,41,95,147,0,.4,.40000001,0,.3909668012951419,,0,0,0,1,3.545363581865254,East Germany (U),Founded after 1945 (U),0
0,41,95,147,0,2.6,6.8000002,.0265020041313331,.6635500499064929,,0,0,0,2,6.593760225960177,East Germany (U),Founded after 1945 (U),0
0,42,95,147,0,2,5.8000002,0,,,0,0,.00020000001,1,3.545363581865254,East Germany (U),Founded after 1945 (U),0
0,42,95,147,0,2,6.1999998,0,.492641136078046,,0,.00020000001,0,2,6.593760225960177,East Germany (U),Founded after 1945 (U),0
0,43,95,147,0,0,,.0551724137861677,0,,0,0,0,2,6.593760225960177,East Germany (U),Founded after 1945 (U),0
0,48,95,147,0,0,,.0005494505492886,.0068649885568557,,0,.00050000002,0,1,3.545363581865254,East Germany (U),Founded after 1945 (U),0
0,50,95,147,0,2,8,.0620188411199822,.4897802970883823,722.75,.72275001,0,0,2,6.593760225960177,East Germany (U),Founded after 1945 (U),0
0,51,95,147,0,1,4.8000002,0,,64,.064000003,.0014,.00040000002,1,3.545363581865254,East Germany (U),Founded after 1945 (U),0
0,51,95,147,0,1,9.8000002,1.295167310202744,.3272735,290.79999,.29079998,.012800001,.001,2,6.593760225960177,East Germany (U),Founded after 1945 (U),0
0,54,95,147,0,0,,0,,582.33331,.58233333,.0023333333,0,2,6.593760225960177,East Germany (U),Founded after 1945 (U),0
0,55,95,147,0,0,,0,,512.79999,.51279998,0,0,1,3.545363581865254,East Germany (U),Founded after 1945 (U),0
0,55,95,147,0,0,,0,,452.5,.45249999,0,0,2,6.593760225960177,East Germany (U),Founded after 1945 (U),0
0,56,95,147,0,12.4,44.799999,.6721867597859671,4.483990937853052,847.20001,.84720004,.0038000001,.0018,1,3.545363581865254,East Germany (U),Founded after 1945 (U),0
0,56,95,147,0,14.2,44.799999,.1360968361679251,4.430131158449267,839,.83899999,.023,.0035999999,2,6.593760225960177,East Germany (U),Founded after 1945 (U),0
0,5,96,142,0,0,,0,,0,.0026666666,0,0,1,9.854988932084927,West Germany (U),Founded after 1945 (U),0
0,6,96,142,0,12.2,30.6,.8562159349176079,7.838167271485712,580.40002,.58040005,0,0,1,9.854988932084927,West Germany (U),Founded after 1945 (U),0
0,6,96,142,0,12,22,.076526877847126,2.050129156922333,389.39999,.38940001,0,0,2,13.29099234799477,West Germany (U),Founded after 1945 (U),0
0,8,96,142,0,9.4,47.200001,1.860279179789938,.0617559523539204,373.60001,.52359998,.00040000002,.00060000003,1,9.854988932084927,West Germany (U),Founded after 1945 (U),0
0,8,96,142,0,12,54.799999,2.110512867582866,3.92311281477805,377.20001,.4698,.0032000002,.00040000002,2,13.29099234799477,West Germany (U),Founded after 1945 (U),0
0,11,96,142,0,0,,0,0,,0,0,0,1,9.854988932084927,West Germany (U),Founded after 1945 (U),0
0,12,96,142,0,12.4,81,2.424140859049465,4.901040981003656,427.39999,.51440001,1.212,.044,1,9.854988932084927,West Germany (U),Founded after 1945 (U),0
0,12,96,142,0,16.8,81.800003,2.738268836736154,5.731707525606076,479.79999,.6498,2.0046,.056200001,2,13.29099234799477,West Germany (U),Founded after 1945 (U),0
0,13,96,142,0,11.4,71.199997,1.953154269478406,3.776365832501773,420.79999,.4788,1.5006,.066599995,1,9.854988932084927,West Germany (U),Founded after 1945 (U),0
0,13,96,142,0,14.6,70.599998,2.344671871625822,4.469508935491666,433.39999,.5316,2.8226001,.069800004,2,13.29099234799477,West Germany (U),Founded after 1945 (U),0
0,15,96,142,0,14,63.200001,2.100891212031911,4.382868100981939,433,.45739999,.1372,.012800001,1,9.854988932084927,West Germany (U),Founded after 1945 (U),0
0,15,96,142,0,11.4,58.200001,2.551112312807615,4.116174124422146,555.20001,.57459998,.24080001,.0082,2,13.29099234799477,West Germany (U),Founded after 1945 (U),0
0,17,96,142,0,1.5,9,0,.0697950697816236,331.60001,.33160001,.0018,.00060000003,1,9.854988932084927,West Germany (U),Founded after 1945 (U),0
0,17,96,142,0,1.2,8.8000002,0,,1002.6,1.0026,.0060000001,.00040000002,2,13.29099234799477,West Germany (U),Founded after 1945 (U),0
0,20,96,142,0,1,1.3333334,0,,0,.021,.003,.00033333333,2,13.29099234799477,West Germany (U),Founded after 1945 (U),0
0,25,96,142,0,21.2,78.199997,2.571829012714648,5.978475091287341,787.20001,.80180001,.15980001,.0136,1,9.854988932084927,West Germany (U),Founded after 1945 (U),0
0,25,96,142,0,21.4,66.199997,3.762897352776871,4.932023742959786,506.79999,.52159995,.1762,.0188,2,13.29099234799477,West Germany (U),Founded after 1945 (U),0
0,26,96,142,0,0,,0,,0,0,0,0,1,9.854988932084927,West Germany (U),Founded after 1945 (U),0
0,26,96,142,0,1,3.25,0,,67.199997,.067199998,0,0,2,13.29099234799477,West Germany (U),Founded after 1945 (U),0
0,31,96,142,0,18.4,128.2,6.834948194820932,6.488261625270661,457.79999,.4844,.51279998,.064599998,1,9.854988932084927,West Germany (U),Founded after 1945 (U),0
0,31,96,142,0,18.2,145.39999,8.302926495417337,7.342896948854899,1128.8,1.1554,1.3415999,.066,2,13.29099234799477,West Germany (U),Founded after 1945 (U),0
0,32,96,142,0,17.8,51.799999,1.771229090290116,3.900381553873725,556.79999,.65440005,.2586,.031399999,1,9.854988932084927,West Germany (U),Founded after 1945 (U),0
0,32,96,142,0,20.6,63.599998,1.72126579405764,4.614383597475824,516,.70679998,.49379998,.044799998,2,13.29099234799477,West Germany (U),Founded after 1945 (U),0
0,33,96,142,0,0,,0,.004324324324,.2,.00020000001,0,0,1,9.854988932084927,West Germany (U),Founded after 1945 (U),0
0,33,96,142,0,0,,0,,0,0,0,0,2,13.29099234799477,West Germany (U),Founded after 1945 (U),0
0,36,96,142,0,0,,0,,0,0,.00020000001,0,1,9.854988932084927,West Germany (U),Founded after 1945 (U),0
0,36,96,142,0,0,,0,,0,0,.0012000001,.00040000002,2,13.29099234799477,West Germany (U),Founded after 1945 (U),0
0,37,96,142,0,19.4,100.6,6.767724696343549,3.351341425237601,366,.39399999,2.1458001,.1078,1,9.854988932084927,West Germany (U),Founded after 1945 (U),0
0,37,96,142,1,18.6,90.800003,4.7692493963297,4.736987746245236,548.40002,.59059995,3.4821999,.1198,2,13.29099234799477,West Germany (U),Founded after 1945 (U),0
0,38,96,142,0,1.5,2,0,.004324324324,0,.00066666666,.0074999998,.00025000001,1,9.854988932084927,West Germany (U),Founded after 1945 (U),0
0,38,96,142,0,1.4,4.4000001,0,,0,.00060000003,.024600001,.0012000001,2,13.29099234799477,West Germany (U),Founded after 1945 (U),0
0,39,96,142,0,1,1,0,.004324324324,0,0,.0122,.0014,1,9.854988932084927,West Germany (U),Founded after 1945 (U),0
0,39,96,142,0,.6,1.6,0,,0,0,.031799998,.0049999999,2,13.29099234799477,West Germany (U),Founded after 1945 (U),0
0,40,96,142,0,7.8,29.200001,.790751688952523,.0598958333071156,428.20001,.42820001,0,0,1,9.854988932084927,West Germany (U),Founded after 1945 (U),0
0,40,96,142,0,8,35.799999,.7787131424236892,2.266297372088777,431,.43099999,.0020000001,.0012000001,2,13.29099234799477,West Germany (U),Founded after 1945 (U),0
0,41,96,142,0,0,2,0,.004324324324,,0,0,0,1,9.854988932084927,West Germany (U),Founded after 1945 (U),0
0,41,96,142,0,0,,0,,119,.119,0,0,2,13.29099234799477,West Germany (U),Founded after 1945 (U),0
0,42,96,142,0,2,2,0,,227,.227,0,0,1,9.854988932084927,West Germany (U),Founded after 1945 (U),0
0,42,96,142,0,1.6,2.2,0,,465,.465,.00020000001,0,2,13.29099234799477,West Germany (U),Founded after 1945 (U),0
0,48,96,142,0,4.4,10.4,.3269458078039622,.6265940593192442,0,.0294,.00040000002,0,1,9.854988932084927,West Germany (U),Founded after 1945 (U),0
0,48,96,142,0,4,7.8000002,.3937465595655087,1.913086630706288,210.60001,.31960002,.0032000002,.00020000001,2,13.29099234799477,West Germany (U),Founded after 1945 (U),0
0,49,96,142,0,.3333333333333333,0,.1810103380388783,.2887774986090654,0,.018999999,.00020000001,0,1,9.854988932084927,West Germany (U),Founded after 1945 (U),0
0,49,96,142,0,1,3.2,.0647379834023394,.9258540607733209,0,.1708,.00020000001,0,2,13.29099234799477,West Germany (U),Founded after 1945 (U),0
0,51,96,142,0,0,,0,,50.75,.050749999,.013,.00025000001,2,13.29099234799477,West Germany (U),Founded after 1945 (U),0
0,55,96,142,0,0,,0,,973.79999,.9738,0,0,1,9.854988932084927,West Germany (U),Founded after 1945 (U),0
0,55,96,142,0,0,,0,,1470,1.47,0,0,2,13.29099234799477,West Germany (U),Founded after 1945 (U),0
0,56,96,142,0,9.199999999999999,35,.5882078359488691,3.523193399159013,340.79999,.34260002,.041999999,.0070000002,1,9.854988932084927,West Germany (U),Founded after 1945 (U),0
0,56,96,142,0,9.199999999999999,33.799999,.3176967227417393,3.425323308907341,1226.6,1.2434,.1122,.0099999998,2,13.29099234799477,West Germany (U),Founded after 1945 (U),0
0,1,97,133,0,53.2,344.20001,1.289939611543205,7.368173837929413,,0,0,0,1,35.22083516996224,West Germany (U),Founded before 1945 (U),0
0,1,97,133,0,2,19.6,1.130315691490634,3.11033359103168,,0,0,0,2,70.08657989955474,West Germany (U),Founded before 1945 (U),0
0,2,97,133,0,34.66666666666666,284.33334,9.725382134653172,24.1650261998044,968.40002,.99419999,1.3271999,.093999997,1,35.22083516996224,West Germany (U),Founded before 1945 (U),0
0,2,97,133,0,23,230.2,8.81811546358113,11.58900451471843,1240,1.2701999,2.7161999,.1006,2,70.08657989955474,West Germany (U),Founded before 1945 (U),0
0,6,97,133,0,23,121.8,1.506501820784376,8.93003812854441,1207.4,1.2074001,0,0,1,35.22083516996224,West Germany (U),Founded before 1945 (U),0
0,6,97,133,0,26,147.39999,2.501960111206787,9.626941756307675,1075,1.075,.00020000001,.00020000001,2,70.08657989955474,West Germany (U),Founded before 1945 (U),0
0,8,97,133,0,19.2,178.8,6.198352643151027,12.38232659894998,799,.98079997,.010199999,.0018,1,35.22083516996224,West Germany (U),Founded before 1945 (U),0
0,8,97,133,0,21.8,212.8,8.833299043772067,8.959686471044025,1344.2,1.3686,.049800001,.0078000003,2,70.08657989955474,West Germany (U),Founded before 1945 (U),0
0,12,97,133,1,5.666666666666667,34.333332,2.334515669756233,2.951068935101535,553.20001,.59500003,8.7840004,.285,1,35.22083516996224,West Germany (U),Founded before 1945 (U),0
0,12,97,133,1,16.2,133,5.606623991172282,6.724028915299061,706.20001,.81920004,16.174999,.35820001,2,70.08657989955474,West Germany (U),Founded before 1945 (U),1
1,13,97,133,1,24.2,298,10.89653184236719,14.46018279335193,610.20001,.61220002,9.1686001,.234,1,35.22083516996224,West Germany (U),Founded before 1945 (U),0
1,13,97,133,1,29.2,356,14.20093238695571,11.93140962773056,905,.93879998,14.622,.2798,2,70.08657989955474,West Germany (U),Founded before 1945 (U),1
1,15,97,133,0,31,247,9.983649609021203,15.52708039706808,1697,1.7640001,.35520002,.030400001,1,35.22083516996224,West Germany (U),Founded before 1945 (U),0
1,15,97,133,0,36,321.39999,17.00483393458237,13.54446248925342,2228.3999,2.2561998,.75980002,.055,2,70.08657989955474,West Germany (U),Founded before 1945 (U),0
0,16,97,133,0,1.666666666666667,17,1.145824189880346,1.139548031731271,361,.51820004,.68359995,.0416,1,35.22083516996224,West Germany (U),Founded before 1945 (U),0
0,16,97,133,0,4.2,32.799999,2.427517614360037,2.554965680705866,207.8,.3906,1.1956,.044799998,2,70.08657989955474,West Germany (U),Founded before 1945 (U),0
0,17,97,133,0,4.25,15.75,.1556597787880246,.866112352853843,0,.13566667,.0046000001,.00020000001,1,35.22083516996224,West Germany (U),Founded before 1945 (U),0
0,17,97,133,0,9.800000000000001,47.799999,1.679145177851529,2.412556237852292,0,0,.017999999,.0027999999,2,70.08657989955474,West Germany (U),Founded before 1945 (U),0
0,19,97,133,0,16,87,3.522436317629804,7.873258683382691,399.60001,.3996,.16339999,.0154,1,35.22083516996224,West Germany (U),Founded before 1945 (U),0
0,19,97,133,0,13.8,117.2,4.620222438697516,6.077996713884843,398.39999,.39840001,.37220001,.020200001,2,70.08657989955474,West Germany (U),Founded before 1945 (U),0
0,20,97,133,0,2.5,8,.0832022310983357,.5703530112171171,294.33334,.34599999,.0144,.00080000004,1,35.22083516996224,West Germany (U),Founded before 1945 (U),0
0,20,97,133,0,0,,0,.0006095334684832,0,0,.057999998,.0020000001,2,70.08657989955474,West Germany (U),Founded before 1945 (U),0
0,21,97,133,0,3.5,38,.2066401273463081,1.663326013573541,151.2,.1512,1.4098001,.059,1,35.22083516996224,West Germany (U),Founded before 1945 (U),0
0,21,97,133,0,2.2,12,.1278361253463082,.938274046005384,408.79999,.40879998,2.8848,.067000002,2,70.08657989955474,West Germany (U),Founded before 1945 (U),0
0,23,97,133,0,1,0,0,,,0,.0040000002,0,1,35.22083516996224,West Germany (U),Founded before 1945 (U),0
0,25,97,133,0,29,241.60001,9.393935621248495,12.43391099717947,2076.8,2.1013999,.49439999,.035,1,35.22083516996224,West Germany (U),Founded before 1945 (U),0
1,25,97,133,0,31.4,372.60001,19.09573728646842,11.33226431325126,1817.2,1.8526,.5564,.050999999,2,70.08657989955474,West Germany (U),Founded before 1945 (U),0
0,26,97,133,0,.6666666666666666,.33333334,0,.4544907846744322,77.400002,.077399999,0,0,1,35.22083516996224,West Germany (U),Founded before 1945 (U),0
0,26,97,133,0,0,0,0,.0863644814189559,281.79999,.2818,0,0,2,70.08657989955474,West Germany (U),Founded before 1945 (U),0
0,27,97,133,0,1,1,0,,,0,0,0,1,35.22083516996224,West Germany (U),Founded before 1945 (U),0
0,29,97,133,0,0,,0,,62.599998,.062600002,0,.00020000001,1,35.22083516996224,West Germany (U),Founded before 1945 (U),0
0,29,97,133,0,0,,0,.0016987829612469,54.799999,.0548,0,0,2,70.08657989955474,West Germany (U),Founded before 1945 (U),0
0,30,97,133,0,4,34,.5953121271540102,1.269001052929371,296.60001,.29660001,0,0,1,35.22083516996224,West Germany (U),Founded before 1945 (U),0
0,30,97,133,0,5,40.799999,1.831817985376053,2.135057209811803,402,.40200001,0,0,2,70.08657989955474,West Germany (U),Founded before 1945 (U),0
1,31,97,133,1,28.6,434.20001,22.51525726788653,23.3571537995794,2688,2.7950001,1.6251999,.099399999,1,35.22083516996224,West Germany (U),Founded before 1945 (U),0
1,31,97,133,0,34.4,665.79999,37.72615443196317,18.27129058829854,3542.2,3.5828001,3.4798,.1408,2,70.08657989955474,West Germany (U),Founded before 1945 (U),1
0,32,97,133,0,23.8,81.599998,2.243682558176622,6.826356608971449,762.59998,.8096,.2836,.046599999,1,35.22083516996224,West Germany (U),Founded before 1945 (U),0
1,32,97,133,0,31.4,87.199997,1.786223217877889,8.098636316968225,926,1.0208,.81340003,.0836,2,70.08657989955474,West Germany (U),Founded before 1945 (U),0
0,33,97,133,0,0,1,0,.2160104158847828,,0,0,0,1,35.22083516996224,West Germany (U),Founded before 1945 (U),0
0,33,97,133,0,1,1.5,0,.0836926188154078,0,0,0,0,2,70.08657989955474,West Germany (U),Founded before 1945 (U),0
0,35,97,133,0,0,,0,.269751692936357,,0,.237,.0089999996,1,35.22083516996224,West Germany (U),Founded before 1945 (U),0
0,36,97,133,0,0,,0,.2305204119515474,,0,.0026666666,0,1,35.22083516996224,West Germany (U),Founded before 1945 (U),0
0,36,97,133,0,0,,0,,6,.0060000001,.0099999998,.0020000001,2,70.08657989955474,West Germany (U),Founded before 1945 (U),0
1,37,97,133,1,34.6,266,15.94461577940835,15.11326810884476,767.20001,.77179998,12.5876,.472,1,35.22083516996224,West Germany (U),Founded before 1945 (U),0
1,37,97,133,1,43.2,338.79999,20.58483244208022,10.31081354176676,1104.6,1.1195999,17.3426,.57800001,2,70.08657989955474,West Germany (U),Founded before 1945 (U),1
0,38,97,133,0,7.4,48.799999,1.792054569097709,.7151949026482241,,0,.059599999,.0027999999,1,35.22083516996224,West Germany (U),Founded before 1945 (U),0
0,38,97,133,0,2.2,9.8000002,.6281445468462195,.6478780561329969,,0,.1992,.0032000002,2,70.08657989955474,West Germany (U),Founded before 1945 (U),0
0,39,97,133,0,0,,.2189957319907303,.3262138481683079,,0,.18275,.0099999998,1,35.22083516996224,West Germany (U),Founded before 1945 (U),0
0,41,97,133,0,0,,0,.0237512065539637,,0,0,0,1,35.22083516996224,West Germany (U),Founded before 1945 (U),0
0,41,97,133,0,0,,.1241197444121843,.7082981143340361,,0,0,0,2,70.08657989955474,West Germany (U),Founded before 1945 (U),0
0,42,97,133,0,0,1,0,,29,.028999999,.0053333333,.00033333333,1,35.22083516996224,West Germany (U),Founded before 1945 (U),0
0,42,97,133,0,0,,0,.0008666328599316,28.333334,.028333334,.0043333336,0,2,70.08657989955474,West Germany (U),Founded before 1945 (U),0
0,46,97,133,0,3,20,0,,,0,0,0,1,35.22083516996224,West Germany (U),Founded before 1945 (U),0
0,47,97,133,0,0,,.0366132723032304,.026945273021176,,0,.001,0,1,35.22083516996224,West Germany (U),Founded before 1945 (U),0
0,48,97,133,0,2,6,0,,0,.0013333333,.0080000004,.00033333333,1,35.22083516996224,West Germany (U),Founded before 1945 (U),0
0,48,97,133,0,1,5,.2539910997824229,.2909751895850999,0,.001,.01525,.0022499999,2,70.08657989955474,West Germany (U),Founded before 1945 (U),0
0,49,97,133,0,4.8,23.4,.5657681640987785,6.372131613314559,926,1.2066,0,0,1,35.22083516996224,West Germany (U),Founded before 1945 (U),0
0,49,97,133,0,8.199999999999999,48.400002,.8420847893478043,5.449425138499913,878.59998,1.3986,.0014,0,2,70.08657989955474,West Germany (U),Founded before 1945 (U),0
0,50,97,133,0,0,,0,.178866192303461,,0,0,0,1,35.22083516996224,West Germany (U),Founded before 1945 (U),0
0,51,97,133,0,0,,0,,492.20001,.49220002,.0394,.0052,1,35.22083516996224,West Germany (U),Founded before 1945 (U),0
0,51,97,133,0,0,,0,.0477028397505956,1393.4,1.3934001,.098199993,.0099999998,2,70.08657989955474,West Germany (U),Founded before 1945 (U),0
0,52,97,133,0,7.4,51.799999,1.659449359380507,2.28632479881283,159.2,.1592,0,0,1,35.22083516996224,West Germany (U),Founded before 1945 (U),0
0,52,97,133,0,8.199999999999999,62.400002,1.864653347732449,3.553486981177712,219.39999,.21939999,0,0,2,70.08657989955474,West Germany (U),Founded before 1945 (U),0
0,55,97,133,0,0,,0,,57.599998,.057599999,0,0,1,35.22083516996224,West Germany (U),Founded before 1945 (U),0
0,55,97,133,0,0,,0,.0000344827586164,100.8,.1008,0,0,2,70.08657989955474,West Germany (U),Founded before 1945 (U),0
0,56,97,133,0,4.5,39.75,4.573309912792037,4.406425649894419,627.40002,.6444,.0656,.0074,1,35.22083516996224,West Germany (U),Founded before 1945 (U),0
0,56,97,133,0,16.4,142.60001,4.213836829523246,5.599711827757487,1721.2,1.7516,.20280001,.0264,2,70.08657989955474,West Germany (U),Founded before 1945 (U),0
0,3,98,133,0,0,1,0,.1761594753264513,48,.048,.00060000003,.00040000002,1,4.471097690578283,West Germany (U),Founded after 1945 (U),0
0,3,98,133,0,.75,3,0,.3221654329712225,63.799999,.0638,.00080000004,.0016000001,2,6.229061876589235,West Germany (U),Founded after 1945 (U),0
0,4,98,133,0,1,0,0,.1221554381639998,4.5999999,.0046000001,0,0,1,4.471097690578283,West Germany (U),Founded after 1945 (U),0
0,4,98,133,0,1,0,0,.1811332901420613,1.75,.0017500001,.00040000002,0,2,6.229061876589235,West Germany (U),Founded after 1945 (U),0
0,5,98,133,0,5.2,10.6,.1020354253818182,1.719408157536404,163,.75800002,.0014,.00060000003,1,4.471097690578283,West Germany (U),Founded after 1945 (U),0
0,5,98,133,0,5.6,18,.1695237485425569,1.564163153791497,137.60001,1.133,.0044,.00080000004,2,6.229061876589235,West Germany (U),Founded after 1945 (U),0
0,10,98,133,0,0,,0,,161.60001,.16160001,.0018,0,1,4.471097690578283,West Germany (U),Founded after 1945 (U),0
0,10,98,133,0,0,,0,.1292161018252927,285,.285,.0027999999,.00020000001,2,6.229061876589235,West Germany (U),Founded after 1945 (U),0
0,11,98,133,0,0,,0,.0415094318191105,,0,.00025000001,0,2,6.229061876589235,West Germany (U),Founded after 1945 (U),0
0,12,98,133,0,0,1.8,.0014154343223996,.2046792161786581,,0,.041000001,.0016000001,1,4.471097690578283,West Germany (U),Founded after 1945 (U),0
0,12,98,133,0,0,1.2,0,.1019859485879856,,0,.1418,.0061999997,2,6.229061876589235,West Germany (U),Founded after 1945 (U),0
0,13,98,133,0,2.2,7.5999999,.0605832408076921,.4060375454827101,,0,.2238,.0176,1,4.471097690578283,West Germany (U),Founded after 1945 (U),0
0,13,98,133,0,2.6,10.6,.3093781658841734,.3723851841099572,,0,.93120003,.027000001,2,6.229061876589235,West Germany (U),Founded after 1945 (U),0
0,17,98,133,0,6,17.799999,.1124480361480721,2.123112394809948,981,.98859996,.00040000002,.00080000004,1,4.471097690578283,West Germany (U),Founded after 1945 (U),0
0,17,98,133,0,6.8,32.799999,.3034319059556111,2.179143382748955,616.40002,.62300003,.0040000002,.0027999999,2,6.229061876589235,West Germany (U),Founded after 1945 (U),0
0,18,98,133,0,3,4.5999999,.0547247055649082,.5945572008831059,12.6,.051400002,.00020000001,.00040000002,1,4.471097690578283,West Germany (U),Founded after 1945 (U),0
0,18,98,133,0,3,3.8,.0105785712803911,.5413927705633012,11.8,.058599997,0,0,2,6.229061876589235,West Germany (U),Founded after 1945 (U),0
0,20,98,133,0,4.8,8.8000002,.054816637644323,1.083271751850059,288.20001,.37459999,.0016000001,.00060000003,1,4.471097690578283,West Germany (U),Founded after 1945 (U),0
0,20,98,133,0,5,21.4,.1150558793908572,1.450188840539728,405,.57859999,.0206,.001,2,6.229061876589235,West Germany (U),Founded after 1945 (U),0
0,21,98,133,0,0,,.0019896079823039,.0141145628537917,56,.056000002,.18099999,.01075,2,6.229061876589235,West Germany (U),Founded after 1945 (U),0
0,22,98,133,0,7.2,21.799999,.5080630175076302,2.442042723554497,615.79999,1.5944,.0014,.00060000003,1,4.471097690578283,West Germany (U),Founded after 1945 (U),0
0,22,98,133,0,7,19.799999,.2810388028146855,1.88780500958747,493.79999,2.0550001,.0044,.00080000004,2,6.229061876589235,West Germany (U),Founded after 1945 (U),0
0,23,98,133,0,8,11.8,.2354672657496801,1.58953778943063,190.2,.2476,.0032000002,.00080000004,1,4.471097690578283,West Germany (U),Founded after 1945 (U),0
0,23,98,133,0,8.800000000000001,24.200001,.2494971846876307,1.762069446235568,176.60001,.29320002,.0046000001,.0022,2,6.229061876589235,West Germany (U),Founded after 1945 (U),0
0,24,98,133,0,0,,0,.0203163565077189,,0,.001,0,2,6.229061876589235,West Germany (U),Founded after 1945 (U),0
0,25,98,133,0,7.8,25.6,.4657174138157555,1.779542572829087,585.20001,.58520001,.0876,.0086000003,1,4.471097690578283,West Germany (U),Founded after 1945 (U),0
0,25,98,133,0,11.8,62.400002,2.801695442661318,3.270422151296801,674.59998,.67479998,.1162,.0166,2,6.229061876589235,West Germany (U),Founded after 1945 (U),0
0,26,98,133,0,0,,0,.0475561979297122,,0,0,0,2,6.229061876589235,West Germany (U),Founded after 1945 (U),0
0,27,98,133,0,10.4,12.4,.0688175800728697,2.103676479631448,75.599998,.189,.00020000001,.00040000002,1,4.471097690578283,West Germany (U),Founded after 1945 (U),0
0,27,98,133,0,9.800000000000001,11.8,.0464942176818919,1.849330940159021,64.400002,.19499999,0,0,2,6.229061876589235,West Germany (U),Founded after 1945 (U),0
0,28,98,133,0,1,0,0,,64.800003,.064800002,0,.00020000001,1,4.471097690578283,West Germany (U),Founded after 1945 (U),0
0,28,98,133,0,1,3.5999999,0,.1208978949453965,74.800003,.0748,.00020000001,0,2,6.229061876589235,West Germany (U),Founded after 1945 (U),0
0,29,98,133,0,2,2.8,.0050230974316029,.733176088418251,307.60001,.36339998,.00020000001,.00020000001,1,4.471097690578283,West Germany (U),Founded after 1945 (U),0
0,29,98,133,0,1.4,3.5999999,.0088402769554978,.4929773366063971,269.39999,.33420002,.00020000001,0,2,6.229061876589235,West Germany (U),Founded after 1945 (U),0
0,31,98,133,0,0,,0,.0596814918642185,237.33333,.23733333,.42399999,.0080000004,2,6.229061876589235,West Germany (U),Founded after 1945 (U),0
0,32,98,133,0,16.8,27.200001,.7068674561402448,4.018865709966907,379.79999,.64959997,.19939999,.023600001,1,4.471097690578283,West Germany (U),Founded after 1945 (U),0
0,32,98,133,0,16.6,34,.4861618243231296,3.46877821982131,367.39999,1.1431999,.331,.020200001,2,6.229061876589235,West Germany (U),Founded after 1945 (U),0
0,33,98,133,0,0,1.2,0,.0064597058867036,,0,0,0,1,4.471097690578283,West Germany (U),Founded after 1945 (U),0
0,33,98,133,0,.8,10.2,.0564190009657741,.2126106394053592,,0,0,0,2,6.229061876589235,West Germany (U),Founded after 1945 (U),0
0,34,98,133,0,2,7.5999999,.0697687143055929,.8398162325745888,70.199997,.13319999,0,.00020000001,1,4.471097690578283,West Germany (U),Founded after 1945 (U),0
0,34,98,133,0,9.199999999999999,22.200001,.0806599523760088,2.023901243648751,152.39999,.208,.00040000002,.00040000002,2,6.229061876589235,West Germany (U),Founded after 1945 (U),0
0,35,98,133,0,0,,.0569776876196122,0,,0,.0255,.0015,2,6.229061876589235,West Germany (U),Founded after 1945 (U),0
0,36,98,133,0,2,3.8,.0205881129163132,.4706270918398927,88.800003,.0942,0,0,1,4.471097690578283,West Germany (U),Founded after 1945 (U),0
0,36,98,133,0,6.6,20.200001,.038720850468116,2.150745420325504,45.799999,.049800001,.00080000004,0,2,6.229061876589235,West Germany (U),Founded after 1945 (U),0
0,37,98,133,0,17.6,103.2,5.153782611920929,5.981273310878943,314,.32160002,3.1286001,.1644,1,4.471097690578283,West Germany (U),Founded after 1945 (U),0
0,37,98,133,1,17.4,135.39999,6.180208866116049,7.377205656443599,318.60001,.3256,5.4036002,.1646,2,6.229061876589235,West Germany (U),Founded after 1945 (U),0
0,38,98,133,0,3,4,.5680750691513266,1.270432289942959,587.79999,.58779997,.0040000002,.00060000003,1,4.471097690578283,West Germany (U),Founded after 1945 (U),0
0,38,98,133,0,3,7,.8437911340043929,.7830662110423107,247.2,.2472,.0186,.001,2,6.229061876589235,West Germany (U),Founded after 1945 (U),0
0,39,98,133,0,2.6,9,.0127560186302634,.9024890160737487,5.4000001,.0054000001,.0046000001,.0016000001,1,4.471097690578283,West Germany (U),Founded after 1945 (U),0
0,39,98,133,0,2.6,9,.0517411944508124,.6252346676403754,21.4,.021399999,.0126,.0018,2,6.229061876589235,West Germany (U),Founded after 1945 (U),0
0,41,98,133,0,0,,0,0,,0,0,0,1,4.471097690578283,West Germany (U),Founded after 1945 (U),0
0,41,98,133,0,0,,0,.1569890149189759,269.75,.26975,0,0,2,6.229061876589235,West Germany (U),Founded after 1945 (U),0
0,42,98,133,0,16.8,32,.1137171427263632,3.881552963095424,1736.6,1.7365999,.0014,.00020000001,1,4.471097690578283,West Germany (U),Founded after 1945 (U),0
0,42,98,133,0,18.2,43.799999,.2213840090423705,4.467220671942382,1962.8,1.9628,.001,.00040000002,2,6.229061876589235,West Germany (U),Founded after 1945 (U),0
0,43,98,133,0,0,,0,,0,0,0,0,1,4.471097690578283,West Germany (U),Founded after 1945 (U),0
0,43,98,133,0,0,,0,.0064149862863726,2,.0020000001,0,0,2,6.229061876589235,West Germany (U),Founded after 1945 (U),0
0,44,98,133,0,5,11.6,.1393088699004554,1.477004003294716,86.599998,.13680001,.0014,.00060000003,1,4.471097690578283,West Germany (U),Founded after 1945 (U),0
0,44,98,133,0,4.8,9.1999998,.017538203906158,1.139920352223504,79.199997,.1586,.0044,.00080000004,2,6.229061876589235,West Germany (U),Founded after 1945 (U),0
0,45,98,133,0,0,,0,.0026406578257191,,0,.0013333333,.00033333333,1,4.471097690578283,West Germany (U),Founded after 1945 (U),0
0,45,98,133,0,0,,0,.0021431009228252,,0,.0047499998,.001,2,6.229061876589235,West Germany (U),Founded after 1945 (U),0
0,46,98,133,0,0,,0,.0100477413584706,,0,0,0,2,6.229061876589235,West Germany (U),Founded after 1945 (U),0
0,47,98,133,0,0,,0,.0208042596322731,,0,.001,0,2,6.229061876589235,West Germany (U),Founded after 1945 (U),0
0,48,98,133,0,7.2,19,0,,442.39999,.745,.0070000002,.0038000001,1,4.471097690578283,West Germany (U),Founded after 1945 (U),0
0,48,98,133,0,5.2,21.6,0,.6682609237192296,533.79999,.79340005,.02,.0022,2,6.229061876589235,West Germany (U),Founded after 1945 (U),0
0,49,98,133,0,1.8,8.3999996,.0654056826333681,1.097317872242397,23.6,.0704,0,0,1,4.471097690578283,West Germany (U),Founded after 1945 (U),0
0,49,98,133,0,2,10.6,.0620593381930867,1.099906243376623,6.5999999,.071199998,.00080000004,0,2,6.229061876589235,West Germany (U),Founded after 1945 (U),0
0,50,98,133,0,0,20.4,.0016930022569227,.6118405917174148,0,.0046000001,0,0,1,4.471097690578283,West Germany (U),Founded after 1945 (U),0
0,50,98,133,0,1,19,.0896791833119713,1.582237353503343,1,.0015,0,0,2,6.229061876589235,West Germany (U),Founded after 1945 (U),0
0,52,98,133,0,0,,0,.0148595213296717,,0,0,0,2,6.229061876589235,West Germany (U),Founded after 1945 (U),0
0,53,98,133,0,0,,0,.0250760623517251,,0,.0027999999,.00020000001,2,6.229061876589235,West Germany (U),Founded after 1945 (U),0
0,55,98,133,0,0,,0,.0136287952950349,137,.13699999,0,0,2,6.229061876589235,West Germany (U),Founded after 1945 (U),0
0,56,98,133,0,20.2,99.199997,.9057914146802083,8.800374000904311,3222.3999,3.2224,.056400001,.0052,1,4.471097690578283,West Germany (U),Founded after 1945 (U),0
0,56,98,133,0,18.8,118.6,1.797278091542146,8.242709293842887,2864,2.8640001,.1052,.0083999997,2,6.229061876589235,West Germany (U),Founded after 1945 (U),0
0,2,99,133,0,0,,0,0,,0,1.319,.017000001,2,14.735112532879,West Germany (U),Founded after 1945 (U),0
0,3,99,133,0,.8,6.5999999,.0005682082326894,.2948906305797068,22.6,.022600001,0,.0014,1,10.64656616039572,West Germany (U),Founded after 1945 (U),0
0,3,99,133,0,0,1.6,0,.1069189662045915,35.599998,.035599999,.00080000004,.00080000004,2,14.735112532879,West Germany (U),Founded after 1945 (U),0
0,4,99,133,0,0,,0,.0019696376096525,,0,0,0,2,14.735112532879,West Germany (U),Founded after 1945 (U),0
0,5,99,133,0,3.8,2.8,.0521175741903518,.7513539601527474,187.8,.18780001,.00040000002,.0012000001,1,10.64656616039572,West Germany (U),Founded after 1945 (U),0
0,5,99,133,0,5.2,6,.020378476264594,.6967555536565913,131.60001,.2318,.0022,.0020000001,2,14.735112532879,West Germany (U),Founded after 1945 (U),0
0,7,99,133,1,5,20.200001,.2588501712512821,.917274122037312,26.4,.0264,.00040000002,.0012000001,1,10.64656616039572,West Germany (U),Founded after 1945 (U),0
0,7,99,133,1,5.2,18,.4190488400031512,.9301032224540837,89.599998,.089599997,.0022,.0020000001,2,14.735112532879,West Germany (U),Founded after 1945 (U),1
0,10,99,133,0,0,,0,.0188620305099611,,0,.00050000002,0,2,14.735112532879,West Germany (U),Founded after 1945 (U),0
0,12,99,133,0,14.4,80.400002,3.111740430000911,6.494766888188717,272,.4434,3.4590001,.1036,1,10.64656616039572,West Germany (U),Founded after 1945 (U),0
0,12,99,133,0,14.8,91.400002,2.682209569934401,6.261861857326129,320.60001,.5388,4.9154,.1302,2,14.735112532879,West Germany (U),Founded after 1945 (U),0
0,13,99,133,0,15.8,132.2,3.618412794382952,6.528518390612687,348.39999,.37540001,2.7820001,.1266,1,10.64656616039572,West Germany (U),Founded after 1945 (U),0
0,13,99,133,0,17.4,150.39999,5.22567366956285,6.524273090691052,450.60001,.52559996,5.3762002,.1666,2,14.735112532879,West Germany (U),Founded after 1945 (U),0
0,14,99,133,0,2.4,2,.0537338780916369,.2124731043640607,161.2,.1612,0,0,1,10.64656616039572,West Germany (U),Founded after 1945 (U),0
0,14,99,133,0,4.4,10.2,.027528876613764,.6980202776724815,168.8,.17,0,.00020000001,2,14.735112532879,West Germany (U),Founded after 1945 (U),0
0,17,99,133,0,3,2.8,.062926578937175,.8785527436218878,33.799999,.059599999,.0012000001,.00060000003,1,10.64656616039572,West Germany (U),Founded after 1945 (U),0
0,17,99,133,0,2.6,3,.0131847519897477,.6515767799159393,8,.013,.011399999,.0034,2,14.735112532879,West Germany (U),Founded after 1945 (U),0
0,18,99,133,0,3.4,7.8000002,.0361639078303781,.5577392699158696,5.4000001,.055599999,.00020000001,.00040000002,1,10.64656616039572,West Germany (U),Founded after 1945 (U),0
0,18,99,133,0,2,7.5,.0047248275011119,.2376425837736085,0,.00825,.0014,.00040000002,2,14.735112532879,West Germany (U),Founded after 1945 (U),0
0,20,99,133,0,5.8,19.6,.3046899346019991,1.350099091838761,448.60001,.63279998,.0080000004,.0016000001,1,10.64656616039572,West Germany (U),Founded after 1945 (U),0
0,20,99,133,0,8.800000000000001,34.799999,.2767873534429873,1.574060036015089,387,.56940001,.0394,.0041999999,2,14.735112532879,West Germany (U),Founded after 1945 (U),0
0,21,99,133,0,12,69.400002,4.44323456451326,5.295337462341849,,0,1.979,.071800001,1,10.64656616039572,West Germany (U),Founded after 1945 (U),0
0,21,99,133,0,14.4,103,3.797370606998497,5.987374486422071,11.8,.0118,3.8178,.094599999,2,14.735112532879,West Germany (U),Founded after 1945 (U),0
0,22,99,133,0,5,9.6000004,.2424899778415586,.9645137969073818,176.8,.4698,.00040000002,.0012000001,1,10.64656616039572,West Germany (U),Founded after 1945 (U),0
0,22,99,133,0,5,18.4,.1451658119287092,1.08689813875078,191,.64020002,.0022,.0020000001,2,14.735112532879,West Germany (U),Founded after 1945 (U),0
0,23,99,133,0,6,5,.0551225607979015,1.129989842982416,41,.074199997,.0018,.0018,1,10.64656616039572,West Germany (U),Founded after 1945 (U),0
0,23,99,133,0,6,6.4000001,.0892585265582507,.8383321499595185,56,.0656,.016000001,.00080000004,2,14.735112532879,West Germany (U),Founded after 1945 (U),0
0,25,99,133,0,5.2,14,.2265024037730838,.2137362636732585,60.5,.077749997,.022200001,.0032000002,1,10.64656616039572,West Germany (U),Founded after 1945 (U),0
0,25,99,133,0,6.8,29.4,.5082618932270633,1.653504675801599,105.2,.1558,.0308,.0078000003,2,14.735112532879,West Germany (U),Founded after 1945 (U),0
0,26,99,133,0,3,19.4,2.461812009384184,5.915717306997041,217.60001,.2176,0,0,1,10.64656616039572,West Germany (U),Founded after 1945 (U),0
0,26,99,133,0,3.6,31.6,6.775329194676419,4.573358052906547,361.60001,.36160001,0,0,2,14.735112532879,West Germany (U),Founded after 1945 (U),0
0,27,99,133,0,2,2.4000001,.0084242920077216,.3478709442068572,1.2,.031399999,.00020000001,.00040000002,1,10.64656616039572,West Germany (U),Founded after 1945 (U),0
0,27,99,133,0,.5,.5,0,.1023356188719033,.25,.0032500001,.001,.00025000001,2,14.735112532879,West Germany (U),Founded after 1945 (U),0
0,28,99,133,0,3.2,6.4000001,0,,26.200001,.0262,.00080000004,.00060000003,1,10.64656616039572,West Germany (U),Founded after 1945 (U),0
0,28,99,133,0,3.2,5.1999998,0,.1841645520536569,33.200001,.033199999,.0022,.00040000002,2,14.735112532879,West Germany (U),Founded after 1945 (U),0
0,29,99,133,0,0,5.1999998,0,.0999397625944352,,0,0,0,1,10.64656616039572,West Germany (U),Founded after 1945 (U),0
0,29,99,133,0,0,6,0,.0318750847919898,,0,0,0,2,14.735112532879,West Germany (U),Founded after 1945 (U),0
0,31,99,133,0,8.199999999999999,66,0,,139.60001,.16739999,.72119999,.033,1,10.64656616039572,West Germany (U),Founded after 1945 (U),0
0,31,99,133,0,10.2,122.2,0,2.390280777557816,262.20001,.32479998,1.5054001,.051400002,2,14.735112532879,West Germany (U),Founded after 1945 (U),0
0,32,99,133,0,13.6,32.599998,.6419874278389031,3.127024023374753,187.2,.3804,.1794,.021600001,1,10.64656616039572,West Germany (U),Founded after 1945 (U),0
0,32,99,133,0,14.6,44,.9983087212024017,3.025504439884098,175,.45720002,.29620001,.0198,2,14.735112532879,West Germany (U),Founded after 1945 (U),0
0,33,99,133,0,2.6,25.6,.0430473228190372,.5235306367874684,,0,0,0,1,10.64656616039572,West Germany (U),Founded after 1945 (U),0
0,33,99,133,0,1.8,26.6,.0790095189237868,.9364594950547284,41.333332,.041333333,0,0,2,14.735112532879,West Germany (U),Founded after 1945 (U),0
0,34,99,133,0,1,.40000001,.0005643340856409,.2763798242801215,7.8000002,.0484,.00020000001,0,1,10.64656616039572,West Germany (U),Founded after 1945 (U),0
0,34,99,133,0,1,3,.1107253104448533,.0952414266696527,34.400002,.037599999,.00020000001,.00060000003,2,14.735112532879,West Germany (U),Founded after 1945 (U),0
0,36,99,133,0,5,6.5999999,.0787383228411377,.4177810600001433,196.8,.19680001,.00060000003,.00020000001,1,10.64656616039572,West Germany (U),Founded after 1945 (U),0
0,36,99,133,0,6.2,11.8,.2657190452253492,.8073480057905911,287.39999,.28740001,.0022,.0012000001,2,14.735112532879,West Germany (U),Founded after 1945 (U),0
0,37,99,133,0,17.2,60,2.227921440406423,5.489641597894872,189.8,.1998,3.0550001,.14760001,1,10.64656616039572,West Germany (U),Founded after 1945 (U),0
0,37,99,133,0,16,58,1.403270840500052,4.121894927173169,204.39999,.21519999,4.5074,.16080001,2,14.735112532879,West Germany (U),Founded after 1945 (U),0
0,38,99,133,0,0,,0,.0646595995476605,,0,.010600001,.00040000002,1,10.64656616039572,West Germany (U),Founded after 1945 (U),0
0,38,99,133,0,0,,0,.0138529411747291,0,0,.048999999,.00066666666,2,14.735112532879,West Germany (U),Founded after 1945 (U),0
0,39,99,133,0,1,1.8,0,.213959795061287,,0,.0594,.0024000001,1,10.64656616039572,West Germany (U),Founded after 1945 (U),0
0,39,99,133,0,1,1.6,.0023697180137347,.1949084390849384,0,0,.14119999,.0064000003,2,14.735112532879,West Germany (U),Founded after 1945 (U),0
0,40,99,133,0,1.8,3,0,,,0,.00080000004,0,1,10.64656616039572,West Germany (U),Founded after 1945 (U),0
0,40,99,133,0,2,4,0,.001796146044399,,0,.0035000001,0,2,14.735112532879,West Germany (U),Founded after 1945 (U),0
0,41,99,133,0,0,,.0002790178570207,.18392302326505,,0,0,0,1,10.64656616039572,West Germany (U),Founded after 1945 (U),0
0,41,99,133,0,0,4.3333335,.0011939646200046,.1467579682408983,,0,0,0,2,14.735112532879,West Germany (U),Founded after 1945 (U),0
0,42,99,133,0,15.6,41,.274796733216507,3.894143967928529,1403.2,1.4031999,.0018,.00020000001,1,10.64656616039572,West Germany (U),Founded after 1945 (U),0
0,42,99,133,0,17.4,46.200001,.7003800341242706,4.284472634048294,1308.6,1.3085999,.0014,.00080000004,2,14.735112532879,West Germany (U),Founded after 1945 (U),0
0,43,99,133,0,0,,0,,109.8,.1098,0,0,1,10.64656616039572,West Germany (U),Founded after 1945 (U),0
0,43,99,133,0,0,,0,.0209744642377115,96.800003,.096799999,0,0,2,14.735112532879,West Germany (U),Founded after 1945 (U),0
0,44,99,133,0,3,4,.3660916945844396,.8697952616441263,38.599998,.038599998,.00040000002,.0012000001,1,10.64656616039572,West Germany (U),Founded after 1945 (U),0
0,44,99,133,0,3.2,2.5999999,.8895404757842091,.6585498279899787,18.799999,.0188,.0022,.0020000001,2,14.735112532879,West Germany (U),Founded after 1945 (U),0
0,45,99,133,0,0,,0,.0091987189582297,,0,.0022,.0020000001,2,14.735112532879,West Germany (U),Founded after 1945 (U),0
0,47,99,133,0,0,,.758378340749673,.8577229559645918,,0,0,0,1,10.64656616039572,West Germany (U),Founded after 1945 (U),0
0,47,99,133,0,1,2.6666667,.3168986117361788,.6286897011451004,,0,.00040000002,.00020000001,2,14.735112532879,West Germany (U),Founded after 1945 (U),0
0,48,99,133,0,3,8.6000004,0,,39.599998,.0396,.0024000001,0,1,10.64656616039572,West Germany (U),Founded after 1945 (U),0
0,48,99,133,0,3.4,7.1999998,0,.2245089269456074,7,.0070000002,.0038000001,.001,2,14.735112532879,West Germany (U),Founded after 1945 (U),0
0,49,99,133,0,4,9.8000002,.0637136602904597,1.415240180518007,.2,.066,0,0,1,10.64656616039572,West Germany (U),Founded after 1945 (U),0
0,49,99,133,0,4,17.799999,.1989045187343282,1.567345137474596,0,.064400002,.001,0,2,14.735112532879,West Germany (U),Founded after 1945 (U),0
0,50,99,133,0,.4,3,.2160225283478931,1.827002658687236,76.199997,.077599995,0,0,1,10.64656616039572,West Germany (U),Founded after 1945 (U),0
0,50,99,133,0,.2,1.6,.0474582991731623,2.04336787842664,87.599998,.088,0,0,2,14.735112532879,West Germany (U),Founded after 1945 (U),0
0,52,99,133,0,0,,0,.0232400692606118,,0,0,0,2,14.735112532879,West Germany (U),Founded after 1945 (U),0
0,53,99,133,0,0,,0,.0357060618116367,,0,0,0,2,14.735112532879,West Germany (U),Founded after 1945 (U),0
0,55,99,133,0,0,,0,,132,.132,0,0,2,14.735112532879,West Germany (U),Founded after 1945 (U),0
0,56,99,133,0,15,57.200001,.382546557556648,4.43253456412565,1895.2,2.0009999,.030200001,.003,1,10.64656616039572,West Germany (U),Founded after 1945 (U),0
0,56,99,133,0,18.4,92,.8170008017405409,5.935436351442162,1887.4,1.9842,.064999998,.010199999,2,14.735112532879,West Germany (U),Founded after 1945 (U),0
0,3,100,141,0,10,34.799999,2.339362678518407,7.02510438378278,684.59998,.6846,.0012000001,.00060000003,1,14.89880750072441,West Germany (U),Founded after 1945 (U),0
0,3,100,141,0,11,37.799999,1.181922845620334,3.11829387808041,578,.57800001,.0020000001,.0026,2,24.12510390442398,West Germany (U),Founded after 1945 (U),0
0,4,100,141,0,1,2,0,,6,.026799999,.00040000002,0,1,14.89880750072441,West Germany (U),Founded after 1945 (U),0
0,4,100,141,0,0,,0,,.80000001,.0018,0,0,2,24.12510390442398,West Germany (U),Founded after 1945 (U),0
0,5,100,141,0,2.8,7.1999998,0,.0314014431708003,455,.66359997,.0044,.003,1,14.89880750072441,West Germany (U),Founded after 1945 (U),0
0,5,100,141,0,4,9.6000004,.0383842236234159,1.145777600585206,557.20001,.6074,.016000001,.0040000002,2,24.12510390442398,West Germany (U),Founded after 1945 (U),0
0,10,100,141,0,0,,0,,53,.052999999,.0080000004,.00050000002,1,14.89880750072441,West Germany (U),Founded after 1945 (U),0
0,10,100,141,0,0,,0,,107,.107,.014,0,2,24.12510390442398,West Germany (U),Founded after 1945 (U),0
0,12,100,141,1,22,156.2,7.516456309725874,9.430949538225775,843,1.0452,2.45,.1018,1,14.89880750072441,West Germany (U),Founded after 1945 (U),0
0,12,100,141,1,25.4,164,5.914384432924582,11.11629573361345,759.20001,.83459997,4.9532003,.15000001,2,24.12510390442398,West Germany (U),Founded after 1945 (U),1
0,13,100,141,0,12.4,86,1.242918985655698,8.434085306659739,401.79999,.4348,2.0718,.064400002,1,14.89880750072441,West Germany (U),Founded after 1945 (U),0
0,13,100,141,0,14.8,101,1.825200612926081,7.610036445080769,573.79999,.59079999,3.3901999,.089599997,2,24.12510390442398,West Germany (U),Founded after 1945 (U),0
1,17,100,141,0,11.8,65.400002,3.14387359038383,5.179647170230855,1929.8,1.9992,.033199999,.0054000001,1,14.89880750072441,West Germany (U),Founded after 1945 (U),0
1,17,100,141,0,14.2,91.199997,3.624331637730957,4.128432976230457,1704.6,2.221,.064400002,.0060000001,2,24.12510390442398,West Germany (U),Founded after 1945 (U),0
0,18,100,141,0,3,1.8,0,.3728114794216549,43.799999,.1232,.0020000001,.00060000003,1,14.89880750072441,West Germany (U),Founded after 1945 (U),0
0,18,100,141,0,3.2,5.4000001,.0279916927156817,.5666334141834557,143.2,.208,.0022,.00040000002,2,24.12510390442398,West Germany (U),Founded after 1945 (U),0
0,20,100,141,0,0,5,0,.2769439531314896,0,0,.003,.00020000001,1,14.89880750072441,West Germany (U),Founded after 1945 (U),0
1,22,100,141,0,8.6,22.200001,.01486486486375,.1762511570742506,1128.6,1.4626,.0044,.003,1,14.89880750072441,West Germany (U),Founded after 1945 (U),0
0,22,100,141,0,11.8,27,.5946441874883946,2.349058474313135,994.79999,1.124,.016000001,.0040000002,2,24.12510390442398,West Germany (U),Founded after 1945 (U),0
1,23,100,141,1,12.8,36.200001,1.885078959052956,2.89582793653206,579.59998,.73620003,.0188,.0046000001,1,14.89880750072441,West Germany (U),Founded after 1945 (U),0
0,23,100,141,1,16,51.599998,2.448000427061635,2.762142424520914,786.40002,.87699997,.0206,.0049999999,2,24.12510390442398,West Germany (U),Founded after 1945 (U),1
0,24,100,141,0,0,,0,,16,.016000001,.0020000001,0,2,24.12510390442398,West Germany (U),Founded after 1945 (U),0
0,25,100,141,1,8,52,2.75459674422565,4.190561391128096,892.20001,.89219999,.22860001,.018200001,1,14.89880750072441,West Germany (U),Founded after 1945 (U),0
0,25,100,141,1,13.2,121.2,8.694306361283342,.9784154610176218,768.59998,.76859999,.2852,.02,2,24.12510390442398,West Germany (U),Founded after 1945 (U),1
0,27,100,141,0,.4,.60000002,0,.1755302729372703,0,.024,.0020000001,.00060000003,1,14.89880750072441,West Germany (U),Founded after 1945 (U),0
0,27,100,141,0,0,0,0,.0429878397666555,0,0,.0022,.00040000002,2,24.12510390442398,West Germany (U),Founded after 1945 (U),0
0,29,100,141,0,1,1,.0036756756754,.3251241703234374,.2,.079599999,0,0,1,14.89880750072441,West Germany (U),Founded after 1945 (U),0
0,29,100,141,0,.6,.2,.0252262040468101,.2443456478076597,.40000001,.0044,.00060000003,.00020000001,2,24.12510390442398,West Germany (U),Founded after 1945 (U),0
0,31,100,141,0,0,,0,,202,.20200001,.12933333,.0063333334,1,14.89880750072441,West Germany (U),Founded after 1945 (U),0
0,32,100,141,0,20.4,48,1.65719937183484,4.541222237033957,819.40002,1.0204,.63340002,.0656,1,14.89880750072441,West Germany (U),Founded after 1945 (U),0
0,32,100,141,0,20.2,73.400002,2.625363937603613,4.834400132352805,1374.8,1.4405999,.89099997,.059799999,2,24.12510390442398,West Germany (U),Founded after 1945 (U),0
0,33,100,141,0,0,,0,.019780219774389,0,.091400005,0,0,1,14.89880750072441,West Germany (U),Founded after 1945 (U),0
0,33,100,141,0,0,,0,,0,.032000002,0,0,2,24.12510390442398,West Germany (U),Founded after 1945 (U),0
0,34,100,141,0,.6,.40000001,.0019459459458,.2132955630680823,0,0,.00020000001,0,1,14.89880750072441,West Germany (U),Founded after 1945 (U),0
0,34,100,141,0,1.2,2.8,.1128730530328438,.2992646172223805,0,0,.00080000004,0,2,24.12510390442398,West Germany (U),Founded after 1945 (U),0
0,36,100,141,1,5.6,6.4000001,.0374342619288234,1.197621450804812,248.2,.26660001,.0080000004,.0041999999,1,14.89880750072441,West Germany (U),Founded after 1945 (U),0
0,36,100,141,1,6,7.8000002,.3024888460756419,.8961471842276948,185.2,.1938,.0138,.0032000002,2,24.12510390442398,West Germany (U),Founded after 1945 (U),1
0,37,100,141,0,15.8,86.199997,3.57451240704709,5.364562535371471,266.79999,.29679999,3.8399999,.13260001,1,14.89880750072441,West Germany (U),Founded after 1945 (U),0
0,37,100,141,0,17.8,106.6,4.478313142095239,4.691174440237026,470,.48839998,5.3147998,.1286,2,24.12510390442398,West Germany (U),Founded after 1945 (U),0
0,38,100,141,0,0,,0,,217,.21699999,.0145,.0015,1,14.89880750072441,West Germany (U),Founded after 1945 (U),0
0,38,100,141,0,0,,0,,268.39999,.26839998,.059599999,.0041999999,2,24.12510390442398,West Germany (U),Founded after 1945 (U),0
0,39,100,141,0,14.4,47,.6091760599346948,4.221010194501936,800.40002,.80040002,.5776,.029999999,1,14.89880750072441,West Germany (U),Founded after 1945 (U),0
0,39,100,141,0,12.8,43.599998,.9591061138825525,3.603968271819628,766.40002,.76640004,1.2444,.058800001,2,24.12510390442398,West Germany (U),Founded after 1945 (U),0
0,41,100,141,0,0,,0,,0,.168,0,0,1,14.89880750072441,West Germany (U),Founded after 1945 (U),0
0,41,100,141,0,0,,0,,0,.0060000001,0,0,2,24.12510390442398,West Germany (U),Founded after 1945 (U),0
0,42,100,141,0,20,50.799999,.6709881878254008,4.999886288275556,2179,2.1789999,.0046000001,.0012000001,1,14.89880750072441,West Germany (U),Founded after 1945 (U),0
0,42,100,141,0,21.8,65,1.034052007844713,4.424147560372695,1778.6,1.7786,.022,.0022,2,24.12510390442398,West Germany (U),Founded after 1945 (U),0
0,44,100,141,0,2.8,5.8000002,.00135135135125,.0492282039823908,156.39999,.18099999,.0044,.003,1,14.89880750072441,West Germany (U),Founded after 1945 (U),0
0,44,100,141,0,.6666666666666666,0,.0454053692914663,.3386027916419459,21.799999,.022200001,.016000001,.0040000002,2,24.12510390442398,West Germany (U),Founded after 1945 (U),0
0,45,100,141,0,1,3.4000001,0,.0742255134567121,36.200001,.036200002,.0044,.003,1,14.89880750072441,West Germany (U),Founded after 1945 (U),0
0,45,100,141,0,0,,0,.0949386452926461,.2,.00020000001,.016000001,.0040000002,2,24.12510390442398,West Germany (U),Founded after 1945 (U),0
0,46,100,141,0,0,,0,,0,.011,0,0,1,14.89880750072441,West Germany (U),Founded after 1945 (U),0
0,46,100,141,0,1.5,0,0,,0,.014,0,0,2,24.12510390442398,West Germany (U),Founded after 1945 (U),0
0,47,100,141,0,0,,.0703108838438549,.0020022883290829,222.66667,.22266667,.001,0,1,14.89880750072441,West Germany (U),Founded after 1945 (U),0
1,48,100,141,1,29.6,127,4.728629947882537,9.856523694307503,1322.2,1.382,.059799999,.0098000001,1,14.89880750072441,West Germany (U),Founded after 1945 (U),0
1,48,100,141,1,26.6,90.199997,2.710462552706893,5.217452102225133,1287.2,1.3176,.1106,.0138,2,24.12510390442398,West Germany (U),Founded after 1945 (U),1
0,49,100,141,1,4.6,27.6,.5658436458838298,2.313794207606167,330.20001,.55440003,.00020000001,0,1,14.89880750072441,West Germany (U),Founded after 1945 (U),0
0,49,100,141,1,6,16.799999,.4186922369953555,2.141015531039627,472.20001,.58099997,.0022,0,2,24.12510390442398,West Germany (U),Founded after 1945 (U),1
0,50,100,141,0,0,,0,,159.25,.1605,0,0,2,24.12510390442398,West Germany (U),Founded after 1945 (U),0
0,56,100,141,0,15,41.200001,.329370580696461,4.283090750505972,1731.4,1.7314,.1032,.012800001,1,14.89880750072441,West Germany (U),Founded after 1945 (U),0
0,56,100,141,0,19,46.799999,.8052345922799987,3.772818311193879,1059.8,1.0598,.2,.0252,2,24.12510390442398,West Germany (U),Founded after 1945 (U),0
0,3,101,136,0,1.4,2.8,.0589851853090444,.5284014287657771,153,.153,.00060000003,.0012000001,1,22.93468836582499,West Germany (U),Founded after 1945 (U),0
0,3,101,136,0,1,8,.1079103600205497,.54835140645826,101,.101,.0012000001,.001,2,36.05563369546982,West Germany (U),Founded after 1945 (U),0
0,5,101,136,0,5.8,10.4,.0036756756754,1.305677773951131,215.39999,.44499999,.00060000003,.0016000001,1,22.93468836582499,West Germany (U),Founded after 1945 (U),0
0,5,101,136,0,5,16,.2185481473201137,1.284856066621454,317.60001,.46539998,.0061999997,.0026,2,36.05563369546982,West Germany (U),Founded after 1945 (U),0
0,7,101,136,0,0,0,0,,,0,.00060000003,.0016000001,1,22.93468836582499,West Germany (U),Founded after 1945 (U),0
0,7,101,136,0,0,0,0,,,0,.003,.001,2,36.05563369546982,West Germany (U),Founded after 1945 (U),0
0,10,101,136,0,0,6,0,,,0,.001,.0020000001,1,22.93468836582499,West Germany (U),Founded after 1945 (U),0
0,11,101,136,0,0,0,0,,,0,.00040000002,0,1,22.93468836582499,West Germany (U),Founded after 1945 (U),0
0,11,101,136,0,0,0,0,,,0,.00020000001,0,2,36.05563369546982,West Germany (U),Founded after 1945 (U),0
0,12,101,136,1,20.4,90.199997,5.14732481706059,5.408914864335386,723,.92540002,1.1142,.051400002,1,22.93468836582499,West Germany (U),Founded after 1945 (U),0
0,12,101,136,0,20.6,68,2.321435323504188,5.256851792268126,670.59998,.74659997,2.4201999,.0682,2,36.05563369546982,West Germany (U),Founded after 1945 (U),1
0,13,101,136,1,15.2,49.599998,1.207884913431978,4.857588129019894,348.79999,.41420001,1.1586,.060599998,1,22.93468836582499,West Germany (U),Founded after 1945 (U),0
0,13,101,136,0,9.800000000000001,37.599998,1.071552811034329,4.122976563201114,274,.2994,2.0756001,.0726,2,36.05563369546982,West Germany (U),Founded after 1945 (U),1
0,15,101,136,0,10.4,86,4.694254762762632,5.164536746884857,497.20001,.50099999,.12180001,.0078000003,1,22.93468836582499,West Germany (U),Founded after 1945 (U),0
0,15,101,136,0,12.2,84.800003,4.138921368837856,5.671928520859778,500,.5,.1988,.0078000003,2,36.05563369546982,West Germany (U),Founded after 1945 (U),0
0,16,101,136,0,0,,0,,0,.0176,.0148,.00020000001,1,22.93468836582499,West Germany (U),Founded after 1945 (U),0
0,16,101,136,0,0,,0,,0,.001,.037,.00050000002,2,36.05563369546982,West Germany (U),Founded after 1945 (U),0
0,17,101,136,0,21.6,39,.7019394544014989,3.664696349539819,764.20001,.77079999,.0080000004,.0016000001,1,22.93468836582499,West Germany (U),Founded after 1945 (U),0
0,17,101,136,0,11.4,47,.7748745413748145,2.787045079341372,221.8,.25479999,.033599999,.0052,2,36.05563369546982,West Germany (U),Founded after 1945 (U),0
0,20,101,136,0,6.2,17.4,.5727711985955622,1.470563219842543,271.79999,.38079998,.0108,.001,1,22.93468836582499,West Germany (U),Founded after 1945 (U),0
0,20,101,136,0,5.2,14.8,.2711448187092175,1.514755860754264,258,.29079998,.059999999,.0018,2,36.05563369546982,West Germany (U),Founded after 1945 (U),0
0,21,101,136,1,15,92,9.362074598065462,2.822047525036878,274.20001,.27420002,2.1978002,.15539999,1,22.93468836582499,West Germany (U),Founded after 1945 (U),0
0,21,101,136,1,20.4,143.60001,13.15119604493306,3.133228992782125,389.79999,.38979998,5.8397999,.23339999,2,36.05563369546982,West Germany (U),Founded after 1945 (U),1
0,22,101,136,0,8.6,10.4,.3116453324357703,1.505822175159728,329.39999,1.071,.00060000003,.0016000001,1,22.93468836582499,West Germany (U),Founded after 1945 (U),0
0,22,101,136,0,6.8,15.2,.107759775296177,1.413491268333134,448.20001,.99419999,.0061999997,.0026,2,36.05563369546982,West Germany (U),Founded after 1945 (U),0
0,23,101,136,0,8.4,11.8,.0707511789633031,1.465478416529435,336,.60280001,.0048000002,.0012000001,1,22.93468836582499,West Germany (U),Founded after 1945 (U),0
0,23,101,136,0,6.6,12.2,.1485067396142843,1.095710350145563,236,.31,.022399999,.0018,2,36.05563369546982,West Germany (U),Founded after 1945 (U),0
0,24,101,136,0,0,0,0,,,0,.0026,.00020000001,1,22.93468836582499,West Germany (U),Founded after 1945 (U),0
0,24,101,136,0,0,0,0,,,0,.0098000001,.00060000003,2,36.05563369546982,West Germany (U),Founded after 1945 (U),0
0,25,101,136,0,16.2,110.8,6.742020236691602,4.941761966805307,1762.4,1.7624,.1364,.0136,1,22.93468836582499,West Germany (U),Founded after 1945 (U),0
0,25,101,136,0,16.6,122.6,7.893830931913419,6.497063369169257,1261.6,1.2616,.15019999,.018200001,2,36.05563369546982,West Germany (U),Founded after 1945 (U),0
0,26,101,136,0,.2,0,0,,44.599998,.054400001,0,0,1,22.93468836582499,West Germany (U),Founded after 1945 (U),0
0,26,101,136,0,0,0,0,,201.8,.2018,0,0,2,36.05563369546982,West Germany (U),Founded after 1945 (U),0
0,28,101,136,0,4.8,11.6,.2041153625737697,1.027605701601071,,0,.0016000001,.00080000004,1,22.93468836582499,West Germany (U),Founded after 1945 (U),0
0,28,101,136,0,3.4,18.799999,.132949574197504,.9688225178120073,,0,.0020000001,.00020000001,2,36.05563369546982,West Germany (U),Founded after 1945 (U),0
0,29,101,136,0,4,4.4000001,0,.832316474695218,64.400002,.2396,.00040000002,0,1,22.93468836582499,West Germany (U),Founded after 1945 (U),0
0,29,101,136,0,3.8,6,.0601546874246896,.8962597694353266,220.60001,.27920002,.00020000001,0,2,36.05563369546982,West Germany (U),Founded after 1945 (U),0
0,31,101,136,0,15.8,151.8,15.12279746987061,7.366477263152114,371.60001,.40979999,.3818,.035,1,22.93468836582499,West Germany (U),Founded after 1945 (U),0
0,31,101,136,0,20,179.60001,19.84620990753787,8.212930159162653,521.79999,.53040004,.87099999,.0592,2,36.05563369546982,West Germany (U),Founded after 1945 (U),0
0,32,101,136,0,20.8,54,1.564758399704737,4.707954542375409,387.20001,.91040003,.21160001,.022399999,1,22.93468836582499,West Germany (U),Founded after 1945 (U),0
0,32,101,136,0,17.4,59,1.20216511309505,4.976245521568286,577.79999,.9738,.40379998,.022,2,36.05563369546982,West Germany (U),Founded after 1945 (U),0
0,33,101,136,0,0,0,0,,,0,0,0,1,22.93468836582499,West Germany (U),Founded after 1945 (U),0
0,33,101,136,0,0,0,0,,21,.021,0,0,2,36.05563369546982,West Germany (U),Founded after 1945 (U),0
0,34,101,136,0,3,1.8,0,.5268440044779373,3,.12899999,.00040000002,0,1,22.93468836582499,West Germany (U),Founded after 1945 (U),0
0,34,101,136,0,3.2,7.5999999,.2749431345934127,.7421767891655505,25.4,.058400001,.00060000003,.00020000001,2,36.05563369546982,West Germany (U),Founded after 1945 (U),0
0,36,101,136,0,6.8,12.4,.1125963295032504,1.437438922489023,548.79999,.6092,.0020000001,.00080000004,1,22.93468836582499,West Germany (U),Founded after 1945 (U),0
0,36,101,136,0,7.4,14.2,.2674647046750744,1.338826138639894,223.8,.24080001,.0052,.00060000003,2,36.05563369546982,West Germany (U),Founded after 1945 (U),0
0,37,101,136,0,18.6,120.4,7.507678905897202,4.931454407354079,260.20001,.3096,1.1542,.088,1,22.93468836582499,West Germany (U),Founded after 1945 (U),0
0,37,101,136,0,16.2,138,6.021138327819176,6.366091312144019,354,.37020001,2.2550001,.1048,2,36.05563369546982,West Germany (U),Founded after 1945 (U),0
0,38,101,136,1,6.4,14.6,1.354628523606577,1.842098034990759,766.20001,.8976,.0416,.0092000002,1,22.93468836582499,West Germany (U),Founded after 1945 (U),0
0,38,101,136,1,8.6,16.799999,2.943413657008291,2.265848981351745,578.40002,.60820001,.14739999,.015600001,2,36.05563369546982,West Germany (U),Founded after 1945 (U),1
0,39,101,136,1,12.6,50.200001,.9133549040595192,3.045053256332813,1183.8,1.1838001,.1376,.0178,1,22.93468836582499,West Germany (U),Founded after 1945 (U),0
0,39,101,136,1,7.2,50.599998,.9704198007683513,2.715449558153431,1088.6,1.0885999,.76300001,.055599999,2,36.05563369546982,West Germany (U),Founded after 1945 (U),1
0,40,101,136,0,0,,0,,8,.0080000004,.0023333333,.00033333333,1,22.93468836582499,West Germany (U),Founded after 1945 (U),0
0,40,101,136,0,0,,0,,47,.046999998,.0068000001,.001,2,36.05563369546982,West Germany (U),Founded after 1945 (U),0
0,41,101,136,0,0,31,0,0,84.800003,.084800005,0,0,1,22.93468836582499,West Germany (U),Founded after 1945 (U),0
0,41,101,136,0,0,,0,,826,.86400002,0,0,2,36.05563369546982,West Germany (U),Founded after 1945 (U),0
0,42,101,136,0,20.2,31.4,.471002689055812,3.65330962812461,1613.8,1.6138,.0048000002,.00060000003,1,22.93468836582499,West Germany (U),Founded after 1945 (U),0
0,42,101,136,0,14.6,37,.4289152297299405,3.072801545556161,1248.4,1.2484,.0118,.0038000001,2,36.05563369546982,West Germany (U),Founded after 1945 (U),0
0,43,101,136,0,0,,0,,125,.125,0,0,1,22.93468836582499,West Germany (U),Founded after 1945 (U),0
0,43,101,136,0,0,,0,,16.799999,.016799999,0,0,2,36.05563369546982,West Germany (U),Founded after 1945 (U),0
0,44,101,136,0,5.8,8.6000004,.026871113221485,1.345623891222888,216.39999,.46900001,.00060000003,.0016000001,1,22.93468836582499,West Germany (U),Founded after 1945 (U),0
0,44,101,136,0,6.2,12.6,.0406044604793348,1.516879528448277,243.2,.3734,.0061999997,.0026,2,36.05563369546982,West Germany (U),Founded after 1945 (U),0
0,45,101,136,0,2.4,2,.1416612257236773,.648955800112942,0,.001,.00060000003,.0016000001,1,22.93468836582499,West Germany (U),Founded after 1945 (U),0
0,45,101,136,0,3,3.5999999,.0220253627502911,.5936661415498253,.5,.001,.0061999997,.0026,2,36.05563369546982,West Germany (U),Founded after 1945 (U),0
0,46,101,136,0,5.4,3,.0115934065884576,1.290480199403277,186.39999,.491,0,0,1,22.93468836582499,West Germany (U),Founded after 1945 (U),0
0,46,101,136,0,3.6,7.1999998,.1126290411607922,.9841431680082693,80.199997,.16160001,0,0,2,36.05563369546982,West Germany (U),Founded after 1945 (U),0
0,47,101,136,0,8.800000000000001,24.4,.6585232733978145,1.868344468483601,495,.69379997,.0012000001,.00020000001,1,22.93468836582499,West Germany (U),Founded after 1945 (U),0
0,47,101,136,0,5.8,23.799999,.6458782603846241,1.667211817717487,2,.0020000001,.0040000002,.00020000001,2,36.05563369546982,West Germany (U),Founded after 1945 (U),0
1,48,101,136,1,9,28.4,.9483050049917613,1.621901602997713,949.79999,1.0354,.028200001,.0038000001,1,22.93468836582499,West Germany (U),Founded after 1945 (U),0
1,48,101,136,1,8.800000000000001,31.4,.9931043556174788,1.630464804044039,528.40002,.53119999,.066199996,.0076000001,2,36.05563369546982,West Germany (U),Founded after 1945 (U),1
0,49,101,136,0,3,5.4000001,.0564083371359587,1.036262399289383,17.4,.32339999,0,0,1,22.93468836582499,West Germany (U),Founded after 1945 (U),0
0,49,101,136,0,1.6,9,.0522660473783048,.7761052338061339,49,.13319999,.0014,.00020000001,2,36.05563369546982,West Germany (U),Founded after 1945 (U),0
0,50,101,136,0,0,3,0,,782.20001,.78220004,0,0,1,22.93468836582499,West Germany (U),Founded after 1945 (U),0
0,50,101,136,0,0,,0,,615.40002,.61540002,0,0,2,36.05563369546982,West Germany (U),Founded after 1945 (U),0
0,55,101,136,0,0,,0,,467.79999,.46779999,0,0,1,22.93468836582499,West Germany (U),Founded after 1945 (U),0
0,55,101,136,0,0,,0,,859.59998,.85959995,0,0,2,36.05563369546982,West Germany (U),Founded after 1945 (U),0
0,56,101,136,0,30.6,77.599998,1.062108667158744,7.165792984157814,2096.2,2.174,.0308,.0055999998,1,22.93468836582499,West Germany (U),Founded after 1945 (U),0
0,56,101,136,0,17.2,79.800003,.8226492575677955,5.21656189367704,1406.6,1.5039999,.099800006,.0096000005,2,36.05563369546982,West Germany (U),Founded after 1945 (U),0
0,3,102,141,0,4,3.2,.0420536686728361,.8613065870079336,63.200001,.063200004,.0016000001,.001,1,12.6018181185285,West Germany (U),Founded after 1945 (U),0
0,3,102,141,0,2,4.4000001,.0019158575048882,.0835997453297051,1.8,.0018,.0012000001,.00080000004,2,16.47605924833498,West Germany (U),Founded after 1945 (U),0
0,4,102,141,0,1,0,0,,,0,0,0,1,12.6018181185285,West Germany (U),Founded after 1945 (U),0
0,5,102,141,0,7.6,19.4,.0592621747696064,2.440981993845297,760.20001,1.3526,.0035999999,.0018,1,12.6018181185285,West Germany (U),Founded after 1945 (U),0
0,5,102,141,0,7.4,17.6,.0941000220390357,1.848258424070169,384.39999,1.2681999,.0078000003,.0026,2,16.47605924833498,West Germany (U),Founded after 1945 (U),0
0,6,102,141,0,0,,0,,82.800003,.082800001,0,0,1,12.6018181185285,West Germany (U),Founded after 1945 (U),0
0,7,102,141,0,4,9.6000004,.1285032331912826,.9746931200786745,21.4,.2088,.0035999999,.0018,1,12.6018181185285,West Germany (U),Founded after 1945 (U),0
0,7,102,141,0,3.8,11.8,.021761748375542,.6998732192250394,211.2,.30320001,.0078000003,.0026,2,16.47605924833498,West Germany (U),Founded after 1945 (U),0
0,8,102,141,0,18.8,61,1.854726969851323,6.935221358417492,896,.95700002,.0046000001,.00060000003,1,12.6018181185285,West Germany (U),Founded after 1945 (U),0
0,8,102,141,0,10.2,39.599998,1.601392810648452,6.823016598496483,755.59998,.78220004,.010600001,0,2,16.47605924833498,West Germany (U),Founded after 1945 (U),0
0,9,102,141,0,8.199999999999999,7,.3267186217814753,1.657723434400168,90,.090000004,.0076000001,.00080000004,1,12.6018181185285,West Germany (U),Founded after 1945 (U),0
0,9,102,141,0,3.6,5.8000002,.1613181387290963,1.324569323949488,3.5,.0035000001,.023399999,.0018,2,16.47605924833498,West Germany (U),Founded after 1945 (U),0
0,10,102,141,0,3.8,5,0,,773.40002,.77340001,.00080000004,.00060000003,1,12.6018181185285,West Germany (U),Founded after 1945 (U),0
0,10,102,141,0,3.333333333333333,3.6666667,0,,518,.51800001,.0066666664,.0020000001,2,16.47605924833498,West Germany (U),Founded after 1945 (U),0
0,11,102,141,0,5,2.3333333,0,.0022883295189519,,0,0,0,1,12.6018181185285,West Germany (U),Founded after 1945 (U),0
0,11,102,141,0,4,2.5,0,,,0,0,0,2,16.47605924833498,West Germany (U),Founded after 1945 (U),0
0,12,102,141,0,10.4,51.400002,2.315320668726203,3.708188053379571,13.8,.5406,2.6171999,.099399999,1,12.6018181185285,West Germany (U),Founded after 1945 (U),0
0,12,102,141,0,12.6,75.199997,2.665082685073974,5.983231975052625,165,.7992,4.6868,.13419999,2,16.47605924833498,West Germany (U),Founded after 1945 (U),0
0,13,102,141,0,25.2,156.8,3.446742913809708,12.07369099540752,730.59998,.84240001,2.4916,.1004,1,12.6018181185285,West Germany (U),Founded after 1945 (U),0
0,13,102,141,0,21.8,160.2,3.626954868378708,14.47880869464187,724,.91759998,4.2726002,.1182,2,16.47605924833498,West Germany (U),Founded after 1945 (U),0
0,14,102,141,0,1,0,0,,,0,0,0,1,12.6018181185285,West Germany (U),Founded after 1945 (U),0
0,14,102,141,0,1,0,0,,,0,0,0,2,16.47605924833498,West Germany (U),Founded after 1945 (U),0
0,15,102,141,0,19.2,92.599998,4.517574906755947,9.747159109332587,1110.8,1.1364,.22739999,.021399999,1,12.6018181185285,West Germany (U),Founded after 1945 (U),0
0,15,102,141,0,15.8,104.6,4.366858584612737,10.41560421719027,583.20001,.59740001,.35579997,.0244,2,16.47605924833498,West Germany (U),Founded after 1945 (U),0
0,16,102,141,0,0,,.0057208237973797,.0045224209792244,,0,.0425,0,1,12.6018181185285,West Germany (U),Founded after 1945 (U),0
0,16,102,141,0,0,0,0,,,0,.126,.003,2,16.47605924833498,West Germany (U),Founded after 1945 (U),0
0,17,102,141,0,21.6,64.400002,2.32896515648976,4.846009050074077,1384.8,1.59,.0061999997,.0016000001,1,12.6018181185285,West Germany (U),Founded after 1945 (U),0
0,17,102,141,0,18.8,59,2.480666786879157,5.87960962393724,748.79999,.8466,.048,.0096000005,2,16.47605924833498,West Germany (U),Founded after 1945 (U),0
0,18,102,141,0,5.6,1,.029358338000124,.4947159988769637,.2,.093999997,.00060000003,.00020000001,1,12.6018181185285,West Germany (U),Founded after 1945 (U),0
0,18,102,141,0,3.8,0,.0062081696331779,.3643838822815579,0,.056599997,.00020000001,.00040000002,2,16.47605924833498,West Germany (U),Founded after 1945 (U),0
0,20,102,141,0,7.6,18.799999,.2403401888503096,1.753775826252401,0,.219,.0061999997,.001,1,12.6018181185285,West Germany (U),Founded after 1945 (U),0
0,20,102,141,0,4.2,12.4,.2448083731673236,1.707520164535724,0,.1516,.0294,.00080000004,2,16.47605924833498,West Germany (U),Founded after 1945 (U),0
0,21,102,141,0,1,6.3333335,.0737851172583419,.2050243722004975,,0,.21419999,.0132,1,12.6018181185285,West Germany (U),Founded after 1945 (U),0
0,21,102,141,0,1,2.8,0,,,0,.51139998,.0154,2,16.47605924833498,West Germany (U),Founded after 1945 (U),0
0,22,102,141,0,18,47.599998,1.900738031941778,4.024360393260819,1149.6,2.4106002,.0035999999,.0018,1,12.6018181185285,West Germany (U),Founded after 1945 (U),0
0,22,102,141,0,14,45.599998,1.52905187637285,2.517808720459759,684.20001,2.3156002,.0078000003,.0026,2,16.47605924833498,West Germany (U),Founded after 1945 (U),0
0,23,102,141,0,9.800000000000001,16.4,.2973772777591299,1.978710144524917,399.60001,.67400002,.0038000001,.0024000001,1,12.6018181185285,West Germany (U),Founded after 1945 (U),0
0,23,102,141,0,9,19.6,.1991443510881568,1.849045579387498,270.20001,.68720001,.0064000003,.001,2,16.47605924833498,West Germany (U),Founded after 1945 (U),0
0,24,102,141,0,15.6,9.6000004,.3379322658260284,2.935487358968757,531,.78399998,.0328,.0012000001,1,12.6018181185285,West Germany (U),Founded after 1945 (U),0
0,24,102,141,0,3.8,1.8,.0703632997203249,1.124054749152362,134.60001,.30000001,.049400002,.0012000001,2,16.47605924833498,West Germany (U),Founded after 1945 (U),0
0,25,102,141,0,13.4,75,2.815368443579037,3.183339575829387,2383.8,2.4291999,.15660001,.0093999999,1,12.6018181185285,West Germany (U),Founded after 1945 (U),0
0,25,102,141,0,25.2,125,5.162061769463838,7.082532271498373,2840.6001,2.8866,.21939999,.0098000001,2,16.47605924833498,West Germany (U),Founded after 1945 (U),0
0,26,102,141,0,1.2,6.5999999,0,.1819227103817651,0,.062200002,0,0,1,12.6018181185285,West Germany (U),Founded after 1945 (U),0
0,26,102,141,0,3,15.2,.0273700220295767,1.284590987255061,0,.1252,0,0,2,16.47605924833498,West Germany (U),Founded after 1945 (U),0
0,27,102,141,0,3.8,2.5999999,.0693410795113926,.4447208296567686,0,.1026,.00060000003,.00020000001,1,12.6018181185285,West Germany (U),Founded after 1945 (U),0
0,27,102,141,0,4,2,.0155674722781812,.4278617220132284,0,.0858,.00020000001,.00040000002,2,16.47605924833498,West Germany (U),Founded after 1945 (U),0
0,29,102,141,0,4,3,.0132561716184537,1.022119114977423,.40000001,.1174,0,0,1,12.6018181185285,West Germany (U),Founded after 1945 (U),0
0,29,102,141,0,4.6,2.5999999,.0438177813138537,1.348937463293049,0,.16139999,.00020000001,0,2,16.47605924833498,West Germany (U),Founded after 1945 (U),0
0,30,102,141,0,12.25,1,.0911143030304923,1.190891708862403,187.39999,.1874,0,0,1,12.6018181185285,West Germany (U),Founded after 1945 (U),0
0,30,102,141,0,0,,.0024802231234205,.0859129240593034,0,0,0,0,2,16.47605924833498,West Germany (U),Founded after 1945 (U),0
0,31,102,141,0,31.8,167.2,7.00668427952725,16.96282567231973,1098.2,1.1356,.73559999,.059799999,1,12.6018181185285,West Germany (U),Founded after 1945 (U),0
0,31,102,141,0,21.8,148.2,7.389555002978377,12.89267063496088,1666.8,1.742,1.776,.080199994,2,16.47605924833498,West Germany (U),Founded after 1945 (U),0
0,32,102,141,0,31.8,66.800003,1.021808869565838,7.537361462725524,650.20001,1.187,.47600001,.0616,1,12.6018181185285,West Germany (U),Founded after 1945 (U),0
0,32,102,141,0,25.2,65,1.982115934629578,5.607513576849333,571.20001,2.4194,.73720002,.062200002,2,16.47605924833498,West Germany (U),Founded after 1945 (U),0
0,33,102,141,0,0,,0,.123601313072343,80.400002,.2164,0,0,1,12.6018181185285,West Germany (U),Founded after 1945 (U),0
0,33,102,141,0,0,1,0,,3.5999999,.022799999,0,0,2,16.47605924833498,West Germany (U),Founded after 1945 (U),0
0,34,102,141,0,4.25,0,.0068497371893983,.5244632172514544,0,.049800001,0,.00020000001,1,12.6018181185285,West Germany (U),Founded after 1945 (U),0
0,34,102,141,0,0,,0,.1644746700132733,0,.0024000001,.00020000001,0,2,16.47605924833498,West Germany (U),Founded after 1945 (U),0
0,35,102,141,0,0,,0,.0891647855312644,,0,.168,.003,1,12.6018181185285,West Germany (U),Founded after 1945 (U),0
0,35,102,141,0,0,,0,,4,.0040000002,.41100001,.0049999999,2,16.47605924833498,West Germany (U),Founded after 1945 (U),0
0,36,102,141,0,4.8,8,.0299225258587548,1.023098020712657,306.79999,.42399999,.0032000002,.00040000002,1,12.6018181185285,West Germany (U),Founded after 1945 (U),0
0,36,102,141,0,4.2,7.1999998,.0642670661573333,.8105203750407336,113.2,.212,.0068000001,.0022,2,16.47605924833498,West Germany (U),Founded after 1945 (U),0
0,37,102,141,0,28.6,138.8,4.713207205782866,10.69234378067948,620.79999,.67159998,3.7863998,.19400001,1,12.6018181185285,West Germany (U),Founded after 1945 (U),0
0,37,102,141,0,24.2,142.39999,6.384837387778826,11.54137869052586,467.20001,.56620002,5.822,.222,2,16.47605924833498,West Germany (U),Founded after 1945 (U),0
0,38,102,141,0,7.4,14.2,.5874969855832876,2.721315121163777,7.3333335,.0073333336,.0104,.0038000001,1,12.6018181185285,West Germany (U),Founded after 1945 (U),0
0,38,102,141,0,7.4,23.799999,0,,715,.71499997,.053799998,.0058000004,2,16.47605924833498,West Germany (U),Founded after 1945 (U),0
0,39,102,141,0,11.6,16.6,.2806055601064329,1.535048828148583,3.4000001,.162,.2008,.0098000001,1,12.6018181185285,West Germany (U),Founded after 1945 (U),0
0,39,102,141,0,8.199999999999999,28.200001,.2657488911500841,.4259760180926315,0,.0064000003,.41060001,.021600001,2,16.47605924833498,West Germany (U),Founded after 1945 (U),0
0,40,102,141,0,1,0,0,,,0,.003,.001,1,12.6018181185285,West Germany (U),Founded after 1945 (U),0
0,40,102,141,0,.5,0,0,,1,.001,.011333333,0,2,16.47605924833498,West Germany (U),Founded after 1945 (U),0
0,41,102,141,0,0,,.0015678792079585,.2981794424683698,0,.25139999,0,0,1,12.6018181185285,West Germany (U),Founded after 1945 (U),0
0,41,102,141,0,.3333333333333333,8.333333,.000059729448482,1.599114914888593,298,.32100001,0,0,2,16.47605924833498,West Germany (U),Founded after 1945 (U),0
0,42,102,141,0,4.4,3.2,.0077803203644365,.1159694885649189,,0,.0024000001,.00040000002,1,12.6018181185285,West Germany (U),Founded after 1945 (U),0
0,42,102,141,0,4.6,4.5999999,0,,,0,.0061999997,.00020000001,2,16.47605924833498,West Germany (U),Founded after 1945 (U),0
0,43,102,141,0,0,,0,,56,.056000002,0,0,2,16.47605924833498,West Germany (U),Founded after 1945 (U),0
0,44,102,141,0,4.8,14.4,.0596548620480159,1.585906794236854,149.2,.2588,.0035999999,.0018,1,12.6018181185285,West Germany (U),Founded after 1945 (U),0
0,44,102,141,0,4.2,7,.0301191922668111,1.011337604964426,160.8,.45379999,.0078000003,.0026,2,16.47605924833498,West Germany (U),Founded after 1945 (U),0
0,45,102,141,0,0,0,0,,,0,.0049999999,.0020000001,2,16.47605924833498,West Germany (U),Founded after 1945 (U),0
0,46,102,141,0,1,0,.0011441647594759,.0011441647594759,,0,0,0,1,12.6018181185285,West Germany (U),Founded after 1945 (U),0
0,47,102,141,0,3.4,5.4000001,.5155963022053026,.9575420196145041,575.59998,.57559997,.00020000001,0,1,12.6018181185285,West Germany (U),Founded after 1945 (U),0
0,47,102,141,0,1.6,22.6,0,,930.59998,.93059999,.0014,0,2,16.47605924833498,West Germany (U),Founded after 1945 (U),0
0,48,102,141,0,22.2,49.799999,.7727153148698658,4.169158383075705,2768.6001,2.9658,.013,.0024000001,1,12.6018181185285,West Germany (U),Founded after 1945 (U),0
0,48,102,141,0,20.2,68.400002,4.754403309248159,5.973269945656111,1444,1.7638,.022200001,.0041999999,2,16.47605924833498,West Germany (U),Founded after 1945 (U),0
0,49,102,141,0,3.2,10.2,.5208643524014686,.8936192876888861,0,.42679998,.00060000003,0,1,12.6018181185285,West Germany (U),Founded after 1945 (U),0
0,49,102,141,0,3,10.2,.1904546992049412,2.115919909173021,0,.32839999,.00040000002,0,2,16.47605924833498,West Germany (U),Founded after 1945 (U),0
0,50,102,141,0,0,1,.105712957464896,.8503631491389076,,0,0,0,1,12.6018181185285,West Germany (U),Founded after 1945 (U),0
0,50,102,141,0,3.666666666666667,6.3333335,.2937484769719916,2.118681718274037,670,.69319999,0,0,2,16.47605924833498,West Germany (U),Founded after 1945 (U),0
0,51,102,141,0,1,5,.0245474023929879,.1228062747393346,37.599998,.037599999,.0164,.00080000004,1,12.6018181185285,West Germany (U),Founded after 1945 (U),0
0,51,102,141,0,.8,8,0,,.2,.00020000001,.0272,.00080000004,2,16.47605924833498,West Germany (U),Founded after 1945 (U),0
0,52,102,141,0,5.2,3.4000001,.0203406778411077,1.484761041157263,0,0,0,0,1,12.6018181185285,West Germany (U),Founded after 1945 (U),0
0,52,102,141,0,0,,.0001456815816634,.2376378771748693,,0,0,0,2,16.47605924833498,West Germany (U),Founded after 1945 (U),0
0,53,102,141,0,2,.25,0,,,0,.0017500001,.0020000001,1,12.6018181185285,West Germany (U),Founded after 1945 (U),0
0,53,102,141,0,1,0,0,,,0,.0134,.0027999999,2,16.47605924833498,West Germany (U),Founded after 1945 (U),0
0,54,102,141,0,1,3,1.032328130017145,.8490752519384384,675.66669,.67566669,.022333333,.0049999999,2,16.47605924833498,West Germany (U),Founded after 1945 (U),0
0,55,102,141,0,0,,0,,156.5,.1565,0,0,1,12.6018181185285,West Germany (U),Founded after 1945 (U),0
0,55,102,141,0,0,0,.0188524340747092,.0942291709801329,366.79999,.36679998,0,0,2,16.47605924833498,West Germany (U),Founded after 1945 (U),0
0,56,102,141,0,41.8,159.2,2.983850105018119,13.16427633229664,7317,7.5900002,.056400001,.013,1,12.6018181185285,West Germany (U),Founded after 1945 (U),0
0,56,102,141,0,37.2,153.8,3.737360906030853,9.453325636990918,4926.2002,5.2116003,.1548,.021200001,2,16.47605924833498,West Germany (U),Founded after 1945 (U),0
0,3,103,147,0,2.4,7.1999998,.1040693373106595,1.078883455397413,160.60001,.16060001,0,.00040000002,1,.6479536111216494,East Germany (U),Founded after 1945 (U),0
0,3,103,147,0,4.8,5.4000001,.1999842814835805,.9264530847920436,278.79999,.27879998,.00040000002,.00080000004,2,1.82645271009067,East Germany (U),Founded after 1945 (U),0
0,4,103,147,0,0,,0,,0,0,0,0,1,.6479536111216494,East Germany (U),Founded after 1945 (U),0
0,4,103,147,0,0,,0,0,0,0,0,0,2,1.82645271009067,East Germany (U),Founded after 1945 (U),0
0,5,103,147,0,4.6,6.8000002,.0240840708730847,.6518158257790019,41.799999,.080199994,.00080000004,.00060000003,1,.6479536111216494,East Germany (U),Founded after 1945 (U),0
0,5,103,147,0,3.4,3.4000001,.0166908225024359,.4264159050145066,149,.15019999,.0061999997,.0012000001,2,1.82645271009067,East Germany (U),Founded after 1945 (U),0
0,7,103,147,0,1.6,6,.3134024106935916,.3928626847795425,,0,.00080000004,.00060000003,1,.6479536111216494,East Germany (U),Founded after 1945 (U),0
0,7,103,147,0,2.8,5.4000001,.4151364646891384,.3660196085846697,0,0,.0061999997,.0012000001,2,1.82645271009067,East Germany (U),Founded after 1945 (U),0
0,10,103,147,0,4.6,9.1999998,.199191175354183,.5679129869328065,155.39999,.15539999,.0014,.00060000003,1,.6479536111216494,East Germany (U),Founded after 1945 (U),0
0,10,103,147,0,5,7,.0805048256119926,.7022300214516252,203,.20299999,.0115,.0024999999,2,1.82645271009067,East Germany (U),Founded after 1945 (U),0
0,11,103,147,0,1.4,2.2,0,,,0,0,0,1,.6479536111216494,East Germany (U),Founded after 1945 (U),0
0,11,103,147,0,1,1,0,,,0,0,0,2,1.82645271009067,East Germany (U),Founded after 1945 (U),0
0,17,103,147,0,9.4,38.799999,.4265872726878918,3.803121606847883,779.79999,1.5422,.0098000001,.0026,1,.6479536111216494,East Germany (U),Founded after 1945 (U),0
0,17,103,147,0,10.6,38.200001,.3385609835607633,3.294315906382781,1208,1.7424001,.0266,.00080000004,2,1.82645271009067,East Germany (U),Founded after 1945 (U),0
0,18,103,147,0,2.8,4,.0008648648648,.389652477243563,0,.0058000004,.00020000001,.00040000002,1,.6479536111216494,East Germany (U),Founded after 1945 (U),0
0,18,103,147,0,2.6,3.5999999,.0251048610329055,.3718252687414653,.2,.00080000004,.00040000002,.00060000003,2,1.82645271009067,East Germany (U),Founded after 1945 (U),0
0,20,103,147,0,1.2,.80000001,.0156100497498381,.1505563702337201,0,.0112,0,0,1,.6479536111216494,East Germany (U),Founded after 1945 (U),0
0,20,103,147,0,0,.5,0,.0782911906012436,0,0,.0015,0,2,1.82645271009067,East Germany (U),Founded after 1945 (U),0
0,22,103,147,0,4,8.6000004,.0040178571410984,.7475149088920887,54,.0986,.00080000004,.00060000003,1,.6479536111216494,East Germany (U),Founded after 1945 (U),0
0,22,103,147,0,4.6,10.2,.0239255788408505,.8364146125465831,229.8,.23439999,.0061999997,.0012000001,2,1.82645271009067,East Germany (U),Founded after 1945 (U),0
0,23,103,147,0,5.2,7,.1745580581236465,1.29282681667215,160.39999,.18939999,.0018,.0014,1,.6479536111216494,East Germany (U),Founded after 1945 (U),0
0,23,103,147,0,7.8,9.3999996,.3227785126477234,.9031714997107108,357.39999,.36059999,.0026,.0016000001,2,1.82645271009067,East Germany (U),Founded after 1945 (U),0
0,25,103,147,0,0,,0,0,,0,.00050000002,0,2,1.82645271009067,East Germany (U),Founded after 1945 (U),0
0,26,103,147,0,1.4,3.8,0,,0,.0061999997,0,0,1,.6479536111216494,East Germany (U),Founded after 1945 (U),0
0,26,103,147,0,.5,2,0,0,21.4,.021600001,0,0,2,1.82645271009067,East Germany (U),Founded after 1945 (U),0
0,27,103,147,0,11,9.666667,.1082601660480881,1.247625451363478,54.599998,.067400001,.00020000001,.00040000002,1,.6479536111216494,East Germany (U),Founded after 1945 (U),0
0,27,103,147,0,12.6,17.6,.4202548983516166,1.398270866333954,102.2,.1232,.00040000002,.00060000003,2,1.82645271009067,East Germany (U),Founded after 1945 (U),0
0,28,103,147,0,0,,0,.2906320541050707,,0,0,.001,1,.6479536111216494,East Germany (U),Founded after 1945 (U),0
0,28,103,147,0,0,,.00025325,.0179824035222226,,0,.00025000001,0,2,1.82645271009067,East Germany (U),Founded after 1945 (U),0
0,29,103,147,0,1,1,.0008941270255824,.4963598192871528,18.799999,.044799998,0,0,1,.6479536111216494,East Germany (U),Founded after 1945 (U),0
0,29,103,147,0,2.2,.60000002,.0073483653316246,.3469931963119677,62.400002,.0634,0,0,2,1.82645271009067,East Germany (U),Founded after 1945 (U),0
0,32,103,147,0,0,,0,,0,.0018,.001,.00080000004,1,.6479536111216494,East Germany (U),Founded after 1945 (U),0
0,32,103,147,0,0,,0,0,0,.001,.0026,.00020000001,2,1.82645271009067,East Germany (U),Founded after 1945 (U),0
0,34,103,147,0,0,1.4,.0024602863190401,.2437147775162447,0,.001,.00020000001,0,1,.6479536111216494,East Germany (U),Founded after 1945 (U),0
0,34,103,147,0,.2,2.2,.0006635168531031,.264585307370325,16.25,.016249999,.00020000001,0,2,1.82645271009067,East Germany (U),Founded after 1945 (U),0
0,36,103,147,0,5.8,13.4,.1969401184332467,1.05420759375337,91,.1042,.0014,.00080000004,1,.6479536111216494,East Germany (U),Founded after 1945 (U),0
0,36,103,147,0,6.2,11.4,.2831962094943553,1.278847369084204,196.39999,.197,.0026,.0020000001,2,1.82645271009067,East Germany (U),Founded after 1945 (U),0
0,38,103,147,0,2.2,4,.3796941115856607,.5901678516437557,0,0,.00080000004,.00080000004,1,.6479536111216494,East Germany (U),Founded after 1945 (U),0
0,38,103,147,0,4.2,7.1999998,.0721740218963005,.4919671336934986,79.800003,.079800002,.0040000002,.001,2,1.82645271009067,East Germany (U),Founded after 1945 (U),0
0,39,103,147,0,3.8,5.8000002,.1329206257287111,.5692720750513148,100.4,.1004,.0074,.0020000001,1,.6479536111216494,East Germany (U),Founded after 1945 (U),0
0,39,103,147,0,4,14.6,.2661889444856214,.7579464708219975,225.2,.2252,.062799998,.0064000003,2,1.82645271009067,East Germany (U),Founded after 1945 (U),0
0,41,103,147,0,1.8,2.4000001,.0728137808031513,.308476786464411,5,.0049999999,0,0,1,.6479536111216494,East Germany (U),Founded after 1945 (U),0
0,41,103,147,0,5,9.3999996,.3516330091200359,.8552075931364663,204.60001,.20460001,0,0,2,1.82645271009067,East Germany (U),Founded after 1945 (U),0
0,42,103,147,0,4.6,7.4000001,.0954764369485214,.8059949362788159,91.199997,.091199994,0,0,1,.6479536111216494,East Germany (U),Founded after 1945 (U),0
0,42,103,147,0,4.4,4.5999999,.2621977445102139,.5420734957170728,98.400002,.098400004,.003,0,2,1.82645271009067,East Germany (U),Founded after 1945 (U),0
0,43,103,147,0,2.6,4.4000001,0,.1738148983774015,,0,0,0,1,.6479536111216494,East Germany (U),Founded after 1945 (U),0
0,44,103,147,0,2.4,3,0,.3515009023553108,2.4000001,.021,.00080000004,.00060000003,1,.6479536111216494,East Germany (U),Founded after 1945 (U),0
0,44,103,147,0,1.2,2.5999999,.0181667908604712,.1967044724470711,13.2,.0132,.0061999997,.0012000001,2,1.82645271009067,East Germany (U),Founded after 1945 (U),0
0,45,103,147,0,1.2,1.8,.0036022207300455,.2278679549140681,2.8,.0052,.00080000004,.00060000003,1,.6479536111216494,East Germany (U),Founded after 1945 (U),0
0,45,103,147,0,1,.80000001,.0047549218712384,.1377527719362479,9.1999998,.0092000002,.0061999997,.0012000001,2,1.82645271009067,East Germany (U),Founded after 1945 (U),0
0,46,103,147,0,4.6,7.4000001,.0258968666398953,.6179642590363338,0,.23999999,0,0,1,.6479536111216494,East Germany (U),Founded after 1945 (U),0
0,46,103,147,0,3.6,4.1999998,.0025126848477263,.5282784334273208,164.8,.24600001,0,0,2,1.82645271009067,East Germany (U),Founded after 1945 (U),0
0,48,103,147,0,7.4,16,.0554414979370078,.9009424076705134,158.8,.18700001,.0018,.003,1,.6479536111216494,East Germany (U),Founded after 1945 (U),0
0,48,103,147,0,4.4,4.5999999,.8366464710274606,.3802742713459715,287.39999,.29260001,.0146,.0012000001,2,1.82645271009067,East Germany (U),Founded after 1945 (U),0
0,49,103,147,0,2.2,4,0,.6316628487838386,10,.044799998,0,0,1,.6479536111216494,East Germany (U),Founded after 1945 (U),0
0,49,103,147,0,2,1.6,0,.4389515784254814,.60000002,.0064000003,0,0,2,1.82645271009067,East Germany (U),Founded after 1945 (U),0
0,50,103,147,0,0,1.6,.0074822055515105,1.144034368808674,,0,0,0,1,.6479536111216494,East Germany (U),Founded after 1945 (U),0
0,50,103,147,0,2.2,1.6,.0730446019536511,.6700165949887505,314,.31400001,0,0,2,1.82645271009067,East Germany (U),Founded after 1945 (U),0
0,53,103,147,0,0,,0,,17,.017000001,.00050000002,.00050000002,1,.6479536111216494,East Germany (U),Founded after 1945 (U),0
0,53,103,147,0,0,,0,0,7.6666665,.0076666665,.0023333333,.0013333333,2,1.82645271009067,East Germany (U),Founded after 1945 (U),0
0,56,103,147,0,6,12.6,.2558656467967885,1.311412871237385,145.8,.14580001,.0038000001,.0049999999,1,.6479536111216494,East Germany (U),Founded after 1945 (U),0
0,56,103,147,0,7.8,10.4,.1540009269768837,1.18151127566567,163.8,.1638,.056200001,.0054000001,2,1.82645271009067,East Germany (U),Founded after 1945 (U),0
0,3,104,139,0,0,,0,.0022883295189519,,0,.001,0,1,3.337073871542801,East Germany (U),Founded before 1945 (U),0
0,3,104,139,0,0,,0,0,2.6666667,.0026666666,0,.00075000001,2,6.103910629615242,East Germany (U),Founded before 1945 (U),0
0,4,104,139,0,0,,0,,4.5999999,.0272,0,0,1,3.337073871542801,East Germany (U),Founded before 1945 (U),0
0,4,104,139,0,0,,0,0,2.4000001,.021200001,.00020000001,0,2,6.103910629615242,East Germany (U),Founded before 1945 (U),0
0,5,104,139,0,4,5,.0070479583390796,1.048428172592127,201.39999,.34920001,.001,.00040000002,1,3.337073871542801,East Germany (U),Founded before 1945 (U),0
0,5,104,139,0,3,5,.0163430747042289,.9022926118394117,155,.55019999,.00040000002,.00020000001,2,6.103910629615242,East Germany (U),Founded before 1945 (U),0
0,10,104,139,0,0,,0,,123.6,.1236,.00020000001,0,1,3.337073871542801,East Germany (U),Founded before 1945 (U),0
0,10,104,139,0,0,,0,,182,.182,0,.001,2,6.103910629615242,East Germany (U),Founded before 1945 (U),0
0,11,104,139,0,0,,0,,12.8,.012800001,0,0,1,3.337073871542801,East Germany (U),Founded before 1945 (U),0
0,11,104,139,0,0,,0,0,34.400002,.034400001,0,0,2,6.103910629615242,East Germany (U),Founded before 1945 (U),0
0,12,104,139,0,15.2,74,3.645010834367056,5.356765696599178,641.40002,.74540001,1.3032,.073399998,1,3.337073871542801,East Germany (U),Founded before 1945 (U),0
0,12,104,139,0,15.2,122.2,6.447799912628279,5.514125979727158,674,.73259997,3.0962,.1428,2,6.103910629615242,East Germany (U),Founded before 1945 (U),0
0,13,104,139,0,8,39.799999,.7983385411303079,3.648029256926887,188.2,.1998,.56279999,.0528,1,3.337073871542801,East Germany (U),Founded before 1945 (U),0
0,13,104,139,0,7,46.200001,1.338607857994402,3.220641050235538,231.60001,.2388,1.4476,.051200002,2,6.103910629615242,East Germany (U),Founded before 1945 (U),0
0,17,104,139,0,2,5.5999999,.1179224630939809,.5328133459810749,134.39999,.1354,.0012000001,.00020000001,1,3.337073871542801,East Germany (U),Founded before 1945 (U),0
0,17,104,139,0,1.8,4.4000001,.0290973395884344,.4631989951249187,12,.012,.0055999998,.00040000002,2,6.103910629615242,East Germany (U),Founded before 1945 (U),0
0,18,104,139,0,8.199999999999999,8.1999998,.1061996411908912,1.080161359805964,58.200001,.086800002,.00040000002,.00060000003,1,3.337073871542801,East Germany (U),Founded before 1945 (U),0
0,18,104,139,0,7,10.6,.3798495703807828,1.150310423154076,256.60001,.30759999,0,.00020000001,2,6.103910629615242,East Germany (U),Founded before 1945 (U),0
0,20,104,139,0,7.4,14.6,.2405672336396634,1.472580440348194,263,.31620002,.0022,.00060000003,1,3.337073871542801,East Germany (U),Founded before 1945 (U),0
0,20,104,139,0,6.8,21.200001,.7970436286296254,1.240591386345713,245,.31659999,.0070000002,.0016000001,2,6.103910629615242,East Germany (U),Founded before 1945 (U),0
0,21,104,139,0,6.2,8,.2980320404087433,1.35804283782535,57.200001,.0572,.1036,.011,1,3.337073871542801,East Germany (U),Founded before 1945 (U),0
0,21,104,139,0,6,9.1999998,.3022254577166958,1.097460681446776,189.8,.18980001,.33320001,.017200001,2,6.103910629615242,East Germany (U),Founded before 1945 (U),0
0,22,104,139,0,10.4,23.4,.1222787244234398,2.77010506269698,470.20001,.70559996,.001,.00040000002,1,3.337073871542801,East Germany (U),Founded before 1945 (U),0
0,22,104,139,0,10.2,22.6,.0325675832506642,2.614972627968098,697.59998,1.359,.00040000002,.00020000001,2,6.103910629615242,East Germany (U),Founded before 1945 (U),0
0,23,104,139,0,11.6,21,.4909501714989755,2.003025082873228,182.60001,.26879999,.0048000002,.0024000001,1,3.337073871542801,East Germany (U),Founded before 1945 (U),0
0,23,104,139,0,10,19,.6213660170576298,1.955687156638417,215.8,.52540004,.0126,.0014,2,6.103910629615242,East Germany (U),Founded before 1945 (U),0
0,24,104,139,0,0,,0,.0034324942784278,,0,0,0,1,3.337073871542801,East Germany (U),Founded before 1945 (U),0
0,25,104,139,0,0,,0,,0,.034000002,.0136,.0024000001,1,3.337073871542801,East Germany (U),Founded before 1945 (U),0
0,25,104,139,0,0,,0,0,0,.0054000001,.0176,.0018,2,6.103910629615242,East Germany (U),Founded before 1945 (U),0
0,29,104,139,0,5,5.5999999,.0392088747251987,1.029324091134989,186.60001,.2696,0,0,1,3.337073871542801,East Germany (U),Founded before 1945 (U),0
0,29,104,139,0,5.4,3.8,.0189723750972114,1.028442508567712,194.8,.28099999,0,0,2,6.103910629615242,East Germany (U),Founded before 1945 (U),0
0,32,104,139,0,11.6,23.6,.302006982557926,2.317571288577688,178.8,.23339999,.040400002,.011,1,3.337073871542801,East Germany (U),Founded before 1945 (U),0
0,32,104,139,0,10.4,24.4,.1708890129044475,1.946689961294544,345.39999,.37360001,.062200002,.0066,2,6.103910629615242,East Germany (U),Founded before 1945 (U),0
0,33,104,139,0,0,,.0525334125207779,.4335316722052924,45.400002,.045400001,0,0,1,3.337073871542801,East Germany (U),Founded before 1945 (U),0
0,33,104,139,0,0,0,0,.2435352344329311,104,.104,0,0,2,6.103910629615242,East Germany (U),Founded before 1945 (U),0
0,34,104,139,0,3,3.5999999,.0015503683670899,.6681839252423658,38,.038400002,.00020000001,.00040000002,1,3.337073871542801,East Germany (U),Founded before 1945 (U),0
0,34,104,139,0,3,4.1999998,.0218855875805485,.6772916811007327,68.800003,.068800002,.00060000003,.00060000003,2,6.103910629615242,East Germany (U),Founded before 1945 (U),0
0,35,104,139,0,5,31.799999,.2883123634990613,2.603373530495086,438.39999,.4384,.0394,.0027999999,1,3.337073871542801,East Germany (U),Founded before 1945 (U),0
0,35,104,139,0,6.4,42,.734204922448054,2.385267375301282,472.79999,.47279999,.082000002,.0035999999,2,6.103910629615242,East Germany (U),Founded before 1945 (U),0
0,36,104,139,0,3,4,.0742573582261112,.4604272045067553,76.400002,.12980001,.00020000001,0,1,3.337073871542801,East Germany (U),Founded before 1945 (U),0
0,36,104,139,0,3,3,.0372367968490605,.4570125959114997,137,.211,.0018,.00040000002,2,6.103910629615242,East Germany (U),Founded before 1945 (U),0
0,37,104,139,0,10.8,48.799999,1.714539149359275,2.993499281572162,128,.1362,.51740003,.051799998,1,3.337073871542801,East Germany (U),Founded before 1945 (U),0
0,37,104,139,0,12,55.200001,2.30541925724409,2.479500128107963,148,.1522,1.2466,.059,2,6.103910629615242,East Germany (U),Founded before 1945 (U),0
0,38,104,139,0,2.8,7.8000002,.209917731903433,.4827619314254064,284.20001,.28420001,.0089999996,.0016000001,1,3.337073871542801,East Germany (U),Founded before 1945 (U),0
0,38,104,139,0,5.6,16.799999,.1866182731373994,.6292381695610091,485,.48500001,.0298,.003,2,6.103910629615242,East Germany (U),Founded before 1945 (U),0
0,39,104,139,0,6,18,.356084545573057,1.161572643401212,341.39999,.3414,.064000003,.0080000004,1,3.337073871542801,East Germany (U),Founded before 1945 (U),0
0,39,104,139,0,7.8,36.400002,1.486687880337513,1.182423314649801,322.60001,.32260001,.32320002,.016799999,2,6.103910629615242,East Germany (U),Founded before 1945 (U),0
0,41,104,139,0,0,,.0384284393301978,.1358022014119827,,0,0,0,1,3.337073871542801,East Germany (U),Founded before 1945 (U),0
0,41,104,139,0,0,,.0001087169441429,.1735888425428247,210.5,.2105,0,0,2,6.103910629615242,East Germany (U),Founded before 1945 (U),0
0,42,104,139,0,14,40.400002,.4326047729010449,2.862854454367683,1016.6,1.0166,.0016000001,.00040000002,1,3.337073871542801,East Germany (U),Founded before 1945 (U),0
0,42,104,139,0,14,45.799999,.2865028541490423,2.8368926031921,1286.4,1.2864001,.0092000002,.001,2,6.103910629615242,East Germany (U),Founded before 1945 (U),0
0,44,104,139,0,3,2.2,.0104969827594723,.6373447024644316,32.200001,.060400002,.001,.00040000002,1,3.337073871542801,East Germany (U),Founded before 1945 (U),0
0,44,104,139,0,.4,2,0,.2813661447170229,7,.0206,.00040000002,.00020000001,2,6.103910629615242,East Germany (U),Founded before 1945 (U),0
0,45,104,139,0,4.8,8.6000004,.0625933371520146,1.11097613734707,77.400002,.086000003,.001,.00040000002,1,3.337073871542801,East Germany (U),Founded before 1945 (U),0
0,45,104,139,0,3.6,7.8000002,.1421518569477273,1.029004394249632,128.8,.14580001,.00040000002,.00020000001,2,6.103910629615242,East Germany (U),Founded before 1945 (U),0
0,49,104,139,0,2,4.8000002,.1122319042593764,.9044241946614955,147.2,.24360001,.00020000001,0,1,3.337073871542801,East Germany (U),Founded before 1945 (U),0
0,49,104,139,0,.2,1.6,.1903054931856852,.4660801837378651,24.200001,.054400001,.00080000004,0,2,6.103910629615242,East Germany (U),Founded before 1945 (U),0
0,50,104,139,0,0,.40000001,.0871537699934183,.5413909141400155,,0,0,0,1,3.337073871542801,East Germany (U),Founded before 1945 (U),0
0,50,104,139,0,0,.2,.0011446409987842,.4265693656042016,,0,0,0,2,6.103910629615242,East Germany (U),Founded before 1945 (U),0
0,56,104,139,0,10.6,24.4,.6768505706328454,1.866158411833622,698.79999,.69879997,.0038000001,.0041999999,1,3.337073871542801,East Germany (U),Founded before 1945 (U),0
0,56,104,139,0,10.4,34.400002,.7383153801417819,2.04199198954886,1198.2,1.1982,.0176,.0044,2,6.103910629615242,East Germany (U),Founded before 1945 (U),0
0,3,105,137,0,9.800000000000001,43.200001,.1502867039997769,2.682899791515462,254.60001,.25460002,.001,.001,1,14.36596250860742,West Germany (U),Founded before 1945 (U),0
0,3,105,137,0,6,30.200001,.0103164365905146,.8010247309177643,113.6,.1136,.0014,.0014,2,46.90713355714524,West Germany (U),Founded before 1945 (U),0
0,4,105,137,0,2.4,9.8000002,.0626197872659632,1.43963142912695,179,.18799999,.00020000001,0,1,14.36596250860742,West Germany (U),Founded before 1945 (U),0
0,4,105,137,0,3.4,8.1999998,.162069311831713,.942139470536538,46.200001,.048999999,.00020000001,0,2,46.90713355714524,West Germany (U),Founded before 1945 (U),0
0,5,105,137,0,9.6,12,.1397204883191833,3.366740477266454,615.20001,.6408,.011399999,.0048000002,1,14.36596250860742,West Germany (U),Founded before 1945 (U),0
0,5,105,137,0,11.2,14.8,.0411274743136723,2.78778694605193,401.39999,.40400001,.031799998,.0093999999,2,46.90713355714524,West Germany (U),Founded before 1945 (U),0
0,6,105,137,0,0,0,0,,,0,.00066666666,0,2,46.90713355714524,West Germany (U),Founded before 1945 (U),0
0,7,105,137,0,18,48,1.765411159323431,5.765704456499565,1290.6,1.2918,.011399999,.0048000002,1,14.36596250860742,West Germany (U),Founded before 1945 (U),0
0,7,105,137,0,23.2,59.200001,1.218141249922982,4.951553310475278,1111.6,1.1115999,.031799998,.0093999999,2,46.90713355714524,West Germany (U),Founded before 1945 (U),0
0,10,105,137,0,2,5.4000001,.0933827138540662,.6919224058578523,343,.34299999,.0032000002,.0014,1,14.36596250860742,West Germany (U),Founded before 1945 (U),0
0,10,105,137,0,1,3.4000001,.5670586155130227,19.91623050888549,453,.45300001,.0108,.0020000001,2,46.90713355714524,West Germany (U),Founded before 1945 (U),0
0,11,105,137,0,0,,0,,0,.0013333333,.00033333333,.00033333333,1,14.36596250860742,West Germany (U),Founded before 1945 (U),0
0,12,105,137,0,31,156.8,5.399105335465158,25.19711988490232,720.20001,.72259998,8.6169996,.27779999,1,14.36596250860742,West Germany (U),Founded before 1945 (U),0
0,12,105,137,0,29.4,158.39999,9.750801223381631,11.28755896139486,706,.7062,12.5398,.27920002,2,46.90713355714524,West Germany (U),Founded before 1945 (U),0
0,13,105,137,0,30,196.8,3.070765457617985,21.2184061392048,796.59998,.81440002,4.6377997,.1494,1,14.36596250860742,West Germany (U),Founded before 1945 (U),0
0,13,105,137,1,26.2,203.39999,3.414028719517376,18.10332128257801,936.79999,.9386,7.0135999,.13839999,2,46.90713355714524,West Germany (U),Founded before 1945 (U),0
0,14,105,137,0,2.6,3.2,.0010989010985772,1.04410288556206,24.4,.0244,0,0,1,14.36596250860742,West Germany (U),Founded before 1945 (U),0
0,14,105,137,0,0,1.2,.001530852105364,.3837120071611435,,0,0,0,2,46.90713355714524,West Germany (U),Founded before 1945 (U),0
0,15,105,137,0,0,,0,,1.5,.0015,.1415,.0080000004,1,14.36596250860742,West Germany (U),Founded before 1945 (U),0
0,16,105,137,0,0,,.1047671113802195,.9913751836985457,,0,.23066667,.0053333333,1,14.36596250860742,West Germany (U),Founded before 1945 (U),0
1,17,105,137,0,39.2,45,1.429726539073181,13.19349498461816,888.59998,6.3902001,.0096000005,.0020000001,1,14.36596250860742,West Germany (U),Founded before 1945 (U),0
0,17,105,137,0,38.6,71.199997,2.271866308606323,13.088753862361,922.40002,6.1986003,.024799999,.0048000002,2,46.90713355714524,West Germany (U),Founded before 1945 (U),0
0,18,105,137,0,13.8,14.8,.0539136461511665,2.647310535699277,315.79999,.31579998,.0027999999,.0014,1,14.36596250860742,West Germany (U),Founded before 1945 (U),0
0,18,105,137,0,10.4,14.2,.1261946609387289,2.504253412125276,177.2,.17739999,.0018,.00080000004,2,46.90713355714524,West Germany (U),Founded before 1945 (U),0
0,19,105,137,0,7.2,21,.7974380667415146,2.331594111296693,224.60001,.2246,.091800004,.0088,1,14.36596250860742,West Germany (U),Founded before 1945 (U),0
0,19,105,137,0,6,21,1.435313871506066,1.56560053082152,215.8,.2158,.14560001,.0078000003,2,46.90713355714524,West Germany (U),Founded before 1945 (U),0
0,20,105,137,0,7,13.4,.5162225550982601,2.302256339073697,265.79999,.27340001,.011,.0012000001,1,14.36596250860742,West Germany (U),Founded before 1945 (U),0
0,20,105,137,0,6.2,14.6,.6228912125723631,2.68523130490005,303,.30379999,.0416,.003,2,46.90713355714524,West Germany (U),Founded before 1945 (U),0
0,21,105,137,1,26.6,143.39999,4.005825844014642,12.44260768629563,545.20001,.54519999,1.8554,.091400005,1,14.36596250860742,West Germany (U),Founded before 1945 (U),0
0,21,105,137,1,28,188.2,11.45577737668867,15.84929627886857,599.79999,.59979999,3.2838001,.13939999,2,46.90713355714524,West Germany (U),Founded before 1945 (U),1
0,22,105,137,0,41.2,59.400002,.4099022832565595,5.176748770985067,786.20001,.8624,.011399999,.0048000002,1,14.36596250860742,West Germany (U),Founded before 1945 (U),0
0,22,105,137,0,27.6,53.200001,.7985592259096489,5.801541528213887,558.79999,.58279997,.031799998,.0093999999,2,46.90713355714524,West Germany (U),Founded before 1945 (U),0
0,23,105,137,0,27.4,34.799999,.2206651401145857,3.6817648526078,1004.6,1.025,.0206,.0035999999,1,14.36596250860742,West Germany (U),Founded before 1945 (U),0
0,23,105,137,0,22.2,40.200001,.7807586198189818,3.916047810965531,762.59998,.76420003,.038400002,.0052,2,46.90713355714524,West Germany (U),Founded before 1945 (U),0
0,24,105,137,0,0,,0,,0,.001,.0015,0,1,14.36596250860742,West Germany (U),Founded before 1945 (U),0
0,25,105,137,0,25.8,92.599998,1.323459639743643,8.624618685094866,1661,1.6678001,.208,.016000001,1,14.36596250860742,West Germany (U),Founded before 1945 (U),0
0,25,105,137,0,20.2,93.199997,6.03156411812907,6.162194429958186,1296,1.296,.25280002,.0176,2,46.90713355714524,West Germany (U),Founded before 1945 (U),0
0,26,105,137,0,0,,0,,0,.0027999999,0,0,1,14.36596250860742,West Germany (U),Founded before 1945 (U),0
0,27,105,137,0,0,1,0,,,0,.0020000001,.001,1,14.36596250860742,West Germany (U),Founded before 1945 (U),0
0,28,105,137,0,4.8,10,.2916139349567381,1.624461319160531,407.20001,.40720001,.0049999999,.0014,1,14.36596250860742,West Germany (U),Founded before 1945 (U),0
0,28,105,137,0,5.6,7.4000001,.2376518683768926,1.019646275164749,381.60001,.38159999,.0070000002,.00060000003,2,46.90713355714524,West Germany (U),Founded before 1945 (U),0
0,29,105,137,0,5.4,5.5999999,.1583527396901652,1.195811803489662,308.39999,.30840001,.00020000001,.00020000001,1,14.36596250860742,West Germany (U),Founded before 1945 (U),0
0,29,105,137,0,5,7.8000002,.1627274617063218,1.115227074331846,313.20001,.31320003,.00040000002,0,2,46.90713355714524,West Germany (U),Founded before 1945 (U),0
0,31,105,137,0,.5,.5,0,,,0,1.6224999,.030999999,2,46.90713355714524,West Germany (U),Founded before 1945 (U),0
0,32,105,137,0,29,28.4,.165624236252084,5.302366899076236,652.40002,.68479997,.20480001,.025,1,14.36596250860742,West Germany (U),Founded before 1945 (U),0
0,32,105,137,0,23.8,50.599998,1.460969206575915,5.576705262155382,606.59998,.6074,.36339998,.0262,2,46.90713355714524,West Germany (U),Founded before 1945 (U),0
0,33,105,137,0,16,6,.1975981534530931,.8817149260138918,19.200001,.019200001,0,0,1,14.36596250860742,West Germany (U),Founded before 1945 (U),0
0,33,105,137,0,17.4,10,.3247859058697869,.8519343982236044,6.1999998,.0061999997,0,0,2,46.90713355714524,West Germany (U),Founded before 1945 (U),0
0,34,105,137,0,5.4,4.4000001,.0421383083155487,.9742911108361928,301.60001,.30199999,.00040000002,.0032000002,1,14.36596250860742,West Germany (U),Founded before 1945 (U),0
0,34,105,137,0,7.8,8,.14676760099596,.9434856761455415,260.39999,.2604,.0022,.0035999999,2,46.90713355714524,West Germany (U),Founded before 1945 (U),0
0,35,105,137,0,5,29.6,.3378867648033617,3.938950149310559,385,.38499999,.2642,.0074,1,14.36596250860742,West Germany (U),Founded before 1945 (U),0
0,35,105,137,0,4.4,25.799999,1.588101496965694,3.012049379206387,262.20001,.2622,.37239999,.0035999999,2,46.90713355714524,West Germany (U),Founded before 1945 (U),0
0,36,105,137,0,7.2,3.8,.0835013552960592,1.153236994902247,325,.35100001,.0054000001,.0020000001,1,14.36596250860742,West Germany (U),Founded before 1945 (U),0
0,36,105,137,0,5,5,.0843263297118232,1.317157469133508,248.8,.25,.0242,.0048000002,2,46.90713355714524,West Germany (U),Founded before 1945 (U),0
0,37,105,137,0,38.8,197.39999,5.583102381408441,21.65021323146225,852.59998,.87580001,8.3095999,.36579999,1,14.36596250860742,West Germany (U),Founded before 1945 (U),0
0,37,105,137,1,41.2,293.79999,12.43917020727814,18.22512560979878,728.59998,.7288,12.0814,.368,2,46.90713355714524,West Germany (U),Founded before 1945 (U),0
0,38,105,137,0,8.4,9,.1307155007956466,1.388407466404211,636.40002,.63659996,.033400003,.0055999998,1,14.36596250860742,West Germany (U),Founded before 1945 (U),0
0,38,105,137,0,8.4,16.6,.2309937641533125,1.541293130226241,546.79999,.54699999,.11319999,.0080000004,2,46.90713355714524,West Germany (U),Founded before 1945 (U),0
0,39,105,137,0,16.8,40,.2677122472587941,5.187589506120034,1201.4,1.2018001,.35699999,.0328,1,14.36596250860742,West Germany (U),Founded before 1945 (U),0
0,39,105,137,0,12.4,51.799999,.8620897631975768,4.738371371743304,1236.8,1.2368001,1.4134001,.080600001,2,46.90713355714524,West Germany (U),Founded before 1945 (U),0
0,40,105,137,0,0,0,0,,,0,.025,.0024000001,2,46.90713355714524,West Germany (U),Founded before 1945 (U),0
0,41,105,137,0,3.8,18,.6368746863415511,1.21010988840008,2179.2,2.1791999,0,0,1,14.36596250860742,West Germany (U),Founded before 1945 (U),0
0,41,105,137,0,3.8,8,1.324415502314376,9.678255142629748,2511,2.5109999,0,0,2,46.90713355714524,West Germany (U),Founded before 1945 (U),0
0,42,105,137,0,50.6,115.8,.6996155488914294,12.38331509860652,4248,4.2480001,.013,.0020000001,1,14.36596250860742,West Germany (U),Founded before 1945 (U),0
0,42,105,137,0,39,98.599998,1.125672218486579,10.4455502369363,3239.2,3.2391999,.030999999,.0052,2,46.90713355714524,West Germany (U),Founded before 1945 (U),0
0,43,105,137,0,0,0,0,,,0,0,0,1,14.36596250860742,West Germany (U),Founded before 1945 (U),0
0,43,105,137,0,0,.2,0,,,0,0,0,2,46.90713355714524,West Germany (U),Founded before 1945 (U),0
0,44,105,137,0,9.4,20,.1607219816927711,3.900845740958233,790.40002,.83640003,.011399999,.0048000002,1,14.36596250860742,West Germany (U),Founded before 1945 (U),0
0,44,105,137,0,9.800000000000001,18.6,1.170983811550317,2.506676321621849,544.79999,.54799998,.031799998,.0093999999,2,46.90713355714524,West Germany (U),Founded before 1945 (U),0
0,45,105,137,0,5,13,.2231373072680329,2.036521126494179,372,.3734,.011399999,.0048000002,1,14.36596250860742,West Germany (U),Founded before 1945 (U),0
0,45,105,137,0,5.2,13,.0447673324532713,1.725157242582138,303.39999,.30360001,.031799998,.0093999999,2,46.90713355714524,West Germany (U),Founded before 1945 (U),0
0,46,105,137,0,10,5.8000002,.0684275177848549,1.468416125501749,180,.1918,0,0,1,14.36596250860742,West Germany (U),Founded before 1945 (U),0
0,46,105,137,0,10,5,.2342066273942179,1.391459632772648,188,.18960001,0,0,2,46.90713355714524,West Germany (U),Founded before 1945 (U),0
0,47,105,137,0,4.4,4.4000001,0,,,0,.001,0,1,14.36596250860742,West Germany (U),Founded before 1945 (U),0
0,47,105,137,0,3.8,6.8000002,0,,,0,.0064000003,.00020000001,2,46.90713355714524,West Germany (U),Founded before 1945 (U),0
0,48,105,137,0,20.6,27.200001,.2925163040410937,3.010631134244218,955.20001,.97299999,.018999999,.0026,1,14.36596250860742,West Germany (U),Founded before 1945 (U),0
0,48,105,137,0,18.4,38.799999,.6244635452474753,3.223539469572708,734.59998,.73459995,.055599999,.0058000004,2,46.90713355714524,West Germany (U),Founded before 1945 (U),0
0,49,105,137,0,16,16.799999,.0569779405504862,2.846782323911915,304.79999,.31179997,.00020000001,0,1,14.36596250860742,West Germany (U),Founded before 1945 (U),0
0,49,105,137,0,8.4,12.4,.5418999121426044,1.86224564565982,235.39999,.237,.012399999,0,2,46.90713355714524,West Germany (U),Founded before 1945 (U),0
0,50,105,137,0,0,,.8593267991664676,.5611345410770796,7,.0070000002,0,0,1,14.36596250860742,West Germany (U),Founded before 1945 (U),0
0,50,105,137,0,1,0,.79845895433673,.9215751666134472,231.8,.2318,0,0,2,46.90713355714524,West Germany (U),Founded before 1945 (U),0
0,51,105,137,0,0,,0,.4483300414800881,,0,.017999999,.00033333333,1,14.36596250860742,West Germany (U),Founded before 1945 (U),0
0,53,105,137,0,0,4.75,0,,75,.075000003,.0098000001,.0035999999,1,14.36596250860742,West Germany (U),Founded before 1945 (U),0
0,53,105,137,0,.5,0,0,,,0,.0275,.0044999998,2,46.90713355714524,West Germany (U),Founded before 1945 (U),0
0,55,105,137,0,0,,.0414351374392829,1.378456415018161,,0,0,0,1,14.36596250860742,West Germany (U),Founded before 1945 (U),0
0,55,105,137,0,0,,.0574391225100776,1.405716378445415,481,.48100001,0,0,2,46.90713355714524,West Germany (U),Founded before 1945 (U),0
0,56,105,137,0,52.8,150.2,.3249050335528242,16.44369071973938,4151.3999,4.1553998,.1206,.0206,1,14.36596250860742,West Germany (U),Founded before 1945 (U),0
0,56,105,137,0,57.8,159,.4607336050485859,13.03829631654575,3507.2,3.5072,.3752,.040200002,2,46.90713355714524,West Germany (U),Founded before 1945 (U),0
0,1,106,132,0,0,2.5,0,,,0,0,0,1,5.525111441815212,West Germany (U),Founded before 1945 (U),0
0,1,106,132,0,2,17.5,6.564931172156557,.7298765913791725,,0,0,0,2,5.825055667405342,West Germany (U),Founded before 1945 (U),0
0,2,106,132,0,56.2,325.39999,12.88824104900554,29.28674861163868,1319,1.319,1.3571999,.1012,1,5.525111441815212,West Germany (U),Founded before 1945 (U),0
0,2,106,132,0,43.6,298.60001,18.37653961067276,32.07551113869118,2425.3999,2.4254,2.7951999,.133,2,5.825055667405342,West Germany (U),Founded before 1945 (U),0
0,10,106,132,0,3,10,.0574963802934668,1.003476233507929,254.39999,.25439999,.00040000002,.00020000001,1,5.525111441815212,West Germany (U),Founded before 1945 (U),0
0,10,106,132,0,3,11.5,.3570136473138232,.9824948617176557,360,.36000001,.003,.001,2,5.825055667405342,West Germany (U),Founded before 1945 (U),0
0,12,106,132,0,14,83.199997,2.126114467463027,7.047366686728381,340,.43779999,2.6592,.12019999,1,5.525111441815212,West Germany (U),Founded before 1945 (U),0
0,12,106,132,0,12,77.800003,1.724923131394109,7.180615213239104,355.79999,.47939998,4.467,.1402,2,5.825055667405342,West Germany (U),Founded before 1945 (U),0
0,13,106,132,0,3.6,23.200001,.1825618459831096,2.195147207743994,54.599998,.055400003,.47279999,.020200001,1,5.525111441815212,West Germany (U),Founded before 1945 (U),0
0,13,106,132,0,4.6,23.200001,.2329580589050452,1.804972141032236,87.599998,.0876,.91399997,.0298,2,5.825055667405342,West Germany (U),Founded before 1945 (U),0
0,16,106,132,0,3.8,17.6,.4015750889542667,1.695150316115286,172.2,.17219999,.49760002,.0392,1,5.525111441815212,West Germany (U),Founded before 1945 (U),0
0,16,106,132,0,2.6,19.6,1.034307849962094,1.94284304715864,296.60001,.29660001,.86720002,.054400001,2,5.825055667405342,West Germany (U),Founded before 1945 (U),0
0,18,106,132,0,1,1,0,.1761030157434023,,0,0,0,1,5.525111441815212,West Germany (U),Founded before 1945 (U),0
0,18,106,132,0,1,1.2,.0002687563195421,.1639357631340923,,0,0,0,2,5.825055667405342,West Germany (U),Founded before 1945 (U),0
0,21,106,132,0,4,29.666666,0,,,0,1.0393333,.028666666,2,5.825055667405342,West Germany (U),Founded before 1945 (U),0
0,23,106,132,0,1,2.3333333,0,,,0,.077333339,.001,2,5.825055667405342,West Germany (U),Founded before 1945 (U),0
0,25,106,132,0,0,,0,,9,.0089999996,0,.0020000001,1,5.525111441815212,West Germany (U),Founded before 1945 (U),0
0,25,106,132,0,1,6,0,,,0,.0070000002,.0020000001,2,5.825055667405342,West Germany (U),Founded before 1945 (U),0
0,27,106,132,0,1,.75,0,.1472525615873495,,0,0,0,1,5.525111441815212,West Germany (U),Founded before 1945 (U),0
0,27,106,132,0,1,1,0,.1408614589805543,,0,0,0,2,5.825055667405342,West Germany (U),Founded before 1945 (U),0
0,30,106,132,0,0,9.5,0,,,0,0,0,1,5.525111441815212,West Germany (U),Founded before 1945 (U),0
0,30,106,132,0,2,9,0,,,0,0,0,2,5.825055667405342,West Germany (U),Founded before 1945 (U),0
0,32,106,132,0,1.8,10.2,.0714308616103448,.6814574624976076,,0,.015,.0041999999,1,5.525111441815212,West Germany (U),Founded before 1945 (U),0
0,32,106,132,0,1,9,.0229805761611852,.5209845538124968,,0,.032400001,.0035999999,2,5.825055667405342,West Germany (U),Founded before 1945 (U),0
0,33,106,132,0,4.2,.60000002,.0103584979179071,.376599035191595,,0,0,0,1,5.525111441815212,West Germany (U),Founded before 1945 (U),0
0,33,106,132,0,.8,0,.0161015529851709,.2100155546403865,0,0,0,0,2,5.825055667405342,West Germany (U),Founded before 1945 (U),0
0,37,106,132,0,.75,9.75,.2372579142121057,1.032067052591871,0,.001,.071800001,.0034,1,5.525111441815212,West Germany (U),Founded before 1945 (U),0
0,37,106,132,0,1,5.5999999,.167577060674434,1.169395001894057,8.5,.0085000005,.1814,.003,2,5.825055667405342,West Germany (U),Founded before 1945 (U),0
0,39,106,132,0,1,4.3333335,0,,,0,.067333333,.0033333332,2,5.825055667405342,West Germany (U),Founded before 1945 (U),0
0,41,106,132,0,0,2.6666667,0,,,0,0,0,1,5.525111441815212,West Germany (U),Founded before 1945 (U),0
0,41,106,132,0,3.4,15,.6153505341528916,1.293036391145096,409.25,.40924999,0,0,2,5.825055667405342,West Germany (U),Founded before 1945 (U),0
0,42,106,132,0,2,4.1999998,0,.5055476406498108,,0,.0012000001,.00020000001,1,5.525111441815212,West Germany (U),Founded before 1945 (U),0
0,42,106,132,0,2,5.5999999,0,.5269489071638549,,0,.0046000001,0,2,5.825055667405342,West Germany (U),Founded before 1945 (U),0
0,48,106,132,0,3.8,13,.1156815476585773,.9800195516246318,,0,.003,.00040000002,1,5.525111441815212,West Germany (U),Founded before 1945 (U),0
0,48,106,132,0,2.8,9,.1100766946717966,.5480540311146012,,0,.0074,.0018,2,5.825055667405342,West Germany (U),Founded before 1945 (U),0
0,50,106,132,0,1.4,1.8,.0268389458044409,.3173946397885093,,0,0,0,1,5.525111441815212,West Germany (U),Founded before 1945 (U),0
0,50,106,132,0,.6666666666666666,2.6666667,.0247892689264128,.2769009642379588,,0,0,0,2,5.825055667405342,West Germany (U),Founded before 1945 (U),0
0,56,106,132,0,24.6,114,1.813077015162315,7.184106905908183,2543.6001,2.5436001,.0208,.0061999997,1,5.525111441815212,West Germany (U),Founded before 1945 (U),0
0,56,106,132,0,25.4,124.6,1.610021028833334,6.565266313678354,3598.6001,3.5986001,.1074,.0176,2,5.825055667405342,West Germany (U),Founded before 1945 (U),0
0,1,107,138,0,2.6,6,0,,,0,0,0,1,3.537258618030204,West Germany (U),Founded after 1945 (U),0
0,1,107,138,0,2,6.8000002,0,,,0,0,0,2,6.112533428012572,West Germany (U),Founded after 1945 (U),0
0,2,107,138,0,17.2,48.599998,2.789194794975287,6.501681403109554,633,.63300002,.123,.021200001,1,3.537258618030204,West Germany (U),Founded after 1945 (U),0
0,2,107,138,0,15.2,78.800003,4.258165589003903,5.696098233855264,554.59998,.5546,.48079997,.039000001,2,6.112533428012572,West Germany (U),Founded after 1945 (U),0
0,3,107,138,0,1.6,3.8,0,,,0,0,0,1,3.537258618030204,West Germany (U),Founded after 1945 (U),0
0,3,107,138,0,.8,3.2,0,,,0,0,.00060000003,2,6.112533428012572,West Germany (U),Founded after 1945 (U),0
0,5,107,138,0,4.6,7.8000002,.1539297572974875,1.353347743325956,264,.61840004,.0024000001,.0016000001,1,3.537258618030204,West Germany (U),Founded after 1945 (U),0
0,5,107,138,0,4.8,6.4000001,.1761105389387282,1.235270768285931,293.39999,.5988,.0066,.0014,2,6.112533428012572,West Germany (U),Founded after 1945 (U),0
0,6,107,138,0,10,23.4,.5383639732784988,3.132897799816592,1121.2,1.1212,0,.00020000001,1,3.537258618030204,West Germany (U),Founded after 1945 (U),0
0,6,107,138,0,19.4,35.799999,.3558783117962004,2.832828104596432,566.59998,.56659997,0,.00020000001,2,6.112533428012572,West Germany (U),Founded after 1945 (U),0
0,8,107,138,0,14.6,60,2.125618638927297,5.87366777817572,667.20001,.66720003,.0070000002,.00060000003,1,3.537258618030204,West Germany (U),Founded after 1945 (U),0
0,8,107,138,0,14.2,62.599998,2.440745621515141,5.296029082843559,700.59998,.70059997,.014,.0020000001,2,6.112533428012572,West Germany (U),Founded after 1945 (U),0
0,10,107,138,0,0,,0,,12.8,.012800001,.001,.00080000004,1,3.537258618030204,West Germany (U),Founded after 1945 (U),0
0,10,107,138,0,0,,0,,4,.0040000002,.0020000001,0,2,6.112533428012572,West Germany (U),Founded after 1945 (U),0
0,11,107,138,0,0,,.0183936185832217,2.484870627292548,0,0,0,0,1,3.537258618030204,West Germany (U),Founded after 1945 (U),0
0,11,107,138,0,0,,.0155622087578639,1.610587739021068,0,0,0,0,2,6.112533428012572,West Germany (U),Founded after 1945 (U),0
0,12,107,138,0,9,30.200001,.3610354325749173,3.632883266500827,279.79999,.4628,.27720001,.022799999,1,3.537258618030204,West Germany (U),Founded after 1945 (U),0
0,12,107,138,0,9.800000000000001,40.799999,.6699953768233318,3.938353408391044,270.60001,.49679998,.80900002,.039799999,2,6.112533428012572,West Germany (U),Founded after 1945 (U),0
0,13,107,138,0,5.2,31.200001,.2612414571846434,1.83799465615013,5.8000002,.047599997,.32479998,.019399999,1,3.537258618030204,West Germany (U),Founded after 1945 (U),0
0,13,107,138,0,5.6,29.799999,.2494166621694485,2.187919353849022,0,.061000001,.65759999,.018200001,2,6.112533428012572,West Germany (U),Founded after 1945 (U),0
0,14,107,138,0,.5,0,.0077184750503792,.2738091355004479,,0,0,0,1,3.537258618030204,West Germany (U),Founded after 1945 (U),0
0,14,107,138,0,1,.80000001,.0328244382423801,.3434517756063972,,0,0,0,2,6.112533428012572,West Germany (U),Founded after 1945 (U),0
0,15,107,138,0,13.8,55.400002,4.255878588328745,6.032711944372157,614.40002,.61440003,.043599997,.0089999996,1,3.537258618030204,West Germany (U),Founded after 1945 (U),0
0,15,107,138,0,11,86.400002,3.224899547648273,4.292896332914782,554.59998,.5546,.086800002,.0082,2,6.112533428012572,West Germany (U),Founded after 1945 (U),0
0,16,107,138,0,0,,0,,57.799999,.057799999,.055599999,.0055999998,2,6.112533428012572,West Germany (U),Founded after 1945 (U),0
0,17,107,138,0,10.6,16,.5012346376550165,2.73499917855056,433.20001,.44439998,.0040000002,.0016000001,1,3.537258618030204,West Germany (U),Founded after 1945 (U),0
0,17,107,138,0,15,26.6,.5885550325344666,2.846689165877041,273.60001,.3556,.0288,.0070000002,2,6.112533428012572,West Germany (U),Founded after 1945 (U),0
0,18,107,138,0,1,.60000002,.0004395604394309,.2420353728353804,0,.097199999,.00020000001,0,1,3.537258618030204,West Germany (U),Founded after 1945 (U),0
0,18,107,138,0,1,1.2,.0011273261505271,.5459610137801595,0,.074199997,0,0,2,6.112533428012572,West Germany (U),Founded after 1945 (U),0
0,20,107,138,0,4.6,6.1999998,.0011090733586663,.6153672373669704,0,.0462,.00080000004,.00080000004,1,3.537258618030204,West Germany (U),Founded after 1945 (U),0
0,20,107,138,0,1,.60000002,.0002176084144297,.210475911373824,0,.0348,.016000001,.00020000001,2,6.112533428012572,West Germany (U),Founded after 1945 (U),0
0,21,107,138,0,0,,.0011286681712818,0,,0,.050000001,.003,1,3.537258618030204,West Germany (U),Founded after 1945 (U),0
0,22,107,138,0,9,12.8,.1919963945413494,1.943791102438788,349.60001,1.2434,.0024000001,.0016000001,1,3.537258618030204,West Germany (U),Founded after 1945 (U),0
0,22,107,138,0,12.4,20.4,.2719506554029938,1.99150734190847,500,1.5766,.0066,.0014,2,6.112533428012572,West Germany (U),Founded after 1945 (U),0
0,23,107,138,0,4.6,6.5999999,.2890447870660745,1.002915144175228,103,.2256,.00040000002,.00040000002,1,3.537258618030204,West Germany (U),Founded after 1945 (U),0
0,23,107,138,0,5,10.2,.3492873130765673,1.223916704470848,164.39999,.36879998,.0022,.00040000002,2,6.112533428012572,West Germany (U),Founded after 1945 (U),0
0,24,107,138,0,0,0,.0681226957393315,1.9858602212673,119,.119,.0022,.00040000002,1,3.537258618030204,West Germany (U),Founded after 1945 (U),0
0,24,107,138,0,0,0,.1690378694345469,1.838897343791592,156,.156,.0049999999,.00040000002,2,6.112533428012572,West Germany (U),Founded after 1945 (U),0
0,25,107,138,0,6,11.4,.0755990588617541,.7794850501685977,310.60001,.31060001,.0242,.0048000002,1,3.537258618030204,West Germany (U),Founded after 1945 (U),0
0,25,107,138,0,9.4,62.599998,3.533327345745161,4.344056903931991,595.79999,.59579998,.063599996,.0093999999,2,6.112533428012572,West Germany (U),Founded after 1945 (U),0
0,26,107,138,0,2,3.5999999,.4865326045620018,1.020947681371407,94.666664,.094666667,0,0,1,3.537258618030204,West Germany (U),Founded after 1945 (U),0
0,26,107,138,0,0,,.4280565396848732,.8468409452720086,204.60001,.20460001,0,0,2,6.112533428012572,West Germany (U),Founded after 1945 (U),0
0,27,107,138,0,2.4,1,.0004395604394309,.4097221896237626,0,.0414,.00020000001,0,1,3.537258618030204,West Germany (U),Founded after 1945 (U),0
0,27,107,138,0,1.8,2.4000001,.0032771378616538,.2941658678227456,0,.033599999,0,0,2,6.112533428012572,West Germany (U),Founded after 1945 (U),0
0,28,107,138,0,0,,0,,3,.003,0,0,1,3.537258618030204,West Germany (U),Founded after 1945 (U),0
0,28,107,138,0,0,,0,,5.5999999,.0055999998,.00080000004,.0012000001,2,6.112533428012572,West Germany (U),Founded after 1945 (U),0
0,29,107,138,0,0,0,.0069669935466656,.7707980034966679,212.39999,.31999999,0,0,1,3.537258618030204,West Germany (U),Founded after 1945 (U),0
0,29,107,138,0,0,0,.0128077682105605,.4599432014553858,224.39999,.30840001,0,0,2,6.112533428012572,West Germany (U),Founded after 1945 (U),0
0,30,107,138,0,0,2.8,.3384853866515532,1.756293449939708,291,.29100001,0,0,1,3.537258618030204,West Germany (U),Founded after 1945 (U),0
0,30,107,138,0,1,6.5999999,.2981809396253776,1.654694077152791,367.20001,.36720002,0,0,2,6.112533428012572,West Germany (U),Founded after 1945 (U),0
0,31,107,138,0,20,73.199997,4.022079267368006,7.540398883531404,1006.8,1.0067999,.2102,.0196,1,3.537258618030204,West Germany (U),Founded after 1945 (U),0
0,31,107,138,0,19.2,105,5.212899105879149,7.583523552830831,1436.8,1.4368,.54400003,.024799999,2,6.112533428012572,West Germany (U),Founded after 1945 (U),0
0,32,107,138,0,13.8,20.200001,.3722663887920042,3.015902780188652,104.8,.61519998,.088399999,.016799999,1,3.537258618030204,West Germany (U),Founded after 1945 (U),0
0,32,107,138,0,13,31.799999,.6431155291118854,2.791740474480709,125,.61040002,.1946,.015600001,2,6.112533428012572,West Germany (U),Founded after 1945 (U),0
0,33,107,138,0,0,,0,.7021888919820196,87.666664,.087666661,0,0,1,3.537258618030204,West Germany (U),Founded after 1945 (U),0
0,33,107,138,0,0,,0,,151.60001,.1516,0,0,2,6.112533428012572,West Germany (U),Founded after 1945 (U),0
0,34,107,138,0,0,.40000001,.0048790342529654,.690121297064883,0,.1076,.00020000001,.00060000003,1,3.537258618030204,West Germany (U),Founded after 1945 (U),0
0,34,107,138,0,2.4,1,.0214203458241805,1.038109716509901,0,.1184,0,0,2,6.112533428012572,West Germany (U),Founded after 1945 (U),0
0,36,107,138,0,2,1.4,0,.2949178750104312,110.4,.1248,.0014,0,1,3.537258618030204,West Germany (U),Founded after 1945 (U),0
0,36,107,138,0,3,4.4000001,.0355317553034843,.5148349538353569,114.6,.14660001,.00060000003,.001,2,6.112533428012572,West Germany (U),Founded after 1945 (U),0
0,37,107,138,0,10,39.400002,1.502759279049613,3.82280577231263,107.2,.13080001,.71100003,.069199994,1,3.537258618030204,West Germany (U),Founded after 1945 (U),0
0,37,107,138,0,8.800000000000001,46.599998,1.406790085372104,2.949052983630853,140.39999,.17200001,1.238,.0614,2,6.112533428012572,West Germany (U),Founded after 1945 (U),0
0,38,107,138,0,4.8,11.6,.1964697955366046,.7712411631131106,302,.30199999,.0026,.00060000003,1,3.537258618030204,West Germany (U),Founded after 1945 (U),0
0,38,107,138,0,4.4,17.799999,.8905185306049537,1.471841991479192,438.20001,.43820003,.017999999,.0018,2,6.112533428012572,West Germany (U),Founded after 1945 (U),0
0,39,107,138,0,21.2,30.200001,.3608775379791078,1.17481493667705,.40000001,.00040000002,.037,.0049999999,1,3.537258618030204,West Germany (U),Founded after 1945 (U),0
0,39,107,138,0,13.6,34.799999,.4552072319784782,1.035215652275244,96.5,.096500002,.082599998,.0061999997,2,6.112533428012572,West Germany (U),Founded after 1945 (U),0
0,40,107,138,0,13.4,28.4,.3700529542167532,1.888894869756205,120.8,.1208,.001,.00020000001,1,3.537258618030204,West Germany (U),Founded after 1945 (U),0
0,40,107,138,0,12.8,34.599998,.7120562416773579,1.685209650738325,358.60001,.35860002,.011399999,.0020000001,2,6.112533428012572,West Germany (U),Founded after 1945 (U),0
0,41,107,138,0,1.4,.40000001,0,.1351648351249913,21.799999,.021799998,0,0,1,3.537258618030204,West Germany (U),Founded after 1945 (U),0
0,41,107,138,0,4.4,3,0,,56.599998,.056599997,0,0,2,6.112533428012572,West Germany (U),Founded after 1945 (U),0
0,42,107,138,0,2.4,8.6000004,.2971691734328236,.4414382244359557,83,.082999997,.00020000001,.00020000001,1,3.537258618030204,West Germany (U),Founded after 1945 (U),0
0,42,107,138,0,4.6,25.6,.7778366327059438,1.505119896164696,336.39999,.3364,.0038000001,.001,2,6.112533428012572,West Germany (U),Founded after 1945 (U),0
0,44,107,138,0,6,5.4000001,.0017801966723808,1.148620060196023,143.8,.22219999,.0024000001,.0016000001,1,3.537258618030204,West Germany (U),Founded after 1945 (U),0
0,44,107,138,0,3.4,4.5999999,.0065334684146798,.863954677791771,292.60001,.4404,.0066,.0014,2,6.112533428012572,West Germany (U),Founded after 1945 (U),0
0,46,107,138,0,1,1,0,,,0,0,0,2,6.112533428012572,West Germany (U),Founded after 1945 (U),0
0,47,107,138,0,2.6,6,.4515053379688811,4.269359284153922,2072,2.072,.00040000002,0,1,3.537258618030204,West Germany (U),Founded after 1945 (U),0
0,47,107,138,0,6.8,11.6,.3774630342373436,3.217893087648218,1452.4,1.4524,.00020000001,0,2,6.112533428012572,West Germany (U),Founded after 1945 (U),0
0,48,107,138,0,9.6,5.1999998,.0452356460334184,1.90977419160321,259,.3204,.0026,.00040000002,1,3.537258618030204,West Germany (U),Founded after 1945 (U),0
0,48,107,138,0,5.4,7.8000002,.1380677680418788,1.009224919503531,499.79999,.66340005,.012,.0022,2,6.112533428012572,West Germany (U),Founded after 1945 (U),0
0,49,107,138,0,3.6,8.6000004,.036408792904121,1.129111306850272,0,.31020001,0,0,1,3.537258618030204,West Germany (U),Founded after 1945 (U),0
0,49,107,138,0,2.8,8.3999996,.0295607386214561,1.151315475851401,0,.2606,.00040000002,0,2,6.112533428012572,West Germany (U),Founded after 1945 (U),0
0,50,107,138,0,0,,0,.1186813186463338,,0,0,0,1,3.537258618030204,West Germany (U),Founded after 1945 (U),0
0,50,107,138,0,0,,0,,16.4,.0164,0,0,2,6.112533428012572,West Germany (U),Founded after 1945 (U),0
0,51,107,138,0,1,2,0,,,0,.0020000001,.001,1,3.537258618030204,West Germany (U),Founded after 1945 (U),0
0,53,107,138,0,3,2.2,0,,29.333334,.029333334,.00020000001,.00020000001,1,3.537258618030204,West Germany (U),Founded after 1945 (U),0
0,53,107,138,0,1.6,2.8,.0000505561172953,.1349732105926451,206.2,.2062,.0020000001,.00080000004,2,6.112533428012572,West Germany (U),Founded after 1945 (U),0
0,55,107,138,0,0,,0,,195.2,.1952,0,0,1,3.537258618030204,West Germany (U),Founded after 1945 (U),0
0,55,107,138,0,0,,0,,604.40002,.60440004,0,0,2,6.112533428012572,West Germany (U),Founded after 1945 (U),0
0,56,107,138,0,23.6,58.200001,.8776557325900078,5.336581962073191,2750.6001,2.7862,.0086000003,.0020000001,1,3.537258618030204,West Germany (U),Founded after 1945 (U),0
0,56,107,138,0,27.2,87.400002,1.349895072916384,4.861026438507516,2173,2.7323999,.0594,.0078000003,2,6.112533428012572,West Germany (U),Founded after 1945 (U),0
0,3,108,142,0,5,10.75,0,.0560695778956451,12.2,.0122,0,0,1,.5823054176720274,West Germany (U),Founded after 1945 (U),0
0,3,108,142,0,.6666666666666666,0,0,.0433576043900399,5.4000001,.0054000001,.00040000002,.00020000001,2,1.524365777154814,West Germany (U),Founded after 1945 (U),0
0,5,108,142,0,6,6,.0429181496443102,1.007570838147625,49.599998,.35820001,0,0,1,.5823054176720274,West Germany (U),Founded after 1945 (U),0
0,5,108,142,0,5.8,5,.0104941190505344,1.012540059027935,46.599998,.76240003,.001,.001,2,1.524365777154814,West Germany (U),Founded after 1945 (U),0
0,7,108,142,0,0,,0,.0401610762374429,,0,0,0,1,.5823054176720274,West Germany (U),Founded after 1945 (U),0
0,8,108,142,0,0,,0,0,0,.0265,.001,0,2,1.524365777154814,West Germany (U),Founded after 1945 (U),0
0,10,108,142,0,0,4.5,0,,.2,.00020000001,.0014,0,1,.5823054176720274,West Germany (U),Founded after 1945 (U),0
0,10,108,142,0,0,14,0,.0436661552956474,1,.001,.0024000001,0,2,1.524365777154814,West Germany (U),Founded after 1945 (U),0
0,11,108,142,0,3.8,4.8000002,0,.0048347849929236,0,.0592,0,0,1,.5823054176720274,West Germany (U),Founded after 1945 (U),0
0,11,108,142,0,4.5,5.25,.0094946821728127,1.228745342141657,0,.118,0,0,2,1.524365777154814,West Germany (U),Founded after 1945 (U),0
0,12,108,142,0,3.8,8,.2793217102181396,.873984774060624,0,.2586,.025799999,.0055999998,1,.5823054176720274,West Germany (U),Founded after 1945 (U),0
0,12,108,142,0,4.2,11,.2780684857537453,1.326291714933581,0,.37540001,.1198,.015800001,2,1.524365777154814,West Germany (U),Founded after 1945 (U),0
0,13,108,142,0,2.8,4,.0493877774282798,.5184444601583412,0,.051799998,.013,.0018,1,.5823054176720274,West Germany (U),Founded after 1945 (U),0
0,13,108,142,0,3.8,13,.0910257580619887,1.198287124916039,0,.11480001,.0196,.0016000001,2,1.524365777154814,West Germany (U),Founded after 1945 (U),0
0,14,108,142,0,0,0,0,,,0,0,0,2,1.524365777154814,West Germany (U),Founded after 1945 (U),0
0,15,108,142,0,0,,0,,0,.0026,.0018,.00020000001,1,.5823054176720274,West Germany (U),Founded after 1945 (U),0
0,15,108,142,0,0,,0,0,0,.0064000003,.0035999999,.00060000003,2,1.524365777154814,West Germany (U),Founded after 1945 (U),0
0,17,108,142,0,17.8,44.400002,.476514925262931,4.089841905009291,1107.2,3.7446001,.018999999,.0024000001,1,.5823054176720274,West Germany (U),Founded after 1945 (U),0
0,17,108,142,0,21,42,.2871822740169697,3.686035770047085,1145.4,2.5588,.072400004,.0052,2,1.524365777154814,West Germany (U),Founded after 1945 (U),0
0,18,108,142,0,3.4,3.5999999,.0381154636840599,.5371849008209393,8.6000004,.0748,.00020000001,0,1,.5823054176720274,West Germany (U),Founded after 1945 (U),0
0,18,108,142,0,3.8,4,.0533277547346819,.5404892162150378,6.5999999,.1594,.00020000001,.00020000001,2,1.524365777154814,West Germany (U),Founded after 1945 (U),0
0,20,108,142,0,2.8,3.4000001,.0431916520161947,.5222532693456997,50.400002,.17380001,0,0,1,.5823054176720274,West Germany (U),Founded after 1945 (U),0
0,20,108,142,0,4.2,7.5999999,.2506389916273442,.6718937622543217,148.8,.3242,.0054000001,.00080000004,2,1.524365777154814,West Germany (U),Founded after 1945 (U),0
0,21,108,142,0,0,,.0953134181916148,0,,0,.085000001,.02,2,1.524365777154814,West Germany (U),Founded after 1945 (U),0
0,22,108,142,0,7,7.4000001,.1083644940063974,1.456316868494945,132.60001,.61579996,0,0,1,.5823054176720274,West Germany (U),Founded after 1945 (U),0
0,22,108,142,0,7.8,15.4,.0869889674132427,2.104210461107729,96.199997,1.3114001,.001,.001,2,1.524365777154814,West Germany (U),Founded after 1945 (U),0
0,23,108,142,0,4.2,2.8,.04336178916574,.5420541970618257,52,.154,0,.00020000001,1,.5823054176720274,West Germany (U),Founded after 1945 (U),0
0,23,108,142,0,3.2,2,.0009516,.3308695447362761,36.200001,.1574,.00020000001,0,2,1.524365777154814,West Germany (U),Founded after 1945 (U),0
0,24,108,142,0,0,0,0,,0,.0049999999,0,0,1,.5823054176720274,West Germany (U),Founded after 1945 (U),0
0,24,108,142,0,0,0,0,0,0,.0026,.00080000004,0,2,1.524365777154814,West Germany (U),Founded after 1945 (U),0
0,25,108,142,0,14.4,40.799999,1.732939681828132,3.441390206170506,1238,1.238,.038799997,.0032000002,1,.5823054176720274,West Germany (U),Founded after 1945 (U),0
0,25,108,142,0,17.8,68.199997,2.855507222070923,4.468890674294244,1294,1.2984,.038599998,.0048000002,2,1.524365777154814,West Germany (U),Founded after 1945 (U),0
0,26,108,142,0,0,,0,,117.5,.1175,0,0,1,.5823054176720274,West Germany (U),Founded after 1945 (U),0
0,26,108,142,0,0,,0,0,214.8,.2148,0,0,2,1.524365777154814,West Germany (U),Founded after 1945 (U),0
0,27,108,142,0,5,3.5999999,.0147312332894363,.7604696977778728,19.6,.1214,.00020000001,0,1,.5823054176720274,West Germany (U),Founded after 1945 (U),0
0,27,108,142,0,6.2,4.4000001,.0019173675599418,.7202158229083737,9.1999998,.2202,.00020000001,.00020000001,2,1.524365777154814,West Germany (U),Founded after 1945 (U),0
0,28,108,142,0,1,1,0,.1162862349608002,,0,.00050000002,0,2,1.524365777154814,West Germany (U),Founded after 1945 (U),0
0,29,108,142,0,0,,.0120404623931244,.708880056207005,32.400002,.032400001,0,0,1,.5823054176720274,West Germany (U),Founded after 1945 (U),0
0,29,108,142,0,1.666666666666667,2,.0036972658450083,.4130986154986798,29.799999,.0298,0,0,2,1.524365777154814,West Germany (U),Founded after 1945 (U),0
0,31,108,142,0,0,,0,0,0,.013,.032000002,.003,2,1.524365777154814,West Germany (U),Founded after 1945 (U),0
0,32,108,142,0,7.8,7,.0266662232827767,.7920964481521057,.2,.43239999,.0041999999,.00040000002,1,.5823054176720274,West Germany (U),Founded after 1945 (U),0
0,32,108,142,0,9,8.8000002,.0010399583765318,1.319281405694673,0,1.1342,.0055999998,.00080000004,2,1.524365777154814,West Germany (U),Founded after 1945 (U),0
0,33,108,142,0,2,2,.0006486486486,.8424415265330617,,0,0,0,1,.5823054176720274,West Germany (U),Founded after 1945 (U),0
0,33,108,142,0,1.6,12,.1148822060177978,.9223203095978024,16.333334,.016333334,0,0,2,1.524365777154814,West Germany (U),Founded after 1945 (U),0
0,34,108,142,0,4,4,.0025014464175131,.8520182495287538,20.4,.082800001,.00020000001,.00020000001,1,.5823054176720274,West Germany (U),Founded after 1945 (U),0
0,34,108,142,0,4,5.4000001,.011760963433756,.9282091222706931,11.6,.080400005,.00020000001,.00020000001,2,1.524365777154814,West Germany (U),Founded after 1945 (U),0
0,36,108,142,0,3.6,1.4,.0004576659037904,.5042738092817384,31.6,.031600002,0,0,1,.5823054176720274,West Germany (U),Founded after 1945 (U),0
0,36,108,142,0,2.75,2,0,.3164923209537631,31.6,.1256,.0018,0,2,1.524365777154814,West Germany (U),Founded after 1945 (U),0
0,37,108,142,0,3.8,2.5999999,.0264104502537668,.7289551125681542,0,.030400001,.0060000001,.001,1,.5823054176720274,West Germany (U),Founded after 1945 (U),0
0,37,108,142,0,4.8,4,.0523030283611795,.9034172748289026,0,.071400002,.0208,.0022,2,1.524365777154814,West Germany (U),Founded after 1945 (U),0
0,38,108,142,0,2.4,2.8,.0436236141560339,.4317212469983764,79.400002,.079400003,.0016000001,.0014,1,.5823054176720274,West Germany (U),Founded after 1945 (U),0
0,38,108,142,0,1,3,.013122886193255,.2453834786407241,77,.077,.0044,.0020000001,2,1.524365777154814,West Germany (U),Founded after 1945 (U),0
0,39,108,142,0,12.4,33.200001,.7515301580538247,2.933429578303952,525.20001,.52520001,.0372,.0066,1,.5823054176720274,West Germany (U),Founded after 1945 (U),0
0,39,108,142,0,11.4,40,.4204023450761536,2.321405922941925,592.40002,.59240001,.155,.0118,2,1.524365777154814,West Germany (U),Founded after 1945 (U),0
0,40,108,142,0,0,1,0,,284.20001,.28420001,0,0,1,.5823054176720274,West Germany (U),Founded after 1945 (U),0
0,40,108,142,0,1.5,6.5,.2500507869567963,.8270811188476013,519,.51899999,.00020000001,0,2,1.524365777154814,West Germany (U),Founded after 1945 (U),0
0,41,108,142,0,0,0,0,.0361173814810185,,0,0,0,1,.5823054176720274,West Germany (U),Founded after 1945 (U),0
0,41,108,142,0,2,12.5,.1544203099757366,.5622489470311506,0,0,0,0,2,1.524365777154814,West Germany (U),Founded after 1945 (U),0
0,44,108,142,0,1.4,3.8,.0049579381667929,.4193221495640877,.2,.045000002,0,0,1,.5823054176720274,West Germany (U),Founded after 1945 (U),0
0,44,108,142,0,1.2,2.5999999,.002602902057923,.1749963535355555,0,.132,.001,.001,2,1.524365777154814,West Germany (U),Founded after 1945 (U),0
0,45,108,142,0,0,,0,.004324324324,,0,0,0,1,.5823054176720274,West Germany (U),Founded after 1945 (U),0
0,46,108,142,0,6,5.1999998,.0185192880079922,.9102716365978791,0,.047200002,0,0,1,.5823054176720274,West Germany (U),Founded after 1945 (U),0
0,46,108,142,0,6.8,6.5999999,.0172812227198516,.8813166070210277,0,.057999998,0,0,2,1.524365777154814,West Germany (U),Founded after 1945 (U),0
0,47,108,142,0,0,,0,0,,0,0,0,2,1.524365777154814,West Germany (U),Founded after 1945 (U),0
0,48,108,142,0,2.8,2.8,.0350001395686785,.4355151789281941,206.60001,.248,.0040000002,.00060000003,1,.5823054176720274,West Germany (U),Founded after 1945 (U),0
0,48,108,142,0,4.2,7,.0787753063540947,.6942824766785863,325.39999,.5244,.0076000001,.00080000004,2,1.524365777154814,West Germany (U),Founded after 1945 (U),0
0,49,108,142,0,3.8,6.1999998,.0123194198940518,.7582373586705482,65,.27520001,0,0,1,.5823054176720274,West Germany (U),Founded after 1945 (U),0
0,49,108,142,0,4.4,5.8000002,.0138952553896187,1.118473049822442,43,.4332,.00020000001,0,2,1.524365777154814,West Germany (U),Founded after 1945 (U),0
0,50,108,142,0,1.8,3.2,.0011160714280829,.2044100979098102,,0,0,0,1,.5823054176720274,West Germany (U),Founded after 1945 (U),0
0,50,108,142,0,1.8,4.4000001,.0152538073665981,.2494411090820276,151.5,.1515,0,0,2,1.524365777154814,West Germany (U),Founded after 1945 (U),0
0,56,108,142,0,3.6,5.8000002,.0203948959993124,.8449102731156997,22,.338,.0044,.001,1,.5823054176720274,West Germany (U),Founded after 1945 (U),0
0,56,108,142,0,5,16.799999,.3299954556843187,1.061032447869125,2.4000001,.34779999,.029999999,.0040000002,2,1.524365777154814,West Germany (U),Founded after 1945 (U),0
0,3,109,132,0,16.4,61.599998,.7326282589524169,2.396534234033643,321.20001,.32120001,.0012000001,.0020000001,1,15.36591730435323,West Germany (U),Founded after 1945 (U),0
0,3,109,132,0,20.4,57.599998,.8336609696501324,2.575114546474803,398.60001,.39860001,.0018,.0016000001,2,30.76211016760533,West Germany (U),Founded after 1945 (U),0
0,4,109,132,0,0,0,.0047873865254395,.2579507348607014,1.4,.02,.00060000003,0,1,15.36591730435323,West Germany (U),Founded after 1945 (U),0
0,4,109,132,0,0,,.0034122818791031,.2184209832273292,0,.039999999,.00060000003,.00020000001,2,30.76211016760533,West Germany (U),Founded after 1945 (U),0
0,5,109,132,0,2.2,2,.0225962389635369,.488129597624634,156.2,.40020001,.0132,.003,1,15.36591730435323,West Germany (U),Founded after 1945 (U),0
0,5,109,132,0,2.4,3,.1110845058178929,.4282812386296013,157.39999,.43279999,.030200001,.0064000003,2,30.76211016760533,West Germany (U),Founded after 1945 (U),0
0,7,109,132,0,0,0,0,,,0,.0132,.003,1,15.36591730435323,West Germany (U),Founded after 1945 (U),0
0,7,109,132,0,0,0,0,,,0,.02,.0040000002,2,30.76211016760533,West Germany (U),Founded after 1945 (U),0
0,10,109,132,0,3.2,15,.3635791430591934,.6644523064941472,81.599998,.081599995,.0064000003,.00060000003,1,15.36591730435323,West Germany (U),Founded after 1945 (U),0
0,10,109,132,0,3.5,18,.629296737078534,.4186296823397339,248,.248,.0136,.001,2,30.76211016760533,West Germany (U),Founded after 1945 (U),0
0,12,109,132,1,24,160.2,4.640819595475593,10.63382550250009,483,.52759999,4.8940001,.13839999,1,15.36591730435323,West Germany (U),Founded after 1945 (U),0
0,12,109,132,1,22.8,161.8,5.310623316394996,10.44947249948911,425.39999,.48979998,6.5226002,.1274,2,30.76211016760533,West Germany (U),Founded after 1945 (U),1
0,13,109,132,1,12.2,69.199997,1.171463355109286,5.116803678850728,193.39999,.215,2.6001999,.070599996,1,15.36591730435323,West Germany (U),Founded after 1945 (U),0
0,13,109,132,1,12.4,85,1.487818841258221,5.730742907593731,317.60001,.34960002,3.3796,.0788,2,30.76211016760533,West Germany (U),Founded after 1945 (U),1
0,14,109,132,0,0,0,0,,,0,.00025000001,0,1,15.36591730435323,West Germany (U),Founded after 1945 (U),0
0,14,109,132,0,0,0,0,,,0,0,0,2,30.76211016760533,West Germany (U),Founded after 1945 (U),0
0,17,109,132,0,0,2,0,.2894372864710071,,0,.0071999999,.00060000003,1,15.36591730435323,West Germany (U),Founded after 1945 (U),0
0,17,109,132,0,1.2,4.8000002,.023232444633989,.3197509411707571,0,0,.037,.0054000001,2,30.76211016760533,West Germany (U),Founded after 1945 (U),0
0,18,109,132,0,0,3.4000001,0,,,0,.0020000001,0,2,30.76211016760533,West Germany (U),Founded after 1945 (U),0
0,22,109,132,0,1,2.4000001,.0442105542836155,.44080801272563,226.39999,.49679998,.0132,.003,1,15.36591730435323,West Germany (U),Founded after 1945 (U),0
0,22,109,132,0,1,1.2,.3899510390919839,.7195662609358571,13,.29679999,.030200001,.0064000003,2,30.76211016760533,West Germany (U),Founded after 1945 (U),0
0,23,109,132,0,9.4,12.8,.698909402875994,1.391678344967515,171.8,.2728,.0040000002,.0016000001,1,15.36591730435323,West Germany (U),Founded after 1945 (U),0
0,23,109,132,0,8.6,19.4,6.726930479815738,.7196272680338963,167,.29020002,.0083999997,.0022,2,30.76211016760533,West Germany (U),Founded after 1945 (U),0
0,25,109,132,0,4.8,19,.3816631448941911,.6526581361227006,202.60001,.2052,.059799999,.0070000002,1,15.36591730435323,West Germany (U),Founded after 1945 (U),0
0,25,109,132,0,9.6,56.799999,1.441454018012172,1.453885850981474,247,.25239998,.13600001,.0134,2,30.76211016760533,West Germany (U),Founded after 1945 (U),0
0,28,109,132,0,.75,4,0,,,0,.0042500002,.00050000002,2,30.76211016760533,West Germany (U),Founded after 1945 (U),0
0,29,109,132,0,0,0,.0529394820473388,.1221256471833514,0,0,.00040000002,.00020000001,1,15.36591730435323,West Germany (U),Founded after 1945 (U),0
0,29,109,132,0,2,0,.1416632096881177,.0388710896628678,0,0,0,0,2,30.76211016760533,West Germany (U),Founded after 1945 (U),0
0,32,109,132,0,10.6,16.4,.2607703291496927,1.899883019538453,103.8,.1936,.1006,.0178,1,15.36591730435323,West Germany (U),Founded after 1945 (U),0
0,32,109,132,0,9.800000000000001,26.200001,.1717880650143519,2.275470753958171,172.60001,.31320003,.27700001,.0274,2,30.76211016760533,West Germany (U),Founded after 1945 (U),0
0,33,109,132,0,0,0,0,,179,.17900001,0,0,2,30.76211016760533,West Germany (U),Founded after 1945 (U),0
0,35,109,132,0,0,0,0,,,0,.141,.0094999997,1,15.36591730435323,West Germany (U),Founded after 1945 (U),0
0,36,109,132,1,4.8,17.799999,.4904497487091472,1.299879599303843,91.199997,.114,.0176,.0058000004,1,15.36591730435323,West Germany (U),Founded after 1945 (U),0
0,36,109,132,1,4.8,17.6,.3076599975373492,1.458394991614396,111.6,.15519999,.026000001,.003,2,30.76211016760533,West Germany (U),Founded after 1945 (U),1
0,37,109,132,0,11.2,126.6,4.499697104724977,3.765755429621985,324.20001,.3414,2.7390001,.092599995,1,15.36591730435323,West Germany (U),Founded after 1945 (U),0
0,37,109,132,0,11.4,127.6,7.402749209711653,2.476223356736159,404.20001,.42039999,3.789,.1154,2,30.76211016760533,West Germany (U),Founded after 1945 (U),0
0,38,109,132,1,9,29.4,.4571184860379545,1.362826681238552,59,.075000003,.060400002,.0089999996,1,15.36591730435323,West Germany (U),Founded after 1945 (U),0
0,38,109,132,1,10.2,41.799999,.4263337024189427,1.65953143096781,3.4000001,.023,.213,.023399999,2,30.76211016760533,West Germany (U),Founded after 1945 (U),1
1,39,109,132,0,8.4,51.200001,.6803300269922363,2.882576014112674,496,.49599999,.54140002,.018999999,1,15.36591730435323,West Germany (U),Founded after 1945 (U),0
1,39,109,132,1,6.8,74,1.617474085964197,3.07966969476585,527.59998,.52759999,1.2925999,.039999999,2,30.76211016760533,West Germany (U),Founded after 1945 (U),0
0,41,109,132,0,0,0,0,,,0,0,0,1,15.36591730435323,West Germany (U),Founded after 1945 (U),0
0,41,109,132,0,0,.40000001,0,,307.5,.3075,0,0,2,30.76211016760533,West Germany (U),Founded after 1945 (U),0
0,42,109,132,0,13.8,45.400002,.1837941779515374,3.53255804908111,1557.4,1.5574,.0048000002,.00060000003,1,15.36591730435323,West Germany (U),Founded after 1945 (U),0
0,42,109,132,0,15,44.599998,.1390193401675477,3.109681939523853,1237.4,1.2374001,.0122,.001,2,30.76211016760533,West Germany (U),Founded after 1945 (U),0
0,43,109,132,0,0,,0,0,,0,0,0,1,15.36591730435323,West Germany (U),Founded after 1945 (U),0
0,43,109,132,0,0,,.4952190668748657,0,7.1999998,.0071999999,0,0,2,30.76211016760533,West Germany (U),Founded after 1945 (U),0
0,44,109,132,0,1.8,0,.0068058245004728,.3107068272163447,90,.1816,.0132,.003,1,15.36591730435323,West Germany (U),Founded after 1945 (U),0
0,44,109,132,0,1,1.4,.024097028964068,.3368952084199876,134.60001,.30020002,.030200001,.0064000003,2,30.76211016760533,West Germany (U),Founded after 1945 (U),0
0,45,109,132,0,2,3,.059925224563776,.2565240004213467,24.200001,.0272,.0132,.003,1,15.36591730435323,West Germany (U),Founded after 1945 (U),0
0,45,109,132,0,1,2.2,.0546198396264474,.3773851159424692,37.200001,.046400003,.030200001,.0064000003,2,30.76211016760533,West Germany (U),Founded after 1945 (U),0
0,47,109,132,0,0,,.2631578946794683,0,,0,.003,0,1,15.36591730435323,West Germany (U),Founded after 1945 (U),0
0,47,109,132,0,0,0,0,,27,.027000001,.0035000001,0,2,30.76211016760533,West Germany (U),Founded after 1945 (U),0
1,48,109,132,1,4.6,25.200001,.6770377347453546,2.320073803445867,453.60001,.45360002,.034599997,.0061999997,1,15.36591730435323,West Germany (U),Founded after 1945 (U),0
0,48,109,132,1,4.2,24.4,.6398951610418313,2.820049667475486,399.20001,.39920002,.0678,.0083999997,2,30.76211016760533,West Germany (U),Founded after 1945 (U),1
0,49,109,132,0,1.6,6.5999999,.0521655072147885,.7829773335131465,53,.2208,0,0,1,15.36591730435323,West Germany (U),Founded after 1945 (U),0
0,49,109,132,0,2,15.6,.2489286949791022,.9482889842169914,130.60001,.27739999,.0041999999,0,2,30.76211016760533,West Germany (U),Founded after 1945 (U),0
0,50,109,132,0,0,18,.2114878975815348,.513817679006198,9.333333,.009333333,0,0,1,15.36591730435323,West Germany (U),Founded after 1945 (U),0
0,50,109,132,0,.4,19.4,.0420872963854584,.8070769037688184,51.200001,.051200002,0,0,2,30.76211016760533,West Germany (U),Founded after 1945 (U),0
0,53,109,132,0,.4,3.4000001,.2465506825989827,1.066257982435706,718.59998,.71859998,.0394,.0078000003,1,15.36591730435323,West Germany (U),Founded after 1945 (U),0
0,53,109,132,0,1,4,.2374537505771536,.9114182620145317,564.59998,.56459999,.13080001,.0188,2,30.76211016760533,West Germany (U),Founded after 1945 (U),0
0,56,109,132,0,17.8,47,.6955113227494367,3.833185524452617,1136.8,1.1368001,.080600001,.012,1,15.36591730435323,West Germany (U),Founded after 1945 (U),0
0,56,109,132,1,21.8,47.799999,.7996933656101513,3.964661295614739,1109,1.109,.3274,.031600002,2,30.76211016760533,West Germany (U),Founded after 1945 (U),0
0,2,110,144,0,0,,.0755148741254126,0,,0,.12,.012,1,11.26139842133374,East Germany (U),Founded before 1945 (U),0
0,3,110,144,0,9.199999999999999,20.6,.4300090059392866,2.48056979489548,234.8,.2348,0,.0014,1,11.26139842133374,East Germany (U),Founded before 1945 (U),0
0,3,110,144,0,11.8,25.200001,.5206114667871576,2.667762260532235,505.39999,.5054,.0016000001,.0020000001,2,17.26981351515111,East Germany (U),Founded before 1945 (U),0
0,4,110,144,0,2.8,3.2,.0088648648642,.8041178899791905,17.4,.065400004,0,0,1,11.26139842133374,East Germany (U),Founded before 1945 (U),0
0,4,110,144,0,3,6.5999999,.0407127367430523,.5688373341570341,13.8,.1048,.00020000001,.00020000001,2,17.26981351515111,East Germany (U),Founded before 1945 (U),0
0,5,110,144,0,7.6,15,.2112740815418943,1.844855185083971,928.20001,1.1561999,.0046000001,.0044,1,11.26139842133374,East Germany (U),Founded before 1945 (U),0
0,5,110,144,0,8.4,19.4,.0896535976733984,1.796070697788643,711.79999,.95700002,.0188,.0060000001,2,17.26981351515111,East Germany (U),Founded before 1945 (U),0
0,7,110,144,0,13.2,28,.6538045279925796,3.361729283083516,686.40002,.6864,.0046000001,.0044,1,11.26139842133374,East Germany (U),Founded before 1945 (U),0
0,7,110,144,0,14.2,35.599998,2.377114664227589,3.58006721282259,975.79999,.97579998,.0188,.0060000001,2,17.26981351515111,East Germany (U),Founded before 1945 (U),0
0,8,110,144,0,5.2,22.6,.8903435015524658,1.148299232956395,206.60001,.20660001,.0061999997,.0014,1,11.26139842133374,East Germany (U),Founded before 1945 (U),0
0,8,110,144,0,2.4,15.8,.9690314034655445,.7681336361595431,71.400002,.071400002,.0178,.0012000001,2,17.26981351515111,East Germany (U),Founded before 1945 (U),0
0,10,110,144,0,8.4,38.599998,.6273459475471785,2.701286366058679,1014,1.0140001,.001,.0020000001,1,11.26139842133374,East Germany (U),Founded before 1945 (U),0
0,10,110,144,0,10,29,.4825248815276014,2.192279220455201,1045,1.045,.0148,.003,2,17.26981351515111,East Germany (U),Founded before 1945 (U),0
0,11,110,144,0,0,0,.0057078841083032,.4304378993200304,,0,.00060000003,.00020000001,1,11.26139842133374,East Germany (U),Founded before 1945 (U),0
0,11,110,144,0,0,0,.1081721209224338,.6822395840199715,,0,.00040000002,0,2,17.26981351515111,East Germany (U),Founded before 1945 (U),0
0,12,110,144,0,14.6,85.599998,1.715513751000719,7.269695077824089,349,.47920001,1.8064001,.12719999,1,11.26139842133374,East Germany (U),Founded before 1945 (U),0
0,12,110,144,0,14.4,105.2,4.649821404997864,6.137776387920019,312.20001,.4456,5.1939998,.18180001,2,17.26981351515111,East Germany (U),Founded before 1945 (U),0
0,13,110,144,0,17,102,2.73049259633334,7.768347153251578,581.79999,.6038,2.605,.1586,1,11.26139842133374,East Germany (U),Founded before 1945 (U),0
0,13,110,144,0,18.8,137,4.093693987710347,7.161700703700153,726.20001,.74859995,4.5549998,.1628,2,17.26981351515111,East Germany (U),Founded before 1945 (U),0
0,14,110,144,0,3.8,2,.0123742203726161,.5390088120186287,353.20001,.35320002,0,0,1,11.26139842133374,East Germany (U),Founded before 1945 (U),0
0,14,110,144,0,4,4.1999998,.0498312833075538,.5643000625941947,278.60001,.27860001,0,.00020000001,2,17.26981351515111,East Germany (U),Founded before 1945 (U),0
0,17,110,144,0,7.4,30.200001,1.007850312068015,2.716753049268275,434.39999,.78259999,.0076000001,.00080000004,1,11.26139842133374,East Germany (U),Founded before 1945 (U),0
0,17,110,144,0,7,35.599998,.2172572508287263,2.323177385572365,147.39999,.24860001,.0266,.0014,2,17.26981351515111,East Germany (U),Founded before 1945 (U),0
0,18,110,144,0,12.2,21.6,.1266334501879786,2.460562659750857,252.39999,.3064,.001,.0012000001,1,11.26139842133374,East Germany (U),Founded before 1945 (U),0
0,18,110,144,0,11,18.799999,.1271801989102027,1.874653389166937,453.39999,.47779998,.0026,.0016000001,2,17.26981351515111,East Germany (U),Founded before 1945 (U),0
0,20,110,144,0,5.6,8,.096014331864267,1.286860488012156,381.39999,.38139999,.0035999999,.00040000002,1,11.26139842133374,East Germany (U),Founded before 1945 (U),0
0,20,110,144,0,6.6,11.8,.196173060022383,1.270531033397411,401,.40099999,.0184,.00060000003,2,17.26981351515111,East Germany (U),Founded before 1945 (U),0
0,21,110,144,0,13.2,47.400002,1.458223072489738,3.419153976002302,391.20001,.39120001,.30199999,.032200001,1,11.26139842133374,East Germany (U),Founded before 1945 (U),0
0,21,110,144,0,11.6,35,.9297523856912773,2.34797580556166,234.39999,.23439999,.8028,.0308,2,17.26981351515111,East Germany (U),Founded before 1945 (U),0
0,22,110,144,0,17,29.4,.2464255931671613,3.643474418542381,1201,1.7854,.0046000001,.0044,1,11.26139842133374,East Germany (U),Founded before 1945 (U),0
0,22,110,144,0,13.4,30.200001,.4950957352010608,2.928126804207309,853.20001,1.6868,.0188,.0060000001,2,17.26981351515111,East Germany (U),Founded before 1945 (U),0
0,23,110,144,0,13.4,28.4,.7010677759868598,2.565259854001894,707.59998,1.1661999,.0060000001,.0016000001,1,11.26139842133374,East Germany (U),Founded before 1945 (U),0
0,23,110,144,0,12.4,28.6,.7862590813463672,2.451559796733276,674.40002,1.058,.0152,.0034,2,17.26981351515111,East Germany (U),Founded before 1945 (U),0
0,24,110,144,0,0,,0,,0,0,.00020000001,.00020000001,1,11.26139842133374,East Germany (U),Founded before 1945 (U),0
0,24,110,144,0,0,,0,,51.400002,.051400002,.0022,0,2,17.26981351515111,East Germany (U),Founded before 1945 (U),0
0,25,110,144,0,11.2,63.200001,1.968075350264471,3.131773942707808,1193.2,1.1961999,.1164,.0108,1,11.26139842133374,East Germany (U),Founded before 1945 (U),0
0,25,110,144,0,12.2,102.2,3.600486070753075,3.609300412734814,887,.88779998,.2318,.023,2,17.26981351515111,East Germany (U),Founded before 1945 (U),0
0,27,110,144,0,0,,0,.6970970678162637,,0,.003,.0020000001,2,17.26981351515111,East Germany (U),Founded before 1945 (U),0
0,28,110,144,0,4.4,18.6,.4127947864964671,1.080995941298344,658.79999,.65880001,.00060000003,.00060000003,1,11.26139842133374,East Germany (U),Founded before 1945 (U),0
0,28,110,144,0,4.2,18.6,.4659945415548312,1.133809378795237,550.79999,.55079997,.0026,.001,2,17.26981351515111,East Germany (U),Founded before 1945 (U),0
0,29,110,144,0,5,6.1999998,.2071072328356812,1.164334671518442,278,.42460001,.00060000003,.00020000001,1,11.26139842133374,East Germany (U),Founded before 1945 (U),0
0,29,110,144,0,6.6,5,.5021590516219859,1.198485418169105,400.20001,.46520001,.00040000002,0,2,17.26981351515111,East Germany (U),Founded before 1945 (U),0
0,31,110,144,0,1,2.25,0,.0098197299204134,,0,.3768,.027000001,1,11.26139842133374,East Germany (U),Founded before 1945 (U),0
0,31,110,144,0,2,21,0,.1078026373211229,,0,.90025002,.03125,2,17.26981351515111,East Germany (U),Founded before 1945 (U),0
0,32,110,144,0,18.8,28.799999,.385463285919101,3.340806697261387,301.20001,.454,.1178,.022399999,1,11.26139842133374,East Germany (U),Founded before 1945 (U),0
0,32,110,144,0,19,29.200001,.521869382620088,2.953419578576659,408,.71740001,.2906,.031600002,2,17.26981351515111,East Germany (U),Founded before 1945 (U),0
0,33,110,144,0,.2,3.5999999,.0297914918929651,2.453244722379965,,0,0,0,1,11.26139842133374,East Germany (U),Founded before 1945 (U),0
0,33,110,144,0,0,2.2,.0048371216498331,1.43740467442019,,0,0,0,2,17.26981351515111,East Germany (U),Founded before 1945 (U),0
0,34,110,144,0,3,9.8000002,.2443716657960335,1.445671556795647,147.8,.17560001,.00080000004,.00040000002,1,11.26139842133374,East Germany (U),Founded before 1945 (U),0
0,34,110,144,0,2.4,9.8000002,.3833453860687154,1.186431902580153,176.2,.1956,.0018,.0024000001,2,17.26981351515111,East Germany (U),Founded before 1945 (U),0
0,35,110,144,0,4.6,13.6,.2158005909474299,1.418465568921094,240,.23999999,.066800006,.0068000001,1,11.26139842133374,East Germany (U),Founded before 1945 (U),0
0,35,110,144,0,3.8,16,.154959638882029,1.389779220140006,229.2,.22919999,.236,.0093999999,2,17.26981351515111,East Germany (U),Founded before 1945 (U),0
0,36,110,144,0,8,13,.1689644025547445,1.69130319854695,416.60001,.51459998,.003,.0032000002,1,11.26139842133374,East Germany (U),Founded before 1945 (U),0
0,36,110,144,0,6.6,10.8,.093492319557527,1.428354174119105,407.20001,.4384,.0144,.0026,2,17.26981351515111,East Germany (U),Founded before 1945 (U),0
0,37,110,144,1,16.2,106.4,4.508691203981902,5.637542645811301,393.20001,.41139999,2.7783999,.2018,1,11.26139842133374,East Germany (U),Founded before 1945 (U),0
0,37,110,144,0,18,112.8,4.261451214921538,5.867330717035683,424.20001,.43939999,4.2526002,.17919999,2,17.26981351515111,East Germany (U),Founded before 1945 (U),1
0,38,110,144,0,6,6.8000002,.06730014721121,1.031603695914135,506.39999,.50639999,.0132,.0052,1,11.26139842133374,East Germany (U),Founded before 1945 (U),0
0,38,110,144,0,5,10,.2846697467940957,1.061332598089406,380.79999,.38079998,.054599997,.0082,2,17.26981351515111,East Germany (U),Founded before 1945 (U),0
0,39,110,144,0,11,28.200001,.5819087824948299,2.21769842872508,580.59998,.58059996,.31299999,.035599999,1,11.26139842133374,East Germany (U),Founded before 1945 (U),0
0,39,110,144,0,10,46.599998,1.264742211819836,2.372348458482771,505.60001,.50560004,1.1458,.052000001,2,17.26981351515111,East Germany (U),Founded before 1945 (U),0
0,40,110,144,0,1.2,3.4000001,0,.0142977522806877,,0,.00020000001,0,1,11.26139842133374,East Germany (U),Founded before 1945 (U),0
0,40,110,144,0,1.4,10.2,.0084810969614636,.2332724821653009,,0,.0012000001,.00040000002,2,17.26981351515111,East Germany (U),Founded before 1945 (U),0
0,41,110,144,0,0,,0,.0040597389839956,0,.078599997,0,0,1,11.26139842133374,East Germany (U),Founded before 1945 (U),0
0,41,110,144,0,10.5,30.5,.0033055827611026,.3354776649870176,899.79999,.93559998,0,0,2,17.26981351515111,East Germany (U),Founded before 1945 (U),0
0,42,110,144,0,19,51,.1094796010901787,4.481522912965037,1611.2,1.6112,.003,.00060000003,1,11.26139842133374,East Germany (U),Founded before 1945 (U),0
0,42,110,144,0,19.2,57,.0840637972755019,3.993399777807535,1943.8,1.9438001,.0126,.0012000001,2,17.26981351515111,East Germany (U),Founded before 1945 (U),0
0,43,110,144,0,0,1,.0231376975112775,.0308108108085,,0,0,0,1,11.26139842133374,East Germany (U),Founded before 1945 (U),0
0,43,110,144,0,.6,9.8000002,0,.3126984636506521,9,.0089999996,0,0,2,17.26981351515111,East Germany (U),Founded before 1945 (U),0
0,44,110,144,0,4.4,13.2,.059198756831086,1.616754427671204,527.40002,.67140001,.0046000001,.0044,1,11.26139842133374,East Germany (U),Founded before 1945 (U),0
0,44,110,144,0,5.2,13.4,.0820726029624315,1.443963582726349,332.39999,.52679998,.0188,.0060000001,2,17.26981351515111,East Germany (U),Founded before 1945 (U),0
0,45,110,144,0,6.8,21.4,.3057798664138379,1.838784561222084,219.8,.2572,.0046000001,.0044,1,11.26139842133374,East Germany (U),Founded before 1945 (U),0
0,45,110,144,0,8.800000000000001,18.799999,.3583702588207694,1.691527529505309,215,.26139998,.0188,.0060000001,2,17.26981351515111,East Germany (U),Founded before 1945 (U),0
0,46,110,144,0,4,11.4,.0543325684311548,1.127639957277922,0,.6512,0,0,1,11.26139842133374,East Germany (U),Founded before 1945 (U),0
0,46,110,144,0,4.2,14,.0526559752376058,1.198644179607129,0,.667,0,0,2,17.26981351515111,East Germany (U),Founded before 1945 (U),0
0,47,110,144,0,1,1,0,.1659220013541708,,0,.001,0,1,11.26139842133374,East Germany (U),Founded before 1945 (U),0
0,47,110,144,0,.6666666666666666,3,0,.1156851951567461,,0,.0032500001,0,2,17.26981351515111,East Germany (U),Founded before 1945 (U),0
0,48,110,144,0,6.2,10.8,.1740461762223348,1.156799711465287,610.20001,.61019999,.018999999,.0055999998,1,11.26139842133374,East Germany (U),Founded before 1945 (U),0
0,48,110,144,0,6,19.200001,1.266096503864096,.8803736484524086,577.59998,.5776,.064400002,.0061999997,2,17.26981351515111,East Germany (U),Founded before 1945 (U),0
0,49,110,144,0,6.6,44,1.506506196918172,6.400388656096617,849,1.064,.00020000001,0,1,11.26139842133374,East Germany (U),Founded before 1945 (U),0
0,49,110,144,0,8.6,45.799999,1.649206065188844,5.773445382425323,837.79999,1.0391999,.001,0,2,17.26981351515111,East Germany (U),Founded before 1945 (U),0
0,50,110,144,0,0,1,.2637799550182392,1.909217105572225,75,.075000003,0,0,1,11.26139842133374,East Germany (U),Founded before 1945 (U),0
0,50,110,144,0,0,2,.748490921975141,2.036584000462922,5.5999999,.0055999998,0,0,2,17.26981351515111,East Germany (U),Founded before 1945 (U),0
0,51,110,144,0,0,,.0693769818603244,.0144975075198808,,0,.0056666667,.00033333333,1,11.26139842133374,East Germany (U),Founded before 1945 (U),0
0,53,110,144,0,0,,0,,0,0,.0044999998,.003,1,11.26139842133374,East Germany (U),Founded before 1945 (U),0
0,53,110,144,0,0,,0,,1,.001,.0049999999,.0096666673,2,17.26981351515111,East Germany (U),Founded before 1945 (U),0
0,55,110,144,0,0,,0,,247.60001,.2476,0,0,1,11.26139842133374,East Germany (U),Founded before 1945 (U),0
0,55,110,144,0,0,,0,,39.599998,.0396,0,0,2,17.26981351515111,East Germany (U),Founded before 1945 (U),0
0,56,110,144,0,20.2,68.400002,1.10748511173673,5.494229312004025,1719,1.719,.018200001,.0054000001,1,11.26139842133374,East Germany (U),Founded before 1945 (U),0
0,56,110,144,0,22,93.199997,1.884529122404124,4.824685587515707,1469.6,1.4696,.0766,.0126,2,17.26981351515111,East Germany (U),Founded before 1945 (U),0
0,3,111,132,0,0,0,.0005580357140414,.4800040474283919,0,0,0,.00060000003,1,5.230331023035875,West Germany (U),Founded before 1945 (U),0
0,4,111,132,0,.4,.80000001,0,.2128331851038284,0,.0044999998,.00020000001,.00020000001,1,5.230331023035875,West Germany (U),Founded before 1945 (U),0
0,4,111,132,0,0,,0,.0006247464502257,,0,0,0,2,6.008544483717909,West Germany (U),Founded before 1945 (U),0
0,5,111,132,0,4,17,.0971720165128609,1.56556190405069,486,.71640003,.0012000001,.0014,1,5.230331023035875,West Germany (U),Founded before 1945 (U),0
0,5,111,132,0,4.4,24.6,.3899884962580284,1.324407363157223,246.39999,.5226,.0049999999,.00040000002,2,6.008544483717909,West Germany (U),Founded before 1945 (U),0
0,10,111,132,0,2,4.1999998,.059131719618074,.2644873973206523,37.799999,.037799999,.0104,.00060000003,1,5.230331023035875,West Germany (U),Founded before 1945 (U),0
0,10,111,132,0,3.6,12.6,.0295020227614376,.6759002056957989,124,.124,.019399999,.0020000001,2,6.008544483717909,West Germany (U),Founded before 1945 (U),0
0,13,111,132,0,0,1.8,0,,,0,.0076000001,0,1,5.230331023035875,West Germany (U),Founded before 1945 (U),0
0,13,111,132,0,0,.5,0,,,0,.02,.00050000002,2,6.008544483717909,West Germany (U),Founded before 1945 (U),0
0,17,111,132,0,4,19,.4455056314664206,1.572148188757904,124.4,.12899999,.0088,.0018,1,5.230331023035875,West Germany (U),Founded before 1945 (U),0
0,17,111,132,0,3.8,22.200001,.0867344189601018,.4461721531297576,22,.022,.075199999,.0089999996,2,6.008544483717909,West Germany (U),Founded before 1945 (U),0
0,18,111,132,0,0,,0,.2059733869948294,,0,0,0,1,5.230331023035875,West Germany (U),Founded before 1945 (U),0
0,18,111,132,0,0,0,0,,,0,.001,0,2,6.008544483717909,West Germany (U),Founded before 1945 (U),0
0,20,111,132,0,2.8,9.1999998,.1540165638519089,1.071807109760549,87.599998,.095199995,.0020000001,0,1,5.230331023035875,West Germany (U),Founded before 1945 (U),0
0,20,111,132,0,.8,6,.0345078043651662,.1613007283832223,1.5,.0020000001,.0068000001,.00020000001,2,6.008544483717909,West Germany (U),Founded before 1945 (U),0
0,21,111,132,0,0,,.0033881793975919,.0140449171070906,,0,.015,.00075000001,1,5.230331023035875,West Germany (U),Founded before 1945 (U),0
0,22,111,132,0,4.2,10.6,.2095653842971721,1.133648309493583,488.39999,.83640003,.0012000001,.0014,1,5.230331023035875,West Germany (U),Founded before 1945 (U),0
0,22,111,132,0,4.6,17.799999,.1380307422791138,1.160212628681823,230.60001,.51879996,.0049999999,.00040000002,2,6.008544483717909,West Germany (U),Founded before 1945 (U),0
0,23,111,132,0,5.8,14,.3103939638289293,1.382901990159221,205.2,.28579998,.0044,.0014,1,5.230331023035875,West Germany (U),Founded before 1945 (U),0
0,23,111,132,0,5.6,21.6,.2967741316270457,1.311739347188408,141.39999,.2172,.0080000004,.0024000001,2,6.008544483717909,West Germany (U),Founded before 1945 (U),0
0,25,111,132,0,13.6,78.599998,1.957899028536936,6.041673415008846,905.40002,.90540004,.13360001,.0134,1,5.230331023035875,West Germany (U),Founded before 1945 (U),0
0,25,111,132,0,14,52.599998,1.308937517902981,2.997987856377349,583.40002,.58399999,.2172,.0122,2,6.008544483717909,West Germany (U),Founded before 1945 (U),0
0,27,111,132,0,.4,.60000002,.0267917607145935,.1152395181520362,,0,0,0,1,5.230331023035875,West Germany (U),Founded before 1945 (U),0
0,27,111,132,0,0,0,0,.0264318869023192,,0,.0016000001,0,2,6.008544483717909,West Germany (U),Founded before 1945 (U),0
0,31,111,132,0,0,0,0,,,0,.044,.0020000001,2,6.008544483717909,West Germany (U),Founded before 1945 (U),0
0,32,111,132,0,8.6,11.8,.071976228033837,1.6815065867693,261.60001,.30679998,.1072,.0112,1,5.230331023035875,West Germany (U),Founded before 1945 (U),0
0,32,111,132,0,8.800000000000001,14.8,.1188307206869117,1.630388062196981,242.2,.30720001,.1948,.0144,2,6.008544483717909,West Germany (U),Founded before 1945 (U),0
0,33,111,132,0,0,,0,.3369222489202658,,0,0,0,1,5.230331023035875,West Germany (U),Founded before 1945 (U),0
0,36,111,132,0,3.2,5.8000002,.0338466231429728,.6564976205978204,70.599998,.086599998,.0022,.00080000004,1,5.230331023035875,West Germany (U),Founded before 1945 (U),0
0,36,111,132,0,2.8,9.6000004,.1223540308029081,.7345547021291485,6.4000001,.035799999,.0080000004,.00060000003,2,6.008544483717909,West Germany (U),Founded before 1945 (U),0
0,38,111,132,0,6.2,15,.8250649801549931,2.307923061809588,403,.43020001,.043000001,.0076000001,1,5.230331023035875,West Germany (U),Founded before 1945 (U),0
0,38,111,132,0,8.6,33,1.842327542828139,2.875762726572042,362.20001,.38120002,.17399999,.0186,2,6.008544483717909,West Germany (U),Founded before 1945 (U),0
0,39,111,132,0,6,29.200001,.4579881997986984,2.220823739554388,458,.458,.20060001,.0134,1,5.230331023035875,West Germany (U),Founded before 1945 (U),0
0,39,111,132,0,6.8,41.799999,.9544153496520607,1.596633333985012,462,.46200001,.56199998,.029200001,2,6.008544483717909,West Germany (U),Founded before 1945 (U),0
0,41,111,132,0,0,,.0171874999924766,.3201162187608722,,0,0,0,1,5.230331023035875,West Germany (U),Founded before 1945 (U),0
0,41,111,132,0,1,11,.0022805,.0219745,174.75,.17475,0,0,2,6.008544483717909,West Germany (U),Founded before 1945 (U),0
0,42,111,132,0,13.8,45.799999,.4193580994139721,4.910683565710531,1200.6,1.2006,.0061999997,0,1,5.230331023035875,West Germany (U),Founded before 1945 (U),0
0,42,111,132,0,15,63.400002,.3054750386583993,3.467617201024928,970.79999,.97079998,.019200001,.00060000003,2,6.008544483717909,West Germany (U),Founded before 1945 (U),0
0,43,111,132,0,0,,0,0,,0,0,0,2,6.008544483717909,West Germany (U),Founded before 1945 (U),0
0,44,111,132,0,4,11.4,.1903229504531645,1.527821756770102,310.20001,.38699999,.0012000001,.0014,1,5.230331023035875,West Germany (U),Founded before 1945 (U),0
0,44,111,132,0,4.4,10.2,.0330225228319224,1.095421310475393,131,.27739999,.0049999999,.00040000002,2,6.008544483717909,West Germany (U),Founded before 1945 (U),0
0,45,111,132,0,1.6,3,.1271822478718027,.4800052293872048,121.4,.1232,.0012000001,.0014,1,5.230331023035875,West Germany (U),Founded before 1945 (U),0
0,45,111,132,0,0,1.4,0,.1686516787259531,39.599998,.0396,.0049999999,.00040000002,2,6.008544483717909,West Germany (U),Founded before 1945 (U),0
0,47,111,132,0,0,,.0045579301503084,.2368926977893299,,0,.00033333333,0,1,5.230331023035875,West Germany (U),Founded before 1945 (U),0
1,48,111,132,1,6.6,13,.4138000615396878,3.892101553038121,704.40002,.7044,.049800001,.0076000001,1,5.230331023035875,West Germany (U),Founded before 1945 (U),0
1,48,111,132,1,8.6,36.200001,1.665077696841725,3.21856585130115,486,.486,.13960001,.018200001,2,6.008544483717909,West Germany (U),Founded before 1945 (U),1
0,50,111,132,0,0,,.0006696428568497,1.356459619886951,,0,0,0,1,5.230331023035875,West Germany (U),Founded before 1945 (U),0
0,50,111,132,0,0,7,.0065657484785425,.0003145161289841,498.60001,.49860001,0,0,2,6.008544483717909,West Germany (U),Founded before 1945 (U),0
0,53,111,132,0,2,15.6,0,,,0,.039799999,.0071999999,1,5.230331023035875,West Germany (U),Founded before 1945 (U),0
0,53,111,132,0,2,14.5,0,,,0,.1065,.0135,2,6.008544483717909,West Germany (U),Founded before 1945 (U),0
1,56,111,132,1,31.4,164,4.008171017780184,16.70201777463485,4238.3999,4.2384,.25280002,.0308,1,5.230331023035875,West Germany (U),Founded before 1945 (U),0
1,56,111,132,1,49.2,282.20001,6.999181891927745,13.8913242700708,3970,3.97,.773,.058200002,2,6.008544483717909,West Germany (U),Founded before 1945 (U),1
0,3,112,140,0,3.5,5,.23999651136527,.743132180964311,234,.234,.00020000001,0,1,4.962803468088211,West Germany (U),Founded after 1945 (U),0
0,3,112,140,0,1,2.5999999,.1850194149870554,.2787616560738149,35,.035,.00040000002,.00020000001,2,6.166266607325809,West Germany (U),Founded after 1945 (U),0
0,4,112,140,0,2,0,.060496613980706,.2035165185182018,12.8,.056400001,0,0,1,4.962803468088211,West Germany (U),Founded after 1945 (U),0
0,4,112,140,0,2.2,.60000002,0,.3272923185546073,107.4,.1296,0,0,2,6.166266607325809,West Germany (U),Founded after 1945 (U),0
0,5,112,140,0,2.5,3.75,.0280580684225305,.9192401926351177,66.800003,.34879997,.0022,.00060000003,1,4.962803468088211,West Germany (U),Founded after 1945 (U),0
0,5,112,140,0,5.2,8.3999996,.0653275805559472,1.016028555428171,134.8,.40620002,.0054000001,.00060000003,2,6.166266607325809,West Germany (U),Founded after 1945 (U),0
0,7,112,140,0,0,,.4237343429491962,.3058342266054414,,0,.0020000001,.00025000001,1,4.962803468088211,West Germany (U),Founded after 1945 (U),0
0,7,112,140,0,2.25,2.5,.0280089092380173,.3122123011899862,0,.0295,.0054000001,.00060000003,2,6.166266607325809,West Germany (U),Founded after 1945 (U),0
0,10,112,140,0,3.5,7.75,0,.3832951944244429,22,.022,.00025000001,.00025000001,1,4.962803468088211,West Germany (U),Founded after 1945 (U),0
0,10,112,140,0,0,,0,,25,.025,0,0,2,6.166266607325809,West Germany (U),Founded after 1945 (U),0
0,11,112,140,0,0,,0,,0,.0305,0,0,1,4.962803468088211,West Germany (U),Founded after 1945 (U),0
0,11,112,140,0,0,,0,,0,.02,0,0,2,6.166266607325809,West Germany (U),Founded after 1945 (U),0
0,12,112,140,0,13.8,84.800003,2.037419672866814,9.353138820646132,466.60001,.59899998,1.8836,.0568,1,4.962803468088211,West Germany (U),Founded after 1945 (U),0
0,12,112,140,0,15.2,108.6,3.740721515038749,7.617135200943568,598,.67299998,2.4473999,.070199996,2,6.166266607325809,West Germany (U),Founded after 1945 (U),0
0,13,112,140,0,4.5,17.75,.2426190114274634,2.097633543438469,13.6,.034400001,.50639999,.0306,1,4.962803468088211,West Germany (U),Founded after 1945 (U),0
0,13,112,140,0,5,17.799999,.4459639346589278,2.057738361824538,48.200001,.058800001,.98799998,.042199999,2,6.166266607325809,West Germany (U),Founded after 1945 (U),0
0,15,112,140,0,0,,0,,40.75,.040750001,.107,.0055,1,4.962803468088211,West Germany (U),Founded after 1945 (U),0
0,15,112,140,0,0,,0,,0,.022399999,.14660001,.0049999999,2,6.166266607325809,West Germany (U),Founded after 1945 (U),0
0,16,112,140,0,0,,0,,0,.022,.0099999998,.0020000001,2,6.166266607325809,West Germany (U),Founded after 1945 (U),0
0,17,112,140,0,11,24.799999,.4524429032381014,2.473261208895139,275.39999,.33140001,.0027999999,.00020000001,1,4.962803468088211,West Germany (U),Founded after 1945 (U),0
0,17,112,140,0,10.4,21.4,.3641915710416982,2.314251451947205,298.20001,.30860001,.0138,.0012000001,2,6.166266607325809,West Germany (U),Founded after 1945 (U),0
0,18,112,140,0,4,2,.012348487408824,.6469056322412396,13.6,.065800004,.00020000001,.00040000002,1,4.962803468088211,West Germany (U),Founded after 1945 (U),0
0,18,112,140,0,5.2,3.4000001,.0438023520923397,.6256032979147952,25.200001,.044199999,.00040000002,.00020000001,2,6.166266607325809,West Germany (U),Founded after 1945 (U),0
0,20,112,140,0,3.25,10.25,.218390330855321,1.117930363830975,216,.249,.00060000003,.00020000001,1,4.962803468088211,West Germany (U),Founded after 1945 (U),0
0,20,112,140,0,5.4,20.6,.3666891122551348,1.657021974851724,255.39999,.2728,.0098000001,.0020000001,2,6.166266607325809,West Germany (U),Founded after 1945 (U),0
0,22,112,140,0,4.75,5.75,.3391744618421607,1.817458247386084,124,.74400002,.0022,.00060000003,1,4.962803468088211,West Germany (U),Founded after 1945 (U),0
0,22,112,140,0,7.6,15.4,.2502682460529282,1.690915764341495,182.8,.62279999,.0054000001,.00060000003,2,6.166266607325809,West Germany (U),Founded after 1945 (U),0
0,23,112,140,0,7.8,17.799999,.1347248858557175,1.184561800048788,125,.1714,.0024000001,.00080000004,1,4.962803468088211,West Germany (U),Founded after 1945 (U),0
0,23,112,140,0,6,10.8,.2074410512184558,1.413185555804981,111.2,.13419999,.0016000001,.001,2,6.166266607325809,West Germany (U),Founded after 1945 (U),0
0,24,112,140,0,1,1.75,.0002257336342564,.8205844364993596,0,.0244,0,0,1,4.962803468088211,West Germany (U),Founded after 1945 (U),0
0,24,112,140,0,1,2.5999999,0,.5176108817400561,0,.0126,.0012000001,0,2,6.166266607325809,West Germany (U),Founded after 1945 (U),0
0,25,112,140,0,10.75,39.5,.0193544863585767,1.385520812239078,48,.055199999,.046400003,.0055999998,1,4.962803468088211,West Germany (U),Founded after 1945 (U),0
0,25,112,140,0,8.800000000000001,15.6,.192394984561247,1.157333424712185,111.4,.1138,.068999998,.0027999999,2,6.166266607325809,West Germany (U),Founded after 1945 (U),0
0,26,112,140,0,0,,1.645405405282,1.229189189097,119.4,.1194,0,0,1,4.962803468088211,West Germany (U),Founded after 1945 (U),0
0,26,112,140,0,2,26.5,0,,94.599998,.094599999,0,0,2,6.166266607325809,West Germany (U),Founded after 1945 (U),0
0,27,112,140,0,4,3,.0070064168664322,.7497122858299885,4.8000002,.0528,.00020000001,.00040000002,1,4.962803468088211,West Germany (U),Founded after 1945 (U),0
0,27,112,140,0,5.2,3.4000001,.0155610442629668,.6697911998779837,21.799999,.044,.00040000002,.00020000001,2,6.166266607325809,West Germany (U),Founded after 1945 (U),0
0,29,112,140,0,7.25,1.25,.0170282546116126,.5471468204247278,177.8,.2242,0,0,1,4.962803468088211,West Germany (U),Founded after 1945 (U),0
0,29,112,140,0,8,2.5999999,0,.4959393289071794,179.39999,.20660001,0,0,2,6.166266607325809,West Germany (U),Founded after 1945 (U),0
0,31,112,140,0,0,,0,,16,.016000001,.139,.0099999998,1,4.962803468088211,West Germany (U),Founded after 1945 (U),0
0,31,112,140,0,0,,0,,0,.041999999,.30379999,.0089999996,2,6.166266607325809,West Germany (U),Founded after 1945 (U),0
0,32,112,140,0,10.6,14.4,.3171814485128971,2.419342167119651,484.39999,.73900002,.101,.015,1,4.962803468088211,West Germany (U),Founded after 1945 (U),0
0,32,112,140,0,12,19,.2932057377760301,1.858116534110946,267.39999,.4664,.155,.019399999,2,6.166266607325809,West Germany (U),Founded after 1945 (U),0
0,33,112,140,0,2.5,6.75,1.217574540307102,.9239756737025366,,0,0,0,1,4.962803468088211,West Germany (U),Founded after 1945 (U),0
0,33,112,140,0,3.2,11,.7907865186931279,1.217665087375582,,0,0,0,2,6.166266607325809,West Germany (U),Founded after 1945 (U),0
0,34,112,140,0,3.75,2,.1133536481942027,.9705843718133874,72.800003,.18780001,0,.00020000001,1,4.962803468088211,West Germany (U),Founded after 1945 (U),0
0,34,112,140,0,4.6,3,.0139706176390012,1.174466235669194,84,.1382,.00040000002,.00020000001,2,6.166266607325809,West Germany (U),Founded after 1945 (U),0
0,36,112,140,0,3,2,.0235130323951163,.4692558180873898,48,.058200002,.0018,.00080000004,1,4.962803468088211,West Germany (U),Founded after 1945 (U),0
0,36,112,140,0,2.2,1.6,0,.3208108791692421,31.200001,.033400003,.0074,.0027999999,2,6.166266607325809,West Germany (U),Founded after 1945 (U),0
0,37,112,140,0,11.2,40.200001,1.240257862872925,6.024577297306912,211.39999,.22139999,1.3824,.090000004,1,4.962803468088211,West Germany (U),Founded after 1945 (U),0
0,37,112,140,0,10.8,45.400002,1.257610876513227,4.656655468890688,133.2,.14739999,1.7466,.064599998,2,6.166266607325809,West Germany (U),Founded after 1945 (U),0
0,38,112,140,0,5,4,.0880748588304679,.2580091532618265,158.60001,.1586,.010600001,.0012000001,1,4.962803468088211,West Germany (U),Founded after 1945 (U),0
0,38,112,140,0,4,4.1999998,0,,131.60001,.13160001,.0296,.0022,2,6.166266607325809,West Germany (U),Founded after 1945 (U),0
0,39,112,140,0,11.2,34.200001,.6081552595190532,3.664341444738135,443.79999,.4438,.119,.012,1,4.962803468088211,West Germany (U),Founded after 1945 (U),0
0,39,112,140,0,8.800000000000001,33.599998,.6229924710393749,2.607328515983958,517,.51700002,.2852,.023600001,2,6.166266607325809,West Germany (U),Founded after 1945 (U),0
0,41,112,140,0,2.5,4.5,0,.4462038957432172,14.5,.0145,0,0,1,4.962803468088211,West Germany (U),Founded after 1945 (U),0
0,41,112,140,0,0,2,0,,84.800003,.084800005,0,0,2,6.166266607325809,West Germany (U),Founded after 1945 (U),0
0,42,112,140,0,16.2,40.799999,.6656253808888044,4.987172886133512,1637.8,1.6378001,.0034,.00060000003,1,4.962803468088211,West Germany (U),Founded after 1945 (U),0
0,42,112,140,0,17.8,62.599998,.4518337915526264,5.514265728905943,1511.2,1.5112,.0038000001,0,2,6.166266607325809,West Germany (U),Founded after 1945 (U),0
0,43,112,140,0,0,,0,1.199779304644138,,0,0,0,1,4.962803468088211,West Germany (U),Founded after 1945 (U),0
0,44,112,140,0,4.25,6.25,.1965195841225914,.8205227305985372,64.400002,.17460001,.0022,.00060000003,1,4.962803468088211,West Germany (U),Founded after 1945 (U),0
0,44,112,140,0,6.4,6.5999999,.0819607410396633,1.074426511580673,173.8,.23019999,.0054000001,.00060000003,2,6.166266607325809,West Germany (U),Founded after 1945 (U),0
0,47,112,140,0,5.666666666666667,12.666667,.6025185147989995,1.110233622860489,0,.38800001,.00033333333,0,1,4.962803468088211,West Germany (U),Founded after 1945 (U),0
0,48,112,140,0,7.6,16,.686631718829755,1.941293169342117,531.40002,.53140002,.0034,.00080000004,1,4.962803468088211,West Germany (U),Founded after 1945 (U),0
0,48,112,140,0,6,13.4,.4569427167963659,2.152242942203778,590.59998,.59059995,.0166,.0014,2,6.166266607325809,West Germany (U),Founded after 1945 (U),0
0,49,112,140,0,3,1,.0577921628058854,.9470428645626255,23.799999,.13080001,0,0,1,4.962803468088211,West Germany (U),Founded after 1945 (U),0
0,49,112,140,0,4.8,8,.2372395829237559,.5990591036576386,33.200001,.081800006,.001,0,2,6.166266607325809,West Germany (U),Founded after 1945 (U),0
0,50,112,140,0,10.6,19.4,.2257577965675725,3.315268767732719,234.60001,.23460001,0,0,1,4.962803468088211,West Germany (U),Founded after 1945 (U),0
0,50,112,140,0,8.6,28.4,.8685660662750631,2.937130372362744,332,.33199999,0,0,2,6.166266607325809,West Germany (U),Founded after 1945 (U),0
0,52,112,140,0,1.5,8.5,0,,61.799999,.061799999,0,0,2,6.166266607325809,West Germany (U),Founded after 1945 (U),0
0,53,112,140,0,0,,0,,53.400002,.053400002,.0020000001,.00060000003,1,4.962803468088211,West Germany (U),Founded after 1945 (U),0
0,53,112,140,0,0,,0,,56.599998,.056599997,.0104,.0020000001,2,6.166266607325809,West Germany (U),Founded after 1945 (U),0
0,56,112,140,0,12.8,45.400002,.4571175673478915,4.609342115565606,1501.4,1.5014,.0858,.0093999999,1,4.962803468088211,West Germany (U),Founded after 1945 (U),0
0,56,112,140,0,16.4,46.799999,.3901419866094201,4.163123865812886,1019,1.0190001,.1762,.0083999997,2,6.166266607325809,West Germany (U),Founded after 1945 (U),0
0,2,113,141,0,9,8,.0205949656705671,1.329887720779784,0,0,.0032500001,.00075000001,1,6.815751516735314,West Germany (U),Founded after 1945 (U),0
0,3,113,141,0,2.8,4,0,.831441859988875,139.2,.1392,.00020000001,.00060000003,1,6.815751516735314,West Germany (U),Founded after 1945 (U),0
0,3,113,141,0,3.2,4.8000002,.0417930173115908,.0051718526938539,138.8,.13880001,.001,.00060000003,2,9.539200800222892,West Germany (U),Founded after 1945 (U),0
0,5,113,141,0,5.6,16,.0824786910111216,1.556970692676287,225.39999,.61059999,.00020000001,.00080000004,1,6.815751516735314,West Germany (U),Founded after 1945 (U),0
0,5,113,141,0,6.2,18.799999,.0178154471922845,2.00908612498029,160.2,.93040001,.003,.0020000001,2,9.539200800222892,West Germany (U),Founded after 1945 (U),0
0,6,113,141,0,0,0,0,.0080014050222346,,0,0,0,1,6.815751516735314,West Germany (U),Founded after 1945 (U),0
0,7,113,141,0,0,.66666669,0,.0488161358457865,,0,0,.001,1,6.815751516735314,West Germany (U),Founded after 1945 (U),0
0,9,113,141,0,0,1,0,,,0,.001,0,1,6.815751516735314,West Germany (U),Founded after 1945 (U),0
0,10,113,141,0,0,2,0,.1874095497976807,5,.0049999999,.00060000003,0,1,6.815751516735314,West Germany (U),Founded after 1945 (U),0
0,10,113,141,0,0,1,0,.0055591255330302,281,.28099999,.001,0,2,9.539200800222892,West Germany (U),Founded after 1945 (U),0
0,11,113,141,0,0,.33333334,.0098901098871945,.245158905614163,,0,0,0,1,6.815751516735314,West Germany (U),Founded after 1945 (U),0
0,11,113,141,0,0,,0,.7264194985646818,,0,0,0,2,9.539200800222892,West Germany (U),Founded after 1945 (U),0
0,12,113,141,0,0,1,0,.20644323171419,,0,.0788,.0027999999,1,6.815751516735314,West Germany (U),Founded after 1945 (U),0
0,12,113,141,0,0,1,0,,,0,.1965,.0085000005,2,9.539200800222892,West Germany (U),Founded after 1945 (U),0
0,13,113,141,0,13.8,59.400002,1.1137473576734,5.114415652390154,235.8,.26639998,.8506,.0506,1,6.815751516735314,West Germany (U),Founded after 1945 (U),0
0,13,113,141,0,12.8,50.799999,2.687443703649276,6.492619127635471,187.2,.257,1.7631999,.056599997,2,9.539200800222892,West Germany (U),Founded after 1945 (U),0
0,14,113,141,0,0,.5,.0145336528370288,.063727087864898,,0,0,0,1,6.815751516735314,West Germany (U),Founded after 1945 (U),0
0,14,113,141,0,0,,.0227616116709804,.0055960108174169,,0,0,0,2,9.539200800222892,West Germany (U),Founded after 1945 (U),0
0,15,113,141,0,20.6,71.199997,3.010090335377993,8.022277026112393,528.20001,.53679997,.0942,.013,1,6.815751516735314,West Germany (U),Founded after 1945 (U),0
0,15,113,141,0,13.6,75.199997,3.24619064998596,7.942904081463693,313.20001,.31400001,.15519999,.0132,2,9.539200800222892,West Germany (U),Founded after 1945 (U),0
0,16,113,141,0,2,4,.3949236678040927,.2551176514531648,0,.0196,.0078000003,.001,1,6.815751516735314,West Germany (U),Founded after 1945 (U),0
0,16,113,141,0,2,5.5999999,.2338968827104412,.8057376321102421,0,.077599995,.0166,.0052,2,9.539200800222892,West Germany (U),Founded after 1945 (U),0
0,17,113,141,0,9.199999999999999,23,.4933209743365441,1.774491619612512,367,.41960001,.00060000003,.00080000004,1,6.815751516735314,West Germany (U),Founded after 1945 (U),0
0,17,113,141,0,9,16.4,.4159803376113876,3.003948788525932,106.8,.1718,.0035999999,.00040000002,2,9.539200800222892,West Germany (U),Founded after 1945 (U),0
0,18,113,141,0,2.8,1,0,.4304291225309818,0,.036800001,.00040000002,.00080000004,1,6.815751516735314,West Germany (U),Founded after 1945 (U),0
0,18,113,141,0,3,1.6,.0001175318315059,.4343748578631665,0,.041999999,0,0,2,9.539200800222892,West Germany (U),Founded after 1945 (U),0
0,20,113,141,0,3,6,.2280672199510567,.6696247900604072,367.79999,.39139998,.0012000001,0,1,6.815751516735314,West Germany (U),Founded after 1945 (U),0
0,20,113,141,0,1,.60000002,.2766252148533639,.1866326701621876,12.4,.012399999,.00040000002,0,2,9.539200800222892,West Germany (U),Founded after 1945 (U),0
0,21,113,141,0,1,0,0,,,0,.028999999,0,1,6.815751516735314,West Germany (U),Founded after 1945 (U),0
0,22,113,141,0,10.4,17.200001,.0891316445279685,1.620285600691735,462.20001,1.3091999,.00020000001,.00080000004,1,6.815751516735314,West Germany (U),Founded after 1945 (U),0
0,22,113,141,0,11.2,19.200001,.2630959954318917,3.386597119798575,310.20001,1.9164001,.003,.0020000001,2,9.539200800222892,West Germany (U),Founded after 1945 (U),0
0,23,113,141,0,4.6,4.5999999,.1709325928276211,.9332146410734349,92.800003,.1848,.0012000001,.00020000001,1,6.815751516735314,West Germany (U),Founded after 1945 (U),0
0,23,113,141,0,6.6,11.8,.0822040526359903,1.379851302823833,79.599998,.35699999,.0020000001,.00060000003,2,9.539200800222892,West Germany (U),Founded after 1945 (U),0
0,24,113,141,0,3,1.4,.0002257336342564,.3771700918934089,0,.042599998,.0020000001,.00040000002,1,6.815751516735314,West Germany (U),Founded after 1945 (U),0
0,24,113,141,0,3,1.2,.0020065984328521,.4911742873918299,17.4,.0396,.0071999999,.00080000004,2,9.539200800222892,West Germany (U),Founded after 1945 (U),0
0,25,113,141,0,19.4,109.6,7.142432565523824,7.418025303951405,2457,2.4972,.204,.0154,1,6.815751516735314,West Germany (U),Founded after 1945 (U),0
0,25,113,141,0,20.6,92.599998,5.177895829823699,7.482144432096987,1843.6,1.886,.2,.0144,2,9.539200800222892,West Germany (U),Founded after 1945 (U),0
0,26,113,141,0,.75,9.5,0,.0881879140068171,,0,0,0,1,6.815751516735314,West Germany (U),Founded after 1945 (U),0
0,26,113,141,0,1,5.4000001,0,,15.4,.0154,0,0,2,9.539200800222892,West Germany (U),Founded after 1945 (U),0
0,27,113,141,0,4,5.8000002,.0138375235030095,.6844372158430979,0,.095199995,.00040000002,.00080000004,1,6.815751516735314,West Germany (U),Founded after 1945 (U),0
0,27,113,141,0,4.4,5.8000002,.071225400153833,.742107831742732,0,.094400004,0,0,2,9.539200800222892,West Germany (U),Founded after 1945 (U),0
0,28,113,141,0,0,0,.0606635620451123,.1054279605073159,,0,0,0,1,6.815751516735314,West Germany (U),Founded after 1945 (U),0
0,28,113,141,0,0,,.0296742494990875,.0009347901490071,28.200001,.028200001,0,.00020000001,2,9.539200800222892,West Germany (U),Founded after 1945 (U),0
0,29,113,141,0,4,.60000002,.0041189931341134,.307360216274232,0,.13519999,0,0,1,6.815751516735314,West Germany (U),Founded after 1945 (U),0
0,29,113,141,0,4.6,2.8,.0063538831806937,.47715718662961,2.8,.1362,0,0,2,9.539200800222892,West Germany (U),Founded after 1945 (U),0
0,30,113,141,0,9,9,.1701945079720474,1.205836184891359,0,0,0,0,1,6.815751516735314,West Germany (U),Founded after 1945 (U),0
0,31,113,141,0,19.2,130.60001,8.425325932963323,10.87136584645735,1301.2,1.3244001,.28239998,.031399999,1,6.815751516735314,West Germany (U),Founded after 1945 (U),0
0,31,113,141,0,13.2,136,8.783127909170693,10.34432100502656,1059.4,1.0798,.68979996,.042199999,2,9.539200800222892,West Germany (U),Founded after 1945 (U),0
0,32,113,141,0,20,37.400002,.9237785735180936,4.449014244621738,184.2,.58540004,.20100001,.023200002,1,6.815751516735314,West Germany (U),Founded after 1945 (U),0
0,32,113,141,0,19.4,42.799999,1.618249499271374,4.512150612933564,184.39999,1.2431999,.4384,.040400002,2,9.539200800222892,West Germany (U),Founded after 1945 (U),0
0,33,113,141,0,0,0,0,.0768925813781306,0,.047800001,0,0,1,6.815751516735314,West Germany (U),Founded after 1945 (U),0
0,33,113,141,0,0,,0,.0629978400277371,0,.0024000001,0,0,2,9.539200800222892,West Germany (U),Founded after 1945 (U),0
0,34,113,141,0,5.4,4.8000002,.0769195753157574,.8417210705667352,180.8,.22760001,0,0,1,6.815751516735314,West Germany (U),Founded after 1945 (U),0
0,34,113,141,0,6,10.8,.5476762835769269,1.277142958914745,201.8,.2352,.001,.00080000004,2,9.539200800222892,West Germany (U),Founded after 1945 (U),0
0,36,113,141,0,2.8,1.6,.0013044253042309,.5676625590250854,29.4,.040400002,0,.00040000002,1,6.815751516735314,West Germany (U),Founded after 1945 (U),0
0,36,113,141,0,2.2,5.8000002,.0458992221885072,.5918346996984528,22,.065800004,.001,.00060000003,2,9.539200800222892,West Germany (U),Founded after 1945 (U),0
0,37,113,141,0,11.8,53.599998,1.845656925193708,4.326637206812735,167.60001,.1882,1.2451999,.0836,1,6.815751516735314,West Germany (U),Founded after 1945 (U),0
0,37,113,141,0,8.800000000000001,40.599998,1.370408650060738,5.311677048578383,110,.15339999,2.2176001,.071999997,2,9.539200800222892,West Germany (U),Founded after 1945 (U),0
0,38,113,141,0,0,1,0,.1570749408105667,,0,.001,0,1,6.815751516735314,West Germany (U),Founded after 1945 (U),0
0,38,113,141,0,0,.66666669,0,,,0,.0073333336,.00033333333,2,9.539200800222892,West Germany (U),Founded after 1945 (U),0
0,39,113,141,0,2,4,0,.3821383981754737,,0,.0054000001,.00020000001,1,6.815751516735314,West Germany (U),Founded after 1945 (U),0
0,39,113,141,0,3,8.6000004,0,,,0,.0162,.0020000001,2,9.539200800222892,West Germany (U),Founded after 1945 (U),0
0,40,113,141,0,1,0,.0497711670372038,.8892735861546966,0,0,.00025000001,0,1,6.815751516735314,West Germany (U),Founded after 1945 (U),0
0,41,113,141,0,0,,0,,0,.097400002,0,0,1,6.815751516735314,West Germany (U),Founded after 1945 (U),0
0,41,113,141,0,0,,0,,0,.0083999997,0,0,2,9.539200800222892,West Germany (U),Founded after 1945 (U),0
0,42,113,141,0,1,0,0,.1797693292845337,,0,0,0,1,6.815751516735314,West Germany (U),Founded after 1945 (U),0
0,42,113,141,0,2,1,0,,,0,0,0,2,9.539200800222892,West Germany (U),Founded after 1945 (U),0
0,44,113,141,0,3.2,7.8000002,.0093935253915167,.8340536592294936,63.400002,.17200001,.00020000001,.00080000004,1,6.815751516735314,West Germany (U),Founded after 1945 (U),0
0,44,113,141,0,3.8,7.5999999,.0208781035521124,.9992892414029493,32.200001,.2588,.003,.0020000001,2,9.539200800222892,West Germany (U),Founded after 1945 (U),0
0,45,113,141,0,0,0,0,.0045146726851273,,0,0,.0020000001,1,6.815751516735314,West Germany (U),Founded after 1945 (U),0
0,46,113,141,0,0,0,0,,,0,0,0,1,6.815751516735314,West Germany (U),Founded after 1945 (U),0
0,47,113,141,0,0,,0,.0033482142842487,,0,0,0,1,6.815751516735314,West Germany (U),Founded after 1945 (U),0
0,48,113,141,0,.5,2.5,0,.4241127329950004,0,.0014,.003,.00020000001,1,6.815751516735314,West Germany (U),Founded after 1945 (U),0
0,48,113,141,0,1.8,5.5999999,0,,0,0,.0027999999,.00040000002,2,9.539200800222892,West Germany (U),Founded after 1945 (U),0
0,49,113,141,0,4.6,18.799999,.6130533288771224,1.383410954139076,187.60001,.35779998,.00020000001,0,1,6.815751516735314,West Germany (U),Founded after 1945 (U),0
0,49,113,141,0,4.4,24.4,.542183844242483,2.119474349755004,323,.583,.0046000001,0,2,9.539200800222892,West Germany (U),Founded after 1945 (U),0
0,50,113,141,0,0,0,0,.2876296043636311,14.5,.0145,0,0,1,6.815751516735314,West Germany (U),Founded after 1945 (U),0
0,50,113,141,0,6.333333333333333,14.666667,.3434482491052673,1.35651896251383,336.25,.359,0,0,2,9.539200800222892,West Germany (U),Founded after 1945 (U),0
0,51,113,141,0,0,0,0,,,0,.00050000002,.00050000002,1,6.815751516735314,West Germany (U),Founded after 1945 (U),0
0,52,113,141,0,1,0,0,,,0,0,0,1,6.815751516735314,West Germany (U),Founded after 1945 (U),0
0,53,113,141,0,0,,.0066597294474719,0,,0,0,0,2,9.539200800222892,West Germany (U),Founded after 1945 (U),0
0,54,113,141,0,0,,0,,1036.6666,1.0366666,.0053333333,0,2,9.539200800222892,West Germany (U),Founded after 1945 (U),0
0,55,113,141,0,0,,0,.004324324324,0,0,0,0,1,6.815751516735314,West Germany (U),Founded after 1945 (U),0
0,55,113,141,0,0,,0,,866.5,.86650002,0,0,2,9.539200800222892,West Germany (U),Founded after 1945 (U),0
0,56,113,141,0,24.8,71.400002,1.948444133412258,5.120105477661332,3172,3.3246,.02,.0032000002,1,6.815751516735314,West Germany (U),Founded after 1945 (U),0
0,56,113,141,0,25.6,79,1.930088040722185,8.448677982683968,2202.3999,2.3736,.107,.014,2,9.539200800222892,West Germany (U),Founded after 1945 (U),0
0,1,114,133,0,0,,0,.2128965130317441,,0,0,0,2,.8877734431602445,West Germany (U),Founded after 1945 (U),0
0,3,114,133,0,1,1.2,0,.2668755159380019,6.4000001,.0064000003,.00040000002,0,1,.6330820769347545,West Germany (U),Founded after 1945 (U),0
0,3,114,133,0,1,1,0,.1924799280380794,101.6,.1016,.00020000001,0,2,.8877734431602445,West Germany (U),Founded after 1945 (U),0
0,4,114,133,0,0,,0,.0329129889834225,,0,0,0,1,.6330820769347545,West Germany (U),Founded after 1945 (U),0
0,5,114,133,0,5,2.8,.000858123569607,.7573760314319893,130.39999,.458,.00080000004,.00060000003,1,.6330820769347545,West Germany (U),Founded after 1945 (U),0
0,5,114,133,0,3.6,7,.0121228054829046,.7412667008941264,18.200001,.704,.0024000001,.0014,2,.8877734431602445,West Germany (U),Founded after 1945 (U),0
0,7,114,133,0,1.8,2.2,.0088672768859386,.2965284565314997,25,.025,.00080000004,.00060000003,1,.6330820769347545,West Germany (U),Founded after 1945 (U),0
0,7,114,133,0,2.4,6,.251771341856996,.2997524699038092,12.8,.012800001,.0024000001,.0014,2,.8877734431602445,West Germany (U),Founded after 1945 (U),0
0,10,114,133,0,0,,0,.0654072716543275,246.5,.2465,.001,0,1,.6330820769347545,West Germany (U),Founded after 1945 (U),0
0,10,114,133,0,1,2,0,.1087413541042104,495,.495,.00060000003,.00020000001,2,.8877734431602445,West Germany (U),Founded after 1945 (U),0
0,12,114,133,0,0,,0,.1063129666541733,2.4000001,.0024000001,.0016000001,.00020000001,1,.6330820769347545,West Germany (U),Founded after 1945 (U),0
0,12,114,133,0,0,,0,.1165693097181054,1,.001,.0066666664,.001,2,.8877734431602445,West Germany (U),Founded after 1945 (U),0
0,13,114,133,0,0,,0,.1145881529545509,,0,.0023333333,0,2,.8877734431602445,West Germany (U),Founded after 1945 (U),0
0,14,114,133,0,0,,0,.0052122227583932,,0,0,0,2,.8877734431602445,West Germany (U),Founded after 1945 (U),0
0,17,114,133,0,3,8,.0195797332629855,.8661830005691209,89.400002,.089400001,0,.00020000001,1,.6330820769347545,West Germany (U),Founded after 1945 (U),0
0,17,114,133,0,4,16.799999,.1138153503008386,.9936406145897505,34.599998,.0396,.00020000001,0,2,.8877734431602445,West Germany (U),Founded after 1945 (U),0
0,18,114,133,0,1,0,0,.0667908170775025,0,.001,0,0,1,.6330820769347545,West Germany (U),Founded after 1945 (U),0
0,18,114,133,0,1,0,0,.0432352681955094,,0,0,0,2,.8877734431602445,West Germany (U),Founded after 1945 (U),0
0,20,114,133,0,2.4,3.2,.0233169677454958,.5391512486057646,21.4,.153,.00080000004,0,1,.6330820769347545,West Germany (U),Founded after 1945 (U),0
0,20,114,133,0,3,9.1999998,.0459060506553527,.8349244220180752,18.6,.32339999,.0020000001,.0012000001,2,.8877734431602445,West Germany (U),Founded after 1945 (U),0
0,21,114,133,0,0,,0,.024659251771978,,0,.0085000005,0,2,.8877734431602445,West Germany (U),Founded after 1945 (U),0
0,22,114,133,0,4.8,11.4,.2882867851869039,.9948343743028981,115.2,.48479998,.00080000004,.00060000003,1,.6330820769347545,West Germany (U),Founded after 1945 (U),0
0,22,114,133,0,5,14,.1733341456801553,.9975333794312613,32.200001,.67359996,.0024000001,.0014,2,.8877734431602445,West Germany (U),Founded after 1945 (U),0
0,23,114,133,0,6.4,6.1999998,.0813133659831552,.9751652090658158,45.799999,.089199997,.00060000003,.00020000001,1,.6330820769347545,West Germany (U),Founded after 1945 (U),0
0,23,114,133,0,6,9.8000002,.0976940411590873,.8857695605793461,38.400002,.097599998,.001,.00040000002,2,.8877734431602445,West Germany (U),Founded after 1945 (U),0
0,25,114,133,0,8.800000000000001,32.799999,.6798085687606533,3.464937326846439,606,.65359998,.101,.0027999999,1,.6330820769347545,West Germany (U),Founded after 1945 (U),0
0,25,114,133,0,9.199999999999999,63.400002,3.555023748658686,2.824658718492246,498.79999,.57879996,.1094,.0099999998,2,.8877734431602445,West Germany (U),Founded after 1945 (U),0
0,27,114,133,0,9,9,.0500875245777872,1.766977215864047,184.39999,.33539999,0,0,1,.6330820769347545,West Germany (U),Founded after 1945 (U),0
0,27,114,133,0,6.2,9.8000002,.0081986292106239,1.193431240438105,33.400002,.2016,0,0,2,.8877734431602445,West Germany (U),Founded after 1945 (U),0
0,28,114,133,0,.4,.80000001,0,,77.199997,.077199996,0,0,1,.6330820769347545,West Germany (U),Founded after 1945 (U),0
0,28,114,133,0,0,0,0,.0224671685706699,442,.442,.00040000002,0,2,.8877734431602445,West Germany (U),Founded after 1945 (U),0
0,29,114,133,0,2,2,.0002821670428205,.5221423790287586,58,.090400003,.00020000001,0,1,.6330820769347545,West Germany (U),Founded after 1945 (U),0
0,29,114,133,0,2,1.6,.0019980700486199,.4621761308448319,18.200001,.053799998,0,.00020000001,2,.8877734431602445,West Germany (U),Founded after 1945 (U),0
0,32,114,133,0,5,10.4,.2641652728699712,1.062159352793864,1.8,.0284,.032200001,.0026,1,.6330820769347545,West Germany (U),Founded after 1945 (U),0
0,32,114,133,0,5.8,11.6,.2349803022515207,.8562493585881328,0,.131,.061999999,.0054000001,2,.8877734431602445,West Germany (U),Founded after 1945 (U),0
0,33,114,133,0,2,0,.8369378767994363,.4191394981964746,,0,0,0,1,.6330820769347545,West Germany (U),Founded after 1945 (U),0
0,33,114,133,0,1.8,4.4000001,.0140247635126321,.0902933171445714,13.666667,.013666667,0,0,2,.8877734431602445,West Germany (U),Founded after 1945 (U),0
0,34,114,133,0,1,0,0,.1285583462347781,16.200001,.0162,0,0,1,.6330820769347545,West Germany (U),Founded after 1945 (U),0
0,34,114,133,0,1.4,0,0,.1816412086482533,1.2,.0012000001,0,0,2,.8877734431602445,West Germany (U),Founded after 1945 (U),0
0,36,114,133,0,2,1.8,.0033671093990471,.3106610470765869,24,.0272,.00020000001,.00040000002,1,.6330820769347545,West Germany (U),Founded after 1945 (U),0
0,36,114,133,0,2,1.6,.0040805189943451,.2306147596737866,6.8000002,.0078000003,0,.00020000001,2,.8877734431602445,West Germany (U),Founded after 1945 (U),0
0,38,114,133,0,3,5,.0806941540455187,.7888567686737915,128.60001,.1286,.00040000002,.00020000001,1,.6330820769347545,West Germany (U),Founded after 1945 (U),0
0,38,114,133,0,3.2,5,.0611844029976629,.6986589012763427,15.4,.0154,.0046000001,.0020000001,2,.8877734431602445,West Germany (U),Founded after 1945 (U),0
0,39,114,133,0,1,.80000001,.0098779983212976,.3603539998874429,1.3333334,.0013333333,.00080000004,.00060000003,1,.6330820769347545,West Germany (U),Founded after 1945 (U),0
0,39,114,133,0,1.4,1.6,0,.283269293045345,0,0,.0012000001,0,2,.8877734431602445,West Germany (U),Founded after 1945 (U),0
0,41,114,133,0,0,,0,.0538461538302811,,0,0,0,1,.6330820769347545,West Germany (U),Founded after 1945 (U),0
0,41,114,133,0,1,1,0,.0059150700854091,472,.472,0,0,2,.8877734431602445,West Germany (U),Founded after 1945 (U),0
0,42,114,133,0,15.8,30.4,.2464492276211309,4.443618631010676,1430.2,1.4302,.00020000001,.00040000002,1,.6330820769347545,West Germany (U),Founded after 1945 (U),0
0,42,114,133,0,18,49,.4433659240735324,3.885281401716212,1597,1.597,.00060000003,.00020000001,2,.8877734431602445,West Germany (U),Founded after 1945 (U),0
0,43,114,133,0,0,0,0,,4.5,.0044999998,0,0,2,.8877734431602445,West Germany (U),Founded after 1945 (U),0
0,44,114,133,0,3.8,4.8000002,.0539072019121967,.8158089330482614,97.599998,.1102,.00080000004,.00060000003,1,.6330820769347545,West Germany (U),Founded after 1945 (U),0
0,44,114,133,0,3.6,5,.0940196085639589,.6772094498201903,5.1999998,.018999999,.0024000001,.0014,2,.8877734431602445,West Germany (U),Founded after 1945 (U),0
0,45,114,133,0,1,0,.0084214493478428,.1399596775545675,,0,.00080000004,.00060000003,1,.6330820769347545,West Germany (U),Founded after 1945 (U),0
0,45,114,133,0,1,3.2,.0210517869472264,.2334317313631671,0,0,.0024000001,.0014,2,.8877734431602445,West Germany (U),Founded after 1945 (U),0
0,46,114,133,0,0,,0,.0034324942784278,,0,0,0,1,.6330820769347545,West Germany (U),Founded after 1945 (U),0
0,46,114,133,0,0,,0,.0286420524344905,,0,0,0,2,.8877734431602445,West Germany (U),Founded after 1945 (U),0
0,47,114,133,0,0,,0,.0718831000022628,,0,0,0,2,.8877734431602445,West Germany (U),Founded after 1945 (U),0
0,48,114,133,0,2,2.8,0,,36,.099800006,.00020000001,0,1,.6330820769347545,West Germany (U),Founded after 1945 (U),0
0,48,114,133,0,2.6,4,.0010315310242687,.256932644360015,1.6,.093599997,.00060000003,.00060000003,2,.8877734431602445,West Germany (U),Founded after 1945 (U),0
0,49,114,133,0,0,.2,0,.2221188920588703,,0,.00020000001,.00020000001,1,.6330820769347545,West Germany (U),Founded after 1945 (U),0
0,49,114,133,0,0,3.3333333,.0110051976225685,.3451726698067417,0,.0165,.00060000003,0,2,.8877734431602445,West Germany (U),Founded after 1945 (U),0
0,50,114,133,0,0,0,.0274350533150584,.2917545856658528,1782.8,1.7828001,0,0,1,.6330820769347545,West Germany (U),Founded after 1945 (U),0
0,50,114,133,0,2.8,6.8000002,.0468435062368749,.6684152737535273,1516.2,1.5161999,0,0,2,.8877734431602445,West Germany (U),Founded after 1945 (U),0
0,53,114,133,0,0,,0,,61,.061000001,.001,0,1,.6330820769347545,West Germany (U),Founded after 1945 (U),0
0,53,114,133,0,0,,0,.0116297156875743,354.79999,.35479999,.0027999999,.0014,2,.8877734431602445,West Germany (U),Founded after 1945 (U),0
0,56,114,133,0,13.2,47.400002,.9907623198026081,4.93828570744831,1414.4,1.483,.0266,.0041999999,1,.6330820769347545,West Germany (U),Founded after 1945 (U),0
0,56,114,133,0,16.4,64,.8039723134047806,4.698848740108287,1226.6,1.2359999,.065800004,.0058000004,2,.8877734431602445,West Germany (U),Founded after 1945 (U),0
0,3,115,135,0,9.6,43.400002,1.854248771227604,1.533247080613368,411,.41100001,.00040000002,0,1,7.647481512093893,East Germany (U),Founded after 1945 (U),0
0,3,115,135,0,11.2,52.599998,2.983607462263075,2.204802747840218,452.79999,.45279998,0,.00080000004,2,12.61243353618645,East Germany (U),Founded after 1945 (U),0
0,4,115,135,0,1,1.8,0,.2146348327202389,25.799999,.0704,0,0,1,7.647481512093893,East Germany (U),Founded after 1945 (U),0
0,4,115,135,0,1.6,3.2,.0297747076529988,.262324821831971,30,.1106,.00020000001,0,2,12.61243353618645,East Germany (U),Founded after 1945 (U),0
0,5,115,135,0,7.6,11.8,.0354333865148054,1.758793057582917,571.79999,1.1542,.0099999998,.0058000004,1,7.647481512093893,East Germany (U),Founded after 1945 (U),0
0,5,115,135,0,6.8,16,.0976248507283013,1.487010682420378,506.20001,1.1001999,.049599998,.0108,2,12.61243353618645,East Germany (U),Founded after 1945 (U),0
0,7,115,135,0,0,,0,,155.60001,.15560001,.0099999998,.0058000004,1,7.647481512093893,East Germany (U),Founded after 1945 (U),0
0,7,115,135,0,0,,0,,160.2,.1602,.049599998,.0108,2,12.61243353618645,East Germany (U),Founded after 1945 (U),0
0,10,115,135,0,0,,0,.1612110066746529,,0,0,0,1,7.647481512093893,East Germany (U),Founded after 1945 (U),0
0,10,115,135,0,0,,0,.0015608740892512,,0,.001,0,2,12.61243353618645,East Germany (U),Founded after 1945 (U),0
0,12,115,135,0,16.6,96.800003,4.141212882344646,6.195801134769763,336.60001,.51480001,.64579999,.0526,1,7.647481512093893,East Germany (U),Founded after 1945 (U),0
0,12,115,135,0,18.4,161.2,8.398251477641432,7.205672566125394,537.20001,.74159998,2.609,.125,2,12.61243353618645,East Germany (U),Founded after 1945 (U),0
0,13,115,135,0,9,51.599998,1.200584323432837,3.970944416353881,416.60001,.45679998,.82340002,.0568,1,7.647481512093893,East Germany (U),Founded after 1945 (U),0
0,13,115,135,0,10.4,97.199997,4.18450380672581,3.136856246806362,381.39999,.45720002,2.2733998,.083800003,2,12.61243353618645,East Germany (U),Founded after 1945 (U),0
0,15,115,135,0,0,,0,,0,.001,.028999999,.001,1,7.647481512093893,East Germany (U),Founded after 1945 (U),0
0,16,115,135,0,9.800000000000001,17,.15839789020234,2.000410431054928,162,.162,.058400001,.0078000003,1,7.647481512093893,East Germany (U),Founded after 1945 (U),0
0,16,115,135,0,9.6,19,.416455372530525,1.773085311042653,215,.215,.1176,.0061999997,2,12.61243353618645,East Germany (U),Founded after 1945 (U),0
0,17,115,135,0,11.4,33.599998,.5106128326453149,4.62098846608116,267.60001,.30840001,.0132,.0022,1,7.647481512093893,East Germany (U),Founded after 1945 (U),0
0,17,115,135,0,11.6,65,.7148802899784666,3.793367586875543,414.79999,.41859999,.029200001,.003,2,12.61243353618645,East Germany (U),Founded after 1945 (U),0
0,20,115,135,0,7.4,26,.9023478569983566,1.901147559919525,536.20001,.648,.0058000004,.00060000003,1,7.647481512093893,East Germany (U),Founded after 1945 (U),0
0,20,115,135,0,8.4,37.400002,1.033016862106032,2.357251386349843,632.59998,.78840005,.062600002,.0034,2,12.61243353618645,East Germany (U),Founded after 1945 (U),0
0,21,115,135,0,9.6,30.6,1.055532577982563,2.243964841521867,211,.211,.39539999,.045200001,1,7.647481512093893,East Germany (U),Founded after 1945 (U),0
0,21,115,135,0,10.2,65.400002,3.437045589151023,2.253994914389203,331.60001,.33160001,1.6084,.072400004,2,12.61243353618645,East Germany (U),Founded after 1945 (U),0
0,22,115,135,0,8.4,23.799999,.3488309506651768,2.469499481795976,835.59998,1.4348,.0099999998,.0058000004,1,7.647481512093893,East Germany (U),Founded after 1945 (U),0
0,22,115,135,0,8.800000000000001,28.4,.2368201084113082,2.016843824994206,757.79999,1.4066,.049599998,.0108,2,12.61243353618645,East Germany (U),Founded after 1945 (U),0
0,23,115,135,0,7.8,23.4,.822488472071929,1.751100129315276,496.39999,.75300002,.00080000004,.0018,1,7.647481512093893,East Germany (U),Founded after 1945 (U),0
0,23,115,135,0,9.6,26.4,.7232242229606818,1.903410078254525,571.20001,.94459999,.0083999997,.0032000002,2,12.61243353618645,East Germany (U),Founded after 1945 (U),0
0,25,115,135,0,7,22,.346470796099235,2.080248720032178,737.40002,.80400002,.082999997,.0083999997,1,7.647481512093893,East Germany (U),Founded after 1945 (U),0
0,25,115,135,0,8,31.799999,1.13879603422239,2.358148219983846,991.59998,1.0378001,.2176,.0152,2,12.61243353618645,East Germany (U),Founded after 1945 (U),0
0,26,115,135,0,1,3.5999999,.0329392160653693,.5289295608425972,7.4000001,.1258,0,0,1,7.647481512093893,East Germany (U),Founded after 1945 (U),0
0,26,115,135,0,1,7.4000001,.1011487536837383,.6862851642691786,.2,.1962,0,0,2,12.61243353618645,East Germany (U),Founded after 1945 (U),0
0,28,115,135,0,0,,0,,0,0,.001,0,1,7.647481512093893,East Germany (U),Founded after 1945 (U),0
0,28,115,135,0,0,,0,,220.2,.2202,.0018,.00040000002,2,12.61243353618645,East Germany (U),Founded after 1945 (U),0
0,29,115,135,0,.25,.25,0,.025983442226749,6.1999998,.178,.00020000001,0,1,7.647481512093893,East Germany (U),Founded after 1945 (U),0
0,29,115,135,0,1,1,.0239986307495476,.1936653475129904,0,.1594,0,0,2,12.61243353618645,East Germany (U),Founded after 1945 (U),0
0,30,115,135,0,1,6.4000001,0,,,0,0,0,2,12.61243353618645,East Germany (U),Founded after 1945 (U),0
0,31,115,135,0,0,,0,,0,.001,.116,.010666667,1,7.647481512093893,East Germany (U),Founded after 1945 (U),0
0,32,115,135,0,12.6,31.200001,.4356392891007854,2.740573003950136,153.8,.30720001,.071199998,.0188,1,7.647481512093893,East Germany (U),Founded after 1945 (U),0
0,32,115,135,0,13,32.400002,.569921418025608,2.694144094471422,223.39999,.54340005,.16739999,.015600001,2,12.61243353618645,East Germany (U),Founded after 1945 (U),0
0,33,115,135,0,1,1.4,.0102334422317087,.137266113462165,7,.0078000003,0,0,1,7.647481512093893,East Germany (U),Founded after 1945 (U),0
0,33,115,135,0,0,10,.1359839497892257,.1737418485206365,15,.015,0,0,2,12.61243353618645,East Germany (U),Founded after 1945 (U),0
0,34,115,135,0,3.6,9.8000002,.0126756053443647,1.670358499148188,53.599998,.20819999,.00020000001,0,1,7.647481512093893,East Germany (U),Founded after 1945 (U),0
0,34,115,135,0,4,7.4000001,.0429462301979115,1.673067117771733,11.8,.25,0,.00060000003,2,12.61243353618645,East Germany (U),Founded after 1945 (U),0
0,36,115,135,0,5.8,18.4,.3916967455377158,.9017176090401896,441,.44100001,.0018,.003,1,7.647481512093893,East Germany (U),Founded after 1945 (U),0
0,36,115,135,0,5.6,16.4,.336629276667875,1.076845578636481,386.20001,.38620001,.0044,.0027999999,2,12.61243353618645,East Germany (U),Founded after 1945 (U),0
0,37,115,135,0,15.6,93.599998,3.787734891344576,5.440897268991453,215.2,.2368,2.1036,.13419999,1,7.647481512093893,East Germany (U),Founded after 1945 (U),0
0,37,115,135,0,17.8,87.800003,2.877053323858008,5.050445609965844,420.60001,.51440001,4.2283998,.1472,2,12.61243353618645,East Germany (U),Founded after 1945 (U),0
0,38,115,135,0,5.6,12.6,.1273990270702512,.3267131086375035,803.20001,.85820001,.0142,.0035999999,1,7.647481512093893,East Germany (U),Founded after 1945 (U),0
0,38,115,135,0,5.6,19,.1888893909560467,1.22544343622543,898.79999,.99859995,.081,.0092000002,2,12.61243353618645,East Germany (U),Founded after 1945 (U),0
0,39,115,135,0,10.2,40,1.121601903165741,2.4036609987277,426.79999,.42679998,.20999999,.024,1,7.647481512093893,East Germany (U),Founded after 1945 (U),0
0,39,115,135,0,11.8,57.599998,1.370733212888201,3.219284600363253,590.20001,.59020001,.82599998,.033599999,2,12.61243353618645,East Germany (U),Founded after 1945 (U),0
0,41,115,135,0,0,,0,.2483501030346575,,0,0,0,1,7.647481512093893,East Germany (U),Founded after 1945 (U),0
0,41,115,135,0,.6,6,0,.2238759719795967,,0,0,0,2,12.61243353618645,East Germany (U),Founded after 1945 (U),0
0,42,115,135,0,16.8,34.599998,.2332529214171153,3.560069068343025,1676.4,1.6764001,.0035999999,.00040000002,1,7.647481512093893,East Germany (U),Founded after 1945 (U),0
0,42,115,135,0,17,42.200001,.2968009434045428,3.738528162956455,1713.6,1.7135999,.0099999998,.001,2,12.61243353618645,East Germany (U),Founded after 1945 (U),0
0,44,115,135,0,5.4,11.6,.0796003393669983,1.362923929971247,269.20001,.45360002,.0099999998,.0058000004,1,7.647481512093893,East Germany (U),Founded after 1945 (U),0
0,44,115,135,0,5,15.8,.1741754453516493,1.339589429191118,378,.69499999,.049599998,.0108,2,12.61243353618645,East Germany (U),Founded after 1945 (U),0
0,45,115,135,0,3.6,10.4,.0805999286668469,1.064680698054266,137.2,.18239999,.0099999998,.0058000004,1,7.647481512093893,East Germany (U),Founded after 1945 (U),0
0,45,115,135,0,3,9.3999996,.1265947582516695,.8476886120553029,207.2,.29679999,.049599998,.0108,2,12.61243353618645,East Germany (U),Founded after 1945 (U),0
0,46,115,135,0,3.6,4,.02697169171327,.7176847797505151,.60000002,.056000002,0,0,1,7.647481512093893,East Germany (U),Founded after 1945 (U),0
0,46,115,135,0,.8,2.5999999,.007988116372833,.3391492566234793,,0,0,0,2,12.61243353618645,East Germany (U),Founded after 1945 (U),0
0,48,115,135,0,5.2,12.8,.2241848591505512,2.279958513012558,321.60001,.32160002,.0040000002,.00020000001,1,7.647481512093893,East Germany (U),Founded after 1945 (U),0
0,48,115,135,0,4.2,15.6,.1629961813672964,1.188180026786007,411,.41100001,.0082,.0026,2,12.61243353618645,East Germany (U),Founded after 1945 (U),0
0,49,115,135,0,7.6,29,.460479360205817,2.367517841510595,463.20001,.70840001,0,0,1,7.647481512093893,East Germany (U),Founded after 1945 (U),0
0,49,115,135,0,6.6,46.799999,1.280228926817324,2.485200482693913,572.79999,.95140004,.00020000001,.00020000001,2,12.61243353618645,East Germany (U),Founded after 1945 (U),0
0,50,115,135,0,1.4,13,.0998804430065437,3.04272227000367,140.39999,.2022,0,0,1,7.647481512093893,East Germany (U),Founded after 1945 (U),0
0,50,115,135,0,6,32.799999,.2812286154565328,1.672744795319383,263.79999,.35420001,0,0,2,12.61243353618645,East Germany (U),Founded after 1945 (U),0
0,53,115,135,0,2,8.5,0,.0195239332716877,385.20001,.38520002,.0044,.0022,1,7.647481512093893,East Germany (U),Founded after 1945 (U),0
0,53,115,135,0,1.4,6.5999999,.0190101591181057,.3585425480105202,263.39999,.26339999,.0274,.0061999997,2,12.61243353618645,East Germany (U),Founded after 1945 (U),0
0,56,115,135,0,12,38.799999,.4222399344107552,2.787373360004753,1221.8,1.227,.0092000002,.0016000001,1,7.647481512093893,East Germany (U),Founded after 1945 (U),0
0,56,115,135,0,11.8,79.400002,1.854393363293765,3.183918431943356,1612,1.612,.042199999,.003,2,12.61243353618645,East Germany (U),Founded after 1945 (U),0
0,3,116,133,0,1.8,4,.1037600605242988,.7172984490390669,193.2,.19319999,.00080000004,.001,1,9.823301579753027,West Germany (U),Founded after 1945 (U),0
0,3,116,133,0,2,3,.0358430949951878,.8191452228059698,236.2,.23619999,.00060000003,.001,2,16.78047183458999,West Germany (U),Founded after 1945 (U),0
0,4,116,133,0,2,5.1999998,.0025284939960803,.7451010691780572,6.4000001,.085000001,.00020000001,0,1,9.823301579753027,West Germany (U),Founded after 1945 (U),0
0,4,116,133,0,2.2,3.5999999,.0185393593323396,.5856746176665707,7.4000001,.22400001,0,0,2,16.78047183458999,West Germany (U),Founded after 1945 (U),0
0,5,116,133,0,5.2,11.2,.0232761377786806,1.986272880382161,193,1.1754,.0022,.003,1,9.823301579753027,West Germany (U),Founded after 1945 (U),0
0,5,116,133,0,6.8,13.4,.0762733833072239,1.980778453962982,139,1.17,.0093999999,.0024000001,2,16.78047183458999,West Germany (U),Founded after 1945 (U),0
0,7,116,133,1,0,,0,.7470182554841857,,0,.0070000002,.003,2,16.78047183458999,West Germany (U),Founded after 1945 (U),0
0,10,116,133,0,2.2,5.4000001,0,,274,.27399999,.00040000002,.00020000001,1,9.823301579753027,West Germany (U),Founded after 1945 (U),0
0,10,116,133,0,3,7,.0438302209096783,.0037573361076456,227,.227,.0018,0,2,16.78047183458999,West Germany (U),Founded after 1945 (U),0
0,12,116,133,0,17.6,138.39999,4.579654740397748,8.4391147981,480,.7482,4.7656002,.1358,1,9.823301579753027,West Germany (U),Founded after 1945 (U),0
0,12,116,133,0,16.8,133.2,3.005139226708724,8.264243575293222,515.79999,.7762,7.1497998,.17860001,2,16.78047183458999,West Germany (U),Founded after 1945 (U),0
0,13,116,133,0,16,113,2.840755709014229,8.277333777844916,436.79999,.5126,2.6418002,.12180001,1,9.823301579753027,West Germany (U),Founded after 1945 (U),0
0,13,116,133,0,15,154.60001,3.317980475326127,7.557738835701813,545.59998,.75599998,5.6090002,.15899999,2,16.78047183458999,West Germany (U),Founded after 1945 (U),0
0,17,116,133,0,5.8,17.799999,.1885995814099405,1.244710590221837,619,.62759995,.0134,.0020000001,1,9.823301579753027,West Germany (U),Founded after 1945 (U),0
0,17,116,133,0,5.8,27.200001,.2808825865857296,1.487527623412684,490,.55419999,.031600002,.0038000001,2,16.78047183458999,West Germany (U),Founded after 1945 (U),0
0,18,116,133,0,1.6,1.6,.0258866227795481,.3604471021023563,7.8000002,.0306,.0020000001,.0020000001,1,9.823301579753027,West Germany (U),Founded after 1945 (U),0
0,18,116,133,0,1.6,2.2,.0556493317545434,.2986261320875953,11.4,.0614,.00080000004,.00080000004,2,16.78047183458999,West Germany (U),Founded after 1945 (U),0
0,19,116,133,0,0,,0,.0223204868126099,,0,.013,0,2,16.78047183458999,West Germany (U),Founded after 1945 (U),0
0,20,116,133,0,6.4,17.6,.4123838125853173,1.510275763726263,340.79999,.51440001,.0064000003,.00060000003,1,9.823301579753027,West Germany (U),Founded after 1945 (U),0
0,20,116,133,0,2,4,.0863025603072355,.6942751552883448,52.799999,.068999998,.015800001,.001,2,16.78047183458999,West Germany (U),Founded after 1945 (U),0
0,21,116,133,0,0,,.2876593813465856,.0440234681820572,,0,.18280001,.0027999999,1,9.823301579753027,West Germany (U),Founded after 1945 (U),0
0,22,116,133,0,8.4,23,.5616147399388267,2.237021482888594,346.20001,1.745,.0022,.003,1,9.823301579753027,West Germany (U),Founded after 1945 (U),0
0,22,116,133,0,9.4,21,.4479995267473693,2.192517364137034,239.60001,1.7358,.0093999999,.0024000001,2,16.78047183458999,West Germany (U),Founded after 1945 (U),0
0,23,116,133,0,10.6,14.2,.278316440074889,1.682466749415946,222.39999,.34900001,.0032000002,.0014,1,9.823301579753027,West Germany (U),Founded after 1945 (U),0
0,23,116,133,0,9.800000000000001,19,.2018600553055534,1.763544999087433,157.60001,.4208,.0122,.0014,2,16.78047183458999,West Germany (U),Founded after 1945 (U),0
0,25,116,133,0,0,,0,,269.20001,.26920003,.030999999,.0027999999,1,9.823301579753027,West Germany (U),Founded after 1945 (U),0
0,25,116,133,0,0,,0,.0064492900600412,353.60001,.3536,.045400001,.003,2,16.78047183458999,West Germany (U),Founded after 1945 (U),0
0,27,116,133,0,12.4,15.6,.0254278944331581,2.252964146717172,101,.25479999,.0020000001,.0020000001,1,9.823301579753027,West Germany (U),Founded after 1945 (U),0
0,27,116,133,0,12.8,19.799999,.1442258879243995,2.278314179590014,83,.3608,.00080000004,.00080000004,2,16.78047183458999,West Germany (U),Founded after 1945 (U),0
0,28,116,133,0,1,1.4,0,,109.4,.1094,0,.00020000001,1,9.823301579753027,West Germany (U),Founded after 1945 (U),0
0,28,116,133,0,1,2,.0749759408281125,.037015254526237,225.2,.2252,.00080000004,0,2,16.78047183458999,West Germany (U),Founded after 1945 (U),0
0,29,116,133,0,4.6,2.5999999,.0487339720593763,.9297112465454537,163.2,.18960001,0,0,1,9.823301579753027,West Germany (U),Founded after 1945 (U),0
0,29,116,133,0,5,3.2,.0925665772135229,.8640620460222588,156.39999,.18439999,.00020000001,0,2,16.78047183458999,West Germany (U),Founded after 1945 (U),0
0,32,116,133,0,12.6,37,.2179133158351872,2.914700189521464,181.8,.6742,.139,.021200001,1,9.823301579753027,West Germany (U),Founded after 1945 (U),0
0,32,116,133,0,15,45,.5375031476152613,3.222694912926529,215,1.189,.2448,.0272,2,16.78047183458999,West Germany (U),Founded after 1945 (U),0
0,33,116,133,0,0,,.0033658540930634,.1520367478575123,,0,0,0,1,9.823301579753027,West Germany (U),Founded after 1945 (U),0
0,33,116,133,0,0,,.0351388344664853,.1322089026511542,20.6,.0206,0,0,2,16.78047183458999,West Germany (U),Founded after 1945 (U),0
0,34,116,133,0,3,6.4000001,.0427015975029511,.6140692251143239,29.4,.099199995,.00020000001,.00040000002,1,9.823301579753027,West Germany (U),Founded after 1945 (U),0
0,34,116,133,0,3,5.4000001,.1334495189699733,.5923886183541753,56.200001,.1258,.00040000002,.00020000001,2,16.78047183458999,West Germany (U),Founded after 1945 (U),0
1,35,116,133,0,4.6,54.200001,.577836592001221,3.046839454585519,381.60001,.38159999,.055199999,.0020000001,1,9.823301579753027,West Germany (U),Founded after 1945 (U),0
1,35,116,133,0,5.2,59.200001,.9685750772004771,2.882211764978805,428,.428,.17639999,.0018,2,16.78047183458999,West Germany (U),Founded after 1945 (U),0
0,36,116,133,0,4.2,8.3999996,.2153576482440593,.6306212572322033,82.800003,.088399999,.003,.00080000004,1,9.823301579753027,West Germany (U),Founded after 1945 (U),0
0,36,116,133,0,4.2,7.4000001,.2636004462646996,.6341463843038233,77.599998,.092399999,.0064000003,.00060000003,2,16.78047183458999,West Germany (U),Founded after 1945 (U),0
0,37,116,133,0,19.2,123.4,3.409481454624495,6.961809946831079,368,.37879997,3.766,.1956,1,9.823301579753027,West Germany (U),Founded after 1945 (U),0
0,37,116,133,0,21,164.2,5.517598947119846,6.901194532809884,440.20001,.4524,6.0386,.21139999,2,16.78047183458999,West Germany (U),Founded after 1945 (U),0
0,38,116,133,0,3.6,7,.0423943267768717,1.146212298715131,346.20001,.34620002,.0040000002,.00080000004,1,9.823301579753027,West Germany (U),Founded after 1945 (U),0
0,38,116,133,0,4.4,7.5999999,.0411984617822696,.9133441342851336,425.20001,.42520002,.023200002,.0014,2,16.78047183458999,West Germany (U),Founded after 1945 (U),0
0,39,116,133,0,7.4,34,.6215794725636287,2.005513366574577,472.20001,.47220001,.1972,.0154,1,9.823301579753027,West Germany (U),Founded after 1945 (U),0
0,39,116,133,0,6,32.599998,.5286719981624557,1.704551167641001,445.60001,.4456,.63240004,.0284,2,16.78047183458999,West Germany (U),Founded after 1945 (U),0
0,41,116,133,0,0,,0,,0,0,0,0,1,9.823301579753027,West Germany (U),Founded after 1945 (U),0
0,41,116,133,0,0,,0,.1422611995428678,0,0,0,0,2,16.78047183458999,West Germany (U),Founded after 1945 (U),0
0,42,116,133,0,18,29.200001,.2203648654882592,3.815040855386648,1621.4,1.6214,.00060000003,.00040000002,1,9.823301579753027,West Germany (U),Founded after 1945 (U),0
0,42,116,133,0,17.6,44.200001,.4408403168605858,4.110904321889354,1573.8,1.5738001,.010600001,.0027999999,2,16.78047183458999,West Germany (U),Founded after 1945 (U),0
0,43,116,133,0,0,,0,,7,.0070000002,0,0,1,9.823301579753027,West Germany (U),Founded after 1945 (U),0
0,43,116,133,0,0,,0,.000119168356983,16,.016000001,0,0,2,16.78047183458999,West Germany (U),Founded after 1945 (U),0
0,44,116,133,0,3.8,11,.248593664764906,1.338023564008723,114.6,.21519999,.0022,.003,1,9.823301579753027,West Germany (U),Founded after 1945 (U),0
0,44,116,133,0,5,14.8,.2798364496617564,1.704814108048639,243.2,.41479999,.0093999999,.0024000001,2,16.78047183458999,West Germany (U),Founded after 1945 (U),0
0,45,116,133,0,3,11.6,.3633427709255498,1.102496242635447,63.599998,.066199996,.0022,.003,1,9.823301579753027,West Germany (U),Founded after 1945 (U),0
0,45,116,133,0,3.2,11.2,.3458531915974249,1.319928781850537,110.2,.1116,.0093999999,.0024000001,2,16.78047183458999,West Germany (U),Founded after 1945 (U),0
0,47,116,133,0,0,,0,.0295836560191545,,0,.0020000001,0,2,16.78047183458999,West Germany (U),Founded after 1945 (U),0
0,48,116,133,0,3,3.4000001,0,,168,.41520002,.0061999997,.00040000002,1,9.823301579753027,West Germany (U),Founded after 1945 (U),0
0,48,116,133,0,.6,1.2,.0001271302644122,.0459182924108718,34,.1024,.0132,.001,2,16.78047183458999,West Germany (U),Founded after 1945 (U),0
0,49,116,133,0,.8,1.6,.01183945054243,.9252629695205332,15.8,.053199999,.00060000003,0,1,9.823301579753027,West Germany (U),Founded after 1945 (U),0
0,49,116,133,0,.8,5,.1165625741441647,.856615775680047,7.5999999,.065800004,.0022,0,2,16.78047183458999,West Germany (U),Founded after 1945 (U),0
0,50,116,133,0,0,0,.027534727547435,.9727822509827587,94.599998,.094800003,0,0,1,9.823301579753027,West Germany (U),Founded after 1945 (U),0
0,50,116,133,0,5.75,8.75,.0821185469020658,3.176966126513481,324,.32440001,0,0,2,16.78047183458999,West Germany (U),Founded after 1945 (U),0
0,55,116,133,0,0,,0,.0054584178492124,,0,0,0,2,16.78047183458999,West Germany (U),Founded after 1945 (U),0
0,56,116,133,0,22,85.599998,1.213496775708282,6.402331908736369,1850,1.85,.0162,.0048000002,1,9.823301579753027,West Germany (U),Founded after 1945 (U),0
0,56,116,133,0,24,113.2,1.598110028472875,7.210158078774536,1773.6,1.7736,.0722,.010600001,2,16.78047183458999,West Germany (U),Founded after 1945 (U),0
0,1,117,139,0,0,17.5,0,3.065295515052456,,0,0,0,1,4.020699153060867,East Germany (U),Founded before 1945 (U),0
0,1,117,139,0,0,6.8000002,0,.4005122817974741,,0,0,0,2,8.571767231793716,East Germany (U),Founded before 1945 (U),0
0,2,117,139,0,9,22.799999,1.028340388930346,2.115955807231124,282.39999,.28239998,.091800004,.0142,1,4.020699153060867,East Germany (U),Founded before 1945 (U),0
0,2,117,139,0,7.8,46,1.308140929054097,2.64615595013511,381.79999,.3818,.30520001,.021,2,8.571767231793716,East Germany (U),Founded before 1945 (U),0
0,3,117,139,0,0,0,0,.0186813186758118,,0,0,.00033333333,1,4.020699153060867,East Germany (U),Founded before 1945 (U),0
0,4,117,139,0,0,,.0228658341028532,.3870477574816825,11.4,.0418,0,0,1,4.020699153060867,East Germany (U),Founded before 1945 (U),0
0,4,117,139,0,0,,0,.0774474505604677,12.4,.082800001,0,0,2,8.571767231793716,East Germany (U),Founded before 1945 (U),0
0,5,117,139,0,3.2,11.6,.038612377174636,.8181119613519097,212.39999,.45839998,.00020000001,.001,1,4.020699153060867,East Germany (U),Founded before 1945 (U),0
0,5,117,139,0,5,8.8000002,.0850533438530615,1.009286265035731,161.60001,.55579996,.00060000003,.00040000002,2,8.571767231793716,East Germany (U),Founded before 1945 (U),0
0,8,117,139,0,5.8,20,.3007280800515379,2.708454265797549,196,.19599999,.00080000004,.00020000001,1,4.020699153060867,East Germany (U),Founded before 1945 (U),0
0,8,117,139,0,0,3.5999999,.0167098874331275,.3952253969542418,10,.0099999998,.0014,.00020000001,2,8.571767231793716,East Germany (U),Founded before 1945 (U),0
0,10,117,139,0,0,1,.0485849516361969,.0090603957317592,,0,.00025000001,0,1,4.020699153060867,East Germany (U),Founded before 1945 (U),0
0,10,117,139,0,0,,0,.1361436003953972,,0,.001,0,2,8.571767231793716,East Germany (U),Founded before 1945 (U),0
0,12,117,139,0,14.4,82.599998,1.564785945435785,6.3787861182164,532.59998,.63819999,.97459996,.076400004,1,4.020699153060867,East Germany (U),Founded before 1945 (U),0
0,12,117,139,0,13.2,90.599998,3.236530862365445,5.080283600938815,642.79999,.8272,2.401,.1162,2,8.571767231793716,East Germany (U),Founded before 1945 (U),0
0,13,117,139,0,14.6,52.799999,.6214492935770705,4.198675051774137,156.8,.1758,1.7798001,.1056,1,4.020699153060867,East Germany (U),Founded before 1945 (U),0
0,13,117,139,0,11.4,73.400002,1.916978638843752,3.800147316635693,260,.308,4.7307997,.221,2,8.571767231793716,East Germany (U),Founded before 1945 (U),0
0,15,117,139,0,16.6,84.800003,3.618988961665016,4.902295774771067,332.60001,.33920002,.0266,.0032000002,1,4.020699153060867,East Germany (U),Founded before 1945 (U),0
0,15,117,139,0,17,91.199997,3.389260872716982,5.123596390698848,443.60001,.44420001,.087800004,.0048000002,2,8.571767231793716,East Germany (U),Founded before 1945 (U),0
0,17,117,139,0,4.6,13.6,.0489080994636495,1.165810760468205,482.39999,.74680001,.00060000003,0,1,4.020699153060867,East Germany (U),Founded before 1945 (U),0
0,17,117,139,0,7,14,.1463539597917558,1.668441630581535,286.20001,.67299998,.0048000002,.00020000001,2,8.571767231793716,East Germany (U),Founded before 1945 (U),0
0,18,117,139,0,6.4,8.8000002,.042162907979892,1.094424556654792,117.4,.1698,0,0,1,4.020699153060867,East Germany (U),Founded before 1945 (U),0
0,18,117,139,0,7.8,8.8000002,.0557878821074135,1.229389620259299,324.60001,.38260001,.00020000001,.00020000001,2,8.571767231793716,East Germany (U),Founded before 1945 (U),0
0,19,117,139,0,0,,0,.013041582148462,,0,.0089999996,0,2,8.571767231793716,East Germany (U),Founded before 1945 (U),0
0,22,117,139,0,5.2,9,.1048708966290104,.993658139466061,306.20001,.61720002,.00020000001,.001,1,4.020699153060867,East Germany (U),Founded before 1945 (U),0
0,22,117,139,0,7.6,11.2,.0756078582146665,1.249841289710037,210.60001,.67979997,.00060000003,.00040000002,2,8.571767231793716,East Germany (U),Founded before 1945 (U),0
0,23,117,139,0,6.8,17,.1526970838313058,1.124115801236052,233.39999,.36939999,.0016000001,.00040000002,1,4.020699153060867,East Germany (U),Founded before 1945 (U),0
0,23,117,139,0,5.6,11,.1478701683022147,1.064493234944017,222.39999,.54440004,.0038000001,.00060000003,2,8.571767231793716,East Germany (U),Founded before 1945 (U),0
0,25,117,139,0,13.4,61.200001,1.477962808544697,4.004696575573027,842,.88859999,.0858,.0146,1,4.020699153060867,East Germany (U),Founded before 1945 (U),0
0,25,117,139,0,15.6,78.400002,2.392917180340285,4.642349983859995,549.40002,.59079999,.13339999,.017200001,2,8.571767231793716,East Germany (U),Founded before 1945 (U),0
0,26,117,139,0,.6666666666666666,10.666667,0,.076756756751,0,.023,0,0,1,4.020699153060867,East Germany (U),Founded before 1945 (U),0
0,26,117,139,0,0,11.4,.0030879580347205,.4580428761863428,3,.051400002,0,0,2,8.571767231793716,East Germany (U),Founded before 1945 (U),0
0,28,117,139,0,1.6,8.6000004,.0026885797120249,.3513538883465836,,0,0,0,1,4.020699153060867,East Germany (U),Founded before 1945 (U),0
0,28,117,139,0,3.8,10.6,.1098248980857618,1.032580141799914,,0,.00020000001,0,2,8.571767231793716,East Germany (U),Founded before 1945 (U),0
0,30,117,139,0,10.4,43,.9103033534334042,3.206436962827805,,0,0,0,1,4.020699153060867,East Germany (U),Founded before 1945 (U),0
0,30,117,139,0,9.6,45.200001,1.42317051618289,3.227639164393608,,0,0,0,2,8.571767231793716,East Germany (U),Founded before 1945 (U),0
0,31,117,139,0,20.6,104.2,3.453620374778602,7.757523393646974,515.20001,.51520002,.2642,.027799999,1,4.020699153060867,East Germany (U),Founded before 1945 (U),0
0,31,117,139,0,16.8,135.39999,4.796741298822726,6.854659075338383,1102.6,1.1026,.88679999,.0572,2,8.571767231793716,East Germany (U),Founded before 1945 (U),0
0,32,117,139,0,13.8,28.799999,.0283685958950376,3.199369552077643,227.39999,.3364,.069199994,.0132,1,4.020699153060867,East Germany (U),Founded before 1945 (U),0
0,32,117,139,0,15,28,.1592840845636013,2.913367374344972,271.20001,.5262,.14160001,.0154,2,8.571767231793716,East Germany (U),Founded before 1945 (U),0
0,33,117,139,0,0,0,0,.0076299376285201,,0,0,0,1,4.020699153060867,East Germany (U),Founded before 1945 (U),0
0,33,117,139,0,0,0,0,.0615565770480469,0,0,0,0,2,8.571767231793716,East Germany (U),Founded before 1945 (U),0
0,34,117,139,0,0,,.1086301856818123,.0683878609553259,13,.013,0,0,1,4.020699153060867,East Germany (U),Founded before 1945 (U),0
0,34,117,139,0,0,,0,.0037148803324179,0,0,0,0,2,8.571767231793716,East Germany (U),Founded before 1945 (U),0
0,36,117,139,0,3,5.4000001,.0004576659037904,.4662368275721016,125,.2098,.0014,.00060000003,1,4.020699153060867,East Germany (U),Founded before 1945 (U),0
0,36,117,139,0,3.6,7.1999998,.1802090228917168,.6115882575004654,98.199997,.20760001,.0012000001,.00040000002,2,8.571767231793716,East Germany (U),Founded before 1945 (U),0
0,37,117,139,0,16.8,71.400002,2.676734070031619,4.088288369901758,152.39999,.17039999,1.7282,.125,1,4.020699153060867,East Germany (U),Founded before 1945 (U),0
0,37,117,139,0,12.8,83.599998,3.282218978027045,3.700038625953324,258,.29100001,3.4636002,.16039999,2,8.571767231793716,East Germany (U),Founded before 1945 (U),0
0,38,117,139,0,0,,.031351351349,.029189189187,223.39999,.2234,.0034,.001,1,4.020699153060867,East Germany (U),Founded before 1945 (U),0
0,38,117,139,0,0,0,.0466398669033251,.6120374041432113,368.20001,.3682,.021799998,.00040000002,2,8.571767231793716,East Germany (U),Founded before 1945 (U),0
0,39,117,139,0,1,4.8000002,.0535614015824481,.2596364088309261,0,0,.031200001,.0046000001,1,4.020699153060867,East Germany (U),Founded before 1945 (U),0
0,39,117,139,0,.8,7,.0272843182084413,.5141517839405171,0,0,.1428,.0078000003,2,8.571767231793716,East Germany (U),Founded before 1945 (U),0
0,40,117,139,0,0,,0,,477.20001,.4772,.00060000003,.00020000001,1,4.020699153060867,East Germany (U),Founded before 1945 (U),0
0,40,117,139,0,0,,0,,403.60001,.40360001,.0020000001,.00020000001,2,8.571767231793716,East Germany (U),Founded before 1945 (U),0
0,41,117,139,0,23.5,72,0,2.919599049363536,,0,0,0,1,4.020699153060867,East Germany (U),Founded before 1945 (U),0
0,41,117,139,0,23,77.800003,0,1.349819532430249,0,0,0,0,2,8.571767231793716,East Germany (U),Founded before 1945 (U),0
0,42,117,139,0,14,45.599998,.2700325190449047,3.111975345316147,1232.2,1.2321999,.00020000001,0,1,4.020699153060867,East Germany (U),Founded before 1945 (U),0
0,42,117,139,0,11,39.400002,.2250875568378256,2.4737631763609,750,.75,.0046000001,.00040000002,2,8.571767231793716,East Germany (U),Founded before 1945 (U),0
0,44,117,139,0,3.2,4.1999998,.0458755889860589,.5303389751061984,64.599998,.12640001,.00020000001,.001,1,4.020699153060867,East Germany (U),Founded before 1945 (U),0
0,44,117,139,0,2.2,5.5999999,.0041606268353078,.5950295453183903,41.599998,.1664,.00060000003,.00040000002,2,8.571767231793716,East Germany (U),Founded before 1945 (U),0
0,45,117,139,0,1.4,4.1999998,0,.297468677022682,1.6,.0022,.00020000001,.001,1,4.020699153060867,East Germany (U),Founded before 1945 (U),0
0,45,117,139,0,0,,0,.0700326775591504,0,0,.00060000003,.00040000002,2,8.571767231793716,East Germany (U),Founded before 1945 (U),0
0,46,117,139,0,2.6,3.8,.0065362752656659,.4433556705753628,0,.2942,0,0,1,4.020699153060867,East Germany (U),Founded before 1945 (U),0
0,46,117,139,0,3.8,6,.1366374427174258,.6931115051378768,.2,.29899999,0,0,2,8.571767231793716,East Germany (U),Founded before 1945 (U),0
0,48,117,139,0,0,,.115675675667,.122162162153,442.39999,.51520002,.0089999996,.0012000001,1,4.020699153060867,East Germany (U),Founded before 1945 (U),0
0,48,117,139,0,0,.75,.2231607199003144,.794466237613801,425,.51659995,.0136,.0027999999,2,8.571767231793716,East Germany (U),Founded before 1945 (U),0
0,49,117,139,0,1.8,9,.1030668412948172,.9943083860929146,122.4,.28379998,0,0,1,4.020699153060867,East Germany (U),Founded before 1945 (U),0
0,49,117,139,0,1.8,7.4000001,.0296387872887189,1.054035284322858,3.5999999,.2626,.00040000002,.00020000001,2,8.571767231793716,East Germany (U),Founded before 1945 (U),0
0,50,117,139,0,1,12.4,.0026614010978932,1.175725449916396,,0,0,0,1,4.020699153060867,East Germany (U),Founded before 1945 (U),0
0,50,117,139,0,.2,1.4,.0052720861885817,.4050211057779161,,0,0,0,2,8.571767231793716,East Germany (U),Founded before 1945 (U),0
0,51,117,139,0,0,,0,,18.5,.0185,.0165,.001,2,8.571767231793716,East Germany (U),Founded before 1945 (U),0
0,55,117,139,0,0,,0,,233.8,.23380001,0,0,1,4.020699153060867,East Germany (U),Founded before 1945 (U),0
0,55,117,139,0,0,,0,,155,.155,0,0,2,8.571767231793716,East Germany (U),Founded before 1945 (U),0
0,56,117,139,0,25.66666666666667,67,.3880953466449631,5.079211190228905,1411.6,1.4116,.012399999,.0024000001,1,4.020699153060867,East Germany (U),Founded before 1945 (U),0
0,56,117,139,0,0,.33333334,.5843838633263814,2.687499719391295,1141.4,1.1414,.047400001,.0040000002,2,8.571767231793716,East Germany (U),Founded before 1945 (U),0
0,3,118,141,0,1.6,2.2,.0091567814945711,.3279284631885579,89.800003,.0898,.00060000003,.0014,1,3.63693530523083,West Germany (U),Founded after 1945 (U),0
0,3,118,141,0,2.8,4.1999998,0,,463.60001,.46360001,.00060000003,.00060000003,2,6.177855570931876,West Germany (U),Founded after 1945 (U),0
0,4,118,141,0,0,0,0,.0573749074089196,,0,0,0,1,3.63693530523083,West Germany (U),Founded after 1945 (U),0
0,4,118,141,0,0,0,0,,,0,0,0,2,6.177855570931876,West Germany (U),Founded after 1945 (U),0
0,5,118,141,0,4.6,13.4,.0378770101107986,2.411605325462741,235.39999,.52320004,.0020000001,.0044,1,3.63693530523083,West Germany (U),Founded after 1945 (U),0
0,5,118,141,0,6,21.799999,.1527544276200118,1.516547491917216,37.599998,.44760001,.0118,.0048000002,2,6.177855570931876,West Germany (U),Founded after 1945 (U),0
0,6,118,141,0,11.4,10.6,.0256898576601912,2.011036065480512,100.4,.1004,0,0,1,3.63693530523083,West Germany (U),Founded after 1945 (U),0
0,6,118,141,0,12.2,9.6000004,.1289361183723647,1.758024386174924,349,.34900001,0,0,2,6.177855570931876,West Germany (U),Founded after 1945 (U),0
0,7,118,141,0,0,0,0,,,0,.003,.0020000001,1,3.63693530523083,West Germany (U),Founded after 1945 (U),0
0,8,118,141,0,14,12,.4564962613942668,2.740463176998345,56.599998,.056599997,.0061999997,.0012000001,1,3.63693530523083,West Germany (U),Founded after 1945 (U),0
0,8,118,141,0,14.2,29.6,1.598156266380691,2.72360008321389,260.20001,.26020002,.014,.0012000001,2,6.177855570931876,West Germany (U),Founded after 1945 (U),0
0,10,118,141,0,.3333333333333333,14,.0815312035873629,1.001570159367809,,0,0,.00020000001,1,3.63693530523083,West Germany (U),Founded after 1945 (U),0
0,10,118,141,0,1.25,5.25,.2380065842774254,.846382854431914,452,.45199999,.0026,.00020000001,2,6.177855570931876,West Germany (U),Founded after 1945 (U),0
0,11,118,141,0,2.25,2.5,.0002197802197154,.3504389158315525,524.20001,.52420002,0,0,1,3.63693530523083,West Germany (U),Founded after 1945 (U),0
0,11,118,141,0,5.2,5.8000002,0,,,0,0,0,2,6.177855570931876,West Germany (U),Founded after 1945 (U),0
0,12,118,141,0,2,.80000001,0,.2909505811128144,,0,.0986,.0038000001,1,3.63693530523083,West Germany (U),Founded after 1945 (U),0
0,12,118,141,0,2.6,6.4000001,0,,0,.2638,.19239999,.0055999998,2,6.177855570931876,West Germany (U),Founded after 1945 (U),0
0,13,118,141,0,10.4,45.400002,1.119602795171845,4.920153199473776,171.8,.20039999,.59740001,.035,1,3.63693530523083,West Germany (U),Founded after 1945 (U),0
0,13,118,141,0,9.6,54.599998,1.636930509471777,3.744996046387895,136,.1886,1.064,.040799998,2,6.177855570931876,West Germany (U),Founded after 1945 (U),0
0,14,118,141,0,0,0,0,.1834252106239216,,0,0,0,1,3.63693530523083,West Germany (U),Founded after 1945 (U),0
0,15,118,141,0,17,59.200001,1.231772155109712,7.717423642928313,655.40002,.6656,.015,.0014,1,3.63693530523083,West Germany (U),Founded after 1945 (U),0
0,15,118,141,0,14.2,40.400002,2.391009094398689,6.208320556103804,341.20001,.3452,.087800004,.0044,2,6.177855570931876,West Germany (U),Founded after 1945 (U),0
0,17,118,141,0,8,17.799999,.5624663057514246,2.44126391007965,1198.4,1.2201999,.0016000001,.00040000002,1,3.63693530523083,West Germany (U),Founded after 1945 (U),0
0,17,118,141,0,8,20,.6805774178124464,2.571919359486442,84.400002,.13160001,.0052,.0012000001,2,6.177855570931876,West Germany (U),Founded after 1945 (U),0
0,18,118,141,0,4.4,3.4000001,.0144702546275879,.7696370143514533,0,.062600002,.00020000001,.00040000002,1,3.63693530523083,West Germany (U),Founded after 1945 (U),0
0,18,118,141,0,4.4,2.5999999,.0195338695067509,.5761152092378193,0,.036400001,.00080000004,.00060000003,2,6.177855570931876,West Germany (U),Founded after 1945 (U),0
0,20,118,141,0,1.6,.80000001,0,.1752751755870173,,0,0,0,1,3.63693530523083,West Germany (U),Founded after 1945 (U),0
0,20,118,141,0,.4,1.2,0,,0,.022799999,.00040000002,.00040000002,2,6.177855570931876,West Germany (U),Founded after 1945 (U),0
0,22,118,141,0,11.2,25.4,.5241597218332935,2.708950828119951,174.8,.72940004,.0020000001,.0044,1,3.63693530523083,West Germany (U),Founded after 1945 (U),0
0,22,118,141,0,11,37.200001,.3541097631242313,2.784800672454165,41.400002,.74840003,.0118,.0048000002,2,6.177855570931876,West Germany (U),Founded after 1945 (U),0
0,23,118,141,0,6.2,14.4,.2699078698237996,1.500097995304584,84.199997,.1622,.00040000002,.00040000002,1,3.63693530523083,West Germany (U),Founded after 1945 (U),0
0,23,118,141,0,5.4,11.4,.2296284024028871,1.013058369360978,88.599998,.34179997,.00040000002,.00040000002,2,6.177855570931876,West Germany (U),Founded after 1945 (U),0
0,24,118,141,0,0,,0,.0045766590379038,,0,.0020000001,0,1,3.63693530523083,West Germany (U),Founded after 1945 (U),0
0,25,118,141,0,8.199999999999999,17.4,.1895714449677827,2.224279808278733,810.59998,.81559998,.044400003,.0046000001,1,3.63693530523083,West Germany (U),Founded after 1945 (U),0
0,25,118,141,0,10,44,0,,719,.73840004,.064800002,.0078000003,2,6.177855570931876,West Germany (U),Founded after 1945 (U),0
0,26,118,141,0,2,1,.0106026785667875,.0373626373516236,,0,0,0,1,3.63693530523083,West Germany (U),Founded after 1945 (U),0
0,26,118,141,0,0,,0,,80.400002,.080400005,0,0,2,6.177855570931876,West Germany (U),Founded after 1945 (U),0
0,27,118,141,0,3.6,2.2,.0522630035204673,.3608604474722474,0,.0298,.00020000001,.00040000002,1,3.63693530523083,West Germany (U),Founded after 1945 (U),0
0,27,118,141,0,4.2,2.8,.061660849434449,.4266151092260257,0,.0294,.00080000004,.00060000003,2,6.177855570931876,West Germany (U),Founded after 1945 (U),0
0,29,118,141,0,3.4,3.5999999,.0462020150499406,.4239857884320255,.60000002,.1158,0,0,1,3.63693530523083,West Germany (U),Founded after 1945 (U),0
0,29,118,141,0,.4,1.2,.0734206940961605,.787715827188462,0,.16580001,0,0,2,6.177855570931876,West Germany (U),Founded after 1945 (U),0
0,31,118,141,0,21,68.199997,2.403182187281837,9.42875399977846,917.59998,.93220001,.16360001,.02,1,3.63693530523083,West Germany (U),Founded after 1945 (U),0
0,31,118,141,0,20.6,86,3.696596234222691,6.68091745748986,678.20001,.68979996,.40779999,.0288,2,6.177855570931876,West Germany (U),Founded after 1945 (U),0
0,32,118,141,0,15.6,20,.0220910183822331,3.454744269050568,155.39999,.4068,.078599997,.0122,1,3.63693530523083,West Germany (U),Founded after 1945 (U),0
0,32,118,141,0,10.4,22.200001,.3030666683055991,2.562929403972241,126.8,1.0802,.2032,.0176,2,6.177855570931876,West Germany (U),Founded after 1945 (U),0
0,33,118,141,0,0,,0,.0797058694340726,0,.29620001,0,0,1,3.63693530523083,West Germany (U),Founded after 1945 (U),0
0,33,118,141,0,0,,0,,0,.0186,0,0,2,6.177855570931876,West Germany (U),Founded after 1945 (U),0
0,34,118,141,0,5.6,2.2,.041884520548885,.91519052473511,0,.078199998,0,0,1,3.63693530523083,West Germany (U),Founded after 1945 (U),0
0,34,118,141,0,5.4,2.2,.0423875453473955,.9312826236001566,0,.1276,.00020000001,.00020000001,2,6.177855570931876,West Germany (U),Founded after 1945 (U),0
0,36,118,141,0,2.4,3.8,.0258269631275979,.6040698157219831,36.599998,.046599999,0,0,1,3.63693530523083,West Germany (U),Founded after 1945 (U),0
0,36,118,141,0,3,4.8000002,.0428100338328865,.4293670005475259,36,.063200004,.001,.00020000001,2,6.177855570931876,West Germany (U),Founded after 1945 (U),0
0,37,118,141,0,10.6,40.200001,1.778317567038668,4.594237687109343,180,.1956,1.8684,.062200002,1,3.63693530523083,West Germany (U),Founded after 1945 (U),0
0,37,118,141,0,11,56.599998,1.765149347035901,3.399938079311589,127.8,.15239999,3.6719999,.083400004,2,6.177855570931876,West Germany (U),Founded after 1945 (U),0
0,38,118,141,0,6.4,2.2,.0168630149676062,.5753226863869189,104.8,.1048,.0014,.00080000004,1,3.63693530523083,West Germany (U),Founded after 1945 (U),0
0,38,118,141,0,3.2,6.1999998,0,,13.2,.0132,.0089999996,.001,2,6.177855570931876,West Germany (U),Founded after 1945 (U),0
0,39,118,141,0,6.6,6.1999998,.2190035490121457,.897236952600461,.2,.00020000001,.0040000002,.0022,1,3.63693530523083,West Germany (U),Founded after 1945 (U),0
0,39,118,141,0,6,6.5999999,.1500025229955998,.7343412416958836,0,0,.028999999,.0026,2,6.177855570931876,West Germany (U),Founded after 1945 (U),0
0,40,118,141,0,1,.5,0,.0010989010985772,,0,0,0,1,3.63693530523083,West Germany (U),Founded after 1945 (U),0
0,40,118,141,0,1.4,1.4,0,,,0,.00040000002,0,2,6.177855570931876,West Germany (U),Founded after 1945 (U),0
0,41,118,141,0,1,0,.0344728244645634,0,0,.037999999,0,0,1,3.63693530523083,West Germany (U),Founded after 1945 (U),0
0,41,118,141,0,0,,0,,0,.0112,0,0,2,6.177855570931876,West Germany (U),Founded after 1945 (U),0
0,42,118,141,0,5.6,5.8000002,.0026442307683875,.6729506707448198,,0,0,.00040000002,1,3.63693530523083,West Germany (U),Founded after 1945 (U),0
0,42,118,141,0,7.4,13,.0038501560868197,1.011323621073111,593.20001,.59320003,0,0,2,6.177855570931876,West Germany (U),Founded after 1945 (U),0
0,43,118,141,0,0,,.0122767857089119,.0115384615350602,,0,0,0,1,3.63693530523083,West Germany (U),Founded after 1945 (U),0
0,44,118,141,0,5.6,9.3999996,.1519125137658228,1.343931809121232,55.799999,.1056,.0020000001,.0044,1,3.63693530523083,West Germany (U),Founded after 1945 (U),0
0,44,118,141,0,5.8,17,.1127829238293587,1.330131039302293,2.8,.1138,.0118,.0048000002,2,6.177855570931876,West Germany (U),Founded after 1945 (U),0
0,45,118,141,0,0,0,0,,,0,.003,.0020000001,1,3.63693530523083,West Germany (U),Founded after 1945 (U),0
0,46,118,141,0,1.5,1,0,.1317853841125141,,0,0,0,1,3.63693530523083,West Germany (U),Founded after 1945 (U),0
0,46,118,141,0,2,.40000001,0,,,0,0,0,2,6.177855570931876,West Germany (U),Founded after 1945 (U),0
0,47,118,141,0,2.6,11.2,.0259302057880506,.8044744829662135,,0,0,0,1,3.63693530523083,West Germany (U),Founded after 1945 (U),0
0,47,118,141,0,5.6,19,0,,904.79999,.9048,0,0,2,6.177855570931876,West Germany (U),Founded after 1945 (U),0
0,48,118,141,0,5.6,7,.205527934026097,1.422434680726599,297.20001,.3466,.0061999997,.0014,1,3.63693530523083,West Germany (U),Founded after 1945 (U),0
0,48,118,141,0,8,16,.4229715616496328,2.352757792156258,420.79999,.58540004,.0068000001,.0016000001,2,6.177855570931876,West Germany (U),Founded after 1945 (U),0
0,49,118,141,0,0,1,.0958916320315947,.2471029859015613,,0,0,0,1,3.63693530523083,West Germany (U),Founded after 1945 (U),0
0,50,118,141,0,3.5,9,.0004545665861516,.0951562219687503,407.25,.40724999,0,0,1,3.63693530523083,West Germany (U),Founded after 1945 (U),0
0,50,118,141,0,3.6,20.4,.5707769259791363,.9267740395160905,1095,1.1226,0,0,2,6.177855570931876,West Germany (U),Founded after 1945 (U),0
0,51,118,141,0,0,,0,,69,.068999998,.02825,.001,2,6.177855570931876,West Germany (U),Founded after 1945 (U),0
0,52,118,141,0,.6666666666666666,5,.0066964285684974,.0033482142842487,,0,0,0,1,3.63693530523083,West Germany (U),Founded after 1945 (U),0
0,53,118,141,0,0,,0,.0482626663506426,,0,.00050000002,.001,1,3.63693530523083,West Germany (U),Founded after 1945 (U),0
0,54,118,141,0,0,,0,,725.33331,.72533333,.011333333,.0013333333,2,6.177855570931876,West Germany (U),Founded after 1945 (U),0
0,55,118,141,0,0,,0,.0374460041131722,,0,0,0,1,3.63693530523083,West Germany (U),Founded after 1945 (U),0
0,55,118,141,0,0,,0,,553,.55299997,0,0,2,6.177855570931876,West Germany (U),Founded after 1945 (U),0
0,56,118,141,0,26,53.799999,.6989042442692822,5.359316082835232,2138.2,2.2346001,.011600001,.0061999997,1,3.63693530523083,West Germany (U),Founded after 1945 (U),0
0,56,118,141,0,29.2,90.599998,2.841115455840737,6.138446718425437,1692.4,1.8612,.054400001,.0104,2,6.177855570931876,West Germany (U),Founded after 1945 (U),0
0,3,119,132,0,8.199999999999999,30.200001,.9117412703314985,4.367790389694618,427.79999,.4278,.00040000002,.00020000001,1,29.39606308412493,West Germany (U),Founded before 1945 (U),0
0,3,119,132,0,3.6,35,1.35730135256289,.9612398320489419,309.20001,.30920002,.00020000001,.00040000002,2,35.40191093326688,West Germany (U),Founded before 1945 (U),0
0,5,119,132,0,2,8.333333,.1832861244119408,.433632688181652,413.79999,.7428,.0104,.0014,1,29.39606308412493,West Germany (U),Founded before 1945 (U),0
0,5,119,132,0,3.6,22.799999,.6838112475918063,1.055951736670916,256,.62540001,.0198,.0032000002,2,35.40191093326688,West Germany (U),Founded before 1945 (U),0
0,6,119,132,0,18.6,64.599998,.3901505777868841,7.077841788529981,1521.2,1.5211999,0,0,1,29.39606308412493,West Germany (U),Founded before 1945 (U),0
0,6,119,132,0,20,84,.99459734324938,6.133744971530928,1187.2,1.1872,.00020000001,.00060000003,2,35.40191093326688,West Germany (U),Founded before 1945 (U),0
0,8,119,132,0,20.8,255.60001,13.18793643703729,12.84795840831523,903.40002,.9034,.016799999,.0022,1,29.39606308412493,West Germany (U),Founded before 1945 (U),0
0,8,119,132,0,22.6,260.39999,11.49147343654559,10.85324418669755,987,.98699999,.073399998,.0061999997,2,35.40191093326688,West Germany (U),Founded before 1945 (U),0
0,12,119,132,0,10.6,69,1.800376552175034,5.065411346618846,376.20001,.37620002,2.2653999,.064000003,1,29.39606308412493,West Germany (U),Founded before 1945 (U),0
0,12,119,132,0,11.6,77.400002,2.949285498165367,4.373363365965519,334.20001,.33420002,2.8723998,.073399998,2,35.40191093326688,West Germany (U),Founded before 1945 (U),0
0,13,119,132,0,19.4,163.2,4.592820471014205,11.50262725943861,410.60001,.43360001,3.9431999,.14219999,1,29.39606308412493,West Germany (U),Founded before 1945 (U),0
0,13,119,132,0,17.6,170.60001,4.487606911272563,9.142062804176081,514.40002,.59540004,7.3972001,.1718,2,35.40191093326688,West Germany (U),Founded before 1945 (U),0
1,15,119,132,0,12.6,159,7.427399766936746,6.806694240493662,1181.2,1.1811999,.2052,.023600001,1,29.39606308412493,West Germany (U),Founded before 1945 (U),0
0,15,119,132,0,13,148.60001,6.008193694888391,8.357302787746626,1002.4,1.0024,.46060002,.024,2,35.40191093326688,West Germany (U),Founded before 1945 (U),0
0,17,119,132,0,1.4,7.8000002,.0055306209469356,.486757078209422,207.60001,.21160001,.0024000001,0,1,29.39606308412493,West Germany (U),Founded before 1945 (U),0
0,17,119,132,0,2,18.799999,.2983479129559224,.8442491881599852,162.2,.1644,.0052,.00080000004,2,35.40191093326688,West Germany (U),Founded before 1945 (U),0
0,20,119,132,0,2.2,15.8,.339776667177191,1.325967118433495,232.39999,.2816,.0099999998,.0016000001,1,29.39606308412493,West Germany (U),Founded before 1945 (U),0
0,20,119,132,0,1.333333333333333,8,.0539596916298836,.5306491199790283,43,.0506,.0458,.00080000004,2,35.40191093326688,West Germany (U),Founded before 1945 (U),0
0,21,119,132,0,4.6,16.6,.1934867390138681,1.842589451316411,72,.071999997,.42300001,.035799999,1,29.39606308412493,West Germany (U),Founded before 1945 (U),0
0,21,119,132,0,3,12.4,.2620964468646064,1.060108182089304,7,.0070000002,.91540003,.041999999,2,35.40191093326688,West Germany (U),Founded before 1945 (U),0
0,22,119,132,0,3,7.6666665,.005623012350244,.6050380128355256,402.79999,.6864,.0104,.0014,1,29.39606308412493,West Germany (U),Founded before 1945 (U),0
0,22,119,132,0,4.6,22.4,.3207847940951418,1.273589069979095,251,.62540001,.0198,.0032000002,2,35.40191093326688,West Germany (U),Founded before 1945 (U),0
0,23,119,132,0,6.2,10.8,.1136466864250346,1.554636065588259,249.8,.34620002,.00060000003,.00060000003,1,29.39606308412493,West Germany (U),Founded before 1945 (U),0
0,23,119,132,0,4.6,12.4,.1506424249769906,1.337344191483182,198.8,.39840001,.0061999997,.0018,2,35.40191093326688,West Germany (U),Founded before 1945 (U),0
0,25,119,132,1,16.6,130.2,2.494549351280241,9.204441654009171,1315.6,1.3176,.17039999,.019399999,1,29.39606308412493,West Germany (U),Founded before 1945 (U),0
0,25,119,132,1,19.2,167.39999,7.063767861851956,5.765624056404556,1182.4,1.1900001,.26359999,.027000001,2,35.40191093326688,West Germany (U),Founded before 1945 (U),1
0,26,119,132,0,0,2,0,.0776359085656469,,0,0,0,1,29.39606308412493,West Germany (U),Founded before 1945 (U),0
0,26,119,132,0,.4,3.2,1.756073318844225,.0388447450512871,37.5,.037500001,0,0,2,35.40191093326688,West Germany (U),Founded before 1945 (U),0
0,28,119,132,0,0,2,.0543086204186662,.1493670188244498,,0,.00020000001,.00020000001,1,29.39606308412493,West Germany (U),Founded before 1945 (U),0
0,28,119,132,0,0,3.2,1.261796931881175,.1538903187799445,,0,.00040000002,.00020000001,2,35.40191093326688,West Germany (U),Founded before 1945 (U),0
0,29,119,132,0,1.6,4.4000001,.0053958535647566,.4897394860834973,197.2,.1972,0,0,1,29.39606308412493,West Germany (U),Founded before 1945 (U),0
0,29,119,132,0,1.4,5.1999998,.0050120583702766,.4111422513605671,172,.17200001,0,0,2,35.40191093326688,West Germany (U),Founded before 1945 (U),0
0,30,119,132,0,1,8.25,.0599273565020303,.3341586450733712,,0,0,0,2,35.40191093326688,West Germany (U),Founded before 1945 (U),0
1,31,119,132,0,40.6,660.20001,43.89763646738275,46.29076673882011,3075,3.075,2.1322,.1618,1,29.39606308412493,West Germany (U),Founded before 1945 (U),0
1,31,119,132,0,42.8,705.79999,41.50997987378899,23.61670366690653,4495,4.4949999,3.9896002,.2036,2,35.40191093326688,West Germany (U),Founded before 1945 (U),0
0,32,119,132,0,14.8,50.599998,.3517279687142494,4.275047800130539,234,.39320001,.61400002,.07,1,29.39606308412493,West Germany (U),Founded before 1945 (U),0
0,32,119,132,0,15.6,62.599998,.8625253351155967,3.559225803149607,329,.60640001,1.1101999,.062799998,2,35.40191093326688,West Germany (U),Founded before 1945 (U),0
0,33,119,132,0,0,,0,.1327766743051404,,0,0,0,1,29.39606308412493,West Germany (U),Founded before 1945 (U),0
0,33,119,132,0,1,1.5,.0074107084537549,.045960375436459,28.6,.033400003,0,0,2,35.40191093326688,West Germany (U),Founded before 1945 (U),0
0,34,119,132,0,3,27,0,,,0,.00066666666,.00033333333,1,29.39606308412493,West Germany (U),Founded before 1945 (U),0
0,36,119,132,0,2,9.6000004,.1968209531600151,.6213025508507769,118.2,.1362,.0027999999,.00060000003,1,29.39606308412493,West Germany (U),Founded before 1945 (U),0
0,36,119,132,0,1.8,14.8,.6070012911085932,.4871168395887974,101.2,.1558,.0027999999,.00080000004,2,35.40191093326688,West Germany (U),Founded before 1945 (U),0
0,37,119,132,0,16.6,132.39999,4.543066627089985,10.02868521801163,493,.50760001,5.3736,.2906,1,29.39606308412493,West Germany (U),Founded before 1945 (U),0
0,37,119,132,0,17.2,155,7.966495451986628,7.431323883769609,464.39999,.49379998,10.0946,.3154,2,35.40191093326688,West Germany (U),Founded before 1945 (U),0
0,38,119,132,0,2,12,.2594271471780858,1.409596615397603,229.8,.25060001,.0162,.0024000001,1,29.39606308412493,West Germany (U),Founded before 1945 (U),0
0,38,119,132,0,2.6,13.6,.2665664921836584,.9747427042397098,49.799999,.106,.089000002,.0032000002,2,35.40191093326688,West Germany (U),Founded before 1945 (U),0
0,39,119,132,0,0,0,.0009153318075808,.0083001701526131,,0,.068599999,.0024000001,1,29.39606308412493,West Germany (U),Founded before 1945 (U),0
0,40,119,132,0,6.6,48.400002,1.170252885185168,3.188939417336242,,0,.0055999998,.00040000002,1,29.39606308412493,West Germany (U),Founded before 1945 (U),0
0,40,119,132,0,2,13.4,.3410891168501297,1.29888110043479,,0,.0088,.00060000003,2,35.40191093326688,West Germany (U),Founded before 1945 (U),0
0,41,119,132,0,.2,1.4,0,.2233804512393662,,0,0,0,1,29.39606308412493,West Germany (U),Founded before 1945 (U),0
0,41,119,132,0,0,16,.0489264234328194,.7355723221009786,,0,0,0,2,35.40191093326688,West Germany (U),Founded before 1945 (U),0
0,44,119,132,0,2,8,.0350527968907854,.3271906977135974,117,.23339999,.0104,.0014,1,29.39606308412493,West Germany (U),Founded before 1945 (U),0
0,44,119,132,0,3.6,13.2,.2280120414774132,.8033119065204044,86.599998,.22239999,.0198,.0032000002,2,35.40191093326688,West Germany (U),Founded before 1945 (U),0
0,46,119,132,0,0,,.0870491474504492,.1334526043875342,,0,0,0,1,29.39606308412493,West Germany (U),Founded before 1945 (U),0
0,48,119,132,0,3.2,18.200001,.2315323620948466,.9865029460010155,171.39999,.1714,.0052,.00080000004,1,29.39606308412493,West Germany (U),Founded before 1945 (U),0
0,48,119,132,0,2.6,13.6,.033905248728068,1.044566813645705,362.60001,.3626,.011,.0020000001,2,35.40191093326688,West Germany (U),Founded before 1945 (U),0
0,49,119,132,0,3.2,16.799999,.1199374852286077,1.558685971273997,209,.30000001,0,0,1,29.39606308412493,West Germany (U),Founded before 1945 (U),0
0,49,119,132,0,3,24.4,.197783688933992,1.745070884469158,197.2,.2938,.00060000003,0,2,35.40191093326688,West Germany (U),Founded before 1945 (U),0
0,50,119,132,0,0,10,.1650098188291086,1.082845367744753,,0,0,0,1,29.39606308412493,West Germany (U),Founded before 1945 (U),0
0,50,119,132,0,0,,0,2.194253384688537,8.5,.0085000005,0,0,2,35.40191093326688,West Germany (U),Founded before 1945 (U),0
0,51,119,132,0,13.2,173.39999,11.28844040569532,10.23412084496952,1974,1.974,.0414,.0093999999,1,29.39606308412493,West Germany (U),Founded before 1945 (U),0
0,51,119,132,0,16.2,293,20.27686146587737,7.281864132304222,2261.2,2.2612,.078599997,.0112,2,35.40191093326688,West Germany (U),Founded before 1945 (U),0
0,52,119,132,0,4.4,37.200001,1.009421642411023,3.127438391820554,148.60001,.14860001,0,0,1,29.39606308412493,West Germany (U),Founded before 1945 (U),0
0,52,119,132,0,4.4,33.799999,.8510793801998786,2.672442990362417,149.60001,.1496,0,0,2,35.40191093326688,West Germany (U),Founded before 1945 (U),0
0,55,119,132,0,.6666666666666666,48.666668,7.987803635151868,.7116372240791591,,0,0,0,1,29.39606308412493,West Germany (U),Founded before 1945 (U),0
0,55,119,132,0,0,,0,.0062515212973886,,0,0,0,2,35.40191093326688,West Germany (U),Founded before 1945 (U),0
0,56,119,132,1,10.8,48.599998,.7050707210905333,3.42476036724978,1292.8,1.2928001,.043000001,.003,1,29.39606308412493,West Germany (U),Founded before 1945 (U),0
0,56,119,132,1,10.6,56.599998,.5880740251689688,3.444869342177379,848.59998,.84859997,.103,.0046000001,2,35.40191093326688,West Germany (U),Founded before 1945 (U),1
0,3,120,142,0,2.4,5.1999998,.0077899335258418,.8047527635379675,119.4,.1194,.001,.001,1,5.083417562327273,West Germany (U),Founded after 1945 (U),0
0,3,120,142,0,1.6,5,.0400422136678352,.6930818811351844,121,.121,.00060000003,.00060000003,2,4.761534465835205,West Germany (U),Founded after 1945 (U),0
0,4,120,142,0,2.8,2.5999999,.0905656329363135,.499142906954911,8.3999996,.028200001,0,.00040000002,1,5.083417562327273,West Germany (U),Founded after 1945 (U),0
0,4,120,142,0,3,3.5999999,.1198085561560095,.4593011825361341,6.1999998,.095600002,0,0,2,4.761534465835205,West Germany (U),Founded after 1945 (U),0
0,5,120,142,0,6.6,6.5999999,.0021985523298133,1.347031465509287,230,.53640002,.0035999999,.0027999999,1,5.083417562327273,West Germany (U),Founded after 1945 (U),0
0,5,120,142,0,5.8,5.1999998,.0434570477950813,1.613764814924729,233.8,.80779999,.011,.00060000003,2,4.761534465835205,West Germany (U),Founded after 1945 (U),0
0,6,120,142,0,0,,0,.0056433408564091,,0,0,0,1,5.083417562327273,West Germany (U),Founded after 1945 (U),0
0,7,120,142,0,4.8,8.8000002,.0538256090875849,1.64243955502605,177.8,.1778,.0035999999,.0027999999,1,5.083417562327273,West Germany (U),Founded after 1945 (U),0
0,7,120,142,0,5.6,5.5999999,.1034387898523588,1.458795352235735,447.79999,.44779998,.011,.00060000003,2,4.761534465835205,West Germany (U),Founded after 1945 (U),0
0,10,120,142,0,2.2,8.6000004,.4316906344858311,.4457380257853232,132.39999,.13239999,.0027999999,.00060000003,1,5.083417562327273,West Germany (U),Founded after 1945 (U),0
0,10,120,142,0,2,6,.1305567054080883,.5831401725342059,160,.16,.0074999998,0,2,4.761534465835205,West Germany (U),Founded after 1945 (U),0
0,12,120,142,0,0,,.0940161400688549,.0572037181350267,,0,.065250002,.0052499999,1,5.083417562327273,West Germany (U),Founded after 1945 (U),0
0,12,120,142,0,1,0,0,.092535408405609,0,.11175,.46799999,.037999999,2,4.761534465835205,West Germany (U),Founded after 1945 (U),0
0,13,120,142,0,0,,.00297297297275,.00735546450777,,0,.045249999,.001,1,5.083417562327273,West Germany (U),Founded after 1945 (U),0
0,17,120,142,0,5.6,11.8,.1291355155708833,1.11932206437668,761.40002,.76140004,.0054000001,.00080000004,1,5.083417562327273,West Germany (U),Founded after 1945 (U),0
0,17,120,142,0,7,19.799999,.1870546855112657,2.570722477600198,1063.6,1.0635999,.021,.0022,2,4.761534465835205,West Germany (U),Founded after 1945 (U),0
0,20,120,142,0,7.2,26.6,1.840455214070949,2.222946338005856,1059.6,1.1658001,.0041999999,.00020000001,1,5.083417562327273,West Germany (U),Founded after 1945 (U),0
0,20,120,142,0,13.8,66.599998,.2125329663806128,3.301582251841469,818.59998,1.0156,.021,.0026,2,4.761534465835205,West Germany (U),Founded after 1945 (U),0
0,21,120,142,0,10.4,49.799999,1.286510531273723,2.859251493284358,0,0,.077399999,.0078000003,1,5.083417562327273,West Germany (U),Founded after 1945 (U),0
0,21,120,142,0,4.8,24.799999,2.397265090123135,3.411251630159382,11.4,.011399999,.22680001,.0148,2,4.761534465835205,West Germany (U),Founded after 1945 (U),0
0,22,120,142,0,8.6,22.799999,.4467928880874366,1.881664937721568,332.60001,.81120002,.0035999999,.0027999999,1,5.083417562327273,West Germany (U),Founded after 1945 (U),0
0,22,120,142,0,9.6,26,1.323806944180202,1.797728341757681,390.60001,1.1362,.011,.00060000003,2,4.761534465835205,West Germany (U),Founded after 1945 (U),0
0,23,120,142,0,9.199999999999999,48.799999,1.84334029075194,2.570308468425823,236.2,.375,.0034,.0012000001,1,5.083417562327273,West Germany (U),Founded after 1945 (U),0
0,23,120,142,0,10.4,44.200001,1.908757765186883,3.368608810611989,275.79999,.60879999,.0061999997,.0024000001,2,4.761534465835205,West Germany (U),Founded after 1945 (U),0
0,25,120,142,0,5.6,17.4,.4657850742162968,1.608082964746682,467.39999,.46739998,.068400003,.0020000001,1,5.083417562327273,West Germany (U),Founded after 1945 (U),0
0,25,120,142,0,6,25,.2967652686991207,1.735073736785601,374.79999,.3784,.058800001,.0060000001,2,4.761534465835205,West Germany (U),Founded after 1945 (U),0
0,27,120,142,0,0,,0,.030270270268,.60000002,.031399999,0,.00020000001,1,5.083417562327273,West Germany (U),Founded after 1945 (U),0
0,27,120,142,0,0,,0,.0063327629774184,.60000002,.037599999,.0012000001,.00020000001,2,4.761534465835205,West Germany (U),Founded after 1945 (U),0
0,28,120,142,0,1,1,.015150906053619,.0523200372642677,0,0,.00060000003,.00060000003,1,5.083417562327273,West Germany (U),Founded after 1945 (U),0
0,28,120,142,0,1,1.6666666,0,.1775699772148407,0,0,.0054000001,.00060000003,2,4.761534465835205,West Germany (U),Founded after 1945 (U),0
0,29,120,142,0,3.6,7,.4271654244198083,.7772683200010087,216.39999,.2164,0,0,1,5.083417562327273,West Germany (U),Founded after 1945 (U),0
0,29,120,142,0,3.8,9,.3855464129611176,.6893306026519187,202.2,.2022,0,0,2,4.761534465835205,West Germany (U),Founded after 1945 (U),0
0,31,120,142,0,0,,0,0,,0,.023,.003,1,5.083417562327273,West Germany (U),Founded after 1945 (U),0
0,32,120,142,0,8.6,13.2,.0802688701007756,1.810471303403937,270,.31799999,.055799998,.0089999996,1,5.083417562327273,West Germany (U),Founded after 1945 (U),0
0,32,120,142,0,8.199999999999999,19.200001,.2978164254926006,1.992080305790359,305.60001,.42899999,.1074,.011600001,2,4.761534465835205,West Germany (U),Founded after 1945 (U),0
0,33,120,142,0,0,,.0002428026361057,.0534215785170824,273.79999,.27379999,0,0,2,4.761534465835205,West Germany (U),Founded after 1945 (U),0
0,36,120,142,0,3,7.8000002,.0858355139582081,.6963087559458521,131.2,.1496,.00040000002,.0012000001,1,5.083417562327273,West Germany (U),Founded after 1945 (U),0
0,36,120,142,0,3.6,6.8000002,.000869927159076,.7803283216354864,120.6,.16760001,.0016000001,.00020000001,2,4.761534465835205,West Germany (U),Founded after 1945 (U),0
0,38,120,142,0,5.4,10.2,.2641873187432551,.9517382855114396,612.79999,.6128,.0083999997,.0034,1,5.083417562327273,West Germany (U),Founded after 1945 (U),0
0,38,120,142,0,6.4,8.8000002,.2006868029390443,1.383522316504995,646.40002,.64640003,.022200001,.0032000002,2,4.761534465835205,West Germany (U),Founded after 1945 (U),0
1,39,120,142,0,15.8,80.599998,2.531497043139977,3.517178943237738,1036.8,1.0368,.45300001,.024,1,5.083417562327273,West Germany (U),Founded after 1945 (U),0
0,39,120,142,0,13.4,65,1.564424754507666,4.421477822398083,953.79999,.95379996,1.0128,.028000001,2,4.761534465835205,West Germany (U),Founded after 1945 (U),0
0,40,120,142,0,0,,0,,261,.26100001,.0020000001,0,1,5.083417562327273,West Germany (U),Founded after 1945 (U),0
0,40,120,142,0,0,,0,.0018158667967657,128.39999,.1284,.0049999999,.00040000002,2,4.761534465835205,West Germany (U),Founded after 1945 (U),0
0,41,120,142,0,0,8.6000004,.0632521883545068,.0867589981494741,,0,0,0,1,5.083417562327273,West Germany (U),Founded after 1945 (U),0
0,41,120,142,0,0,,.0932229656262528,.0802913541962575,0,0,0,0,2,4.761534465835205,West Germany (U),Founded after 1945 (U),0
0,42,120,142,0,17.8,31.4,.5208423687920438,4.203043434476482,1743.6,1.7436,.0061999997,0,1,5.083417562327273,West Germany (U),Founded after 1945 (U),0
0,42,120,142,0,17.2,34.400002,.6623405085948268,4.169986304197447,1441,1.441,.0144,.00040000002,2,4.761534465835205,West Germany (U),Founded after 1945 (U),0
0,44,120,142,0,5.4,8.3999996,.0553453864356935,1.428463256571379,154.8,.2676,.0035999999,.0027999999,1,5.083417562327273,West Germany (U),Founded after 1945 (U),0
0,44,120,142,0,4.4,5.5999999,.0174436161287698,1.560622371924972,122.2,.3484,.011,.00060000003,2,4.761534465835205,West Germany (U),Founded after 1945 (U),0
0,45,120,142,0,2,1,.0089875634920106,.334972758150217,31.799999,.036400001,.0035999999,.0027999999,1,5.083417562327273,West Germany (U),Founded after 1945 (U),0
0,45,120,142,0,2,2,.1220882544864767,.4320327882713791,47,.054000001,.011,.00060000003,2,4.761534465835205,West Germany (U),Founded after 1945 (U),0
0,47,120,142,0,0,,0,.4071399593808672,,0,.003,0,2,4.761534465835205,West Germany (U),Founded after 1945 (U),0
0,48,120,142,0,7.4,22,.6329807073778352,1.4265724536489,475,.53799999,.017999999,.0012000001,1,5.083417562327273,West Germany (U),Founded after 1945 (U),0
0,48,120,142,0,6.2,21.6,.4903197636918434,1.650362224348333,669.40002,.79359996,.033,.0032000002,2,4.761534465835205,West Germany (U),Founded after 1945 (U),0
0,49,120,142,0,0,,0,.0503432494169418,,0,0,0,1,5.083417562327273,West Germany (U),Founded after 1945 (U),0
0,50,120,142,0,0,1.2,.1735581354660784,.4025165314957066,0,0,0,0,1,5.083417562327273,West Germany (U),Founded after 1945 (U),0
0,50,120,142,0,2,7.5999999,.2266001865740028,.4481452406039481,167.39999,.16739999,0,0,2,4.761534465835205,West Germany (U),Founded after 1945 (U),0
0,52,120,142,0,0,,.0027687156583251,.0081624700021971,,0,0,0,1,5.083417562327273,West Germany (U),Founded after 1945 (U),0
0,52,120,142,0,0,,0,.0006052889322552,15.2,.0152,0,0,2,4.761534465835205,West Germany (U),Founded after 1945 (U),0
0,56,120,142,0,19.6,59.200001,1.21835268782208,4.36027230727669,1744,1.744,.065199994,.0064000003,1,5.083417562327273,West Germany (U),Founded after 1945 (U),0
0,56,120,142,0,19.6,55.799999,1.020689151835976,4.881857622288042,1669.8,1.6698,.1162,.013,2,4.761534465835205,West Germany (U),Founded after 1945 (U),0
0,3,121,132,0,0,0,0,,,0,0,0,1,5.822897341135993,West Germany (U),Founded after 1945 (U),0
0,4,121,132,0,0,0,0,,,0,0,0,1,5.822897341135993,West Germany (U),Founded after 1945 (U),0
0,4,121,132,0,0,0,0,,,0,0,0,2,11.43289981649817,West Germany (U),Founded after 1945 (U),0
0,5,121,132,0,0,0,0,,,0,.001,0,1,5.822897341135993,West Germany (U),Founded after 1945 (U),0
0,5,121,132,0,0,0,0,,,0,.0036666668,0,2,11.43289981649817,West Germany (U),Founded after 1945 (U),0
0,7,121,132,0,0,0,0,,,0,.001,0,1,5.822897341135993,West Germany (U),Founded after 1945 (U),0
0,7,121,132,0,0,0,0,,,0,.0036666668,0,2,11.43289981649817,West Germany (U),Founded after 1945 (U),0
0,10,121,132,0,0,0,0,,,0,0,0,1,5.822897341135993,West Germany (U),Founded after 1945 (U),0
0,10,121,132,0,0,0,0,,,0,.0016666666,0,2,11.43289981649817,West Germany (U),Founded after 1945 (U),0
0,12,121,132,0,11.8,79.400002,2.400714698764367,5.306310598913739,344,.43739998,4.7866001,.1488,1,5.822897341135993,West Germany (U),Founded after 1945 (U),0
0,12,121,132,0,12,96.199997,3.280172898287114,5.24361846197275,395.39999,.53559995,7.2946,.18539999,2,11.43289981649817,West Germany (U),Founded after 1945 (U),0
0,13,121,132,0,13.2,102.8,2.926283146508341,5.397887692052595,324,.35100001,2.5929999,.088199995,1,5.822897341135993,West Germany (U),Founded after 1945 (U),0
0,13,121,132,0,12.4,140.8,3.403591294435875,5.321086789711971,592.20001,.6304,4.8422003,.1026,2,11.43289981649817,West Germany (U),Founded after 1945 (U),0
0,14,121,132,0,0,0,0,,,0,0,0,1,5.822897341135993,West Germany (U),Founded after 1945 (U),0
0,15,121,132,0,16.6,119.6,5.765354963881431,7.152583333931315,520.59998,.52059996,.1778,.023,1,5.822897341135993,West Germany (U),Founded after 1945 (U),0
0,15,121,132,0,17.2,122.4,5.300915038802484,6.464549445418624,377.60001,.37760001,.32679999,.025,2,11.43289981649817,West Germany (U),Founded after 1945 (U),0
0,17,121,132,0,1.4,7.4000001,.2130237499158191,.4143114126310305,,0,.0041999999,.0014,1,5.822897341135993,West Germany (U),Founded after 1945 (U),0
0,17,121,132,0,1.6,18,1.56018251391783,.7272579919513011,,0,.0152,.003,2,11.43289981649817,West Germany (U),Founded after 1945 (U),0
0,22,121,132,0,0,0,0,,,0,.001,0,1,5.822897341135993,West Germany (U),Founded after 1945 (U),0
0,22,121,132,0,0,0,0,,,0,.0036666668,0,2,11.43289981649817,West Germany (U),Founded after 1945 (U),0
0,23,121,132,0,0,0,0,,,0,0,0,1,5.822897341135993,West Germany (U),Founded after 1945 (U),0
0,23,121,132,0,0,0,0,,,0,.0040000002,0,2,11.43289981649817,West Germany (U),Founded after 1945 (U),0
0,24,121,132,0,0,0,0,,,0,.001,0,1,5.822897341135993,West Germany (U),Founded after 1945 (U),0
0,25,121,132,0,16,69.800003,1.783043156990142,5.228451761085578,1059.2,1.0614001,.1574,.0112,1,5.822897341135993,West Germany (U),Founded after 1945 (U),0
0,25,121,132,0,15.8,66.400002,1.201200881358164,4.956080762173222,806.40002,.81240004,.14539999,.0152,2,11.43289981649817,West Germany (U),Founded after 1945 (U),0
0,26,121,132,0,1,5.5999999,.0570555421584073,.7267021838923053,,0,0,0,1,5.822897341135993,West Germany (U),Founded after 1945 (U),0
0,26,121,132,0,1,7.4000001,.0681516894628901,.954250923307163,0,.0024999999,0,0,2,11.43289981649817,West Germany (U),Founded after 1945 (U),0
0,28,121,132,0,0,0,0,,,0,.0020000001,0,1,5.822897341135993,West Germany (U),Founded after 1945 (U),0
0,29,121,132,0,0,0,0,,,0,0,0,1,5.822897341135993,West Germany (U),Founded after 1945 (U),0
0,29,121,132,0,0,0,0,,,0,0,0,2,11.43289981649817,West Germany (U),Founded after 1945 (U),0
0,31,121,132,0,0,0,0,,,0,.625,.039999999,1,5.822897341135993,West Germany (U),Founded after 1945 (U),0
0,32,121,132,0,12.2,30.799999,.4655031325083663,3.608156636889761,763,.80040002,.1688,.0264,1,5.822897341135993,West Germany (U),Founded after 1945 (U),0
0,32,121,132,0,15.4,48.200001,1.221984914961686,3.971381880852282,827.59998,.90759999,.35279998,.0294,2,11.43289981649817,West Germany (U),Founded after 1945 (U),0
0,33,121,132,0,.4,3.5999999,.5544040764940671,.8237769184612268,,0,0,0,1,5.822897341135993,West Germany (U),Founded after 1945 (U),0
0,33,121,132,0,3,38.799999,4.821024296323196,2.315981028949352,,0,0,0,2,11.43289981649817,West Germany (U),Founded after 1945 (U),0
0,34,121,132,0,0,0,0,,,0,0,0,1,5.822897341135993,West Germany (U),Founded after 1945 (U),0
0,34,121,132,0,0,0,0,,,0,.00033333333,0,2,11.43289981649817,West Germany (U),Founded after 1945 (U),0
0,36,121,132,0,.25,.5,.002162162162,.004324324324,4,.0040000002,.0017500001,.00050000002,1,5.822897341135993,West Germany (U),Founded after 1945 (U),0
0,36,121,132,0,.6,3.2,.0366561900508277,.3993289684849848,9.1999998,.0092000002,.0070000002,.00040000002,2,11.43289981649817,West Germany (U),Founded after 1945 (U),0
0,37,121,132,0,14,82,2.170978175213199,6.005068853429495,339.60001,.34420002,2.5216,.14639999,1,5.822897341135993,West Germany (U),Founded after 1945 (U),0
0,37,121,132,0,9.4,86.400002,1.947744409048091,4.023567394899281,389.39999,.39920002,4.2610002,.17060001,2,11.43289981649817,West Germany (U),Founded after 1945 (U),0
0,39,121,132,0,0,0,0,,,0,.32499999,.028999999,1,5.822897341135993,West Germany (U),Founded after 1945 (U),0
0,39,121,132,0,1.4,6.1999998,.1494276911208231,.5787366050607895,170,.17,.65799999,.034000002,2,11.43289981649817,West Germany (U),Founded after 1945 (U),0
0,41,121,132,0,0,0,0,,,0,0,0,1,5.822897341135993,West Germany (U),Founded after 1945 (U),0
0,42,121,132,0,0,0,0,,,0,.0024999999,.00025000001,1,5.822897341135993,West Germany (U),Founded after 1945 (U),0
0,42,121,132,0,0,0,0,,,0,.012,.00066666666,2,11.43289981649817,West Germany (U),Founded after 1945 (U),0
0,44,121,132,0,0,0,0,,,0,.001,0,1,5.822897341135993,West Germany (U),Founded after 1945 (U),0
0,44,121,132,0,0,0,0,,,0,.0036666668,0,2,11.43289981649817,West Germany (U),Founded after 1945 (U),0
0,45,121,132,0,0,0,0,,,0,.001,0,1,5.822897341135993,West Germany (U),Founded after 1945 (U),0
0,45,121,132,0,0,0,0,,,0,.0036666668,0,2,11.43289981649817,West Germany (U),Founded after 1945 (U),0
0,48,121,132,0,0,0,0,,,0,.001,0,1,5.822897341135993,West Germany (U),Founded after 1945 (U),0
0,48,121,132,0,0,0,0,,,0,.0073333336,.00066666666,2,11.43289981649817,West Germany (U),Founded after 1945 (U),0
0,50,121,132,0,0,2,0,,,0,0,0,1,5.822897341135993,West Germany (U),Founded after 1945 (U),0
0,50,121,132,0,0,4,.0156578361997762,.5939840756205907,,0,0,0,2,11.43289981649817,West Germany (U),Founded after 1945 (U),0
0,56,121,132,0,9.4,27.200001,.9059886791212466,2.183684015320403,377.39999,.37739998,.0186,.0038000001,1,5.822897341135993,West Germany (U),Founded after 1945 (U),0
0,56,121,132,0,13,40.400002,.5211302353535401,3.041766932757748,623,.62300003,.074599996,.0083999997,2,11.43289981649817,West Germany (U),Founded after 1945 (U),0
0,3,122,143,0,8,50.200001,2.31217312903278,4.045983784053917,251.8,.2518,.00040000002,.00060000003,1,13.82085877566027,West Germany (U),Founded after 1945 (U),0
0,3,122,143,0,8.4,34.200001,.2228251986131958,2.404983536578633,462.20001,.46220002,.00020000001,.00080000004,2,21.5074987004721,West Germany (U),Founded after 1945 (U),0
0,4,122,143,0,1,4.4000001,.008090355131867,.460217138251097,7,.0272,.001,0,1,13.82085877566027,West Germany (U),Founded after 1945 (U),0
0,4,122,143,0,1,1.8,.0129529998301513,.3344453550269608,7.1999998,.047400001,.00060000003,0,2,21.5074987004721,West Germany (U),Founded after 1945 (U),0
0,5,122,143,0,4,9.3999996,.0148374163597511,1.28010360220661,401.60001,.65740001,.0058000004,.0048000002,1,13.82085877566027,West Germany (U),Founded after 1945 (U),0
0,5,122,143,0,4,9.1999998,.0100945851860735,1.39725892646052,252.8,.58520001,.0264,.0040000002,2,21.5074987004721,West Germany (U),Founded after 1945 (U),0
0,7,122,143,0,.75,2.5,0,.3320120267923102,1.4,.0014,.0058000004,.0048000002,1,13.82085877566027,West Germany (U),Founded after 1945 (U),0
0,7,122,143,0,0,,2.058381926609861,.6317910703731426,1,.001,.0264,.0040000002,2,21.5074987004721,West Germany (U),Founded after 1945 (U),0
0,10,122,143,0,1,5,.0133937384549298,.3229989248385838,187.39999,.1874,.00040000002,.00040000002,1,13.82085877566027,West Germany (U),Founded after 1945 (U),0
0,10,122,143,0,1,4,0,,153,.153,.001,.001,2,21.5074987004721,West Germany (U),Founded after 1945 (U),0
0,12,122,143,0,5.2,37.400002,.8939563608794276,2.650045442878654,291.39999,.30720001,2.3546002,.1044,1,13.82085877566027,West Germany (U),Founded after 1945 (U),0
0,12,122,143,0,5.2,41.400002,1.508614676357638,2.044801209878353,290.20001,.31320003,4.4352002,.109,2,21.5074987004721,West Germany (U),Founded after 1945 (U),0
0,13,122,143,0,10.8,96.599998,1.959770126681065,5.361092314002903,283.20001,.32800001,1.9161999,.090800002,1,13.82085877566027,West Germany (U),Founded after 1945 (U),0
0,13,122,143,0,12.2,123.4,2.881570467565301,4.628228963981722,291.39999,.3874,3.7738001,.121,2,21.5074987004721,West Germany (U),Founded after 1945 (U),0
0,15,122,143,0,8.199999999999999,37,.9779259360641327,3.590113817830906,262.60001,.266,.040799998,.003,1,13.82085877566027,West Germany (U),Founded after 1945 (U),0
0,15,122,143,0,8,35.400002,0,,105.2,.1084,.1102,.0089999996,2,21.5074987004721,West Germany (U),Founded after 1945 (U),0
0,17,122,143,0,2.4,9.3999996,.3113759928989573,.8991832363732682,175,.175,.0054000001,.00080000004,1,13.82085877566027,West Germany (U),Founded after 1945 (U),0
0,17,122,143,0,4,15.4,.1895574570141392,.8845218900650794,43.400002,.043400001,.036599997,.0032000002,2,21.5074987004721,West Germany (U),Founded after 1945 (U),0
0,18,122,143,0,2.8,3.5999999,.0017616758236246,.4770711683933516,9.8000002,.036200002,0,0,1,13.82085877566027,West Germany (U),Founded after 1945 (U),0
0,18,122,143,0,3,3.4000001,.0348199336794199,.4822900323076257,11.8,.0504,.00040000002,.00040000002,2,21.5074987004721,West Germany (U),Founded after 1945 (U),0
0,20,122,143,0,3,14,.50491505628264,1.014768589897813,60,.1192,.0018,0,1,13.82085877566027,West Germany (U),Founded after 1945 (U),0
0,20,122,143,0,3.2,8.6000004,.6673814117726946,.3001388035479449,2.4000001,.0438,.0034,.00020000001,2,21.5074987004721,West Germany (U),Founded after 1945 (U),0
0,21,122,143,0,1,9,.0498097600925463,.0110122629640949,,0,.086400002,.0052,1,13.82085877566027,West Germany (U),Founded after 1945 (U),0
0,21,122,143,0,2,10,0,,,0,.134,.003,2,21.5074987004721,West Germany (U),Founded after 1945 (U),0
0,22,122,143,0,7.6,27.6,.3696885793964885,2.522056265851989,402.39999,.81580001,.0058000004,.0048000002,1,13.82085877566027,West Germany (U),Founded after 1945 (U),0
0,22,122,143,0,8,27.6,.3369165394207081,2.286246331854672,316.79999,.80779999,.0264,.0040000002,2,21.5074987004721,West Germany (U),Founded after 1945 (U),0
0,23,122,143,0,9.199999999999999,22.4,.2150898723289829,2.667735433965409,180.39999,.26920003,.0022,.00040000002,1,13.82085877566027,West Germany (U),Founded after 1945 (U),0
0,23,122,143,0,9.800000000000001,25,.3953347109381773,1.961293011034659,127.6,.25659999,.0040000002,.00060000003,2,21.5074987004721,West Germany (U),Founded after 1945 (U),0
0,25,122,143,1,15.2,88.800003,3.206356306436471,4.255346138701168,1169.4,1.1778001,.29960001,.012399999,1,13.82085877566027,West Germany (U),Founded after 1945 (U),0
1,25,122,143,1,19.6,136,7.452600470016751,1.937740241963273,863,.87559998,.35720003,.0308,2,21.5074987004721,West Germany (U),Founded after 1945 (U),1
0,26,122,143,0,0,,.0017979762798692,.1538293778283289,115,.115,0,0,1,13.82085877566027,West Germany (U),Founded after 1945 (U),0
0,26,122,143,0,1.6,7,4.309241231392693,1.735985512005935,208,.2158,0,0,2,21.5074987004721,West Germany (U),Founded after 1945 (U),0
0,27,122,143,0,2.8,2.2,.0019747434207058,.5567554684826461,18.6,.054000001,0,0,1,13.82085877566027,West Germany (U),Founded after 1945 (U),0
0,27,122,143,0,2.6,3.5999999,.0240585496421798,.5491683515602769,13.6,.076400004,.00040000002,.00040000002,2,21.5074987004721,West Germany (U),Founded after 1945 (U),0
0,28,122,143,0,0,,.3467995793738289,.3662383861860742,,0,.00060000003,0,2,21.5074987004721,West Germany (U),Founded after 1945 (U),0
0,29,122,143,0,2.6,2.4000001,.0276175380448413,.7266547140603855,138,.147,0,0,1,13.82085877566027,West Germany (U),Founded after 1945 (U),0
0,29,122,143,0,1,2,.0260817597709219,.3908292054160293,49.400002,.049800001,0,0,2,21.5074987004721,West Germany (U),Founded after 1945 (U),0
0,31,122,143,0,14.2,69.400002,3.75536944594181,5.917338823290304,224.60001,.2456,.73659998,.0418,1,13.82085877566027,West Germany (U),Founded after 1945 (U),0
0,31,122,143,0,12.4,70.199997,1.868956963729469,2.606855308045973,216.8,.2262,1.4008,.051200002,2,21.5074987004721,West Germany (U),Founded after 1945 (U),0
0,32,122,143,0,16.6,43.599998,.620667084138066,3.598476126484167,204.60001,.3258,.1848,.0198,1,13.82085877566027,West Germany (U),Founded after 1945 (U),0
0,32,122,143,0,13.2,32.799999,.4966853032237455,2.813307820817613,170.2,.4258,.36140001,.027799999,2,21.5074987004721,West Germany (U),Founded after 1945 (U),0
0,33,122,143,0,0,,.0008791208788617,.8166464994078786,,0,0,0,1,13.82085877566027,West Germany (U),Founded after 1945 (U),0
0,33,122,143,0,0,,.0000391772771686,.5336259125268432,86,.086000003,0,0,2,21.5074987004721,West Germany (U),Founded after 1945 (U),0
0,34,122,143,0,1.8,3.4000001,.0183049029131643,.4505285102712824,47.200001,.069800004,0,.00040000002,1,13.82085877566027,West Germany (U),Founded after 1945 (U),0
0,34,122,143,0,1.2,3.5999999,.0080351310227284,.4161790530777286,99.800003,.1214,.00040000002,.00040000002,2,21.5074987004721,West Germany (U),Founded after 1945 (U),0
1,35,122,143,0,5,45,1.619286437596581,1.791399096488446,256.60001,.25659999,.077800006,.0016000001,1,13.82085877566027,West Germany (U),Founded after 1945 (U),0
1,35,122,143,0,5.8,72,2.784662161832161,.8129994100068595,224,.22400001,.2128,.0046000001,2,21.5074987004721,West Germany (U),Founded after 1945 (U),0
0,36,122,143,0,3,9.1999998,.2442331724826133,.6632601577822533,141.39999,.15180001,.0022,.0024000001,1,13.82085877566027,West Germany (U),Founded after 1945 (U),0
0,36,122,143,0,4.8,8,.1648248724651539,.4903072339647113,81.599998,.092599995,.0058000004,.0014,2,21.5074987004721,West Germany (U),Founded after 1945 (U),0
0,37,122,143,0,12.2,64.400002,2.488061716136868,4.866309025724229,229.2,.2456,1.5084001,.1112,1,13.82085877566027,West Germany (U),Founded after 1945 (U),0
0,37,122,143,0,14.2,73,1.892316995987382,3.924618666954613,214.2,.25220001,2.5906,.1196,2,21.5074987004721,West Germany (U),Founded after 1945 (U),0
0,38,122,143,0,0,1.5,0,.0299793712395298,8.6000004,.0086000003,.0144,.00040000002,1,13.82085877566027,West Germany (U),Founded after 1945 (U),0
0,38,122,143,0,0,,0,,0,0,.0272,.0016000001,2,21.5074987004721,West Germany (U),Founded after 1945 (U),0
0,39,122,143,0,6.8,32.799999,2.176482603772234,1.948576748583468,541.20001,.54120004,.17819999,.0188,1,13.82085877566027,West Germany (U),Founded after 1945 (U),0
0,39,122,143,0,9.199999999999999,39.799999,.8164264170178747,2.134918756868276,640.20001,.64020002,.70999998,.042400002,2,21.5074987004721,West Germany (U),Founded after 1945 (U),0
0,41,122,143,0,0,,.0022883295189519,.2872254230343168,13.5,.0135,0,0,1,13.82085877566027,West Germany (U),Founded after 1945 (U),0
0,41,122,143,0,1,4.25,.0048459429049938,.2265393182693189,224,.22400001,0,0,2,21.5074987004721,West Germany (U),Founded after 1945 (U),0
0,42,122,143,0,18.4,36.200001,.4724909576753853,6.202901048192999,1521.8,1.5218,.0040000002,.00040000002,1,13.82085877566027,West Germany (U),Founded after 1945 (U),0
0,42,122,143,0,17.6,42.599998,.3731450721755482,4.821403221282781,2235.2,2.2351999,.0142,.00060000003,2,21.5074987004721,West Germany (U),Founded after 1945 (U),0
0,44,122,143,0,7.8,28.200001,.7702012099510223,2.654267776602963,635.59998,.81879997,.0058000004,.0048000002,1,13.82085877566027,West Germany (U),Founded after 1945 (U),0
0,44,122,143,0,7,18.6,.2321339461152268,2.20079442733049,459.39999,.68800002,.0264,.0040000002,2,21.5074987004721,West Germany (U),Founded after 1945 (U),0
0,45,122,143,0,1,4,.0219236642495137,.3973315819266811,57.799999,.057999998,.0058000004,.0048000002,1,13.82085877566027,West Germany (U),Founded after 1945 (U),0
0,45,122,143,0,1.2,3.4000001,.0788140728083167,.2081761221731963,12,.012,.0264,.0040000002,2,21.5074987004721,West Germany (U),Founded after 1945 (U),0
0,46,122,143,0,.3333333333333333,1,0,,,0,0,0,1,13.82085877566027,West Germany (U),Founded after 1945 (U),0
0,48,122,143,0,1.8,14.6,.3935819910460149,.4726458699491759,81.400002,.091600001,.003,.00060000003,1,13.82085877566027,West Germany (U),Founded after 1945 (U),0
0,48,122,143,0,1,10.4,.7300415914372722,.1125886385591193,64.599998,.064800002,.0083999997,.0026,2,21.5074987004721,West Germany (U),Founded after 1945 (U),0
0,49,122,143,0,2.8,12.2,.4700856206290252,1.380197454207382,300.39999,.41279998,0,0,1,13.82085877566027,West Germany (U),Founded after 1945 (U),0
0,49,122,143,0,2.8,13.4,.2068384454674079,1.171961341959428,222.2,.403,.00060000003,.00040000002,2,21.5074987004721,West Germany (U),Founded after 1945 (U),0
0,50,122,143,0,0,5,.0440095495900448,1.388275284774205,164.8,.1648,0,0,1,13.82085877566027,West Germany (U),Founded after 1945 (U),0
0,50,122,143,0,0,0,.0493603320094606,.3255595356108714,443.39999,.4434,0,0,2,21.5074987004721,West Germany (U),Founded after 1945 (U),0
0,56,122,143,0,12,52.400002,1.722505768459549,6.638372957528857,1809,1.8200001,.0548,.0054000001,1,13.82085877566027,West Germany (U),Founded after 1945 (U),0
0,56,122,143,0,14.6,61.200001,1.945312200467535,5.060512407060295,1854.8,1.8556,.11719999,.011399999,2,21.5074987004721,West Germany (U),Founded after 1945 (U),0
0,1,123,141,0,0,0,0,,,0,0,0,2,30.62582961110883,West Germany (U),Founded before 1945 (U),0
0,3,123,141,0,3.4,14,.317065872749638,1.729990845320343,495.39999,.49539998,.0078000003,.003,1,21.25392504306081,West Germany (U),Founded before 1945 (U),0
0,3,123,141,0,4.8,30.200001,.6610634094411448,4.438628442396946,273.60001,.27360001,.0044,.0020000001,2,30.62582961110883,West Germany (U),Founded before 1945 (U),0
0,4,123,141,0,7.8,19.6,.7545788702494688,1.74866099369453,163.60001,.36220002,.00020000001,.00020000001,1,21.25392504306081,West Germany (U),Founded before 1945 (U),0
0,4,123,141,0,6.6,16.200001,1.389096610484631,3.545152391748271,108.4,.4346,.00040000002,.00060000003,2,30.62582961110883,West Germany (U),Founded before 1945 (U),0
0,5,123,141,0,7.2,28,.0362989852567942,2.894832952931378,602.40002,2.0368001,.010600001,.0038000001,1,21.25392504306081,West Germany (U),Founded before 1945 (U),0
0,5,123,141,0,8.6,39.599998,.267983827641284,3.880589344107983,376.79999,1.4648,.0262,.0052,2,30.62582961110883,West Germany (U),Founded before 1945 (U),0
0,6,123,141,0,0,0,0,,,0,0,0,2,30.62582961110883,West Germany (U),Founded before 1945 (U),0
0,7,123,141,0,15,62.799999,1.404703194363037,3.77418849955639,1823.8,1.8238001,.010600001,.0038000001,1,21.25392504306081,West Germany (U),Founded before 1945 (U),0
0,7,123,141,0,12.6,30.200001,1.396673396763753,4.655633152277562,924,.92460001,.0262,.0052,2,30.62582961110883,West Germany (U),Founded before 1945 (U),0
0,10,123,141,0,0,0,0,.0089102184614685,27,.027000001,.0022,.00080000004,1,21.25392504306081,West Germany (U),Founded before 1945 (U),0
0,10,123,141,0,0,,0,,362,.36199999,.0089999996,.001,2,30.62582961110883,West Germany (U),Founded before 1945 (U),0
0,11,123,141,0,0,,0,1.243493590545319,,0,.00020000001,0,1,21.25392504306081,West Germany (U),Founded before 1945 (U),0
0,11,123,141,0,0,,.3281459632069967,1.362055257806482,,0,.00020000001,0,2,30.62582961110883,West Germany (U),Founded before 1945 (U),0
1,12,123,141,1,36.2,164.8,6.793889786263283,14.75632283920441,1123.4,1.8558,6.3793998,.2058,1,21.25392504306081,West Germany (U),Founded before 1945 (U),0
0,12,123,141,1,31.4,198.8,15.76060780463233,9.006891367069729,844,1.2645999,10.9202,.26660001,2,30.62582961110883,West Germany (U),Founded before 1945 (U),1
0,13,123,141,0,21.4,147.8,3.7847051813712,11.15341660902413,1020.4,1.2184,2.0763998,.122,1,21.25392504306081,West Germany (U),Founded before 1945 (U),0
0,13,123,141,0,20.2,159,5.114290579138897,16.9164133996896,582.79999,.81959999,4.1907997,.1178,2,30.62582961110883,West Germany (U),Founded before 1945 (U),0
0,14,123,141,0,2.2,7.1999998,.076734984595212,.7464000375710393,452.79999,.45279998,0,0,1,21.25392504306081,West Germany (U),Founded before 1945 (U),0
0,14,123,141,0,3.2,11.4,.0273393730654249,1.401028229594941,234.39999,.23439999,.00020000001,0,2,30.62582961110883,West Germany (U),Founded before 1945 (U),0
0,15,123,141,0,0,0,0,,,0,.155,.0089999996,2,30.62582961110883,West Germany (U),Founded before 1945 (U),0
0,17,123,141,0,15.4,22.4,.1066740786934051,3.671756610751035,2335.3999,2.4322,.0064000003,.001,1,21.25392504306081,West Germany (U),Founded before 1945 (U),0
0,17,123,141,0,18.4,42.599998,.4342204074292161,7.170269682025459,1005.8,1.1418,.029999999,.0040000002,2,30.62582961110883,West Germany (U),Founded before 1945 (U),0
0,18,123,141,0,4.4,3,0,.7514233103353927,0,.15560001,0,.00060000003,1,21.25392504306081,West Germany (U),Founded before 1945 (U),0
0,18,123,141,0,3,3.2,.0052610997052997,.7643887505645041,0,.1154,.0022,.00060000003,2,30.62582961110883,West Germany (U),Founded before 1945 (U),0
0,20,123,141,0,10.4,24.6,.4216479032496029,3.078328012235609,745.40002,1.327,.0162,.00040000002,1,21.25392504306081,West Germany (U),Founded before 1945 (U),0
0,20,123,141,0,9.199999999999999,45.200001,1.634430509381724,3.193764065016497,739.20001,1.058,.059799999,.0071999999,2,30.62582961110883,West Germany (U),Founded before 1945 (U),0
0,21,123,141,0,13.8,77.599998,4.732232880216792,4.241694268165775,1282,1.2819999,.82740003,.045400001,1,21.25392504306081,West Germany (U),Founded before 1945 (U),0
0,21,123,141,0,15.4,66,3.61329304836314,4.769541152511146,467.39999,.46739998,1.9170001,.076400004,2,30.62582961110883,West Germany (U),Founded before 1945 (U),0
0,22,123,141,0,21.4,68.199997,2.551927799548785,5.435760894420239,1913,4.0288,.010600001,.0038000001,1,21.25392504306081,West Germany (U),Founded before 1945 (U),0
0,22,123,141,0,20,49.400002,1.08824597533639,8.340514262024131,1004.2,2.7918,.0262,.0052,2,30.62582961110883,West Germany (U),Founded before 1945 (U),0
1,23,123,141,0,25.8,54.599998,1.749760544987531,7.140658313838057,1439.8,2.1346002,.0122,.0035999999,1,21.25392504306081,West Germany (U),Founded before 1945 (U),0
0,23,123,141,0,24.4,96.199997,1.056391642995167,8.136392974596008,797.59998,1.5156,.048799999,.0071999999,2,30.62582961110883,West Germany (U),Founded before 1945 (U),0
0,24,123,141,0,2,2.2,.0023783783782,.0877878016999613,0,.13519999,.00060000003,0,1,21.25392504306081,West Germany (U),Founded before 1945 (U),0
0,24,123,141,0,1.4,2.5999999,.0224962815459805,.6562008577161856,0,.039999999,.0020000001,.00020000001,2,30.62582961110883,West Germany (U),Founded before 1945 (U),0
0,25,123,141,0,4,11,.0480229835000431,.1554760510771914,668.59998,.67320001,.1072,.0061999997,1,21.25392504306081,West Germany (U),Founded before 1945 (U),0
0,25,123,141,0,4.4,22.4,.5870732317620989,1.773819111908947,513.40002,.51480001,.14039999,.0096000005,2,30.62582961110883,West Germany (U),Founded before 1945 (U),0
0,27,123,141,0,3.4,4.4000001,.0015624999993161,.662699204737174,35,.27779999,0,.00060000003,1,21.25392504306081,West Germany (U),Founded before 1945 (U),0
0,27,123,141,0,4,4.5999999,0,1.157154373623744,5,.20819999,.0022,.00060000003,2,30.62582961110883,West Germany (U),Founded before 1945 (U),0
0,28,123,141,0,3.8,4.5999999,1.038882681863711,.6266509406647131,185.60001,.18560001,.0020000001,.0018,1,21.25392504306081,West Germany (U),Founded before 1945 (U),0
0,28,123,141,0,3,17.4,0,,195.2,.1952,.0032000002,.00020000001,2,30.62582961110883,West Germany (U),Founded before 1945 (U),0
0,29,123,141,0,7.4,11.2,.2299008611427503,1.150132624675722,408.79999,.53119999,.00020000001,0,1,21.25392504306081,West Germany (U),Founded before 1945 (U),0
0,29,123,141,0,7.4,12.8,0,,317.79999,.45020002,.00020000001,0,2,30.62582961110883,West Germany (U),Founded before 1945 (U),0
0,32,123,141,0,23.4,44,.46535746798093,5.06319117932183,1325,2.1658001,.2714,.0252,1,21.25392504306081,West Germany (U),Founded before 1945 (U),0
0,32,123,141,0,21.8,42.400002,2.073553940018914,7.42631354847484,972.79999,1.6598001,.5334,.046799999,2,30.62582961110883,West Germany (U),Founded before 1945 (U),0
0,33,123,141,0,0,,0,1.36717571899906,0,.1472,0,0,1,21.25392504306081,West Germany (U),Founded before 1945 (U),0
0,33,123,141,0,0,1.3333334,0,,0,.011399999,0,0,2,30.62582961110883,West Germany (U),Founded before 1945 (U),0
0,34,123,141,0,7,10.4,.1518697857817737,1.649871015500739,605.59998,.74579996,.00040000002,.00080000004,1,21.25392504306081,West Germany (U),Founded before 1945 (U),0
0,34,123,141,0,7.2,9,.1349567026173338,2.842851488483301,318.60001,.40079999,.00040000002,.0024000001,2,30.62582961110883,West Germany (U),Founded before 1945 (U),0
0,36,123,141,0,6.6,13,.2948127578556906,1.845257135135541,791.40002,.95240003,.0049999999,.0026,1,21.25392504306081,West Germany (U),Founded before 1945 (U),0
0,36,123,141,1,6,29.6,.7911233280435277,2.671477290236472,226.2,.3698,.016000001,.0044,2,30.62582961110883,West Germany (U),Founded before 1945 (U),0
0,37,123,141,1,22.4,156.39999,7.076872882937474,9.258708820843172,689.20001,.82700002,5.1496,.25560001,1,21.25392504306081,West Germany (U),Founded before 1945 (U),0
0,37,123,141,1,25,173.2,9.277551978441752,9.130047757850049,526.59998,.68800002,8.7695999,.31220001,2,30.62582961110883,West Germany (U),Founded before 1945 (U),1
0,38,123,141,0,7.5,23.5,.754041061896806,1.80152189247661,499.39999,.50260001,.031799998,.0054000001,1,21.25392504306081,West Germany (U),Founded before 1945 (U),0
0,38,123,141,0,1,1,0,,179.8,.18000001,.093000002,.0096000005,2,30.62582961110883,West Germany (U),Founded before 1945 (U),0
0,39,123,141,0,11.6,34.400002,.4837420980392638,3.897569736186985,766.59998,.76659995,.1876,.0184,1,21.25392504306081,West Germany (U),Founded before 1945 (U),0
0,39,123,141,0,13.4,38.400002,.566845897161261,4.381836854208579,804.59998,.8046,.79540002,.058800001,2,30.62582961110883,West Germany (U),Founded before 1945 (U),0
0,40,123,141,0,0,0,0,,41.400002,.0414,.026000001,.00060000003,2,30.62582961110883,West Germany (U),Founded before 1945 (U),0
0,41,123,141,0,0,,.0015313335309772,.0033889043588407,0,.2712,0,0,1,21.25392504306081,West Germany (U),Founded before 1945 (U),0
0,41,123,141,0,0,5,0,,0,.018200001,0,0,2,30.62582961110883,West Germany (U),Founded before 1945 (U),0
1,42,123,141,0,34.4,110.4,2.030698376122586,11.33006351479146,4840,4.8400002,.0061999997,.0022,1,21.25392504306081,West Germany (U),Founded before 1945 (U),0
0,42,123,141,0,37.4,127.6,1.45838935413055,17.35886605238008,3589.8,3.5899999,.0196,.0038000001,2,30.62582961110883,West Germany (U),Founded before 1945 (U),0
0,43,123,141,0,1.4,1.4,0,,836.40002,.83640003,0,0,2,30.62582961110883,West Germany (U),Founded before 1945 (U),0
0,44,123,141,0,8.4,31.6,.1675384217617778,2.901165343115382,1378.6,1.9291999,.010600001,.0038000001,1,21.25392504306081,West Germany (U),Founded before 1945 (U),0
0,44,123,141,0,8.800000000000001,31.6,.227530981697542,4.242490886402021,283.20001,.80940002,.0262,.0052,2,30.62582961110883,West Germany (U),Founded before 1945 (U),0
0,45,123,141,0,2,10.2,.0013044253042309,.0653289216370824,248.8,.296,.010600001,.0038000001,1,21.25392504306081,West Germany (U),Founded before 1945 (U),0
0,45,123,141,0,1.8,7,.0034991573984019,1.336987682889288,127.6,.18439999,.0262,.0052,2,30.62582961110883,West Germany (U),Founded before 1945 (U),0
0,46,123,141,0,25,46,.5719170449004616,7.919069496206656,0,3.5303998,0,0,1,21.25392504306081,West Germany (U),Founded before 1945 (U),0
0,46,123,141,0,22.4,58.599998,.70599137545544,8.704078440779972,53.400002,3.0546,0,0,2,30.62582961110883,West Germany (U),Founded before 1945 (U),0
0,47,123,141,0,0,,0,.045405405402,,0,.003,0,1,21.25392504306081,West Germany (U),Founded before 1945 (U),0
1,48,123,141,0,7,21,.1996037716875008,2.139520630733335,446.39999,.81440002,.034200002,.0049999999,1,21.25392504306081,West Germany (U),Founded before 1945 (U),0
0,48,123,141,0,2.2,5.8000002,0,,923.79999,1.0768001,.073600002,.0099999998,2,30.62582961110883,West Germany (U),Founded before 1945 (U),0
0,50,123,141,0,0,,0,.6022455677080086,,0,0,0,1,21.25392504306081,West Germany (U),Founded before 1945 (U),0
0,50,123,141,0,3,0,0,,522,.52324998,0,0,2,30.62582961110883,West Germany (U),Founded before 1945 (U),0
0,51,123,141,0,0,0,0,,,0,.029999999,0,2,30.62582961110883,West Germany (U),Founded before 1945 (U),0
1,56,123,141,0,51.4,222.2,2.253973775312476,17.11317987169122,6784.3999,6.9842,.1224,.019200001,1,21.25392504306081,West Germany (U),Founded before 1945 (U),0
1,56,123,141,0,60.4,264,2.980432775402836,30.92000557701854,5582.2002,5.7962003,.3926,.048999999,2,30.62582961110883,West Germany (U),Founded before 1945 (U),0
0,3,124,141,0,2,6,0,.255306479538873,129.60001,.1296,.0016000001,.0012000001,1,17.26203563971728,West Germany (U),Founded before 1945 (U),0
0,3,124,141,0,1.6,8.6000004,.0806287605497805,.2393254806255642,73.400002,.073399998,.001,.0014,2,32.14969031130445,West Germany (U),Founded before 1945 (U),0
0,4,124,141,0,5.4,6.8000002,.3372018307207647,1.07105972569847,41.599998,.2174,.00020000001,.00060000003,1,17.26203563971728,West Germany (U),Founded before 1945 (U),0
0,4,124,141,0,4.4,5,.1958532523780088,1.182575274686498,161.8,.27340001,.00020000001,.00020000001,2,32.14969031130445,West Germany (U),Founded before 1945 (U),0
0,5,124,141,0,7.6,23.4,.1666512409259283,2.577768878987155,397.20001,1.3822,.0052,.0041999999,1,17.26203563971728,West Germany (U),Founded before 1945 (U),0
0,5,124,141,0,6.6,19.200001,.2190588258390245,2.455048305589734,461.60001,1.0028,.0126,.0041999999,2,32.14969031130445,West Germany (U),Founded before 1945 (U),0
0,6,124,141,0,0,0,0,,,0,0,0,2,32.14969031130445,West Germany (U),Founded before 1945 (U),0
0,7,124,141,0,7.4,10,.3130169130216652,1.471451872430974,263.39999,.2642,.0052,.0041999999,1,17.26203563971728,West Germany (U),Founded before 1945 (U),0
0,7,124,141,0,7.6,12.4,.3309311503322193,1.480989253524796,253.8,.26479998,.0126,.0041999999,2,32.14969031130445,West Germany (U),Founded before 1945 (U),0
0,10,124,141,0,5.4,9.3999996,.1753410944676567,1.085629880227341,765.40002,.76540005,.0035999999,.00080000004,1,17.26203563971728,West Germany (U),Founded before 1945 (U),0
0,10,124,141,0,7,21.666666,.3471721677447324,1.270786614800469,734,.73400003,.0094999997,.0024999999,2,32.14969031130445,West Germany (U),Founded before 1945 (U),0
0,12,124,141,0,25.2,119.6,3.658082715015605,10.96819181617425,923.59998,1.3609999,6.2494001,.23019999,1,17.26203563971728,West Germany (U),Founded before 1945 (U),0
0,12,124,141,1,27,169,7.2455005622932,9.789956405224396,849.59998,1.099,10.343599,.2726,2,32.14969031130445,West Germany (U),Founded before 1945 (U),0
1,13,124,141,0,29.4,220.60001,6.010730317931062,15.14845509735709,976.40002,1.148,4.8932004,.2122,1,17.26203563971728,West Germany (U),Founded before 1945 (U),0
0,13,124,141,1,28.6,289.60001,11.77489431428456,10.13162584610503,1188,1.2918,9.6694002,.32079998,2,32.14969031130445,West Germany (U),Founded before 1945 (U),0
0,14,124,141,0,0,,0,.0011441647594759,,0,0,0,1,17.26203563971728,West Germany (U),Founded before 1945 (U),0
0,16,124,141,0,.4,3.5999999,.0018306636151615,.2629712546989014,0,.0394,.23560001,.0074,1,17.26203563971728,West Germany (U),Founded before 1945 (U),0
0,16,124,141,0,.4,2.4000001,0,.240731893177003,0,.0093999999,.42699999,.0088,2,32.14969031130445,West Germany (U),Founded before 1945 (U),0
0,17,124,141,0,16,36.799999,.9524787285499032,4.650772173409905,1252.8,1.3745999,.0082,.0035999999,1,17.26203563971728,West Germany (U),Founded before 1945 (U),0
0,17,124,141,0,16.2,49.400002,1.39998538440994,4.658536430293903,1142.2,1.2154,.0722,.0112,2,32.14969031130445,West Germany (U),Founded before 1945 (U),0
0,18,124,141,1,13.8,26.200001,1.170178746685807,3.519894936731327,253.2,.41420001,.0014,.0024000001,1,17.26203563971728,West Germany (U),Founded before 1945 (U),0
0,18,124,141,1,13.4,30,.9563526482536241,3.171248703034304,342.20001,.5244,.001,.0020000001,2,32.14969031130445,West Germany (U),Founded before 1945 (U),1
0,20,124,141,0,10.8,35.799999,1.610864842478887,4.189302864646512,628.40002,.89040005,.0048000002,.00080000004,1,17.26203563971728,West Germany (U),Founded before 1945 (U),0
0,20,124,141,0,10.8,24.6,2.348892266926686,3.539561355006513,802,.94520003,.023399999,.003,2,32.14969031130445,West Germany (U),Founded before 1945 (U),0
0,21,124,141,0,12.8,77.599998,3.779692035444726,6.62428115528873,361.60001,.36160001,1.1098001,.0548,1,17.26203563971728,West Germany (U),Founded before 1945 (U),0
0,21,124,141,0,15,88.800003,6.636603111673648,4.661502807182308,380.39999,.3804,2.4506001,.082800001,2,32.14969031130445,West Germany (U),Founded before 1945 (U),0
0,22,124,141,0,18.2,39.200001,.3100130008709738,5.473561026517279,1317.6,3.5569999,.0052,.0041999999,1,17.26203563971728,West Germany (U),Founded before 1945 (U),0
0,22,124,141,0,16,46.799999,.4768161938200237,5.478639474647297,1103,2.7179999,.0126,.0041999999,2,32.14969031130445,West Germany (U),Founded before 1945 (U),0
1,23,124,141,0,21,48.200001,2.174271396514449,5.146345034076608,1041.4,1.5470001,.0104,.0038000001,1,17.26203563971728,West Germany (U),Founded before 1945 (U),0
0,23,124,141,0,24.8,70.400002,2.451321941674379,5.210850907969145,955.59998,1.3254,.023,.0068000001,2,32.14969031130445,West Germany (U),Founded before 1945 (U),0
0,24,124,141,0,1,.80000001,0,.3949748266312227,0,.053199999,.00040000002,0,1,17.26203563971728,West Germany (U),Founded before 1945 (U),0
0,24,124,141,0,1,0,0,.1924665302010206,0,.0070000002,.0016000001,.00020000001,2,32.14969031130445,West Germany (U),Founded before 1945 (U),0
0,25,124,141,0,5,17.333334,1.171427820225446,3.787708204603624,959.59998,1.0296,.064000003,.0082,1,17.26203563971728,West Germany (U),Founded before 1945 (U),0
0,25,124,141,0,5.8,26.4,1.531391473292665,3.734562577792913,1216.6,1.2338001,.113,.0152,2,32.14969031130445,West Germany (U),Founded before 1945 (U),0
0,26,124,141,0,2,2.5,.0970260506515176,1.047517227583684,.60000002,.050999999,0,0,1,17.26203563971728,West Germany (U),Founded before 1945 (U),0
0,26,124,141,0,2,1.6,.0612705795255261,.4799613980834693,0,.036599997,0,0,2,32.14969031130445,West Germany (U),Founded before 1945 (U),0
0,27,124,141,1,22,46.400002,1.216673146669481,4.457624109326107,468.79999,.79680002,.0014,.0024000001,1,17.26203563971728,West Germany (U),Founded before 1945 (U),0
0,27,124,141,1,19.2,58.799999,1.36935369781785,4.781678440250476,544,.8132,.001,.0020000001,2,32.14969031130445,West Germany (U),Founded before 1945 (U),1
0,28,124,141,0,4,5.5999999,.3093300490502924,.6793126231323953,242,.242,.00060000003,.001,1,17.26203563971728,West Germany (U),Founded before 1945 (U),0
0,28,124,141,0,4.4,8.1999998,.3974115771289146,.8291105465386888,252.60001,.25260001,.0027999999,.00080000004,2,32.14969031130445,West Germany (U),Founded before 1945 (U),0
0,29,124,141,0,2.5,2,.1860384838295406,.5752695963728195,325.39999,.32720003,.00020000001,0,1,17.26203563971728,West Germany (U),Founded before 1945 (U),0
0,29,124,141,0,0,,.1242377940896522,.6415913152529088,259.39999,.25939998,.00020000001,0,2,32.14969031130445,West Germany (U),Founded before 1945 (U),0
0,30,124,141,0,0,,0,,440.79999,.44079998,0,0,1,17.26203563971728,West Germany (U),Founded before 1945 (U),0
0,31,124,141,0,2,2,0,,,0,.77600002,.050000001,1,17.26203563971728,West Germany (U),Founded before 1945 (U),0
0,32,124,141,0,28.4,63.400002,1.72258128227849,6.13239580976308,860,1.8745999,.26179999,.040400002,1,17.26203563971728,West Germany (U),Founded before 1945 (U),0
1,32,124,141,0,28.4,108,2.504214229711724,6.559500763333805,898.59998,1.8598001,.54579997,.047800001,2,32.14969031130445,West Germany (U),Founded before 1945 (U),0
0,33,124,141,0,0,,0,.8113081679170288,.2,.49599999,0,0,1,17.26203563971728,West Germany (U),Founded before 1945 (U),0
0,33,124,141,0,0,.33333334,0,.932851799801572,0,.047599997,0,0,2,32.14969031130445,West Germany (U),Founded before 1945 (U),0
0,34,124,141,0,6.2,6.4000001,.0065327254915462,.8661523348451513,142.60001,.28839999,.00020000001,0,1,17.26203563971728,West Germany (U),Founded before 1945 (U),0
0,34,124,141,0,8.199999999999999,16.6,.1891215182198084,1.306964777926032,227.60001,.28920001,.0041999999,.003,2,32.14969031130445,West Germany (U),Founded before 1945 (U),0
0,35,124,141,0,7.8,52,.2665403442260791,5.331216647279956,738.40002,.73840004,.1794,.0035999999,1,17.26203563971728,West Germany (U),Founded before 1945 (U),0
0,35,124,141,0,7.6,61,.5731397036725471,4.573802824843265,717.79999,.71779996,.36679998,.0055999998,2,32.14969031130445,West Germany (U),Founded before 1945 (U),0
0,36,124,141,0,7.8,17,.1951852114689203,1.46634269500603,272.20001,.412,.0098000001,.0041999999,1,17.26203563971728,West Germany (U),Founded before 1945 (U),0
0,36,124,141,0,7.4,18.200001,.3258695705406611,1.704879293080977,237.60001,.3062,.0154,.0032000002,2,32.14969031130445,West Germany (U),Founded before 1945 (U),0
0,37,124,141,0,22.2,150.2,4.384866071564667,10.923607358702,540.20001,.65640002,3.3332,.1842,1,17.26203563971728,West Germany (U),Founded before 1945 (U),0
0,37,124,141,0,24,219.2,7.210544239386698,9.004467109400004,578.20001,.64859998,7.0226002,.222,2,32.14969031130445,West Germany (U),Founded before 1945 (U),0
0,38,124,141,1,8.4,13.8,.6874130778172606,1.766819331327385,1131.6,1.1316,.0154,.001,1,17.26203563971728,West Germany (U),Founded before 1945 (U),0
0,38,124,141,1,8,25.200001,.5162336389504414,2.018589647638485,708.79999,.70879996,.056000002,.0032000002,2,32.14969031130445,West Germany (U),Founded before 1945 (U),1
0,39,124,141,0,12.6,63,1.107266332297921,4.267939051401641,711.79999,.71179998,.4542,.023600001,1,17.26203563971728,West Germany (U),Founded before 1945 (U),0
0,39,124,141,0,13.8,82.199997,1.629702782987182,4.277719097771563,767.20001,.76719999,1.1808001,.059999999,2,32.14969031130445,West Germany (U),Founded before 1945 (U),0
0,41,124,141,0,0,,0,.0038547390097729,28.6,.098800004,0,0,1,17.26203563971728,West Germany (U),Founded before 1945 (U),0
0,41,124,141,0,5.5,27.5,.7924747457205775,.6868770811067846,838,.85540003,0,0,2,32.14969031130445,West Germany (U),Founded before 1945 (U),0
1,42,124,141,0,26.8,81.599998,1.213242036515826,8.046545782301328,4172.6001,4.1726003,.0055999998,.0020000001,1,17.26203563971728,West Germany (U),Founded before 1945 (U),0
0,42,124,141,0,29.4,116.8,2.096979950877393,8.426605011548654,3651.3999,3.6513999,.0134,.0014,2,32.14969031130445,West Germany (U),Founded before 1945 (U),0
0,43,124,141,0,0,,0,,0,0,0,0,2,32.14969031130445,West Germany (U),Founded before 1945 (U),0
0,44,124,141,0,7.2,8.1999998,.1214214170934734,1.920584267816646,283.60001,.7008,.0052,.0041999999,1,17.26203563971728,West Germany (U),Founded before 1945 (U),0
0,44,124,141,0,6.2,5.5999999,.0926310086063009,1.882700522053401,384.20001,.63520002,.0126,.0041999999,2,32.14969031130445,West Germany (U),Founded before 1945 (U),0
0,45,124,141,0,2,4,.0545728081854912,.7124369662942064,86.199997,.1048,.0052,.0041999999,1,17.26203563971728,West Germany (U),Founded before 1945 (U),0
0,45,124,141,0,1,2.8,.0858924266424876,.3416061523218921,25.6,.028200001,.0126,.0041999999,2,32.14969031130445,West Germany (U),Founded before 1945 (U),0
0,48,124,141,0,5.8,10.4,.1687372639398586,1.321504182970588,556.40002,.78220004,.011,.0027999999,1,17.26203563971728,West Germany (U),Founded before 1945 (U),0
0,48,124,141,0,3.6,10,.1679955365314471,1.38543971545725,277.20001,.36939999,.023,.0027999999,2,32.14969031130445,West Germany (U),Founded before 1945 (U),0
0,49,124,141,0,4.8,23.4,.9911953517699983,2.38840702408717,20.6,.77859998,.00020000001,0,1,17.26203563971728,West Germany (U),Founded before 1945 (U),0
0,49,124,141,0,4.8,38,1.533963316697138,1.89652618820763,251,.68759996,.0080000004,0,2,32.14969031130445,West Germany (U),Founded before 1945 (U),0
0,50,124,141,0,0,,0,.022883295189519,,0,0,0,1,17.26203563971728,West Germany (U),Founded before 1945 (U),0
0,50,124,141,0,0,,.060696,0,124.8,.1592,0,0,2,32.14969031130445,West Germany (U),Founded before 1945 (U),0
1,56,124,141,0,28.8,241,2.489909168965193,9.694581349412074,3948.6001,3.9573998,.0352,.010199999,1,17.26203563971728,West Germany (U),Founded before 1945 (U),0
0,56,124,141,0,34,297.79999,2.782987275869762,10.61927598308398,2894,2.927,.16939999,.024600001,2,32.14969031130445,West Germany (U),Founded before 1945 (U),0
