Reputation,LuFid,EinheitlicheID,Exz_gefoerdert_FJ,Profs,Mitarbeiter,Drittmitteleinnahmen,Grundmittel,DiplBaMa,StudierendeGesamt,Zitationen,Publikationen,DM_DFG_Mittel,FoerderungPhase1
0,3,57,0,.2,2.4000001,.0095991250588039,.5088437126007513,47.599998,.047599997,.0054000001,.0024000001,35.51963860397759,0
0,4,57,0,2.8,9.8000002,.0716399677199889,.836491079058978,14,.1382,.001,.00040000002,35.51963860397759,0
1,5,57,0,6,23,.5456469338856177,1.934363823743446,262.39999,.84959996,.0266,.0074,35.51963860397759,0
0,7,57,0,5.4,13.2,.2737949008543749,1.313251134153751,241.60001,.24160001,.0266,.0074,35.51963860397759,0
0,10,57,0,0,,0,,12,.012,.017000001,.001,35.51963860397759,0
1,12,57,1,26,269.20001,18.53810164324607,8.384818975884304,785.40002,.9878,15.9352,.36520001,35.51963860397759,1
0,13,57,1,15.2,126.6,3.985910046522918,10.76657389349805,513,.5966,9.6024008,.21439999,35.51963860397759,1
0,15,57,1,19,191.2,12.13523426941038,7.150073890456106,604.20001,.60420001,.2068,.011600001,35.51963860397759,0
0,17,57,0,2,10,.0549050976261409,.7717072056996646,126.2,.1612,.1882,.0104,35.51963860397759,0
0,19,57,0,15.8,101.4,3.883481063127718,5.866601866945933,790.20001,.7902,.23719999,.022600001,35.51963860397759,0
0,20,57,0,3.8,17.200001,.4270791347634931,1.204147545289727,186.2,.25639999,.036200002,.00080000004,35.51963860397759,0
0,21,57,0,7.6,36.200001,2.01108343703264,2.829521898319688,214.39999,.215,1.2556,.040799998,35.51963860397759,0
0,22,57,0,13,55.599998,1.475858076261901,3.024635201456965,621.59998,1.1108,.0266,.0074,35.51963860397759,0
1,23,57,0,15.6,66.400002,2.721607205917625,3.077993930277672,750.40002,1.1138,.018999999,.0061999997,35.51963860397759,0
0,25,57,1,15.6,137.2,5.443267532743483,5.954682503325817,508.20001,.51139998,.38100001,.023,35.51963860397759,0
0,27,57,0,13,28,.2728650749161839,3.115629094946392,252,.3646,.0024000001,.00060000003,35.51963860397759,0
0,28,57,0,4.8,9.3999996,.2212157958224538,.7494716820919562,297,.29699999,.0016000001,.00080000004,35.51963860397759,0
0,29,57,0,2.8,1.4,.0112345343760964,.5220633929623277,189,.1892,0,0,35.51963860397759,0
0,30,57,0,1,14.2,.5797780722012649,.2550493553189686,,0,0,0,35.51963860397759,0
0,32,57,0,15.2,51,1.317928975593283,3.529568022179943,372.20001,.68979996,.79900002,.052200001,35.51963860397759,0
0,33,57,0,0,1.8,0,1.535633692042392,0,0,0,0,35.51963860397759,0
0,34,57,0,2,3.5999999,.0113076927596295,.4162052946348249,96.800003,.096799999,.00080000004,.0014,35.51963860397759,0
1,35,57,0,5.8,61.799999,1.673475361123259,2.996091208536461,487.79999,.4878,.3964,.0071999999,35.51963860397759,0
0,36,57,0,4.2,11,.3146895777586383,.7007162616512849,203.39999,.27160001,.0198,.0026,35.51963860397759,0
0,37,57,0,18.6,115.2,7.298118645637762,6.387868320622389,418.60001,.44779998,7.8555999,.29300001,35.51963860397759,0
0,38,57,0,3,14.6,.3929222679929456,.7948699184912307,325.79999,.3998,.075800002,.0049999999,35.51963860397759,0
0,39,57,0,7.6,64.400002,2.479534739429021,2.715055707965468,525.79999,.52579999,1.3938,.0528,35.51963860397759,0
0,41,57,0,2,17,.6523192946323063,.0884201762737955,17,.017000001,0,0,35.51963860397759,0
0,42,57,0,23,87.400002,.6209535636250541,6.738523665658009,1533.8,1.5338,.017000001,.0024000001,35.51963860397759,0
0,44,57,0,6.2,29.4,.5068721952070995,2.28106971546054,241.2,.6516,.0266,.0074,35.51963860397759,0
0,45,57,0,2,6.8000002,.2090602832433418,.5114934954392517,119.4,.1194,.0266,.0074,35.51963860397759,0
0,48,57,0,2.8,14.2,.5855633921184192,.7900016179558461,247.39999,.2474,.028000001,.0038000001,35.51963860397759,0
0,49,57,0,3,25.799999,.6301115649969841,2.078627977968927,114.4,.29079998,.0098000001,.00040000002,35.51963860397759,0
0,50,57,0,1.4,4.4000001,.1321080227066866,1.145873917427119,73.800003,.073800005,0,0,35.51963860397759,0
0,53,57,0,1,4,0,,,0,.0055,.0024999999,35.51963860397759,0
0,56,57,0,12,52.200001,.8669231876927406,4.356921092806093,1501.4,1.5014,.1318,.0104,35.51963860397759,0
0,3,58,0,4,7.4000001,.1028054043174281,.6350789618310195,21.6,.021600001,.00020000001,.00060000003,4.796113430756249,0
0,4,58,0,2,1.5,0,.4085602349529897,17.200001,.032000002,.00040000002,0,4.796113430756249,0
0,5,58,0,7.6,11.8,.0492580119200393,1.60649097156484,506.20001,.79299998,.0060000001,.0026,4.796113430756249,0
0,6,58,0,12.2,22.4,.7616371587463553,2.016029611966364,338.79999,.33879998,0,0,4.796113430756249,0
0,8,58,0,16,43,1.553634750407209,4.507573859231089,600.59998,.60620004,.0034,.00060000003,4.796113430756249,0
0,12,58,0,1.6,9.3999996,.0278968116903997,.6424633689047493,109.2,.1322,.2766,.0044,4.796113430756249,0
0,13,58,0,15.6,78.199997,3.776925214046975,4.683152388166854,292.39999,.32160002,1.7078,.048999999,4.796113430756249,0
0,15,58,0,13.6,65.599998,1.689614561043725,6.032694865679505,659,.6652,.18280001,.0058000004,4.796113430756249,0
0,17,58,0,10.8,19.4,.734928761758474,2.438388552370212,298.39999,.44679999,.021399999,.0041999999,4.796113430756249,0
0,18,58,0,4,2.2,.0025262302829173,.5373895377051415,44.400002,.086800002,0,0,4.796113430756249,0
0,20,58,0,.6,.80000001,0,.0715638882189739,23,.025,.0096000005,.00020000001,4.796113430756249,0
0,22,58,0,8.4,22.799999,.1600829560605858,1.832033595182457,1142.4,1.804,.0060000001,.0026,4.796113430756249,0
0,23,58,0,6.4,5.5999999,.0657103369757509,.9898841220235727,203.39999,.43020001,.0027999999,.0014,4.796113430756249,0
0,24,58,0,14,7.8000002,.1365745811224557,2.165326576245209,373,.51160002,.0018,.00020000001,4.796113430756249,0
0,25,58,0,3,11,0,,46,.059,.07,.0022,4.796113430756249,0
0,26,58,0,0,.80000001,2.387112951292523,3.377398936062308,633.40002,.63340002,0,0,4.796113430756249,0
0,27,58,0,2,3.5999999,.037341004217444,.3488672095811365,45.599998,.0634,0,0,4.796113430756249,0
0,28,58,0,0,,0,,14.333333,.014333333,.0016666666,0,4.796113430756249,0
0,29,58,0,1.6,1.4,.0078096656513736,1.249831009622302,31.799999,.086400002,0,0,4.796113430756249,0
0,31,58,0,28,66,.6961240441823873,2.048070536578972,644.40002,.68220001,.3184,.018999999,4.796113430756249,0
0,32,58,0,20.4,35.200001,1.175192241237067,4.103566984934167,694.40002,1.1216,.28779998,.022200001,4.796113430756249,0
0,33,58,0,0,,.001929656607405,.0484332784880842,83.400002,.092599995,0,0,4.796113430756249,0
0,34,58,0,1,3.8,.0064997598305575,.4501834715847452,15.6,.034400001,0,0,4.796113430756249,0
0,36,58,0,4.8,4.5999999,.0527524032774544,.9342252296700259,71.800003,.095399998,.0027999999,.0014,4.796113430756249,0
0,37,58,0,16,86,4.044938299389456,3.519155410111701,161.39999,.186,5.1550002,.17539999,4.796113430756249,0
0,38,58,0,0,,.0365108967225118,.3768444410726735,62,.061999999,.022399999,.00060000003,4.796113430756249,0
0,39,58,0,5.8,16.4,.2814207877168219,1.36018003068988,430.20001,.43020001,.1778,.0074,4.796113430756249,0
0,41,58,0,0,,0,.1408895690632481,0,.0154,0,0,4.796113430756249,0
0,42,58,0,2.4,2,0,.2945676568405897,,0,.0068000001,0,4.796113430756249,0
0,44,58,0,5.8,10.6,.0998697438389239,1.079991685272186,144.60001,.192,.0060000001,.0026,4.796113430756249,0
0,47,58,0,0,,0,,30.75,.030750001,.001,.00075000001,4.796113430756249,0
0,48,58,0,9.800000000000001,17.200001,.1076242356081335,.9372279267451588,320,.4136,.023,.0016000001,4.796113430756249,0
0,49,58,0,4,14.8,.4783555432081269,1.352762875159887,193.8,.38299999,.00040000002,0,4.796113430756249,0
0,50,58,0,0,,0,.2846258569258371,9,.0089999996,0,0,4.796113430756249,0
0,51,58,0,0,,0,,113.33334,.11333334,.020333335,.001,4.796113430756249,0
0,54,58,0,0,,0,,165.66667,.16566667,.0099999998,.003,4.796113430756249,0
0,56,58,0,20.6,67.800003,.8756465654276647,4.916047559366847,2323.3999,2.4033999,.044199999,.0086000003,4.796113430756249,0
0,3,60,0,0,,0,,4.75,.0047499998,.00025000001,0,8.156042534157152,0
0,4,60,0,.3333333333333333,2.3333333,0,,,0,0,0,8.156042534157152,0
0,5,60,0,6.6,8.8000002,.0934316204037371,.4866487089719019,382.60001,.50739998,.0078000003,.0018,8.156042534157152,0
0,7,60,0,.2,0,.0008198179980613,.0204128803131045,,0,.0078000003,.0018,8.156042534157152,0
0,9,60,0,0,,0,.4603742392930391,,0,.001,0,8.156042534157152,0
0,10,60,0,0,,0,,2,.0020000001,0,0,8.156042534157152,0
0,11,60,0,1.4,2.8,.008367172757555,.4998565282784226,,0,0,0,8.156042534157152,0
0,12,60,1,19,74.800003,2.164619850802862,2.837643493056206,665.20001,.70520002,1.947,.077399999,8.156042534157152,0
0,13,60,0,11.6,59.799999,1.195280530170266,1.723489860844697,286.39999,.3098,1.7614,.045599997,8.156042534157152,0
0,14,60,0,0,0,0,,,0,0,0,8.156042534157152,0
0,16,60,0,0,,0,0,,0,.028999999,.001,8.156042534157152,0
0,17,60,0,13.2,38.799999,.9242035560144822,1.857583782726708,575.79999,.5848,.031399999,.0035999999,8.156042534157152,0
0,18,60,0,4,1.8,.0240749906841077,.3787808126735862,87,.1106,0,.00020000001,8.156042534157152,0
0,20,60,0,0,0,0,0,3,.0038000001,.0108,.00080000004,8.156042534157152,0
0,21,60,0,0,0,.0693412984611247,.2272397793239869,5.5,.0055,.89179999,.026000001,8.156042534157152,0
0,22,60,0,8.800000000000001,10.4,.1221522445967409,1.295940834580236,444.20001,.60679996,.0078000003,.0018,8.156042534157152,0
0,23,60,0,6.6,14.2,.1651576293668727,.7560731899269983,166,.19139999,.0070000002,.0014,8.156042534157152,0
0,24,60,0,3,8.8000002,.1377543953418889,.2578412013704947,40.799999,.0438,.0024000001,.00020000001,8.156042534157152,0
0,25,60,0,18.4,65.400002,2.463784291326095,1.871743196145092,592.79999,.59320003,.092199996,.0092000002,8.156042534157152,0
0,26,60,0,0,4.5,.0186907114794624,.2733457085944053,33.599998,.043400001,0,0,8.156042534157152,0
0,28,60,0,0,.5,0,.0633031135301348,4.5,.0044999998,.00020000001,.00020000001,8.156042534157152,0
0,29,60,0,0,0,0,,126,.16,0,0,8.156042534157152,0
0,30,60,0,0,1,0,,8.666667,.0086666672,0,0,8.156042534157152,0
0,32,60,0,11.4,21.6,.1966840107151093,1.257219417490266,504,.63240004,.155,.016000001,8.156042534157152,0
0,33,60,0,9.800000000000001,78.199997,2.01905657152017,3.87521582682085,45.599998,.045599997,0,0,8.156042534157152,0
0,34,60,0,4.2,13.2,.0652298858883747,.9211675620249007,163.2,.23199999,.00020000001,.00020000001,8.156042534157152,0
0,36,60,0,2.4,7.5999999,.0117357273467346,.3802223615527444,94.400002,.098800004,.0040000002,.0022,8.156042534157152,0
0,37,60,1,14.8,122.2,5.131195912533213,1.958001248173607,358.39999,.37620002,1.2504001,.084800005,8.156042534157152,0
0,38,60,0,0,.60000002,.098674415439284,.1385508081403064,35,.035,.033400003,.0038000001,8.156042534157152,0
0,39,60,0,3.4,17.4,.4074153184028095,.4222673086619088,45.799999,.0458,.23,.0112,8.156042534157152,0
0,40,60,0,0,,0,0,,0,.0040000002,0,8.156042534157152,0
0,41,60,0,0,0,.05394929005407,.0898335067500393,96.400002,.0964,0,0,8.156042534157152,0
0,42,60,0,2,5.5999999,0,,135.8,.1358,.0027999999,0,8.156042534157152,0
0,44,60,0,0,0,0,,7.5999999,.0076000001,.0078000003,.0018,8.156042534157152,0
0,45,60,0,.8,1.4,.2013982105922611,.2778605056224266,43.599998,.046599999,.0078000003,.0018,8.156042534157152,0
0,46,60,0,2.6,3,.049447457825636,.7227690526036802,335.20001,.51319999,0,0,8.156042534157152,0
0,47,60,0,0,0,0,,1,.001,.0018,0,8.156042534157152,0
0,48,60,0,7.2,26.799999,.2792889489077549,1.097428083979402,470.39999,.4756,.0104,.003,8.156042534157152,0
0,49,60,0,2,5.4000001,.1260310332510403,.4415987458453179,149.2,.18619999,.0020000001,0,8.156042534157152,0
0,50,60,0,.3333333333333333,2,.0365144675622129,.2323582106853784,31.200001,.035599999,0,0,8.156042534157152,0
0,56,60,0,17,64.199997,1.976945961139205,2.800194431768571,1469.8,1.6941999,.1444,.0126,8.156042534157152,0
0,1,61,0,0,,0,.0093945725289107,,0,0,0,24.79309974828031,0
0,2,61,0,21.4,139.8,4.735716732663935,7.656092379499367,1073.4,1.0734,1.2018001,.065199994,24.79309974828031,0
0,3,61,0,1.6,6,.2120505541562639,.5408238982689967,168.8,.1688,.0020000001,.00040000002,24.79309974828031,0
0,4,61,0,6.8,11,.0543966302117547,1.549576822034445,19.200001,.2272,.00040000002,0,24.79309974828031,0
0,5,61,0,5.6,13,.0705788245883517,1.482615262562396,205,.82240003,.0142,.003,24.79309974828031,0
0,7,61,0,3.2,6.5999999,.0050389474361673,.8057604867138395,131.2,.1312,.0142,.003,24.79309974828031,0
0,12,61,1,16.6,83.599998,1.704046540509124,7.716939977163788,529.20001,.72000003,8.1101999,.223,24.79309974828031,1
0,13,61,0,11.2,91.199997,.8627828250847017,5.906695259082584,522,.6304,3.697,.1292,24.79309974828031,0
0,15,61,0,8.4,41.200001,1.346051759365799,2.320485965182073,239.2,.2392,.171,.0138,24.79309974828031,0
0,16,61,0,6.6,38.400002,1.42318675677704,1.780561299281404,661,.66100001,.6864,.050799999,24.79309974828031,0
0,17,61,0,6.2,16,.0277848633469835,1.505972948155609,615.20001,.61519998,.095600002,.0126,24.79309974828031,0
0,18,61,0,9.6,11,.0560371252025945,1.525549028179385,187.8,.2298,.00040000002,.00040000002,24.79309974828031,0
0,20,61,0,9.4,32.799999,.6690612159960505,2.318989904388924,440,.54120004,.068000004,.0026,24.79309974828031,0
0,21,61,1,13,91.199997,4.279637509961272,4.401206515219538,639,.639,3.9224,.1008,24.79309974828031,1
0,22,61,0,12.2,34,.2568945783772434,2.713966443936258,797.79999,1.4302,.0142,.003,24.79309974828031,0
0,23,61,1,13.8,39.200001,.9851376338102333,3.059254622992684,668.40002,.97100002,.0568,.0044,24.79309974828031,1
0,25,61,0,14.2,65.599998,1.407475778392939,4.816803669130154,821.59998,.833,.22239999,.0146,24.79309974828031,0
0,26,61,0,2.2,16.200001,.3912773509821813,3.743755813511719,,0,0,0,24.79309974828031,0
0,28,61,0,3,5.8000002,.0751271905826474,.4463073475918136,195.2,.1952,.0016000001,.00020000001,24.79309974828031,0
0,29,61,0,3,4.1999998,.1023365127932704,.7791307097903855,256,.3398,0,0,24.79309974828031,0
0,30,61,0,2,24,.2995047781107762,.4243821277546384,64,.064000003,0,0,24.79309974828031,0
0,31,61,0,7.2,37.400002,2.23433390887597,1.306419966462442,199.60001,.19960001,1.2572,.032200001,24.79309974828031,0
0,32,61,0,13.2,33,.2136065141641091,3.123508599668843,290.20001,.7924,.39879999,.0254,24.79309974828031,0
0,33,61,0,1,7.4000001,.0843209434293867,.4163434766076751,25,.025,0,0,24.79309974828031,0
0,34,61,0,2,5.4000001,.2792100694110864,.436185258321663,101.2,.1012,.0018,.00060000003,24.79309974828031,0
0,35,61,0,5.6,55.799999,.7625288858972487,3.442147029032082,452.79999,.45279998,.264,.0068000001,24.79309974828031,0
0,36,61,0,3.8,5.4000001,.0197908576491326,.6221082483298327,215.8,.25939998,.0083999997,.00020000001,24.79309974828031,0
0,37,61,1,12.8,99.599998,2.971213017243636,6.001547538056426,343.39999,.40020001,4.9856,.1478,24.79309974828031,1
0,38,61,0,2.8,8.6000004,.1041838210370078,.7942634726840916,416.60001,.41660002,.0612,.0060000001,24.79309974828031,0
0,39,61,0,9.199999999999999,35.400002,.4850207281746162,2.494668025451764,509.79999,.50980002,.65579998,.022200001,24.79309974828031,0
0,41,61,0,1,4,.0747447243767721,.2272877494160788,114.8,.11480001,0,0,24.79309974828031,0
0,42,61,0,19,52.400002,.2550086914486184,4.724118178564788,1747.8,1.7478,.031200001,.0026,24.79309974828031,0
0,44,61,0,4.6,15,.0716929920661525,1.527685800376983,274.79999,.704,.0142,.003,24.79309974828031,0
0,45,61,0,2,6.8000002,0,.6262029176451271,117.4,.1294,.0142,.003,24.79309974828031,0
0,46,61,0,0,0,0,.0281183278166131,,0,0,0,24.79309974828031,0
0,48,61,0,2.6,12.4,.1805969806019626,.7524793411484006,139.60001,.2304,.055,.00040000002,24.79309974828031,0
0,49,61,0,3.4,13.8,.1026872219160457,2.511971045569551,270.20001,.56259996,.0014,0,24.79309974828031,0
0,50,61,0,0,11.2,.0544113196531502,1.23537822941611,38,.037999999,0,0,24.79309974828031,0
0,51,61,0,0,,.1269510925924336,0,,0,.030999999,.001,24.79309974828031,0
0,55,61,0,0,,0,0,322.20001,.3222,0,0,24.79309974828031,0
0,56,61,1,19.2,76,.5757555361405509,4.709006893826571,1861.6,1.8615999,.51640004,.043400001,24.79309974828031,1
0,3,62,0,3.6,32,1.521645771614048,1.855126891550652,561.79999,.5618,.0026,.0027999999,24.54344017638709,0
0,4,62,0,3.6,5.5999999,.0547540343884845,.9164312166169941,7.8000002,.1152,.00060000003,0,24.54344017638709,0
0,5,62,0,8.199999999999999,16,.2150591465208707,2.155141162292816,355,1.1390001,.046,.0068000001,24.54344017638709,0
0,7,62,0,14.2,36.799999,1.957512432146566,3.321518180674289,423.79999,.42379999,.046,.0068000001,24.54344017638709,0
0,10,62,0,3.8,6.4000001,.1101392914375491,.7631707172344593,81,.081,.010199999,.00040000002,24.54344017638709,0
0,11,62,0,0,1,0,.0823746635565492,,0,0,0,24.54344017638709,0
1,12,62,1,20,191.2,8.700096073881149,13.99062703632145,736.59998,.90920001,16.930801,.3486,24.54344017638709,0
0,13,62,0,20.8,165.2,4.696000295124964,10.33197143920541,563.79999,.65399998,6.7143998,.15719999,24.54344017638709,0
0,17,62,0,5.8,19.799999,1.448403126638774,1.834887086959131,950.59998,1.0039999,.1188,.0132,24.54344017638709,0
0,18,62,0,13.4,27.200001,.6971003093269653,3.641887438704642,341.60001,.42920002,.0038000001,.0040000002,24.54344017638709,0
0,20,62,0,6,16.6,.4843460008598854,1.717355173589903,349.20001,.456,.033199999,.0026,24.54344017638709,0
0,21,62,0,17,89.599998,4.5759265487026,4.286883556609857,325.79999,.3258,3.0016,.092,24.54344017638709,0
0,22,62,0,12,32.599998,.353437324965382,3.028237289321009,615,1.4656,.046,.0068000001,24.54344017638709,0
1,23,62,0,17.2,64.199997,3.30720422661763,4.373106733833274,676.59998,.98799998,.0898,.012399999,24.54344017638709,0
0,24,62,0,0,1,0,,,0,.0080000004,0,24.54344017638709,0
0,25,62,1,16.2,98,2.594389208171225,5.468856733672913,671.59998,.67379999,.27679998,.0136,24.54344017638709,1
0,27,62,0,13.6,23.799999,.3493288227811677,2.886470413895567,138.39999,.2396,.0038000001,.0040000002,24.54344017638709,0
0,28,62,0,5.2,14.4,.2296747624452117,.901627431626783,297.60001,.2976,.0041999999,.00080000004,24.54344017638709,0
0,29,62,0,2.4,3.4000001,.0606447225955401,.5732980734479947,210.2,.2104,0,0,24.54344017638709,0
0,31,62,0,0,,0,,183.5,.18350001,1.9859999,.0625,24.54344017638709,0
0,32,62,0,13,32.400002,.6267572997148707,2.730669462226151,209,.46000001,.67759997,.038200002,24.54344017638709,0
0,33,62,0,0,13.2,1.522416801119664,.5527444294970576,0,.003,0,0,24.54344017638709,0
0,34,62,0,1.8,1.6,.0051696349091385,.3942451649638123,70.599998,.070800006,.0026,.0012000001,24.54344017638709,0
1,35,62,0,6.8,52,.9393945251877831,3.407552863344957,448.79999,.4488,.59640002,.012800001,24.54344017638709,0
0,36,62,0,5.8,11,.3265411618966568,1.609022199608862,260.20001,.3326,.022600001,.0078000003,24.54344017638709,0
0,37,62,0,20.2,120.6,5.312355908350064,6.5896985095644,336,.37079999,7.2596002,.21419999,24.54344017638709,0
0,38,62,0,6.4,15.4,.3479969364728826,1.308097172087054,353,.4138,.097800002,.0048000002,24.54344017638709,0
0,39,62,1,9.800000000000001,37.599998,.6799544495572154,3.482044932324396,594.20001,.5966,2.3994,.0788,24.54344017638709,0
0,41,62,0,.3333333333333333,4.6666665,.0930324543477743,.1268484316864621,195.60001,.1956,0,0,24.54344017638709,0
0,42,62,0,21,62,.4167951125629491,6.288977010789733,2095,2.095,.023,.001,24.54344017638709,0
0,43,62,0,0,4,0,,,0,0,0,24.54344017638709,0
0,44,62,0,5.4,12.4,.0993005668279276,1.754898935650115,131.8,.51359999,.046,.0068000001,24.54344017638709,0
0,45,62,0,3,6.1999998,.1752872584689361,.7239641878832692,139.8,.1542,.046,.0068000001,24.54344017638709,0
0,46,62,0,0,4,0,,0,0,0,0,24.54344017638709,0
0,47,62,0,3,10.25,.1637859369907889,.4794067752091719,,0,.0016000001,.00020000001,24.54344017638709,0
0,48,62,0,3.6,8,.3622950532970346,.7840136761103947,368.39999,.36840001,.028999999,.0044,24.54344017638709,0
0,49,62,0,4,23.4,.429462681801304,2.454008206896061,128.2,.2712,.0058000004,0,24.54344017638709,0
0,50,62,0,2.2,33.400002,1.511861586825684,2.452920259032947,9.3999996,.0093999999,0,0,24.54344017638709,0
0,56,62,0,18.6,47.799999,.5899832555585167,5.245886103591043,1309.6,1.3096,.16360001,.019399999,24.54344017638709,0
0,3,63,0,8.199999999999999,22.200001,0,,37,.037,0,.00080000004,.7832106571369895,0
0,20,63,0,1,1,0,,,0,.0040000002,0,.7832106571369895,0
0,22,63,0,0,,0,,24,.024,0,.001,.7832106571369895,0
0,23,63,0,5,7.8000002,0,,,0,.0016000001,.001,.7832106571369895,0
0,25,63,0,0,,0,,45.200001,.045200001,.0032000002,.00020000001,.7832106571369895,0
0,28,63,0,0,,0,.0491325497744804,55.799999,.055799998,.0014,.00020000001,.7832106571369895,0
0,29,63,0,1.2,.60000002,0,,,0,0,0,.7832106571369895,0
0,36,63,0,1,1.6,0,,,0,0,.00020000001,.7832106571369895,0
0,38,63,0,2.8,5.8000002,0,,26.666666,.026666665,.0174,.0026,.7832106571369895,0
0,41,63,0,0,.80000001,0,.4342829891674147,,0,0,0,.7832106571369895,0
0,42,63,0,19.2,45.799999,.2128861430265682,3.741927775589776,1764.8,1.7648001,.001,0,.7832106571369895,0
0,48,63,0,3.8,7.4000001,0,,,0,.011,.0016000001,.7832106571369895,0
0,50,63,0,6.6,11.2,1.756797416813588,3.810425525657637,2041.8,2.0418,0,0,.7832106571369895,0
0,56,63,0,16.2,52.200001,.5276143782295737,3.809729900861783,1563,1.563,.073399998,.0098000001,.7832106571369895,0
0,3,64,1,9.199999999999999,27.4,4.162719379545359,.1671169566391377,508.20001,.50819999,.0026,.0078000003,52.22010824128453,1
0,4,64,1,5.6,17.799999,.5285618671158027,1.159081386912438,77.800003,.1806,.0018,.00060000003,52.22010824128453,1
1,5,64,1,11,13.6,.3654122321297991,1.322871356893151,804.40002,1.0502,.0296,.0078000003,52.22010824128453,1
0,7,64,1,23,59.599998,2.013747931562978,3.906282741565394,1720.4,1.7204,.0296,.0078000003,52.22010824128453,1
0,10,64,0,2,3.5,.7597060248422794,1.471212195836553,1053,1.053,.0198,.0022,52.22010824128453,0
0,12,64,1,26.8,125.8,4.11167135199813,8.830062057174988,702.79999,.99940002,9.5334005,.213,52.22010824128453,0
0,13,64,1,24,192.2,7.934093962259964,10.84688669347411,782.79999,.90279996,8.2874002,.2112,52.22010824128453,0
0,14,64,0,12.4,44,3.278925468837206,2.204501643912544,648,.648,.00040000002,.0016000001,52.22010824128453,0
1,17,64,0,17.8,88.800003,4.172288140835902,6.232822897114383,702.79999,1.0014,.055199999,.0088,52.22010824128453,0
0,18,64,0,1.333333333333333,1.6666666,.0086206896540887,.3269404672244974,11,.011,.0014,0,52.22010824128453,0
0,20,64,0,8.6,30.799999,.8905410841921199,2.266868227757836,528,.5808,.074599996,.0064000003,52.22010824128453,0
0,21,64,0,24.2,127.4,5.047228717662399,7.247020203805742,712,.71200001,2.5486002,.1054,52.22010824128453,0
0,22,64,0,15.8,40.400002,1.512794385544201,3.607634063073319,782,1.1366,.0296,.0078000003,52.22010824128453,0
0,23,64,1,32,89,5.979343264955228,5.244736405128868,927.79999,1.1652,.032000002,.0096000005,52.22010824128453,1
0,25,64,1,15.8,71.199997,3.567820970173119,2.613159355518218,1363.8,1.408,.237,.019399999,52.22010824128453,0
0,27,64,0,2,2.8,.0319547232264322,.2714517080450637,11,.0118,.0014,0,52.22010824128453,0
0,28,64,0,3.8,12.2,.4262687790721316,1.03831527170554,377,.377,.0076000001,.0026,52.22010824128453,0
0,29,64,0,11,46.799999,1.902634214331609,1.520234445279398,766.79999,.76679999,.00080000004,.00080000004,52.22010824128453,0
0,32,64,1,20.4,78.800003,3.781123797049505,4.80615525423741,560.79999,.76359999,.537,.0308,52.22010824128453,0
0,33,64,0,0,2,.0973319131606712,.2210060075919796,,0,0,0,52.22010824128453,0
0,34,64,0,3,5.1999998,.0624562276110825,.5935880133562607,74.199997,.074199997,.0020000001,.0016000001,52.22010824128453,0
0,35,64,0,8.4,51.799999,.950915214273911,4.69283705963628,683.59998,.68359995,.37920001,.0058000004,52.22010824128453,0
0,36,64,0,9.4,26.6,1.16493072093523,1.261239969893181,529,.52899998,.0136,.0041999999,52.22010824128453,0
0,37,64,1,23.4,140.60001,6.906808326331802,7.034709921957839,573.40002,.61019999,7.7976003,.23100001,52.22010824128453,0
0,38,64,0,24.8,65.800003,3.863113596623022,5.835491317309873,1644.2,1.6442,.1446,.0242,52.22010824128453,0
0,39,64,0,15.8,80,1.893941884220736,3.609291273033087,989,.98900002,1.1210001,.0418,52.22010824128453,1
0,40,64,0,0,,0,,64,.064000003,.014,0,52.22010824128453,0
0,41,64,0,7.2,39.799999,0,.0256261785669116,653.59998,.65359998,0,0,52.22010824128453,0
0,42,64,0,21.4,95.400002,.4191601657502299,5.706779020280485,2349.8,2.3498001,.015800001,.0014,52.22010824128453,0
0,43,64,0,10,48.400002,2.755046582308109,4.289247826026379,410.20001,.4102,0,0,52.22010824128453,0
0,44,64,0,8.4,22.6,.605666437418901,1.927127763127809,431.60001,.63159996,.0296,.0078000003,52.22010824128453,0
0,45,64,0,0,0,0,,3.4000001,.0034,.0296,.0078000003,52.22010824128453,0
0,46,64,0,1.5,.5,0,,0,.0017500001,0,0,52.22010824128453,0
0,47,64,0,2,6.5,0,,87,.086999997,.0078000003,0,52.22010824128453,0
0,48,64,0,9.800000000000001,16.200001,.2264105229673381,1.359113039453194,198.2,.565,.092800006,.014,52.22010824128453,1
0,49,64,0,0,3.5,0,,4,.0126,.0078000003,.00020000001,52.22010824128453,0
0,50,64,0,1.8,18.4,.3970837818134245,2.120728053041335,76,.075999998,0,0,52.22010824128453,0
0,56,64,0,32,86.800003,2.117289371591574,6.222776121673813,2163,2.1630001,.384,.033799998,52.22010824128453,0
0,3,65,0,2,5,.0058620501527444,.478246377630723,54.799999,.0548,.00020000001,.00060000003,37.09049676904892,0
0,4,65,0,3.2,5.8000002,.0202761904406431,.65942214154603,7.5999999,.082599998,0,.00020000001,37.09049676904892,0
0,5,65,0,7.8,20.200001,.2802878179232683,1.962659013417969,222.8,1.2814,.0046000001,.0035999999,37.09049676904892,0
0,7,65,0,8.6,10.6,.8159820769672567,1.010776686472555,220.2,.221,.0046000001,.0035999999,37.09049676904892,0
0,10,65,0,2.4,3.5999999,.0925942109948412,.316920532132029,243,.243,.015600001,.00020000001,37.09049676904892,0
0,11,65,0,.6666666666666666,1.3333334,0,.0013356997969923,,0,0,0,37.09049676904892,0
0,12,65,1,15.6,126.2,5.530100481396197,7.07496480874414,596.59998,.87620002,8.0846004,.1948,37.09049676904892,1
0,13,65,1,23.2,183.60001,4.067987428036798,8.651966669414065,615.79999,.73100001,11.1344,.25299999,37.09049676904892,1
0,14,65,0,2.4,5,.032806819635331,.3654298455128886,505.20001,.50520003,0,.00020000001,37.09049676904892,0
0,15,65,0,24.4,192.60001,9.157968685788441,7.848726622035572,819.79999,.829,.72399998,.044400003,37.09049676904892,0
0,17,65,0,11.2,35.799999,.4873552143151245,1.608822515817729,364.79999,.39720002,.058200002,.0032000002,37.09049676904892,0
0,18,65,0,14.4,29.6,.5496783616226222,2.822708888517861,144.8,.2588,.00040000002,.0016000001,37.09049676904892,0
0,20,65,0,8.6,25.4,.4128051595745676,1.846841505842002,298.20001,.62120003,.015600001,.003,37.09049676904892,0
0,21,65,0,11.6,37.799999,1.488866928946526,2.630997753646544,224.60001,.2246,1.0184001,.056599997,37.09049676904892,0
0,22,65,0,13.4,23.799999,.3682727019426461,2.838649679325179,323.20001,1.8184,.0046000001,.0035999999,37.09049676904892,0
0,23,65,0,14.2,23.6,.4746473054839768,2.484422566251976,251.39999,.36579999,.012,.0016000001,37.09049676904892,0
0,25,65,0,18.6,134.2,4.757622517038431,7.047369785849342,851.79999,.903,.27920002,.017000001,37.09049676904892,0
0,26,65,0,2.6,17.200001,6.704564923466811,.719705574438222,446.79999,.44679999,0,0,37.09049676904892,0
0,27,65,0,.2,.2,.0001864838393226,.0204360508897339,0,.0154,.00040000002,.0016000001,37.09049676904892,0
0,28,65,0,0,1.3333334,.0013691683568259,.0071704750479592,0,0,.0020000001,.00020000001,37.09049676904892,0
0,29,65,0,3.4,5,.1795142976910882,.541858944591069,142.60001,.1982,0,.00020000001,37.09049676904892,0
0,31,65,1,36,459.60001,27.36050467174049,14.63766171232122,2932,2.9319999,4.0056,.16580001,37.09049676904892,1
0,32,65,0,22.8,66.800003,1.284251816896329,4.456581715746164,447,1.0582,.70640004,.047800001,37.09049676904892,0
0,33,65,0,2.2,3.8,.1288582924020747,.8457435685851162,,0,0,0,37.09049676904892,0
0,34,65,0,2.4,1.2,.1805734008613263,.563250843924141,7.4000001,.050999999,.0012000001,.001,37.09049676904892,0
0,35,65,0,4.6,45.799999,.5894988542669175,2.739204231908366,415.60001,.4156,.50440001,.0132,37.09049676904892,0
0,36,65,0,3.8,6.4000001,.043605670108903,1.191442574117243,71,.073199995,.0164,.0044,37.09049676904892,0
0,37,65,1,33.2,197.2,7.889738706839609,9.927172816862027,475.60001,.48800001,10.9626,.403,37.09049676904892,1
0,38,65,0,5.6,11.4,.1469470623791693,1.713791768175804,577.79999,.57779998,.096000001,.0026,37.09049676904892,0
0,39,65,0,9.199999999999999,64.400002,1.510350708025203,2.324553525062966,498.20001,.4982,.57999998,.032400001,37.09049676904892,0
0,41,65,0,.6,1,.0028178582741666,.2973800276393416,5,.0049999999,0,0,37.09049676904892,0
0,42,65,0,20.2,84.400002,.4226952417635366,4.70148109172645,1567,1.567,.0108,.0014,37.09049676904892,0
0,44,65,0,7,10.8,.0962290912132023,1.35179783988099,120.4,.22239999,.0046000001,.0035999999,37.09049676904892,0
0,45,65,0,0,1.5,.024915738337271,.0937140190547857,14,.014,.0046000001,.0035999999,37.09049676904892,0
0,46,65,0,0,,0,,15,.015,0,0,37.09049676904892,0
0,47,65,0,0,,0,.020767,,0,.001,0,37.09049676904892,0
0,48,65,0,7.4,32.400002,.4869864033731068,.9974895579295259,786,.99680001,.022399999,.003,37.09049676904892,0
0,49,65,0,3.6,20.4,.9681669098131337,1.533873170273246,98,.18339999,.0024000001,0,37.09049676904892,0
0,50,65,0,.4,6.5999999,.7933534614426572,1.89164912111058,1.2,.0035999999,0,0,37.09049676904892,0
0,54,65,0,0,,0,,732,.73199999,.024,.0015,37.09049676904892,0
0,55,65,0,0,,0,.0109582636860119,453.33334,.45333335,0,0,37.09049676904892,0
0,56,65,0,29.4,158,2.833910945590283,10.60283911620637,3781.6001,3.8098001,.17019999,.0274,37.09049676904892,0
0,3,66,0,4.2,24.4,0,1.590561441854131,30.4,.030400001,.00040000002,.00080000004,18.57017189412558,0
0,4,66,0,3.2,3.2,.2760818714656082,1.65920107208737,3.5999999,.104,0,0,18.57017189412558,0
0,5,66,0,6,15.6,.0931591114943824,2.046990411796668,231.60001,.49399999,.015800001,.0018,18.57017189412558,0
0,7,66,0,4,7.8000002,.2197084085249618,2.376930306912334,74.800003,.0748,.015800001,.0018,18.57017189412558,0
0,10,66,0,5,9,.1753092546038044,1.11807925163487,439,.43900001,.0098000001,.00080000004,18.57017189412558,0
0,12,66,1,29.6,161.2,5.230094899444749,14.03612814522522,646,.83640003,5.9698,.2568,18.57017189412558,1
0,13,66,0,17,182.8,6.249915484999359,13.67781210524835,583.59998,.66500002,5.684,.23100001,18.57017189412558,0
0,14,66,0,0,,0,.1041044624615581,,0,0,0,18.57017189412558,0
0,15,66,0,0,,0,,0,0,.56240004,.0196,18.57017189412558,0
0,16,66,0,4.6,31.799999,2.071889844661672,2.375815080766793,449.39999,.44940001,.36059999,.018999999,18.57017189412558,0
0,17,66,0,8,26.799999,.2154723383874014,3.482228782420204,772.59998,.7726,.033199999,.0020000001,18.57017189412558,0
0,18,66,0,10.4,14.8,.1374773108804314,2.237787533365724,118.2,.15619999,.00080000004,.00040000002,18.57017189412558,0
0,20,66,0,7.4,59,1.806761959123985,3.380584378494308,247.60001,.42679998,.0298,.0035999999,18.57017189412558,0
0,21,66,0,7.8,54.599998,2.370961640651282,4.084904027478958,253.60001,.2536,.77459997,.041000001,18.57017189412558,0
0,22,66,0,12.6,58.799999,1.345610011749591,5.400761431555309,814.40002,1.2398001,.015800001,.0018,18.57017189412558,0
0,23,66,0,17.6,50.799999,1.996173117524051,4.814785916858235,449.39999,.82559997,.012,.0034,18.57017189412558,0
0,25,66,0,14,66.199997,1.666976606387859,5.146068017891672,491.79999,.51520002,.15880001,.0138,18.57017189412558,0
0,26,66,0,1.8,13.2,0,.7543875217624085,,0,0,0,18.57017189412558,0
0,27,66,0,0,,0,.0029087221091678,,0,.001,.001,18.57017189412558,0
0,28,66,0,1.8,2.2,.0521659043990393,.3222053842390429,230.2,.23019999,.001,.00020000001,18.57017189412558,0
0,29,66,0,3,5.5999999,.1295977038021731,1.205078484655729,284.79999,.2852,0,0,18.57017189412558,0
0,30,66,0,0,,0,,19,.018999999,0,0,18.57017189412558,0
0,31,66,0,0,0,0,.3707086340880918,238.8,.2388,1.4558001,.055,18.57017189412558,0
0,32,66,0,18.8,39.799999,.3962923984019158,5.259628789470951,239,.54159999,.35439998,.035400003,18.57017189412558,0
0,33,66,0,1.6,5,0,.6790596426228521,154.8,.1548,0,0,18.57017189412558,0
0,34,66,0,.8,.80000001,.015522835617242,.1148000713577415,,0,.0020000001,.00020000001,18.57017189412558,0
0,35,66,0,5.2,36.599998,.3825582154590219,3.507680718997662,329.60001,.32960001,.22839999,.0060000001,18.57017189412558,0
0,36,66,0,6,18.200001,.2149903710419472,1.973923927368022,173.8,.26440001,.0108,.0020000001,18.57017189412558,0
0,37,66,0,24.6,228,14.20298201412753,12.7671175938123,495.79999,.53899997,8.6947994,.3096,18.57017189412558,0
0,38,66,0,5.8,10.8,.1539539079609164,2.258374085070517,744.79999,.74479997,.070800006,.0061999997,18.57017189412558,0
1,39,66,0,12.6,88.599998,2.187925394522791,6.712691333468138,678,.67799997,1.0721999,.057799999,18.57017189412558,0
0,40,66,0,0,,0,,0,0,.0099999998,.0015,18.57017189412558,0
0,41,66,0,4.8,20,0,.7808311539212613,273.20001,.27320001,0,0,18.57017189412558,0
0,42,66,0,18,57,.3621772988146932,6.83762427551611,1489.4,1.4894,.0089999996,.0014,18.57017189412558,0
0,44,66,0,6.4,8,.0385890679655551,1.910463335149127,149.39999,.26479998,.015800001,.0018,18.57017189412558,0
0,45,66,0,2.8,9.1999998,.0757442480503233,1.017714657626436,95.199997,.118,.015800001,.0018,18.57017189412558,0
0,47,66,0,.8,5,.0289295872310911,.102501902264274,,0,.0061999997,0,18.57017189412558,0
0,48,66,0,8.4,67,2.448205003258975,3.257962335726616,835.40002,.97820002,.044799998,.0071999999,18.57017189412558,0
0,49,66,0,5.8,44.599998,.8012034068213173,4.851188299729105,561.20001,.92640001,.0016000001,.00020000001,18.57017189412558,0
0,50,66,0,1.6,3.5999999,.1145124279384388,.4039957084836518,172,.17200001,0,0,18.57017189412558,0
0,55,66,0,0,,0,,27,.027000001,0,0,18.57017189412558,0
0,56,66,0,16.6,70.199997,.8304144391483881,8.876091008722277,1515.2,1.5854,.14039999,.020200001,18.57017189412558,0
0,1,67,0,1.4,1.2,.2359778720570539,.3230560217815548,,0,0,0,40.54295394787458,0
0,2,67,0,27,177,5.250369137355938,11.58015219574081,1298.8,1.2988,1.9544001,.092800006,40.54295394787458,0
0,3,67,0,1,3.8,.0005997687347225,.2746907660105956,103,.103,.0032000002,.0022,40.54295394787458,0
0,4,67,0,3.8,10,.0711712937755205,.625063624232125,102.6,.16939999,.00020000001,.00020000001,40.54295394787458,0
0,5,67,0,9,19.200001,.1172577643707711,2.011345608141934,354.39999,.49000001,.0052,.0046000001,40.54295394787458,0
0,6,67,0,1,0,0,,,0,0,0,40.54295394787458,0
0,7,67,0,10.8,17.200001,.3760689572885486,1.675442508318703,191.39999,.19139999,.0052,.0046000001,40.54295394787458,0
0,8,67,0,0,0,0,,,0,.012,.00020000001,40.54295394787458,0
0,10,67,0,0,.80000001,.001732810920298,.1416787475380121,81,.081,.0064000003,.0014,40.54295394787458,0
1,12,67,1,32.6,231.2,9.873014145607597,11.39818079149581,1224.4,1.2601999,15.1224,.45920002,40.54295394787458,1
1,13,67,1,16.8,133.39999,4.102044853168484,8.721638566224831,575.59998,.59759998,13.3042,.206,40.54295394787458,1
0,17,67,0,5.6,14.6,.4597444358676068,1.113803828028459,139,.13960001,.042599998,.0068000001,40.54295394787458,0
0,18,67,0,13.6,28.6,1.036890349131379,2.236287055422409,258.20001,.27179998,.0027999999,.003,40.54295394787458,0
0,19,67,0,16.2,117.6,5.480028897577681,7.143626111170282,579.79999,.57980001,.49599999,.0374,40.54295394787458,0
0,20,67,0,4,10.8,.3294995837239663,1.259891301871757,327.39999,.33560002,.058200002,.0052,40.54295394787458,0
0,21,67,0,16,89.199997,2.933156477896706,5.392493884947905,302.20001,.30220002,3.0956001,.093800001,40.54295394787458,0
0,22,67,0,16.6,34.799999,1.015899485840255,3.383891703673411,821.79999,1.017,.0052,.0046000001,40.54295394787458,0
0,23,67,0,17.6,45.200001,1.279989663511894,4.012231624718526,603.79999,.64859998,.060400002,.0048000002,40.54295394787458,0
0,25,67,0,5.8,19.4,.3090896062029965,3.284917210521168,521.79999,.52179998,.090800002,.0080000004,40.54295394787458,0
0,27,67,0,0,1,0,,,0,.001,.0020000001,40.54295394787458,0
0,28,67,0,8.4,13.8,.5312814101850746,1.184105253459412,412.39999,.41240001,.0022,.00060000003,40.54295394787458,0
0,29,67,0,2,3.4000001,.106118231619623,.5088728634796941,163.2,.16319999,.001,0,40.54295394787458,0
0,30,67,0,1.4,4,.0002587659156988,.0778118685972382,,0,0,0,40.54295394787458,0
0,31,67,0,1,0,0,,18,.017999999,1.6546,.0504,40.54295394787458,0
0,32,67,0,25.6,57.799999,1.821021510290243,3.342547747751761,382,.4262,.77459997,.062600002,40.54295394787458,0
0,33,67,0,0,0,0,.1871419191350703,,0,0,0,40.54295394787458,0
0,34,67,0,2,4.1999998,.0415480534803326,.3710235990847083,46.400002,.046400003,.00060000003,.00040000002,40.54295394787458,0
0,36,67,0,7.4,6.5999999,.082804210341912,.9150070708275955,129.8,.1322,.0144,.0046000001,40.54295394787458,0
0,37,67,1,23.4,201,9.15858058985021,8.394846192789231,688,.69879997,7.5927997,.28079998,40.54295394787458,1
0,38,67,0,6.2,13,.1679049368806518,1.313612674789521,354.79999,.36520001,.10219999,.0076000001,40.54295394787458,0
0,39,67,0,6.8,38.200001,.6976829368191113,2.425889177086707,433.20001,.4332,1.228,.061799999,40.54295394787458,0
0,41,67,0,.2,.2,.0043233300678009,.9457230046296281,32.400002,.032400001,0,0,40.54295394787458,0
0,42,67,0,26,71,.7616139326056348,6.878413950873038,1763.4,1.7634001,.02,.0040000002,40.54295394787458,0
0,43,67,0,1,.2,0,,,0,0,0,40.54295394787458,0
0,44,67,0,7,7,.0439977844136999,1.879918675628262,251.2,.34639999,.0052,.0046000001,40.54295394787458,0
0,45,67,0,3.4,7.5999999,.0977048650057385,1.170467391912003,73.599998,.0766,.0052,.0046000001,40.54295394787458,0
0,47,67,0,.2,.2,0,,,0,.0034,.00040000002,40.54295394787458,0
0,48,67,0,8.4,35.799999,.6181729372391278,2.455250042979201,1050.4,1.0528001,.052999999,.0071999999,40.54295394787458,0
0,49,67,0,1.8,7,.0711863729986709,1.349726887510345,406.79999,.44760001,.003,0,40.54295394787458,0
0,50,67,0,1,9.3999996,.3774152968728993,2.280626854604098,58.599998,.063000001,0,0,40.54295394787458,0
0,56,67,0,24.6,127.6,1.575659112732654,7.492231343182485,2312.8,2.372,.17919999,.0396,40.54295394787458,0
0,3,68,0,2,6.1999998,.4719996807281037,4.120759580747423,285,.285,.0020000001,.0027999999,38.29429283334522,0
0,4,68,0,2.2,4.5999999,.3461871471254216,1.528898896014991,22.200001,.1008,.00020000001,.00060000003,38.29429283334522,0
0,5,68,0,11.6,21.4,.1383870834207608,2.95803468698603,489.20001,1.031,.017999999,.0068000001,38.29429283334522,0
0,7,68,0,10.4,24.799999,.3462213895149339,2.414407522438498,622.40002,.62240005,.017999999,.0068000001,38.29429283334522,0
0,9,68,0,0,,0,,1,.001,.003,0,38.29429283334522,0
0,10,68,0,0,,0,,264,.264,.0089999996,.001,38.29429283334522,0
0,12,68,1,31.6,147.8,7.428145480783047,10.70875176450584,757.40002,.96399999,11.706,.3066,38.29429283334522,1
0,13,68,1,25,160.60001,11.97928490541032,10.89907591782258,841,.95039999,6.3740001,.20460001,38.29429283334522,1
0,14,68,0,2.8,6.4000001,.0623765026317223,.6688952455456262,150.33333,.15033333,.00060000003,.00040000002,38.29429283334522,0
0,17,68,0,17.2,53,.8896841984072602,5.052215951347772,1933.6,1.9405999,.051599998,.0086000003,38.29429283334522,0
0,18,68,0,7,17.4,.2349819046479445,1.740959688154162,179,.27879998,.0014,.00020000001,38.29429283334522,0
0,20,68,0,13,41.599998,1.095366285388898,3.223246504516301,483.39999,.6336,.079999998,.0092000002,38.29429283334522,0
0,21,68,0,19.6,84.199997,4.042328141474013,5.994328078277796,578.79999,.57879996,1.9662,.089000002,38.29429283334522,0
0,22,68,0,18.2,59.200001,1.240928957972995,5.564445317243506,998.59998,1.9355999,.017999999,.0068000001,38.29429283334522,0
0,23,68,1,18.8,75.599998,3.327473320943714,5.193158910812494,649,.99659997,.039999999,.0092000002,38.29429283334522,1
0,25,68,0,14.4,65.800003,2.560521323545724,4.712657347159018,821.59998,.84979999,.17119999,.022399999,38.29429283334522,0
0,27,68,0,8.199999999999999,11.4,.1872164991427536,1.629168118685249,63.599998,.16419999,.0014,.00020000001,38.29429283334522,0
0,28,68,0,8.4,16.6,.6253151449425285,1.345767087922219,337.20001,.33720002,.0052,.0022,38.29429283334522,0
0,29,68,0,10.8,22,.408670871396884,2.608891613625524,639.59998,.78079998,0,.00020000001,38.29429283334522,0
0,32,68,0,21,40.599998,.7312911329247235,4.065053506429255,528,1.4978,.32440001,.0274,38.29429283334522,0
0,33,68,0,0,21.799999,.0241293271114118,.4529475270633217,81,.081,0,0,38.29429283334522,0
0,34,68,0,3.4,4.1999998,.0181034380301931,.4890904094858337,172.39999,.2024,.0016000001,.001,38.29429283334522,0
1,35,68,0,10.2,73.400002,2.953253040256765,5.470581283809782,663.79999,.6638,.40360001,.0088,38.29429283334522,0
0,36,68,1,8.199999999999999,25,.4383630222715342,2.669608225759396,663.79999,.73900002,.026000001,.0086000003,38.29429283334522,1
0,37,68,0,28.6,180,10.17280417969176,15.32707509871095,687.79999,.75940001,9.4757996,.34,38.29429283334522,0
0,38,68,1,16,47,.5450071622710039,3.398451203148907,1202.2,1.2021999,.085599996,.010600001,38.29429283334522,1
0,39,68,0,18,66.800003,.6669385399468172,5.200548079017524,592.59998,.59259999,1.233,.058400001,38.29429283334522,0
0,41,68,0,0,,0,,153,.153,0,0,38.29429283334522,0
0,42,68,0,33,85.400002,4.754971608100306,10.16507531048362,3370.6001,3.3706,.0262,.0038000001,38.29429283334522,0
0,44,68,0,8,19.4,.0936779156922718,2.116004484628646,466.20001,.75640005,.017999999,.0068000001,38.29429283334522,0
0,45,68,0,2,9.3999996,.2864791482345669,.7075767179423101,5.4000001,.0082,.017999999,.0068000001,38.29429283334522,0
0,46,68,0,5.6,11.8,.3198590240988157,1.351506786474298,0,.52359998,0,0,38.29429283334522,0
0,48,68,0,20.6,56.599998,1.120445274051516,5.263685062267605,1113.4,1.3111999,.043400001,.0052,38.29429283334522,0
0,49,68,0,4.4,17.6,.1910157118720216,2.904869917738768,601,.8804,.0046000001,0,38.29429283334522,0
0,50,68,0,0,1,0,.4550537855962051,237,.237,0,0,38.29429283334522,0
1,56,68,0,50.2,167.8,6.260098826786588,13.70245749509925,3525.8,3.5283999,.4312,.054200001,38.29429283334522,0
0,3,69,0,5,20,.5171894963065663,1.240926003228999,336.79999,.33679998,.00060000003,.00040000002,13.84385700167441,0
0,4,69,0,2.8,1.4,.0295695597289877,.2836057209205277,8.8000002,.0112,.00040000002,0,13.84385700167441,0
0,5,69,0,5.2,19.200001,.0502941047333936,1.444184614623524,675.40002,.68379998,.0394,.0022,13.84385700167441,0
0,7,69,0,6.4,11.8,.0857717120113191,1.200892131573164,427.60001,.4276,.0394,.0022,13.84385700167441,0
0,10,69,0,3,7,0,,87,.086999997,.014333333,.0016666666,13.84385700167441,0
0,11,69,0,0,,0,0,,0,0,0,13.84385700167441,0
0,12,69,1,22.6,181.39999,6.129160422371713,12.07949140316806,1215,1.2201999,10.819401,.2176,13.84385700167441,0
0,13,69,0,14.6,152,3.536288747147616,9.189396747114637,854.20001,.85519999,4.5794001,.1134,13.84385700167441,0
0,17,69,0,1.8,9.8000002,.0509618852469492,.5379762549900898,16,.0164,.021,.00060000003,13.84385700167441,0
0,20,69,0,0,,.0080856555721107,.0152463082508656,9.1999998,.0098000001,.0061999997,0,13.84385700167441,0
0,22,69,0,6.8,29.200001,.1918529838078471,1.799754072474479,1468.2,1.4788001,.0394,.0022,13.84385700167441,0
0,23,69,0,7.6,20.6,.2451429846679194,1.779983226193235,788.59998,.79280001,.0104,.0014,13.84385700167441,0
0,24,69,0,0,,.0585217414163577,.3278501059165454,,0,.0020000001,0,13.84385700167441,0
0,25,69,0,10,33.400002,.6233736270770154,2.607743944325235,586,.58600003,.088199995,.0058000004,13.84385700167441,0
0,28,69,0,0,,.1243524192670256,.6264828274418002,24,.024,.001,0,13.84385700167441,0
0,29,69,0,3.2,6.1999998,.1264270638661777,.5993343016942615,336.60001,.33660001,.00020000001,0,13.84385700167441,0
0,32,69,0,13.6,30.200001,.2700911553109557,2.41750603314262,406.39999,.40739998,.30520001,.022399999,13.84385700167441,0
0,33,69,0,0,,.1862399782762889,1.875600139671304,27,.027000001,0,0,13.84385700167441,0
0,34,69,0,0,,0,,0,0,.0020000001,0,13.84385700167441,0
0,35,69,0,9.199999999999999,62.400002,.8537566157408092,4.11344013012406,554.79999,.55479997,.81020004,.0142,13.84385700167441,0
0,36,69,0,5.4,14.8,.2298232531050912,.9040495887451631,423.39999,.4258,.0154,.0044,13.84385700167441,0
0,37,69,0,15,68,4.045499645171152,5.786680727544254,353.39999,.354,3.9196,.119,13.84385700167441,0
0,38,69,0,3,6.5999999,.0997754536310889,.1983316429770961,52.799999,.0528,.038200002,.00080000004,13.84385700167441,0
0,39,69,0,7.8,37.400002,.7450825733193718,2.747202321572122,547,.54699999,1.9448,.039999999,13.84385700167441,0
0,41,69,0,0,,0,.874903036001982,.75,.00075000001,0,0,13.84385700167441,0
0,42,69,0,14.8,65.599998,.7052931837862473,2.972397851346049,1253,1.253,.015,.0014,13.84385700167441,0
0,44,69,0,5.8,24,.2013578188508438,1.921108074939988,432.20001,.43939999,.0394,.0022,13.84385700167441,0
0,48,69,0,5.4,22.200001,.3632311856041083,1.569669080370392,482.20001,.48220003,.0252,.0054000001,13.84385700167441,0
0,49,69,0,.5,0,.0365808588662096,.1225236458004914,0,.0043333336,.00033333333,0,13.84385700167441,0
0,50,69,0,1.6,12.6,.0659874492489188,1.515010775186047,520.40002,.52040005,0,0,13.84385700167441,0
0,56,69,0,13,47.400002,.2039233272264422,3.182660417885204,987.79999,.9878,.062600002,.0074,13.84385700167441,0
0,1,70,0,0,0,0,,,0,0,0,34.25735685581078,0
0,2,70,0,24.4,113.2,3.862245279602072,6.211025180375254,1195,1.1950001,.4014,.025799999,34.25735685581078,0
0,3,70,1,0,0,0,,424.60001,.42460001,.0012000001,.0035999999,34.25735685581078,1
0,4,70,1,5.4,11.2,.5398737340869966,.305852885961595,53.599998,.18519999,.00060000003,.0012000001,34.25735685581078,1
0,5,70,0,10,16.799999,.1644281005676176,1.875440100291255,458.39999,.7568,.019200001,.0138,34.25735685581078,0
0,7,70,1,14.6,32,1.749730414149735,1.228635921393828,373.39999,.3734,.019200001,.0138,34.25735685581078,0
0,8,70,0,0,0,0,,,0,.001,.001,34.25735685581078,0
0,10,70,0,4.6,13,.6384319213445163,.084521083079363,452.79999,.45279998,.0152,.0048000002,34.25735685581078,0
0,11,70,0,0,0,0,,,0,.00033333333,0,34.25735685581078,0
0,12,70,1,31.6,181.8,8.939013832877961,.4309687824522533,535.40002,.63440001,5.9272003,.1788,34.25735685581078,1
0,13,70,1,15.4,137.39999,3.110892689772069,2.788711689724578,452,.51480001,4.6656003,.1354,34.25735685581078,1
0,14,70,0,0,0,0,,17.200001,.017200001,.00020000001,0,34.25735685581078,0
0,15,70,0,0,0,0,,,0,.114,.003,34.25735685581078,0
1,17,70,0,17.4,69.400002,3.680392615327042,.2742892494584197,390.79999,.68599999,.066199996,.012399999,34.25735685581078,0
0,18,70,0,14.6,32.599998,.8284889424604953,2.174664328124276,580,.62099999,.0020000001,.0018,34.25735685581078,0
0,19,70,0,0,0,0,,,0,.017999999,.0020000001,34.25735685581078,0
0,20,70,0,15,36,1.407182388398181,.8760876411066001,597.79999,.73340005,.029200001,.0040000002,34.25735685581078,0
0,22,70,0,26.2,66.400002,2.158623976655742,2.985150092012141,1074.8,1.4006,.019200001,.0138,34.25735685581078,0
1,23,70,1,23.4,77.400002,2.261906807711473,1.222196409438717,1190.8,1.5045999,.0252,.0112,34.25735685581078,1
0,24,70,0,0,0,0,,,0,0,0,34.25735685581078,0
0,25,70,1,17.6,67.400002,2.697058336007924,1.353350991008261,965.79999,1.0128,.3046,.033199999,34.25735685581078,0
0,28,70,0,15,42,1.828810071175042,.2250067841756821,303.39999,.30339998,.003,.0022,34.25735685581078,0
0,29,70,0,11.6,34.400002,2.251473345190365,.9265894315365492,361.20001,.3612,.00040000002,0,34.25735685581078,0
0,30,70,0,0,2,0,,37.200001,.1106,0,0,34.25735685581078,0
1,32,70,1,28.6,73.800003,3.270352754036494,1.006682552176885,703.40002,.97240001,.75099999,.065800004,34.25735685581078,0
0,33,70,0,6,65,0,,0,0,0,0,34.25735685581078,0
0,34,70,0,4,5,.1048416194660596,1.090855964194745,407,.40700001,.0024000001,.0024000001,34.25735685581078,0
0,35,70,0,0,0,0,.1397584523405984,,0,.20200001,.0037499999,34.25735685581078,0
0,36,70,1,13.8,40.200001,1.145292096906328,.5568264483232401,575.59998,.62580001,.010600001,.0061999997,34.25735685581078,1
0,37,70,1,27.4,145,6.69299208306728,1.124369260965164,627.79999,.7062,7.7692003,.31320003,34.25735685581078,1
0,38,70,0,0,0,0,,101.2,.1012,.089400001,.0108,34.25735685581078,1
0,39,70,1,13,52,1.435871568046037,1.341160721526159,778.79999,.77880001,1.0446,.0572,34.25735685581078,1
0,41,70,0,2,3.4000001,0,,6.5999999,.0066,0,0,34.25735685581078,0
0,42,70,0,24.8,100.2,1.767599920402694,3.210353304626004,2313,2.313,.0198,.0046000001,34.25735685581078,0
0,43,70,0,0,0,0,,371,.37099999,0,0,34.25735685581078,0
0,44,70,0,8,8.1999998,.1034876509425279,1.921364485019248,356.79999,.5794,.019200001,.0138,34.25735685581078,0
0,45,70,0,10.6,20,.384032803447404,1.81865215125462,519,.58920002,.019200001,.0138,34.25735685581078,0
0,46,70,0,10,17.799999,.1895527000404822,2.130629875885389,191,.67400002,0,0,34.25735685581078,0
1,48,70,0,20.6,45.200001,1.192026944035849,1.774844439312767,753.20001,.75319999,.064999998,.011399999,34.25735685581078,1
0,49,70,0,5.8,21.799999,.5581964279119793,1.490821506436635,421,.82740003,.0061999997,.00020000001,34.25735685581078,0
0,50,70,0,.5,7,.0315259524010054,2.367748337738119,806.40002,.8064,0,0,34.25735685581078,0
0,56,70,0,29.4,92,2.843440311409346,2.755943585344231,1642.8,1.794,.5036,.035,34.25735685581078,0
0,3,71,0,17.4,43.400002,.1676133238173126,9.009515264205634,469.79999,.4698,.00080000004,.0016000001,22.53526500230274,0
0,4,71,0,3.8,9.3999996,.0659437276338672,.8429239158356558,35.599998,.1928,0,0,22.53526500230274,0
0,5,71,0,9.800000000000001,32.200001,.1248603536219833,2.962449525983888,1455.2,2.3368001,.011,.0061999997,22.53526500230274,0
0,7,71,0,9,34.400002,.9103692229127531,1.535329541158807,283.39999,.2834,.011,.0061999997,22.53526500230274,0
0,10,71,0,11,22,.1290023476573853,2.484568657816831,515.20001,.51520002,.035400003,.0027999999,22.53526500230274,0
0,11,71,0,13.2,4.5999999,.066271190116803,2.164303113635407,59.599998,.17039999,.00040000002,0,22.53526500230274,0
0,12,71,0,21.2,132.60001,3.283757617321276,11.07935803693113,1306.8,1.549,8.901,.1912,22.53526500230274,0
0,13,71,0,25.4,216.8,8.775824482977393,15.33085895687969,1126.2,1.2952,9.2257996,.22139999,22.53526500230274,0
0,14,71,0,3.6,10.8,.1669888315722056,.7491930950764112,518.79999,.51879996,.00020000001,.00020000001,22.53526500230274,0
0,17,71,0,9.6,40,.2624880600956968,3.043091690782395,1120,1.12,.023,.0014,22.53526500230274,0
0,18,71,0,12,17.200001,.1580847021930771,2.075384365551951,191.8,.2784,.0014,.00060000003,22.53526500230274,0
0,20,71,0,6.6,28,.403164173699723,2.760108850293124,609.20001,1.0428001,.027000001,.0024000001,22.53526500230274,0
0,21,71,0,10.4,55,1.814307939232732,4.866491656943717,595.79999,.59579998,3.141,.1034,22.53526500230274,0
0,22,71,0,11.2,25.4,.2778925593876112,3.076218248676116,1215.6,2.0039999,.011,.0061999997,22.53526500230274,0
0,23,71,0,12.6,42,.7134366179400697,3.791137609395539,790.79999,1.2952,.038400002,.0074,22.53526500230274,0
0,25,71,0,4,14.2,.1416145084627522,1.415905833532502,289.60001,.29879999,.0614,.0024000001,22.53526500230274,0
0,27,71,0,10.6,15,.3328463189158672,1.892580639666345,152.60001,.28560001,.0014,.00060000003,22.53526500230274,0
0,28,71,0,3.25,11.75,.1232733209574166,.286820126843749,639.20001,.63920003,.0035999999,.00080000004,22.53526500230274,0
0,29,71,0,3.4,11.4,.1472048483309759,1.094058089726887,378.60001,.3786,.00040000002,0,22.53526500230274,0
0,32,71,0,15.6,43.400002,.8256837005797019,3.53112803607128,510.39999,1.0254,.41139999,.024799999,22.53526500230274,0
0,33,71,0,0,2.2,.1769828851478619,.6725263893944479,.75,.00075000001,0,0,22.53526500230274,0
0,34,71,0,25.2,16,.2830867287489489,5.021494353518645,438.79999,.56459999,.00060000003,.0012000001,22.53526500230274,0
0,35,71,0,4.2,39.799999,.8535612231739291,2.96966357388071,484.79999,.48479998,.60519999,.0104,22.53526500230274,0
0,36,71,0,5.4,18,.6059636094852996,1.498030620603588,444,.58779997,.012800001,.0012000001,22.53526500230274,0
0,37,71,1,29.2,211.8,10.31847971323231,16.27674965733442,624.79999,.73940003,14.4034,.40700001,22.53526500230274,1
0,38,71,0,5.6,14.8,.0867192057820789,1.687624709876456,777.79999,.77779996,.087800004,.0054000001,22.53526500230274,0
0,39,71,0,9.6,34.400002,.7498351681589662,2.70054545300691,534.40002,.53440005,.74159998,.043000001,22.53526500230274,0
0,41,71,0,10,33.599998,.0853458858283252,3.110088948652389,658.59998,.65859997,0,0,22.53526500230274,0
0,42,71,0,21.6,70.800003,.2972561739385267,5.584238142798649,2546.2,2.5462,.010600001,.00020000001,22.53526500230274,0
0,43,71,0,0,,0,1.110169857861925,,0,0,0,22.53526500230274,0
0,44,71,0,6,11,.0270648238829826,1.830983528470075,678.79999,1.166,.011,.0061999997,22.53526500230274,0
0,45,71,0,3,4.5999999,.0631161117295588,.9743342781656691,308.20001,.32320002,.011,.0061999997,22.53526500230274,0
0,46,71,0,1,2.4000001,0,.1178936596764525,,0,0,0,22.53526500230274,0
0,47,71,0,2,19,.5728765249252431,.139654941398498,,0,.0034,.00040000002,22.53526500230274,0
0,48,71,0,4.8,18,.276175576231473,2.65226323115101,895.59998,1.0361999,.033199999,.0055999998,22.53526500230274,0
0,49,71,0,6,19.200001,.1958152223947704,3.811202804076215,737.40002,1.0661999,.0044,.00020000001,22.53526500230274,0
0,50,71,0,0,1,.2494068371994472,1.300729478000597,0,0,0,0,22.53526500230274,0
0,53,71,0,0,,.1824620829306337,0,,0,.034000002,.0049999999,22.53526500230274,0
0,56,71,0,20.6,66.199997,.3662926254131467,6.198085784479161,2348.8,2.6830001,.1166,.0126,22.53526500230274,0
0,3,72,0,1.2,3.4000001,.0540096792534455,.2302345063567438,28,.028000001,.00020000001,.00020000001,33.69001611861044,0
0,4,72,0,2.6,4.4000001,.0501377255653904,.7122451676547776,2.5999999,.17460001,0,0,33.69001611861044,0
0,5,72,0,3.6,17.4,.001555651521181,1.589115508500402,197.39999,1.5454,.0034,.0018,33.69001611861044,0
0,7,72,0,8.4,18.200001,.3831415317624234,1.537023505712907,185.39999,.18539999,.0034,.0018,33.69001611861044,0
0,10,72,0,0,,.0201826963537772,.0629651647845465,,0,.0066,.00080000004,33.69001611861044,0
0,11,72,0,0,,0,.016596348882295,,0,0,0,33.69001611861044,0
0,12,72,1,22,175.39999,8.855110496292086,10.87071346170629,1012.4,1.3154,15.463401,.33140001,33.69001611861044,1
0,13,72,1,20.2,172.60001,4.722170866789255,8.823124735435757,541.79999,.65779996,7.8573999,.1602,33.69001611861044,1
0,17,72,0,6.6,21,.1500248677313288,2.209441680138658,478.20001,.47820002,.077199996,.0046000001,33.69001611861044,0
0,18,72,0,2,3.2,.0081826924625122,.3853196421145949,4.4000001,.0502,.00080000004,.00020000001,33.69001611861044,0
0,20,72,0,7,45.400002,1.421363927899141,2.55240686969802,438.20001,.62599999,.032200001,.0032000002,33.69001611861044,0
0,21,72,0,2,3.8,.0884840802733954,.3635010878036987,11.8,.0118,1.209,.0296,33.69001611861044,0
0,22,72,0,9.800000000000001,27.200001,.6641256288207451,2.599815653817853,315.60001,1.8465999,.0034,.0018,33.69001611861044,0
0,23,72,0,11.4,19.799999,.2130983824568885,2.33685647337847,189.60001,.3362,.0088,.0018,33.69001611861044,0
0,25,72,0,12,52.400002,1.468130596475118,2.994395403503005,499,.51700002,.1158,.0098000001,33.69001611861044,0
0,26,72,0,2.5,4,0,.059518,,0,0,0,33.69001611861044,0
0,27,72,0,13.8,29.4,.4965222532632839,2.435119199558393,81.199997,.18799999,.00080000004,.00020000001,33.69001611861044,0
0,28,72,0,1,4,.0133942468403429,.2949663985782593,128.39999,.1284,.0014,.00020000001,33.69001611861044,0
0,29,72,0,2.8,3.4000001,.0211315878677892,.6906278781469006,95.199997,.095199995,.00020000001,0,33.69001611861044,0
0,31,72,0,0,,0,.0078823529401856,344.20001,.34420002,1.1531999,.032599997,33.69001611861044,0
0,32,72,0,14,39.799999,.5579966403619033,3.391762532042697,342.79999,.98159999,.25220001,.0274,33.69001611861044,0
0,33,72,0,0,1.6,.1521135573178862,.9509906830638498,0,0,0,0,33.69001611861044,0
0,34,72,0,6,10.6,.2738856073775736,1.299641669699732,94,.1892,.00020000001,.0018,33.69001611861044,0
0,35,72,0,5.6,44.200001,.5416480718473857,1.891288940331995,365,.36500001,.62180001,.0146,33.69001611861044,0
0,36,72,0,3.8,9.1999998,.250509048213519,.7790193825317359,74.199997,.080600001,.0066,.00080000004,33.69001611861044,0
0,37,72,0,28.6,178.2,7.383979656752798,7.478802450522463,449.39999,.49620003,7.388,.2448,33.69001611861044,0
0,38,72,0,1,2.2,0,.2202796322295516,159.2,.1592,.060400002,.0024000001,33.69001611861044,0
0,39,72,0,10,105.6,3.754282867292325,3.427078084623914,565.79999,.56580001,1.7236,.062200002,33.69001611861044,0
0,41,72,0,1,3.5,0,.053385155960606,,0,0,0,33.69001611861044,0
0,42,72,0,22.2,83.199997,.4384027932179688,5.546876354265228,1582.8,1.5828,.021,.00080000004,33.69001611861044,0
0,44,72,0,3.4,3.4000001,.0061204011140746,1.043016820919293,87.800003,.27179998,.0034,.0018,33.69001611861044,0
0,45,72,0,1.4,.40000001,.0329703299501297,.3572236401053639,41.200001,.042599998,.0034,.0018,33.69001611861044,0
0,46,72,0,4.6,10,.084350058949315,1.589394444329439,111,1.2046,0,0,33.69001611861044,0
0,48,72,0,1.6,3.2,.0963427778154612,1.211610391842301,391.60001,.47999999,.014,.0014,33.69001611861044,0
0,49,72,0,1.4,2.4000001,.0457425789029634,1.706107010132613,69.599998,.26899999,.00080000004,.00020000001,33.69001611861044,0
0,50,72,0,.2,5.5999999,.1346526594243573,2.343043059723041,71.199997,.071400002,0,0,33.69001611861044,0
0,51,72,0,1,2,0,.0009645030424751,135.60001,.1356,.016799999,.00080000004,33.69001611861044,0
0,56,72,0,14.6,76.599998,.9739970591749592,4.702737109641445,1521,1.521,.18700001,.0174,33.69001611861044,0
0,2,73,0,17.2,94.800003,4.175232213658767,11.83337082729819,816.20001,.82740003,1.216,.048599999,23.4199439021015,0
0,3,73,0,0,0,0,,34.200001,.034200002,.0024000001,.0014,23.4199439021015,0
0,4,73,0,2,4.5999999,.1209590166010814,.6922965514831867,3.5999999,.084399998,.00020000001,0,23.4199439021015,0
1,5,73,1,9.800000000000001,23.200001,.2352291581640695,2.627845267893444,703.79999,1.3318001,.0196,.0035999999,23.4199439021015,1
0,7,73,0,1.2,3.2,.2563532588542888,.7207770672367981,0,0,.0196,.0035999999,23.4199439021015,0
0,12,73,0,19.4,95.199997,3.71313265001176,8.051880919805745,564,.92879999,7.5005999,.2032,23.4199439021015,0
0,13,73,0,10,92.800003,3.014734991467586,4.560913965406724,305.79999,.41979998,2.7251999,.067400001,23.4199439021015,0
0,14,73,0,3.4,3,.0762768709584231,.6092235885368916,130.8,.13080001,.00020000001,.00020000001,23.4199439021015,0
0,15,73,0,0,,0,,0,.017333334,.063333333,.0013333333,23.4199439021015,0
0,16,73,0,14.2,50.599998,.7957036427877453,5.206987047992256,1277.4,1.3508,.72619998,.044400003,23.4199439021015,0
0,17,73,0,8.6,24.4,.2006674571070903,2.647254679295414,1110.6,1.1112,.039999999,.0046000001,23.4199439021015,0
0,18,73,0,3.8,4.1999998,.0021670826186579,.6213518428979876,6.4000001,.068000004,.001,0,23.4199439021015,0
0,20,73,0,6,16,.3231158176275884,1.71117368124272,338.20001,.51160002,.033799998,.0035999999,23.4199439021015,0
0,21,73,0,0,0,0,.0000378713679297,1.2,.0012000001,.8222,.0176,23.4199439021015,0
0,22,73,0,13.2,22.799999,.3544968629737328,2.78956147042911,372.20001,1.4102,.0196,.0035999999,23.4199439021015,0
0,23,73,0,14.4,39.599998,1.345796843855815,1.955091193042756,376.60001,.63420004,.0206,.0032000002,23.4199439021015,0
0,25,73,0,1,2.4000001,.0012300186943448,.4377863093668714,0,.0188,.082400002,.010600001,23.4199439021015,0
0,27,73,0,2.6,1.8,.0009281053879378,.3998870404023016,3.8,.038599998,.001,0,23.4199439021015,0
0,29,73,0,6.6,6,.1253201119846691,1.237702332328192,164.60001,.2156,0,0,23.4199439021015,0
0,30,73,0,3,29,0,,,0,0,0,23.4199439021015,0
0,31,73,0,0,,0,,104.5,.1375,.81124997,.022,23.4199439021015,0
0,32,73,0,14.2,21.6,.0876667984157271,2.759103555595491,213.2,.86620003,.31299999,.018999999,23.4199439021015,0
0,33,73,0,0,0,0,,,0,0,0,23.4199439021015,0
0,34,73,0,3.2,5.1999998,.0495493832041744,1.173075745295842,169.8,.2242,.00080000004,.00080000004,23.4199439021015,0
0,36,73,0,3,4.4000001,.0709367487010148,.4991806737598816,69.400002,.104,.010600001,.00080000004,23.4199439021015,0
0,37,73,0,15,89.599998,3.597860260329669,5.927882913788644,238.2,.2854,4.6192002,.17839999,23.4199439021015,0
0,38,73,0,6.2,9,.5176866691502077,1.222558444120356,144.8,.14480001,.062400002,.0027999999,23.4199439021015,0
0,39,73,0,16.2,68.199997,1.615981092433912,4.25028498584444,738.20001,.73820001,.9016,.048599999,23.4199439021015,0
0,41,73,0,0,,0,,1,.001,0,0,23.4199439021015,0
0,42,73,0,19.4,57.799999,.2652045775778014,4.343235748725315,1408.4,1.4084001,.017999999,.0018,23.4199439021015,0
0,44,73,0,6.8,15,.1490456264997657,2.259551640440639,520,.65640002,.0196,.0035999999,23.4199439021015,0
0,45,73,0,4,7.1999998,.0755818344441005,1.093232745118894,240.39999,.25920001,.0196,.0035999999,23.4199439021015,0
0,46,73,0,4,11,.0366147205212617,1.276596429546578,0,.75059998,0,0,23.4199439021015,0
0,48,73,0,8.4,9,.0409283790622965,1.611935191465799,660.79999,.76140004,.033400003,.0041999999,23.4199439021015,0
0,49,73,0,5.2,11,.3491883625436824,1.954490131165487,310.39999,.62720001,.0048000002,0,23.4199439021015,0
0,50,73,1,0,0,0,,,0,0,0,23.4199439021015,1
0,56,73,0,15.8,59.400002,.4082610024900986,5.004833103563744,1659.6,1.7021999,.2282,.0164,23.4199439021015,0
0,3,76,0,0,,0,,179,.17900001,0,.00040000002,.4557553492493088,0
0,5,76,0,2.4,0,0,,0,.114,.0041999999,.00080000004,.4557553492493088,0
0,8,76,0,10.4,4.4000001,.444582796949579,1.492545054875855,56.799999,.0568,.00020000001,0,.4557553492493088,0
0,12,76,0,0,,0,,489.20001,.54120004,.125,.0174,.4557553492493088,0
0,13,76,0,0,,0,,0,.0176,.045599997,.0026,.4557553492493088,0
0,14,76,0,0,0,0,,,0,0,0,.4557553492493088,0
0,17,76,0,9.199999999999999,18.6,.9438351003861201,1.76954338941645,149.39999,.15239999,.0035999999,.0020000001,.4557553492493088,0
0,18,76,0,1.666666666666667,.33333334,.0018305877839777,.111684313501771,0,.010600001,.00040000002,.00020000001,.4557553492493088,0
0,20,76,0,0,,0,,42.599998,.0482,.0041999999,.00020000001,.4557553492493088,0
0,22,76,0,3.6,6,.1174086140089852,.534818747948304,0,.47279999,.0041999999,.00080000004,.4557553492493088,0
0,23,76,0,0,,0,,0,.003,0,0,.4557553492493088,0
0,24,76,0,1,0,0,.0481401324469128,0,.00875,0,0,.4557553492493088,0
0,25,76,0,13.8,1.6,.104865524248932,1.266897444801593,185.60001,.18560001,.001,0,.4557553492493088,0
0,26,76,0,8.4,4,.2442462126277553,1.100344074779098,,0,0,0,.4557553492493088,0
0,27,76,0,2,.5,.0008394033991084,.0034566964098065,0,.003,.00033333333,0,.4557553492493088,0
0,29,76,0,2,1,0,,67.400002,.092,0,.00020000001,.4557553492493088,0
0,30,76,0,17.66666666666667,69.333336,2.757418401804704,2.641099303414963,,0,0,0,.4557553492493088,0
0,31,76,0,0,,0,,274.39999,.2744,.026000001,.0024000001,.4557553492493088,0
0,32,76,0,1.8,3.5999999,.0167932416406664,.3419134740136546,0,.20660001,.00060000003,0,.4557553492493088,0
0,33,76,0,4.5,11.5,0,,,0,0,0,.4557553492493088,0
0,34,76,0,0,.66666669,0,,63,.089599997,0,.00020000001,.4557553492493088,0
0,36,76,0,0,,0,,53.400002,.053400002,.001,.001,.4557553492493088,0
0,37,76,0,0,,0,,0,.0064000003,.0032000002,.00020000001,.4557553492493088,0
0,38,76,0,0,,0,,6.1999998,.0086000003,.0078000003,.0014,.4557553492493088,0
0,39,76,0,11,9.8000002,.1896886031064482,1.208191732930552,,0,.0242,.0068000001,.4557553492493088,0
0,41,76,0,7,46,0,.0278751300685747,319.79999,.31979999,0,0,.4557553492493088,0
0,42,76,0,12.6,3.8,.0675587245191738,1.047413031982489,272.39999,.27239999,.00020000001,0,.4557553492493088,0
0,46,76,0,0,,0,.6412601455834408,,0,0,0,.4557553492493088,0
0,47,76,0,8.4,15.4,.3547639339289912,1.385513464110697,366.39999,.60399997,.00020000001,0,.4557553492493088,0
0,48,76,0,6.6,10,.1466188198320831,1.004558079403958,35.799999,.036400001,.0048000002,.0014,.4557553492493088,0
0,49,76,0,1.4,1.8,.0007938075867739,.2698564808509242,0,.048799999,.0022,0,.4557553492493088,0
0,50,76,0,13.2,22.6,.2636080725350074,2.103049697766068,501.79999,.5018,0,0,.4557553492493088,0
0,53,76,0,0,,0,,30,.029999999,.0060000001,.001,.4557553492493088,0
0,55,76,0,0,,0,,33.75,.033750001,0,0,.4557553492493088,0
0,56,76,0,24.8,31,.5566109994101127,3.327004149890696,1819.2,2.0368001,.1026,.0152,.4557553492493088,0
0,1,77,0,0,,0,0,,0,0,0,67.8612618087945,0
0,3,77,0,18.8,98.400002,.7391960908263587,3.949939800346356,691.40002,.69140005,.0066,.0038000001,67.8612618087945,0
0,4,77,1,7.4,15,.4083637412992479,1.388854672405857,54.200001,.3154,.00020000001,.001,67.8612618087945,0
1,5,77,0,11.4,54,2.107650675867125,3.184961141533117,567.79999,1.6474,.0266,.0080000004,67.8612618087945,0
0,6,77,0,0,,0,.055790567944305,,0,.00050000002,0,67.8612618087945,0
0,7,77,1,15.6,36.400002,1.172449630817068,3.424942738503048,698,.69800001,.0266,.0080000004,67.8612618087945,0
0,9,77,0,0,,0,.0230207280104359,,0,.0074999998,.00050000002,67.8612618087945,0
0,10,77,0,.75,5.5,.0914010992481637,.8445680283935392,234,.234,.0392,.0041999999,67.8612618087945,0
1,12,77,1,38.6,281.79999,9.926645238348604,12.70717513608586,741.79999,1.1414,25.009401,.53320003,67.8612618087945,1
1,13,77,1,25.8,300,12.74053179941173,9.205809958837092,815.59998,.97479999,13.602,.34400001,67.8612618087945,1
0,14,77,0,4.2,8,.2089827013421328,.6535884827493468,515.59998,.51559997,.00080000004,.00040000002,67.8612618087945,0
0,15,77,0,0,,0,.0054665314394751,,0,.43000001,.012,67.8612618087945,0
1,17,77,0,8.6,40.200001,1.170532181557512,2.978580085459329,811,1.1481999,.25040001,.018200001,67.8612618087945,0
0,18,77,0,12.6,25,.2881971650285783,2.219947417288041,125.6,.18560001,.0055999998,.0027999999,67.8612618087945,0
0,20,77,0,9.800000000000001,59.400002,1.350133701166669,2.398197521838292,607,.84359998,.057599999,.0044,67.8612618087945,0
0,21,77,0,20,103.6,3.324597935857978,7.411325674495946,138.8,.13880001,2.9673998,.1294,67.8612618087945,0
0,22,77,0,13.8,54.400002,.7183018046598948,5.601103164917543,1595.8,3.9000001,.0266,.0080000004,67.8612618087945,0
1,23,77,0,28.6,85.199997,1.871469144293613,6.12542038091981,636.20001,.78399998,.093199998,.0080000004,67.8612618087945,0
0,25,77,0,16.8,90,3.109118446385303,2.767412404690032,1056.6,1.1536,.32100001,.022,67.8612618087945,0
0,27,77,0,18.8,28.6,.3323158620565362,3.386086906569767,218.2,.3908,.0055999998,.0027999999,67.8612618087945,0
0,28,77,0,9.6,25.6,.378692385241287,.9158896223186553,728.20001,.72820002,.0058000004,.00080000004,67.8612618087945,0
0,29,77,0,10.8,19.6,.1118250874704184,2.635087237283586,628.79999,.68580002,.00020000001,0,67.8612618087945,0
0,31,77,0,0,,0,.1235010900894945,,0,1.722,.045000002,67.8612618087945,0
0,32,77,0,23.6,48.200001,.736829853103016,5.912549349114493,1023.2,1.9621999,.86400002,.058599997,67.8612618087945,0
0,33,77,0,.2,9.3999996,.0981451860911907,.4235075128762037,5.1999998,.0052,0,0,67.8612618087945,0
0,34,77,0,3,9.1999998,.229755574355386,.5786795369804575,183.8,.18539999,.0018,.001,67.8612618087945,0
1,35,77,0,8.4,111.4,2.110103374307632,7.455701364090766,739.59998,.7396,1.077,.022399999,67.8612618087945,0
0,36,77,0,12.8,27.799999,.6485603195262818,1.839276684567327,504.20001,.51319999,.035999998,.0055999998,67.8612618087945,0
1,37,77,1,47,329.39999,19.22540069861236,13.1335483968106,1232.4,1.2426,21.054199,.49560001,67.8612618087945,1
0,38,77,0,7.8,44.400002,1.478120238115641,3.931936671598541,1141.6,1.1416,.213,.0080000004,67.8612618087945,0
1,39,77,0,21.4,128.8,2.290901774548655,5.060347152893383,674,.83379996,2.3299999,.097800002,67.8612618087945,0
0,41,77,0,7.75,32.75,.3665971156677914,.8090279660775602,583,.583,0,0,67.8612618087945,0
0,42,77,0,29.2,97,.5224723662108474,9.052310550689214,3392.3999,3.3923998,.055599999,.0048000002,67.8612618087945,0
0,43,77,0,1,0,.0017748478699594,.0058467784141886,32.400002,.032400001,0,0,67.8612618087945,0
0,44,77,0,8.4,36.400002,.4095549807432104,3.7776731158583,468.39999,.76540005,.0266,.0080000004,67.8612618087945,0
0,45,77,0,3.8,9.8000002,.0882438923852532,1.418952481859604,196.2,.19660001,.0266,.0080000004,67.8612618087945,0
0,46,77,0,4,15,.1104491061595977,1.28381045342117,149.39999,1.0956,0,0,67.8612618087945,0
0,47,77,0,0,,0,.0074213186364187,,0,.013,.00050000002,67.8612618087945,0
1,48,77,0,7.6,42.799999,.6748390542732913,1.218493188023149,790.40002,1.0002,.16860001,.011,67.8612618087945,0
0,50,77,0,2.2,1,.0084461407477984,.1378387959366341,0,.034000002,0,0,67.8612618087945,0
0,53,77,0,0,,0,.0560184663034017,,0,.044666667,.0033333332,67.8612618087945,0
0,55,77,0,0,,0,.0878798174331717,,0,0,0,67.8612618087945,0
1,56,77,0,46.4,227.39999,4.16123490380429,14.2143109342559,3038,3.0878,.96219999,.1176,67.8612618087945,0
0,2,78,0,19.8,88.599998,2.031126202024877,6.331773318382152,541,.54100001,.76099998,.036400001,18.64634525591654,0
0,3,78,0,0,1.6,.0445222161585518,.0563860379879554,296,.296,.00020000001,.00040000002,18.64634525591654,0
0,4,78,0,7,13.4,0,.4428512867986097,5.4000001,.061999999,.00060000003,0,18.64634525591654,0
0,5,78,0,4.6,9.6000004,.0118181502115368,.7107139073263694,100.2,.16839999,.0018,.001,18.64634525591654,0
0,7,78,0,8.800000000000001,32,.869996100197066,.5505781295987919,278,.278,.0018,.001,18.64634525591654,0
0,10,78,0,4,14,.1451925903688449,1.371446972277636,239,.23899999,.0092000002,.00080000004,18.64634525591654,0
0,12,78,0,25.6,170.39999,6.343367221893156,7.168916339986582,617.20001,.72420001,5.6302004,.19780001,18.64634525591654,0
0,13,78,0,13.8,67.400002,.684396738596713,4.205263789602178,773.79999,.78720003,3.9656,.1374,18.64634525591654,0
0,15,78,0,0,,0,.0030788675432866,,0,.057999998,.001,18.64634525591654,0
0,16,78,0,0,,0,,276.20001,.28439999,.40260002,.0274,18.64634525591654,0
0,17,78,0,14.6,39.599998,.2051703981040175,1.913868217370215,470.60001,1.6292,.021399999,.0046000001,18.64634525591654,0
0,18,78,0,9,16.799999,.2600425750511374,.8462849828182665,125.2,.1512,.00040000002,.00060000003,18.64634525591654,0
0,20,78,0,5.8,18.200001,.3972905467851658,.0584319924897009,314.60001,.3714,.0242,.0020000001,18.64634525591654,0
0,21,78,0,5.2,20,.4355144488411649,2.50266850505171,212.2,.2122,.4258,.0174,18.64634525591654,0
0,22,78,0,5.8,14.8,.1351952313228473,.768006294464967,244,.3998,.0018,.001,18.64634525591654,0
0,23,78,0,6.6,20.4,.4882046341474217,1.671143782305524,395.20001,.48920003,.0052,.0026,18.64634525591654,0
0,24,78,0,0,,0,.0022727291867068,,0,.011,.0015,18.64634525591654,0
0,25,78,0,6.8,27.200001,.3060423838915326,1.414663016414747,530.79999,.53100002,.042799998,.0046000001,18.64634525591654,0
0,26,78,0,0,,0,.0044510134594198,0,.0060000001,0,0,18.64634525591654,0
0,27,78,0,2,3,.0153642933988081,.1747314031723235,0,.0083999997,.00040000002,.00060000003,18.64634525591654,0
0,28,78,0,0,,.1020800565886618,.1369088027183159,106.2,.10619999,.0020000001,.00040000002,18.64634525591654,0
0,29,78,0,6.2,10.4,.3743920702741148,.5392886801064386,213.39999,.2138,0,0,18.64634525591654,0
0,30,78,0,0,,0,,89,.089000002,0,0,18.64634525591654,0
0,31,78,0,4.2,35.799999,1.441236314918376,.1818916153058798,103.2,.1032,.9102,.043400001,18.64634525591654,0
0,32,78,0,11.4,24.6,.1792128693714028,1.15968882246691,128.60001,.2034,.2352,.023,18.64634525591654,0
0,33,78,0,0,,.0009989594171208,.0017505115115891,,0,0,0,18.64634525591654,0
0,34,78,0,8,19,.3360019007436849,1.11684561554744,124,.1832,.00040000002,.00020000001,18.64634525591654,0
0,35,78,0,15,73.400002,1.282793733102519,3.651533920511324,681.20001,.68120003,.1688,.0046000001,18.64634525591654,0
0,36,78,0,5.6,16.799999,.2280350150905057,.7403458919412794,70,.1322,.0078000003,.0014,18.64634525591654,0
0,37,78,0,15.8,84.400002,2.674616578754844,3.704206246972643,234.39999,.249,2.8080001,.1444,18.64634525591654,0
0,38,78,0,5,15.8,.1165393663619063,.9047144708916977,507,.50700003,.0414,.003,18.64634525591654,0
0,39,78,0,5.6,21.799999,.3038145964353108,1.062655254435441,302.60001,.30860001,.3612,.0164,18.64634525591654,0
0,41,78,0,4,16,0,.0016942592554117,23.4,.023399999,0,0,18.64634525591654,0
0,42,78,0,15.6,52.200001,.4579421749258848,1.853813321810935,1122.4,1.1224,.0086000003,.0016000001,18.64634525591654,0
0,43,78,0,0,,0,,12,.012,0,0,18.64634525591654,0
0,44,78,0,6,6,.0087862068967226,.7094441722097737,81.800003,.1522,.0018,.001,18.64634525591654,0
0,45,78,0,6,14.2,.020949420501967,.9744469709760699,36.599998,.047800001,.0018,.001,18.64634525591654,0
0,46,78,0,4.8,21.799999,.4308342312861924,.5914987767610534,12,.19319999,0,0,18.64634525591654,0
0,47,78,0,0,,0,.004499,,0,.001,0,18.64634525591654,0
0,48,78,0,4.2,13.4,.1458793343745041,.6761780702384175,480,.51679999,.014,.0024000001,18.64634525591654,0
0,49,78,0,3.8,10.2,.0526444103428825,.0138709668309087,280.20001,.37920001,.0012000001,.00020000001,18.64634525591654,0
0,50,78,0,5,12,0,.0124167162975227,425,.42500001,0,0,18.64634525591654,0
0,55,78,0,0,,0,,92.400002,.092399999,0,0,18.64634525591654,0
0,56,78,0,17.6,55.200001,.1940335354708959,2.93488790036648,2152,2.152,.0964,.0104,18.64634525591654,0
0,3,79,0,2,4,.0015739471102494,.1581447773163375,,0,.00025000001,.00050000002,3.000338876125213,0
0,4,79,0,2.2,3.2,.0187264180989241,.2152300969567942,5,.055199999,0,0,3.000338876125213,0
0,5,79,0,4,14.4,.0023303856910795,1.079977316918162,116.2,.671,.0049999999,.001,3.000338876125213,0
0,6,79,0,3,8.6000004,.2921162422650017,.1921693715099506,58.799999,.058800001,0,0,3.000338876125213,0
0,7,79,0,5.8,8.8000002,.1632080277493839,.6328665702871676,95.599998,.095600002,.0049999999,.001,3.000338876125213,0
0,10,79,0,2,5,.0801827329265026,.1874777942249842,4,.0040000002,.0032000002,.00060000003,3.000338876125213,0
0,12,79,0,0,0,0,.0057073081688015,,0,.011600001,.0014,3.000338876125213,0
0,13,79,0,0,0,0,.0192672829711637,,0,.0024000001,.00020000001,3.000338876125213,0
0,17,79,0,8,49,1.168536401329972,1.601856445241705,919.59998,.93720001,.015800001,.0108,3.000338876125213,0
0,18,79,0,2,4.4000001,.0166830330225327,.2581870005993975,7,.0766,.00020000001,0,3.000338876125213,0
0,20,79,0,4,8.3999996,.0807632148607953,.643349857698161,102.8,.18939999,.0055999998,.00040000002,3.000338876125213,0
0,21,79,0,0,,0,.078461294444748,,0,.02125,.00050000002,3.000338876125213,0
0,22,79,0,9.199999999999999,22.200001,.1422863204777402,1.342197348615936,330.60001,1.1738,.0049999999,.001,3.000338876125213,0
0,23,79,0,10.4,23.799999,.34976754276278,1.412497705462094,303.79999,.3962,.0014,.0012000001,3.000338876125213,0
0,25,79,0,9.800000000000001,53,.9204440119533334,1.816121732549711,568.79999,.56879997,.0154,.0041999999,3.000338876125213,0
0,27,79,0,7.2,8.3999996,.043290423129579,.9820595007965387,13.8,.1064,.00020000001,0,3.000338876125213,0
0,28,79,0,1,2.2,.0173511928147203,.1381489848885825,38,.037999999,.00060000003,.00020000001,3.000338876125213,0
0,29,79,0,2,3.4000001,.0070881150007853,.3128145756763355,95,.1164,0,0,3.000338876125213,0
0,30,79,0,0,,0,.0513809003497052,,0,0,0,3.000338876125213,0
0,32,79,0,1,1.4,.0075777752606214,.1611741432775913,7,.0070000002,.0044,.00060000003,3.000338876125213,0
0,33,79,0,.6666666666666666,1.3333334,0,.0723512770719655,,0,0,0,3.000338876125213,0
0,34,79,0,1.6,2.4000001,.0204869716094326,.4040179759698433,10,.049400002,.00020000001,0,3.000338876125213,0
0,36,79,0,1.8,5,.0068118402787197,.2818520600217197,49.599998,.0528,.0016000001,.00060000003,3.000338876125213,0
0,38,79,1,4.6,14.2,.1331320439698695,1.120308168088559,389.60001,.38960001,.0276,.0032000002,3.000338876125213,0
0,39,79,0,9.800000000000001,40.400002,.6310480667964237,1.349162282934795,321.20001,.39020002,.077800006,.010600001,3.000338876125213,0
0,41,79,0,2.2,4.8000002,.033145366542489,.5685878331325338,189.5,.1895,0,0,3.000338876125213,0
0,42,79,0,1.4,3,.0060032483903468,.2371608486481423,,0,.001,.00040000002,3.000338876125213,0
0,44,79,0,5.2,5.8000002,.0229520209694562,.7360217010943663,86.199997,.1708,.0049999999,.001,3.000338876125213,0
0,45,79,0,2.8,3.2,.0246408076623941,.3616210769601031,46.599998,.047599997,.0049999999,.001,3.000338876125213,0
0,47,79,0,4.2,.2,.0120804220220893,.3312865778820995,.40000001,.34560001,.00040000002,0,3.000338876125213,0
1,48,79,1,8.6,33,.9666648300363804,.8582098111402944,493.60001,.56720001,.034200002,.010199999,3.000338876125213,0
0,49,79,0,0,1.4,.0021315852652462,.196961024832299,0,0,.00020000001,0,3.000338876125213,0
0,50,79,0,0,3.2,.0017805743621123,1.067262878918334,,0,0,0,3.000338876125213,0
0,53,79,0,.8,2,0,.1167777804548416,,0,.022399999,.0026,3.000338876125213,0
0,56,79,0,16.6,78.800003,.5149591156323966,3.241819199328423,2065.8,2.1471999,.060400002,.0099999998,3.000338876125213,0
0,3,80,0,0,0,0,,,0,.00025000001,0,6.798166477072955,0
0,5,80,0,2.6,7.1999998,.0588643427381267,.725400303625203,100.2,.1532,.0061999997,.00060000003,6.798166477072955,0
0,7,80,0,0,,0,,36,.035999998,.0020000001,.0020000001,6.798166477072955,0
0,8,80,0,0,,0,,8.6000004,.031399999,.003,.0014,6.798166477072955,0
0,10,80,0,0,,0,,175,.175,.001,0,6.798166477072955,0
0,12,80,0,5.4,27,.8385171145712389,1.434304350139705,32.400002,.032400001,2.0851998,.071400002,6.798166477072955,0
0,13,80,0,4.4,13.2,.1797115367428916,1.485866802184663,0,.0048000002,1.1388,.033599999,6.798166477072955,0
0,14,80,0,0,,0,,6,.0060000001,0,0,6.798166477072955,0
0,15,80,0,14.6,109.2,5.787916415894724,5.737978472846923,322.60001,.3344,.1018,.011399999,6.798166477072955,0
0,17,80,0,9.199999999999999,34.799999,.7210746781805053,2.63278109080007,528.59998,.52859998,.022,.001,6.798166477072955,0
0,22,80,0,3,10.6,.0623275494599074,.9461722939286641,354.39999,.44579998,.0061999997,.00060000003,6.798166477072955,0
0,23,80,0,4,9.6000004,.006459316792161,.8610165295156709,198.39999,.2388,.0018,.00040000002,6.798166477072955,0
0,25,80,0,20.8,112.4,4.539087742201661,5.397676590245051,1068.6,1.077,.21160001,.0288,6.798166477072955,0
0,26,80,0,0,,0,,1254.2,1.29,0,0,6.798166477072955,0
0,31,80,0,29.6,219.8,9.176371488000656,14.09317832520279,1143.4,1.1766,.95499998,.090599999,6.798166477072955,0
0,32,80,0,15.2,42.599998,2.040569895819075,4.874666002979393,229,.2642,.3448,.031600002,6.798166477072955,0
0,33,80,0,0,0,0,,52.599998,.0526,0,0,6.798166477072955,0
0,34,80,0,2.8,1.6,.0029728153535525,.9997068874920557,27.200001,.045200001,.0012000001,.00020000001,6.798166477072955,0
0,36,80,0,2.8,5.4000001,.0074488887502571,.5976370948754501,147.2,.16360001,.0078000003,.00060000003,6.798166477072955,0
0,37,80,0,8.800000000000001,46.599998,1.144039005045425,3.431529232891713,144.60001,.14860001,1.5001999,.069400005,6.798166477072955,0
0,38,80,0,3.2,7.8000002,.1408997531919091,.7387732429484707,168.60001,.16860001,.0348,.0038000001,6.798166477072955,0
0,39,80,0,6.6,34.200001,1.695616029576873,1.555940547914182,364.39999,.3644,1.2501999,.040400002,6.798166477072955,0
0,41,80,0,0,,0,,321.33334,.32133335,0,0,6.798166477072955,0
0,42,80,0,1,2,0,,,0,.0083999997,.00060000003,6.798166477072955,0
0,45,80,0,1,2,.0388737411121123,.3644507838076527,5.5999999,.0064000003,.0061999997,.00060000003,6.798166477072955,0
0,48,80,0,3.8,8.3999996,.1477868611673639,.7325257754680484,437.20001,.4524,.015600001,.001,6.798166477072955,0
0,49,80,0,1.8,13.6,.2961962270129593,1.380675446321474,347.39999,.38320002,.0012000001,0,6.798166477072955,0
0,50,80,0,0,1.6666666,0,,301.60001,.30160001,0,0,6.798166477072955,0
0,51,80,0,0,,0,,48,.048,.003,0,6.798166477072955,0
0,54,80,0,0,,0,,1142.6666,1.1426666,.0076666665,0,6.798166477072955,0
0,55,80,0,0,,0,,494,.49399999,0,0,6.798166477072955,0
0,56,80,0,21.2,62,1.065465434972941,4.972284400731292,1982.8,2.1800001,.2766,.023799999,6.798166477072955,0
0,3,81,0,0,0,0,,367.39999,.36739999,.0020000001,.0038000001,19.93042511728226,0
0,4,81,0,1.2,6.5999999,.0680299963177878,.7885479156283997,11.6,.13699999,.00020000001,0,19.93042511728226,0
0,5,81,0,4.8,9.8000002,.0466064713379268,1.674695016782907,195.8,.59179997,.016799999,.0041999999,19.93042511728226,0
0,7,81,0,4.6,10.6,.312036244479359,3.143196177513906,233.2,.23380001,.016799999,.0041999999,19.93042511728226,0
0,10,81,0,0,,.0243973752034868,.6366177194361262,218,.21799999,.0048000002,.0012000001,19.93042511728226,0
0,11,81,0,5,7.5999999,.003400381516473,.3212065934571204,12.5,.0125,0,.00020000001,19.93042511728226,0
0,12,81,0,20.4,105.8,4.229117691734775,10.04022063129844,866.20001,1.1101999,8.7212,.1816,19.93042511728226,0
0,13,81,0,20.2,155,3.397716408515506,13.81048426848998,597.40002,.68919998,8.757,.1944,19.93042511728226,0
0,17,81,0,12,24.799999,.1399943229863788,2.370488887677226,868,.86799997,.039000001,.0034,19.93042511728226,0
0,18,81,0,14.6,18.799999,.259444502980221,2.747902632947088,290,.32539999,.0016000001,.0024000001,19.93042511728226,0
0,20,81,0,8,25.200001,1.168574676929968,3.022992696416416,426.39999,.53240001,.089599997,.0052,19.93042511728226,0
0,21,81,0,1.2,1.2,.0091835657176065,.3364586233470197,2,.0020000001,.35979998,.016000001,19.93042511728226,0
0,22,81,0,16,54.400002,1.193691504468275,4.478956356469467,478.39999,1.0388,.016799999,.0041999999,19.93042511728226,0
0,23,81,0,11,35.400002,.8540714789484906,3.08734026185213,460,.67979997,.010199999,.0027999999,19.93042511728226,0
0,25,81,0,9.800000000000001,32.200001,.9002208344498036,2.460553959742855,379.60001,.39720002,.1076,.0096000005,19.93042511728226,0
0,27,81,0,0,0,0,,0,.0104,.0016000001,.0024000001,19.93042511728226,0
0,28,81,0,4.2,16.4,.3304217936761719,1.164874310065265,337.60001,.33759999,.0014,.00040000002,19.93042511728226,0
0,29,81,0,5.4,17.6,.0691037661604746,.9174375112216485,412.79999,.41279998,0,.00020000001,19.93042511728226,0
0,32,81,0,10.2,20.6,.3280037554180221,2.260453236927179,305,.46720001,.19860001,.016799999,19.93042511728226,0
0,33,81,0,0,.33333334,0,,,0,0,0,19.93042511728226,0
0,34,81,0,2,2.2,.0000463488609296,.5624846693211241,12.6,.0126,.00040000002,.001,19.93042511728226,0
1,35,81,0,12.6,95.599998,1.587812144789001,7.964858472365441,780.59998,.78059995,.2396,.0024000001,19.93042511728226,0
0,36,81,0,4.4,10,.239250783665793,1.096106487204883,203.2,.2568,.0089999996,.0032000002,19.93042511728226,0
0,37,81,0,16.4,65.599998,2.936604863711601,6.324664347694066,327.20001,.36300001,4.9587998,.131,19.93042511728226,0
0,38,81,0,10.4,18.4,.1344176558489155,2.092538088236083,652,.65200001,.031600002,.0020000001,19.93042511728226,0
0,39,81,0,14.6,54.799999,1.874501739678419,3.952564289289085,661.40002,.66140002,1.2631999,.068800002,19.93042511728226,0
0,41,81,0,0,.66666669,0,,86.400002,.086400002,0,0,19.93042511728226,0
0,42,81,0,18.4,64.800003,.2052204961162696,4.96816088791424,1437,1.437,.011,.00080000004,19.93042511728226,0
0,43,81,0,4.4,9.3999996,.0229805521642743,.3709212398183596,,0,0,0,19.93042511728226,0
0,44,81,0,4,5,.0359931514892107,1.364968654612492,53.400002,.2112,.016799999,.0041999999,19.93042511728226,0
0,45,81,0,0,.60000002,.0000253208463367,.1114692414876339,.80000001,.00080000004,.016799999,.0041999999,19.93042511728226,0
0,46,81,0,1,2.5999999,.0020708782189922,1.468016524397316,11.5,.0115,0,0,19.93042511728226,0
0,48,81,0,7.8,19.799999,.1911551879503552,1.370279871231483,654.40002,.778,.037799999,.0024000001,19.93042511728226,0
0,49,81,0,5,16.6,.1587168501809194,2.598053890280087,125,.39879999,.0027999999,.00020000001,19.93042511728226,0
0,50,81,0,2,3.2,0,,167.2,.1672,0,0,19.93042511728226,0
0,56,81,0,15.6,51.200001,.5868006442641259,4.883787130629304,1287.4,1.2874,.1234,.0108,19.93042511728226,0
0,1,83,0,0,1.75,.1737474553769055,5.983570728729976,,0,0,0,40.57503701315192,0
0,2,83,0,26.2,215.8,6.599070818893016,43.7722875761219,1124.8,1.1251999,1.1244,.074000001,40.57503701315192,0
0,3,83,0,4.4,30.4,.174053960513472,2.110545115591324,304.39999,.3044,.0014,.0014,40.57503701315192,0
0,4,83,0,6,17.4,.3636052086616557,1.123329866675171,8.6000004,.0142,0,.00060000003,40.57503701315192,0
0,5,83,0,7.8,19,.0523185968261878,5.662862612100631,679.20001,.71399999,.0098000001,.0018,40.57503701315192,0
0,7,83,0,12.2,37.400002,.4897786788858922,6.212872920957103,1085.6,1.0856,.0098000001,.0018,40.57503701315192,0
0,10,83,0,0,,0,,481,.48100001,.0070000002,0,40.57503701315192,0
0,12,83,1,28,226.2,10.08524535443937,20.26269058522199,1073.2,1.0776,11.5592,.32120001,40.57503701315192,0
0,13,83,0,18.6,189.2,4.606945129721925,22.60320590160936,599.79999,.60320002,6.9958,.17919999,40.57503701315192,0
0,16,83,0,5.4,25.200001,.5626549165208652,6.203429389537065,778.40002,.78059995,.74859995,.042799998,40.57503701315192,0
0,17,83,0,1.666666666666667,3.6666667,.001253672869396,.9855475021816085,14,.0154,.015600001,.00060000003,40.57503701315192,0
0,18,83,0,11.2,12,.2002513268349531,4.419591114290021,117.6,.121,.0020000001,.0020000001,40.57503701315192,0
0,20,83,0,14,61,1.621164849088118,7.978902473679198,1100.4,1.1024001,.1582,.0068000001,40.57503701315192,0
0,21,83,0,15.6,93,5.610280095684866,2.54220579927365,451,.45100001,2.2161999,.1074,40.57503701315192,0
0,22,83,0,8.6,13.2,.2647298184497079,5.951435523145626,1199.2,1.2180001,.0098000001,.0018,40.57503701315192,0
0,23,83,0,17.2,60,1.87447164497988,7.747324910565151,783.79999,.7956,.042400002,.0038000001,40.57503701315192,0
0,25,83,0,16.6,103.6,4.900438177537746,18.25203780069733,1011.6,1.0116,.4136,.023399999,40.57503701315192,0
0,27,83,0,13.4,27,.3160718662600788,3.586014774865784,181.2,.18360001,.0020000001,.0020000001,40.57503701315192,0
0,28,83,0,1,8,0,5.149886338589519,156,.156,.0038000001,.00060000003,40.57503701315192,0
0,29,83,0,5,12,.2160660511427868,3.168724825781654,444.39999,.44439998,.00060000003,0,40.57503701315192,0
1,32,83,1,35.4,119.8,8.974284610356939,7.781133331996792,720.40002,.73359996,1.365,.099399999,40.57503701315192,1
0,33,83,0,3,10.75,.3939703192105919,18.31815066624101,78,.078000002,0,0,40.57503701315192,0
0,34,83,0,.8,3,.03939425,2.823473785504163,109.4,.1094,.00080000004,.001,40.57503701315192,0
1,35,83,0,11.2,88.199997,2.560148086332975,14.92046234302036,823,.82300001,.28120002,.0068000001,40.57503701315192,0
0,36,83,0,7.6,19,.7976689538384718,3.278663133494769,394.20001,.396,.0186,.0052,40.57503701315192,0
0,37,83,1,29.4,298.39999,11.51740350360046,7.00276934188365,710.20001,.71079999,13.6796,.43979999,40.57503701315192,1
0,38,83,0,2.4,10.2,.0367381654360899,0,807.79999,.80779999,.094800003,.0054000001,40.57503701315192,0
0,39,83,0,7.2,39.200001,.6185993770414348,4.407830768148798,492.20001,.49220002,1.1835999,.035999998,40.57503701315192,0
0,41,83,0,3,12.666667,0,,242,.242,0,0,40.57503701315192,0
0,42,83,0,30.2,96.800003,.489950386363519,24.90140356312075,3175.3999,3.1754,.0198,.0027999999,40.57503701315192,0
0,43,83,0,0,3,0,,,0,0,0,40.57503701315192,0
0,44,83,0,6.333333333333333,25.333334,.2861857147099851,5.41983359800371,437.20001,.44660002,.0098000001,.0018,40.57503701315192,0
0,45,83,0,2,2,0,,62.400002,.062600002,.0098000001,.0018,40.57503701315192,0
0,47,83,0,0,,0,,35.333332,.035333332,.0020000001,0,40.57503701315192,0
0,48,83,0,4.8,9.3999996,.6500463252882206,4.261106130273967,9.1999998,.011,.046,.0038000001,40.57503701315192,0
0,49,83,0,0,1.3333334,0,3.422180812311066,39,.039999999,.0035000001,.00025000001,40.57503701315192,0
0,50,83,0,5.4,20.4,.2208831527641134,4.629431238601464,265,.26499999,0,0,40.57503701315192,0
0,52,83,0,6.4,45,1.216349116979891,1.608025327654582,184.60001,.18460001,0,0,40.57503701315192,0
0,56,83,0,25.2,47.400002,3.702434633407325,10.61124312577518,1305,1.3049999,.85079998,.068400003,40.57503701315192,1
0,3,84,0,5.4,12.2,.198319562677081,1.015119645825797,528.59998,.52859998,.0016000001,.001,30.76214314261971,0
0,4,84,0,3,5.1999998,.1996779850220376,1.392424779844676,118.4,.14480001,.00040000002,0,30.76214314261971,0
0,5,84,0,7.6,13.8,.0216748231059234,2.053554809955834,1152.2,1.364,.0099999998,.0018,30.76214314261971,0
0,7,84,0,9.199999999999999,23.799999,.5476142220990362,4.673718468240227,873,.87300003,.0099999998,.0018,30.76214314261971,0
0,8,84,0,15.6,122.4,5.31648658682089,8.271007918426351,670,.67000002,.0206,.00060000003,30.76214314261971,0
0,10,84,0,0,,0,,366,.366,.0020000001,0,30.76214314261971,0
0,11,84,0,0,,.0216105306173569,.432312211432858,,0,.00025000001,0,30.76214314261971,0
0,12,84,0,24.6,186.39999,6.842070824531956,14.15618867259225,1198,1.2690001,6.158,.17399999,30.76214314261971,0
0,13,84,1,24.4,223.39999,8.191689898401348,10.43085897389681,837.40002,.85540003,5.3150001,.1576,30.76214314261971,0
0,14,84,0,10.4,17,.3955760756391892,1.394395263974029,156.2,.15619999,.00020000001,0,30.76214314261971,0
0,15,84,0,19.6,152.39999,5.910407146612592,10.03608861963718,1065,1.0650001,.315,.0146,30.76214314261971,0
0,17,84,0,8.6,19.6,.2215710836368152,2.364969027260484,524.40002,.58659995,.015800001,.0040000002,30.76214314261971,0
0,18,84,0,12.4,29.6,1.422722991113672,2.145339317200559,199.8,.2186,.0016000001,.0024000001,30.76214314261971,0
0,20,84,0,10.4,37.200001,.4723230144846408,2.236067636580374,916.40002,.98159999,.0162,.0014,30.76214314261971,0
0,21,84,0,13.4,71.800003,2.925610050402808,5.552685366524177,500,.5,2.2996001,.065199994,30.76214314261971,0
0,22,84,0,12,23.6,.4491777959108828,2.815952124695465,1380.6,1.636,.0099999998,.0018,30.76214314261971,0
0,23,84,0,21.25,55,1.990174482455536,4.521617470839472,1286,1.409,.019200001,.0052,30.76214314261971,0
0,24,84,0,0,2,0,,,0,.014,0,30.76214314261971,0
0,25,84,0,2.75,13.75,0,,505.60001,.50560004,.2552,.0088,30.76214314261971,0
0,26,84,0,0,,0,.000228218375828,,0,0,0,30.76214314261971,0
0,27,84,0,10.6,20.4,.7729924496988072,1.584035387015126,136.60001,.16319999,.0016000001,.0024000001,30.76214314261971,0
0,28,84,0,0,,0,1.634812,,0,.0020000001,0,30.76214314261971,0
0,29,84,0,6,4.4000001,.0506387334010969,1.056042192475078,313,.31299999,.00040000002,0,30.76214314261971,0
0,31,84,0,23.2,239,12.58877041345917,11.54372995000306,3079.6001,3.0796001,2.5681999,.13680001,30.76214314261971,0
0,32,84,0,16.4,50.200001,1.539196974002117,3.411446655484456,459.20001,.51099998,.78799999,.0502,30.76214314261971,0
0,34,84,0,0,.5,0,.0462314496628314,4.1999998,.0041999999,.00080000004,.00060000003,30.76214314261971,0
0,35,84,0,0,0,0,,,0,.27200001,.024,30.76214314261971,0
0,36,84,0,9.6,25.4,.6601397669730869,2.286113039661568,422,.43960002,.015600001,.0074,30.76214314261971,0
0,37,84,0,22,145.39999,8.916476451633178,10.05508797053308,464.79999,.47279999,12.9558,.48839998,30.76214314261971,0
0,38,84,0,4.5,8,0,,80.800003,.080800004,.066,.0083999997,30.76214314261971,0
0,39,84,0,10,68.800003,2.88183575982909,3.95632302994812,691.59998,.69159997,1.288,.057,30.76214314261971,0
0,41,84,0,0,0,0,,22.5,.022500001,0,0,30.76214314261971,0
0,42,84,0,26.6,83.400002,1.275353899470316,6.399900360936735,2692.6001,2.6968,.0074,.0020000001,30.76214314261971,0
0,43,84,0,1,2.6666667,0,,,0,0,0,30.76214314261971,0
0,44,84,0,7.4,16.799999,.1695760995129304,2.013908189614593,630,.70179999,.0099999998,.0018,30.76214314261971,0
0,45,84,0,2.8,6.4000001,.2069407628136531,1.018399299096171,210,.21880001,.0099999998,.0018,30.76214314261971,0
0,47,84,0,1,0,0,,,0,.003,0,30.76214314261971,0
0,48,84,0,15,50.400002,1.721597618999039,4.083126032882746,1281.4,1.3276,.031600002,.0041999999,30.76214314261971,0
0,49,84,0,5.8,30.4,.6382008059055524,2.913150226532966,797.40002,.87459999,.0018,0,30.76214314261971,0
0,50,84,0,2.4,4.1999998,.1684087403647096,1.627024998089447,348.25,.34825,0,0,30.76214314261971,0
0,56,84,0,23.6,122.2,2.371325938866771,8.289519108788104,3174,3.1883998,.1048,.0138,30.76214314261971,0
0,3,85,0,8.4,50,.5170518809447454,5.066355612835554,269.60001,.2696,.0027999999,.003,49.69093989489483,0
0,4,85,0,4.2,11.8,.1727250199839567,1.088119720896888,22.6,.15099999,.001,.0012000001,49.69093989489483,0
0,5,85,0,6.2,29.799999,.0732069418805197,1.831937341642242,703.20001,1.4394001,.0098000001,.0048000002,49.69093989489483,0
0,7,85,1,12,18.799999,2.797565979688854,5.366786404238588,550.79999,.55120003,.0098000001,.0048000002,49.69093989489483,1
1,12,85,1,28.2,307.60001,18.26662389014991,11.12295681008185,667.40002,.83679998,19.946199,.4278,49.69093989489483,1
1,13,85,0,15.8,167.60001,7.038997135776869,10.78323539614936,406.79999,.50739998,8.9350004,.20100001,49.69093989489483,1
0,17,85,0,2.6,15.2,.1851515993072702,.8548191297714881,392.60001,.41839999,.056599997,.0038000001,49.69093989489483,0
0,18,85,0,15,29.6,.9867712966596027,3.849323489717742,365.60001,.43099999,.0027999999,.0022,49.69093989489483,0
0,20,85,0,5.2,30.799999,.8924846943643403,1.592134940154761,324,.4294,.042799998,.0049999999,49.69093989489483,0
0,21,85,0,8,32.599998,1.374887866152759,2.952517393081804,224.60001,.2246,3.1011999,.082999997,49.69093989489483,0
0,22,85,0,7.8,38.400002,.5369697344579352,2.844768587368146,674,1.3718001,.0098000001,.0048000002,49.69093989489483,0
0,23,85,0,21.8,94.199997,1.631112600917877,4.348182165910575,663.79999,1.08,.0272,.0040000002,49.69093989489483,0
0,25,85,0,10.4,52.200001,1.738419904621981,2.534603574008319,478.39999,.49060002,.1402,.0118,49.69093989489483,0
0,28,85,0,2.2,5,.0533055292372795,.32262691620518,298.39999,.29839998,.0024000001,.001,49.69093989489483,0
0,29,85,0,6.4,9.8000002,.2112707004005168,.7862279578433859,399,.4014,.00020000001,0,49.69093989489483,0
1,32,85,1,14.2,32.400002,.4950131911357181,3.710280797240054,533.40002,.79820001,1.2758,.045400001,49.69093989489483,1
0,33,85,0,8,89.800003,7.363734677915878,6.891039537467551,,0,0,0,49.69093989489483,0
0,34,85,0,2.2,4.1999998,.0223912327295176,.5421010299604604,122.2,.1256,.0020000001,.001,49.69093989489483,0
0,35,85,0,7.2,59.599998,1.191765363919179,3.393052923483485,409.20001,.40920001,.69819999,.0076000001,49.69093989489483,0
0,36,85,0,6.6,17.799999,.1658425657507012,1.554141873846569,367.20001,.42179999,.0262,.0049999999,49.69093989489483,0
1,37,85,1,32.6,302.60001,14.12108086254139,16.27055828949797,1157.2,1.2256,18.711,.56879997,49.69093989489483,1
0,38,85,0,6,17,.1614102002795389,1.184246462624325,587.40002,.68400002,.1182,.0086000003,49.69093989489483,0
0,39,85,0,11,57.599998,1.442554810817303,2.736830002656031,578.59998,.58559996,1.4094,.0638,49.69093989489483,0
0,41,85,0,0,.66666669,.9577040061872424,.2561734393614558,,0,0,0,49.69093989489483,0
0,42,85,0,20.4,66.199997,1.066575711605328,5.934136602033878,1729.6,1.7296,.032400001,.0018,49.69093989489483,0
0,43,85,0,8.4,21.799999,0,,163.8,.1638,0,0,49.69093989489483,0
0,44,85,0,5,22.799999,.1285967224771565,1.916045346193992,538,.93520004,.0098000001,.0048000002,49.69093989489483,0
0,45,85,1,2,7,.0071352642806736,.8034985457014995,263.60001,.26879999,.0098000001,.0048000002,49.69093989489483,1
0,46,85,0,0,,0,,0,0,0,0,49.69093989489483,0
0,47,85,0,1,14.6,.4960175096707191,.5036990557723002,47.799999,.1312,.0055999998,0,49.69093989489483,0
0,48,85,0,6.8,29.200001,.2586036603449882,1.095201978103239,441.79999,.4418,.059799999,.0088,49.69093989489483,0
0,49,85,0,2.4,23.6,.5115207901297721,1.895099324004483,198.39999,.37939999,.0016000001,0,49.69093989489483,0
0,50,85,0,0,38.799999,5.61973849249227,.4178189490820048,18,.017999999,0,0,49.69093989489483,0
0,56,85,0,9.800000000000001,36.599998,.4418899538077459,2.660565333526096,968.20001,.96820003,.27520001,.0254,49.69093989489483,0
0,3,98,0,.75,3,0,.3221654329712225,63.799999,.0638,.00080000004,.0016000001,6.229061876589235,0
0,4,98,0,1,0,0,.1811332901420613,1.75,.0017500001,.00040000002,0,6.229061876589235,0
0,5,98,0,5.6,18,.1695237485425569,1.564163153791497,137.60001,1.133,.0044,.00080000004,6.229061876589235,0
0,10,98,0,0,,0,.1292161018252927,285,.285,.0027999999,.00020000001,6.229061876589235,0
0,11,98,0,0,,0,.0415094318191105,,0,.00025000001,0,6.229061876589235,0
0,12,98,0,0,1.2,0,.1019859485879856,,0,.1418,.0061999997,6.229061876589235,0
0,13,98,0,2.6,10.6,.3093781658841734,.3723851841099572,,0,.93120003,.027000001,6.229061876589235,0
0,17,98,0,6.8,32.799999,.3034319059556111,2.179143382748955,616.40002,.62300003,.0040000002,.0027999999,6.229061876589235,0
0,18,98,0,3,3.8,.0105785712803911,.5413927705633012,11.8,.058599997,0,0,6.229061876589235,0
0,20,98,0,5,21.4,.1150558793908572,1.450188840539728,405,.57859999,.0206,.001,6.229061876589235,0
0,21,98,0,0,,.0019896079823039,.0141145628537917,56,.056000002,.18099999,.01075,6.229061876589235,0
0,22,98,0,7,19.799999,.2810388028146855,1.88780500958747,493.79999,2.0550001,.0044,.00080000004,6.229061876589235,0
0,23,98,0,8.800000000000001,24.200001,.2494971846876307,1.762069446235568,176.60001,.29320002,.0046000001,.0022,6.229061876589235,0
0,24,98,0,0,,0,.0203163565077189,,0,.001,0,6.229061876589235,0
0,25,98,0,11.8,62.400002,2.801695442661318,3.270422151296801,674.59998,.67479998,.1162,.0166,6.229061876589235,0
0,26,98,0,0,,0,.0475561979297122,,0,0,0,6.229061876589235,0
0,27,98,0,9.800000000000001,11.8,.0464942176818919,1.849330940159021,64.400002,.19499999,0,0,6.229061876589235,0
0,28,98,0,1,3.5999999,0,.1208978949453965,74.800003,.0748,.00020000001,0,6.229061876589235,0
0,29,98,0,1.4,3.5999999,.0088402769554978,.4929773366063971,269.39999,.33420002,.00020000001,0,6.229061876589235,0
0,31,98,0,0,,0,.0596814918642185,237.33333,.23733333,.42399999,.0080000004,6.229061876589235,0
0,32,98,0,16.6,34,.4861618243231296,3.46877821982131,367.39999,1.1431999,.331,.020200001,6.229061876589235,0
0,33,98,0,.8,10.2,.0564190009657741,.2126106394053592,,0,0,0,6.229061876589235,0
0,34,98,0,9.199999999999999,22.200001,.0806599523760088,2.023901243648751,152.39999,.208,.00040000002,.00040000002,6.229061876589235,0
0,35,98,0,0,,.0569776876196122,0,,0,.0255,.0015,6.229061876589235,0
0,36,98,0,6.6,20.200001,.038720850468116,2.150745420325504,45.799999,.049800001,.00080000004,0,6.229061876589235,0
0,37,98,1,17.4,135.39999,6.180208866116048,7.377205656443597,318.60001,.3256,5.4036002,.1646,6.229061876589235,0
0,38,98,0,3,7,.8437911340043931,.7830662110423107,247.2,.2472,.0186,.001,6.229061876589235,0
0,39,98,0,2.6,9,.0517411944508124,.6252346676403754,21.4,.021399999,.0126,.0018,6.229061876589235,0
0,41,98,0,0,,0,.1569890149189759,269.75,.26975,0,0,6.229061876589235,0
0,42,98,0,18.2,43.799999,.2213840090423705,4.467220671942381,1962.8,1.9628,.001,.00040000002,6.229061876589235,0
0,43,98,0,0,,0,.0064149862863726,2,.0020000001,0,0,6.229061876589235,0
0,44,98,0,4.8,9.1999998,.017538203906158,1.139920352223504,79.199997,.1586,.0044,.00080000004,6.229061876589235,0
0,45,98,0,0,,0,.0021431009228252,,0,.0047499998,.001,6.229061876589235,0
0,46,98,0,0,,0,.0100477413584706,,0,0,0,6.229061876589235,0
0,47,98,0,0,,0,.0208042596322731,,0,.001,0,6.229061876589235,0
0,48,98,0,5.2,21.6,0,.6682609237192295,533.79999,.79340005,.02,.0022,6.229061876589235,0
0,49,98,0,2,10.6,.0620593381930867,1.099906243376622,6.5999999,.071199998,.00080000004,0,6.229061876589235,0
0,50,98,0,1,19,.0896791833119713,1.582237353503343,1,.0015,0,0,6.229061876589235,0
0,52,98,0,0,,0,.0148595213296717,,0,0,0,6.229061876589235,0
0,53,98,0,0,,0,.0250760623517251,,0,.0027999999,.00020000001,6.229061876589235,0
0,55,98,0,0,,0,.0136287952950349,137,.13699999,0,0,6.229061876589235,0
0,56,98,0,18.8,118.6,1.797278091542146,8.242709293842887,2864,2.8640001,.1052,.0083999997,6.229061876589235,0
0,2,99,0,0,,0,0,,0,1.319,.017000001,14.735112532879,0
0,3,99,0,0,1.6,0,.1069189662045915,35.599998,.035599999,.00080000004,.00080000004,14.735112532879,0
0,4,99,0,0,,0,.0019696376096525,,0,0,0,14.735112532879,0
0,5,99,0,5.2,6,.020378476264594,.6967555536565913,131.60001,.2318,.0022,.0020000001,14.735112532879,0
0,7,99,1,5.2,18,.4190488400031512,.9301032224540837,89.599998,.089599997,.0022,.0020000001,14.735112532879,1
0,10,99,0,0,,0,.0188620305099611,,0,.00050000002,0,14.735112532879,0
0,12,99,0,14.8,91.400002,2.682209569934402,6.26186185732613,320.60001,.5388,4.9154,.1302,14.735112532879,0
0,13,99,0,17.4,150.39999,5.225673669562851,6.524273090691052,450.60001,.52559996,5.3762002,.1666,14.735112532879,0
0,14,99,0,4.4,10.2,.027528876613764,.6980202776724813,168.8,.17,0,.00020000001,14.735112532879,0
0,17,99,0,2.6,3,.0131847519897477,.6515767799159393,8,.013,.011399999,.0034,14.735112532879,0
0,18,99,0,2,7.5,.0047248275011119,.2376425837736085,0,.00825,.0014,.00040000002,14.735112532879,0
0,20,99,0,8.800000000000001,34.799999,.2767873534429873,1.574060036015089,387,.56940001,.0394,.0041999999,14.735112532879,0
0,21,99,0,14.4,103,3.797370606998497,5.987374486422071,11.8,.0118,3.8178,.094599999,14.735112532879,0
0,22,99,0,5,18.4,.1451658119287092,1.08689813875078,191,.64020002,.0022,.0020000001,14.735112532879,0
0,23,99,0,6,6.4000001,.0892585265582507,.8383321499595185,56,.0656,.016000001,.00080000004,14.735112532879,0
0,25,99,0,6.8,29.4,.5082618932270632,1.653504675801599,105.2,.1558,.0308,.0078000003,14.735112532879,0
0,26,99,0,3.6,31.6,6.775329194676419,4.573358052906548,361.60001,.36160001,0,0,14.735112532879,0
0,27,99,0,.5,.5,0,.1023356188719033,.25,.0032500001,.001,.00025000001,14.735112532879,0
0,28,99,0,3.2,5.1999998,0,.1841645520536569,33.200001,.033199999,.0022,.00040000002,14.735112532879,0
0,29,99,0,0,6,0,.0318750847919898,,0,0,0,14.735112532879,0
0,31,99,0,10.2,122.2,0,2.390280777557816,262.20001,.32479998,1.5054001,.051400002,14.735112532879,0
0,32,99,0,14.6,44,.9983087212024018,3.025504439884099,175,.45720002,.29620001,.0198,14.735112532879,0
0,33,99,0,1.8,26.6,.0790095189237868,.9364594950547284,41.333332,.041333333,0,0,14.735112532879,0
0,34,99,0,1,3,.1107253104448533,.0952414266696527,34.400002,.037599999,.00020000001,.00060000003,14.735112532879,0
0,36,99,0,6.2,11.8,.2657190452253492,.8073480057905912,287.39999,.28740001,.0022,.0012000001,14.735112532879,0
0,37,99,0,16,58,1.403270840500052,4.121894927173169,204.39999,.21519999,4.5074,.16080001,14.735112532879,0
0,38,99,0,0,,0,.0138529411747291,0,0,.048999999,.00066666666,14.735112532879,0
0,39,99,0,1,1.6,.0023697180137347,.1949084390849384,0,0,.14119999,.0064000003,14.735112532879,0
0,40,99,0,2,4,0,.001796146044399,,0,.0035000001,0,14.735112532879,0
0,41,99,0,0,4.3333335,.0011939646200046,.1467579682408983,,0,0,0,14.735112532879,0
0,42,99,0,17.4,46.200001,.7003800341242706,4.284472634048294,1308.6,1.3085999,.0014,.00080000004,14.735112532879,0
0,43,99,0,0,,0,.0209744642377115,96.800003,.096799999,0,0,14.735112532879,0
0,44,99,0,3.2,2.5999999,.8895404757842091,.6585498279899789,18.799999,.0188,.0022,.0020000001,14.735112532879,0
0,45,99,0,0,,0,.0091987189582297,,0,.0022,.0020000001,14.735112532879,0
0,47,99,0,1,2.6666667,.3168986117361788,.6286897011451004,,0,.00040000002,.00020000001,14.735112532879,0
0,48,99,0,3.4,7.1999998,0,.2245089269456074,7,.0070000002,.0038000001,.001,14.735112532879,0
0,49,99,0,4,17.799999,.1989045187343282,1.567345137474596,0,.064400002,.001,0,14.735112532879,0
0,50,99,0,.2,1.6,.0474582991731623,2.04336787842664,87.599998,.088,0,0,14.735112532879,0
0,52,99,0,0,,0,.0232400692606118,,0,0,0,14.735112532879,0
0,53,99,0,0,,0,.0357060618116367,,0,0,0,14.735112532879,0
0,55,99,0,0,,0,,132,.132,0,0,14.735112532879,0
0,56,99,0,18.4,92,.8170008017405409,5.935436351442163,1887.4,1.9842,.064999998,.010199999,14.735112532879,0
0,3,100,0,11,37.799999,1.181922845620334,3.11829387808041,578,.57800001,.0020000001,.0026,24.12510390442398,0
0,4,100,0,0,,0,,.80000001,.0018,0,0,24.12510390442398,0
0,5,100,0,4,9.6000004,.0383842236234159,1.145777600585206,557.20001,.6074,.016000001,.0040000002,24.12510390442398,0
0,10,100,0,0,,0,,107,.107,.014,0,24.12510390442398,0
0,12,100,1,25.4,164,5.914384432924582,11.11629573361345,759.20001,.83459997,4.9532003,.15000001,24.12510390442398,1
0,13,100,0,14.8,101,1.825200612926081,7.610036445080767,573.79999,.59079999,3.3901999,.089599997,24.12510390442398,0
1,17,100,0,14.2,91.199997,3.624331637730956,4.128432976230458,1704.6,2.221,.064400002,.0060000001,24.12510390442398,0
0,18,100,0,3.2,5.4000001,.0279916927156817,.5666334141834557,143.2,.208,.0022,.00040000002,24.12510390442398,0
0,22,100,0,11.8,27,.5946441874883946,2.349058474313135,994.79999,1.124,.016000001,.0040000002,24.12510390442398,0
0,23,100,1,16,51.599998,2.448000427061635,2.762142424520914,786.40002,.87699997,.0206,.0049999999,24.12510390442398,1
0,24,100,0,0,,0,,16,.016000001,.0020000001,0,24.12510390442398,0
0,25,100,1,13.2,121.2,8.694306361283342,.9784154610176218,768.59998,.76859999,.2852,.02,24.12510390442398,1
0,27,100,0,0,0,0,.0429878397666555,0,0,.0022,.00040000002,24.12510390442398,0
0,29,100,0,.6,.2,.0252262040468101,.2443456478076597,.40000001,.0044,.00060000003,.00020000001,24.12510390442398,0
0,32,100,0,20.2,73.400002,2.625363937603613,4.834400132352805,1374.8,1.4405999,.89099997,.059799999,24.12510390442398,0
0,33,100,0,0,,0,,0,.032000002,0,0,24.12510390442398,0
0,34,100,0,1.2,2.8,.1128730530328438,.2992646172223805,0,0,.00080000004,0,24.12510390442398,0
0,36,100,1,6,7.8000002,.3024888460756419,.8961471842276948,185.2,.1938,.0138,.0032000002,24.12510390442398,1
0,37,100,0,17.8,106.6,4.478313142095239,4.691174440237026,470,.48839998,5.3147998,.1286,24.12510390442398,0
0,38,100,0,0,,0,,268.39999,.26839998,.059599999,.0041999999,24.12510390442398,0
0,39,100,0,12.8,43.599998,.9591061138825525,3.603968271819628,766.40002,.76640004,1.2444,.058800001,24.12510390442398,0
0,41,100,0,0,,0,,0,.0060000001,0,0,24.12510390442398,0
0,42,100,0,21.8,65,1.034052007844713,4.424147560372695,1778.6,1.7786,.022,.0022,24.12510390442398,0
0,44,100,0,.6666666666666666,0,.0454053692914663,.3386027916419459,21.799999,.022200001,.016000001,.0040000002,24.12510390442398,0
0,45,100,0,0,,0,.0949386452926461,.2,.00020000001,.016000001,.0040000002,24.12510390442398,0
0,46,100,0,1.5,0,0,,0,.014,0,0,24.12510390442398,0
1,48,100,1,26.6,90.199997,2.710462552706893,5.217452102225133,1287.2,1.3176,.1106,.0138,24.12510390442398,1
0,49,100,1,6,16.799999,.4186922369953555,2.141015531039627,472.20001,.58099997,.0022,0,24.12510390442398,1
0,50,100,0,0,,0,,159.25,.1605,0,0,24.12510390442398,0
0,56,100,0,19,46.799999,.8052345922799986,3.772818311193879,1059.8,1.0598,.2,.0252,24.12510390442398,0
0,3,101,0,1,8,.1079103600205497,.54835140645826,101,.101,.0012000001,.001,36.05563369546982,0
0,5,101,0,5,16,.2185481473201137,1.284856066621454,317.60001,.46539998,.0061999997,.0026,36.05563369546982,0
0,7,101,0,0,0,0,,,0,.003,.001,36.05563369546982,0
0,11,101,0,0,0,0,,,0,.00020000001,0,36.05563369546982,0
0,12,101,0,20.6,68,2.321435323504188,5.256851792268126,670.59998,.74659997,2.4201999,.0682,36.05563369546982,1
0,13,101,0,9.800000000000001,37.599998,1.071552811034329,4.122976563201114,274,.2994,2.0756001,.0726,36.05563369546982,1
0,15,101,0,12.2,84.800003,4.138921368837855,5.671928520859778,500,.5,.1988,.0078000003,36.05563369546982,0
0,16,101,0,0,,0,,0,.001,.037,.00050000002,36.05563369546982,0
0,17,101,0,11.4,47,.7748745413748145,2.787045079341372,221.8,.25479999,.033599999,.0052,36.05563369546982,0
0,20,101,0,5.2,14.8,.2711448187092175,1.514755860754264,258,.29079998,.059999999,.0018,36.05563369546982,0
0,21,101,1,20.4,143.60001,13.15119604493306,3.133228992782125,389.79999,.38979998,5.8397999,.23339999,36.05563369546982,1
0,22,101,0,6.8,15.2,.107759775296177,1.413491268333134,448.20001,.99419999,.0061999997,.0026,36.05563369546982,0
0,23,101,0,6.6,12.2,.1485067396142843,1.095710350145563,236,.31,.022399999,.0018,36.05563369546982,0
0,24,101,0,0,0,0,,,0,.0098000001,.00060000003,36.05563369546982,0
0,25,101,0,16.6,122.6,7.893830931913419,6.497063369169257,1261.6,1.2616,.15019999,.018200001,36.05563369546982,0
0,26,101,0,0,0,0,,201.8,.2018,0,0,36.05563369546982,0
0,28,101,0,3.4,18.799999,.132949574197504,.9688225178120073,,0,.0020000001,.00020000001,36.05563369546982,0
0,29,101,0,3.8,6,.0601546874246896,.8962597694353266,220.60001,.27920002,.00020000001,0,36.05563369546982,0
0,31,101,0,20,179.60001,19.84620990753787,8.212930159162653,521.79999,.53040004,.87099999,.0592,36.05563369546982,0
0,32,101,0,17.4,59,1.20216511309505,4.976245521568285,577.79999,.9738,.40379998,.022,36.05563369546982,0
0,33,101,0,0,0,0,,21,.021,0,0,36.05563369546982,0
0,34,101,0,3.2,7.5999999,.2749431345934127,.7421767891655503,25.4,.058400001,.00060000003,.00020000001,36.05563369546982,0
0,36,101,0,7.4,14.2,.2674647046750744,1.338826138639894,223.8,.24080001,.0052,.00060000003,36.05563369546982,0
0,37,101,0,16.2,138,6.021138327819176,6.366091312144019,354,.37020001,2.2550001,.1048,36.05563369546982,0
0,38,101,1,8.6,16.799999,2.943413657008291,2.265848981351745,578.40002,.60820001,.14739999,.015600001,36.05563369546982,1
0,39,101,1,7.2,50.599998,.9704198007683513,2.715449558153431,1088.6,1.0885999,.76300001,.055599999,36.05563369546982,1
0,40,101,0,0,,0,,47,.046999998,.0068000001,.001,36.05563369546982,0
0,41,101,0,0,,0,,826,.86400002,0,0,36.05563369546982,0
0,42,101,0,14.6,37,.4289152297299405,3.072801545556161,1248.4,1.2484,.0118,.0038000001,36.05563369546982,0
0,43,101,0,0,,0,,16.799999,.016799999,0,0,36.05563369546982,0
0,44,101,0,6.2,12.6,.0406044604793348,1.516879528448277,243.2,.3734,.0061999997,.0026,36.05563369546982,0
0,45,101,0,3,3.5999999,.0220253627502911,.5936661415498253,.5,.001,.0061999997,.0026,36.05563369546982,0
0,46,101,0,3.6,7.1999998,.1126290411607922,.9841431680082693,80.199997,.16160001,0,0,36.05563369546982,0
0,47,101,0,5.8,23.799999,.6458782603846241,1.667211817717487,2,.0020000001,.0040000002,.00020000001,36.05563369546982,0
1,48,101,1,8.800000000000001,31.4,.9931043556174788,1.630464804044039,528.40002,.53119999,.066199996,.0076000001,36.05563369546982,1
0,49,101,0,1.6,9,.0522660473783048,.7761052338061339,49,.13319999,.0014,.00020000001,36.05563369546982,0
0,50,101,0,0,,0,,615.40002,.61540002,0,0,36.05563369546982,0
0,55,101,0,0,,0,,859.59998,.85959995,0,0,36.05563369546982,0
0,56,101,0,17.2,79.800003,.8226492575677955,5.21656189367704,1406.6,1.5039999,.099800006,.0096000005,36.05563369546982,0
0,3,102,0,2,4.4000001,.0019158575048882,.0835997453297051,1.8,.0018,.0012000001,.00080000004,16.47605924833498,0
0,5,102,0,7.4,17.6,.0941000220390357,1.848258424070169,384.39999,1.2681999,.0078000003,.0026,16.47605924833498,0
0,7,102,0,3.8,11.8,.021761748375542,.6998732192250394,211.2,.30320001,.0078000003,.0026,16.47605924833498,0
0,8,102,0,10.2,39.599998,1.601392810648452,6.823016598496483,755.59998,.78220004,.010600001,0,16.47605924833498,0
0,9,102,0,3.6,5.8000002,.1613181387290963,1.324569323949488,3.5,.0035000001,.023399999,.0018,16.47605924833498,0
0,10,102,0,3.333333333333333,3.6666667,0,,518,.51800001,.0066666664,.0020000001,16.47605924833498,0
0,11,102,0,4,2.5,0,,,0,0,0,16.47605924833498,0
0,12,102,0,12.6,75.199997,2.665082685073974,5.983231975052626,165,.7992,4.6868,.13419999,16.47605924833498,0
0,13,102,0,21.8,160.2,3.626954868378708,14.47880869464187,724,.91759998,4.2726002,.1182,16.47605924833498,0
0,14,102,0,1,0,0,,,0,0,0,16.47605924833498,0
0,15,102,0,15.8,104.6,4.366858584612737,10.41560421719027,583.20001,.59740001,.35579997,.0244,16.47605924833498,0
0,16,102,0,0,0,0,,,0,.126,.003,16.47605924833498,0
0,17,102,0,18.8,59,2.480666786879157,5.87960962393724,748.79999,.8466,.048,.0096000005,16.47605924833498,0
0,18,102,0,3.8,0,.0062081696331779,.3643838822815579,0,.056599997,.00020000001,.00040000002,16.47605924833498,0
0,20,102,0,4.2,12.4,.2448083731673236,1.707520164535723,0,.1516,.0294,.00080000004,16.47605924833498,0
0,21,102,0,1,2.8,0,,,0,.51139998,.0154,16.47605924833498,0
0,22,102,0,14,45.599998,1.52905187637285,2.517808720459759,684.20001,2.3156002,.0078000003,.0026,16.47605924833498,0
0,23,102,0,9,19.6,.1991443510881568,1.849045579387498,270.20001,.68720001,.0064000003,.001,16.47605924833498,0
0,24,102,0,3.8,1.8,.0703632997203249,1.124054749152362,134.60001,.30000001,.049400002,.0012000001,16.47605924833498,0
0,25,102,0,25.2,125,5.162061769463837,7.082532271498374,2840.6001,2.8866,.21939999,.0098000001,16.47605924833498,0
0,26,102,0,3,15.2,.0273700220295767,1.284590987255061,0,.1252,0,0,16.47605924833498,0
0,27,102,0,4,2,.0155674722781812,.4278617220132284,0,.0858,.00020000001,.00040000002,16.47605924833498,0
0,29,102,0,4.6,2.5999999,.0438177813138537,1.348937463293049,0,.16139999,.00020000001,0,16.47605924833498,0
0,30,102,0,0,,.0024802231234205,.0859129240593034,0,0,0,0,16.47605924833498,0
0,31,102,0,21.8,148.2,7.389555002978377,12.89267063496088,1666.8,1.742,1.776,.080199994,16.47605924833498,0
0,32,102,0,25.2,65,1.982115934629578,5.607513576849333,571.20001,2.4194,.73720002,.062200002,16.47605924833498,0
0,33,102,0,0,1,0,,3.5999999,.022799999,0,0,16.47605924833498,0
0,34,102,0,0,,0,.1644746700132733,0,.0024000001,.00020000001,0,16.47605924833498,0
0,35,102,0,0,,0,,4,.0040000002,.41100001,.0049999999,16.47605924833498,0
0,36,102,0,4.2,7.1999998,.0642670661573333,.8105203750407336,113.2,.212,.0068000001,.0022,16.47605924833498,0
0,37,102,0,24.2,142.39999,6.384837387778826,11.54137869052587,467.20001,.56620002,5.822,.222,16.47605924833498,0
0,38,102,0,7.4,23.799999,0,,715,.71499997,.053799998,.0058000004,16.47605924833498,0
0,39,102,0,8.199999999999999,28.200001,.2657488911500841,.4259760180926314,0,.0064000003,.41060001,.021600001,16.47605924833498,0
0,40,102,0,.5,0,0,,1,.001,.011333333,0,16.47605924833498,0
0,41,102,0,.3333333333333333,8.333333,.000059729448482,1.599114914888593,298,.32100001,0,0,16.47605924833498,0
0,42,102,0,4.6,4.5999999,0,,,0,.0061999997,.00020000001,16.47605924833498,0
0,43,102,0,0,,0,,56,.056000002,0,0,16.47605924833498,0
0,44,102,0,4.2,7,.0301191922668111,1.011337604964426,160.8,.45379999,.0078000003,.0026,16.47605924833498,0
0,45,102,0,0,0,0,,,0,.0049999999,.0020000001,16.47605924833498,0
0,47,102,0,1.6,22.6,0,,930.59998,.93059999,.0014,0,16.47605924833498,0
0,48,102,0,20.2,68.400002,4.754403309248159,5.973269945656111,1444,1.7638,.022200001,.0041999999,16.47605924833498,0
0,49,102,0,3,10.2,.1904546992049412,2.115919909173021,0,.32839999,.00040000002,0,16.47605924833498,0
0,50,102,0,3.666666666666667,6.3333335,.2937484769719916,2.118681718274037,670,.69319999,0,0,16.47605924833498,0
0,51,102,0,.8,8,0,,.2,.00020000001,.0272,.00080000004,16.47605924833498,0
0,52,102,0,0,,.0001456815816634,.2376378771748693,,0,0,0,16.47605924833498,0
0,53,102,0,1,0,0,,,0,.0134,.0027999999,16.47605924833498,0
0,54,102,0,1,3,1.032328130017145,.8490752519384384,675.66669,.67566669,.022333333,.0049999999,16.47605924833498,0
0,55,102,0,0,0,.0188524340747092,.0942291709801329,366.79999,.36679998,0,0,16.47605924833498,0
0,56,102,0,37.2,153.8,3.737360906030853,9.453325636990918,4926.2002,5.2116003,.1548,.021200001,16.47605924833498,0
0,3,103,0,4.8,5.4000001,.1999842814835805,.9264530847920436,278.79999,.27879998,.00040000002,.00080000004,1.82645271009067,0
0,4,103,0,0,,0,0,0,0,0,0,1.82645271009067,0
0,5,103,0,3.4,3.4000001,.0166908225024359,.4264159050145066,149,.15019999,.0061999997,.0012000001,1.82645271009067,0
0,7,103,0,2.8,5.4000001,.4151364646891385,.3660196085846697,0,0,.0061999997,.0012000001,1.82645271009067,0
0,10,103,0,5,7,.0805048256119926,.7022300214516252,203,.20299999,.0115,.0024999999,1.82645271009067,0
0,11,103,0,1,1,0,,,0,0,0,1.82645271009067,0
0,17,103,0,10.6,38.200001,.3385609835607634,3.294315906382781,1208,1.7424001,.0266,.00080000004,1.82645271009067,0
0,18,103,0,2.6,3.5999999,.0251048610329055,.3718252687414653,.2,.00080000004,.00040000002,.00060000003,1.82645271009067,0
0,20,103,0,0,.5,0,.0782911906012436,0,0,.0015,0,1.82645271009067,0
0,22,103,0,4.6,10.2,.0239255788408505,.8364146125465831,229.8,.23439999,.0061999997,.0012000001,1.82645271009067,0
0,23,103,0,7.8,9.3999996,.3227785126477234,.9031714997107108,357.39999,.36059999,.0026,.0016000001,1.82645271009067,0
0,25,103,0,0,,0,0,,0,.00050000002,0,1.82645271009067,0
0,26,103,0,.5,2,0,0,21.4,.021600001,0,0,1.82645271009067,0
0,27,103,0,12.6,17.6,.4202548983516164,1.398270866333954,102.2,.1232,.00040000002,.00060000003,1.82645271009067,0
0,28,103,0,0,,.00025325,.0179824035222226,,0,.00025000001,0,1.82645271009067,0
0,29,103,0,2.2,.60000002,.0073483653316246,.3469931963119676,62.400002,.0634,0,0,1.82645271009067,0
0,32,103,0,0,,0,0,0,.001,.0026,.00020000001,1.82645271009067,0
0,34,103,0,.2,2.2,.0006635168531031,.264585307370325,16.25,.016249999,.00020000001,0,1.82645271009067,0
0,36,103,0,6.2,11.4,.2831962094943553,1.278847369084204,196.39999,.197,.0026,.0020000001,1.82645271009067,0
0,38,103,0,4.2,7.1999998,.0721740218963006,.4919671336934986,79.800003,.079800002,.0040000002,.001,1.82645271009067,0
0,39,103,0,4,14.6,.2661889444856214,.7579464708219974,225.2,.2252,.062799998,.0064000003,1.82645271009067,0
0,41,103,0,5,9.3999996,.3516330091200359,.8552075931364663,204.60001,.20460001,0,0,1.82645271009067,0
0,42,103,0,4.4,4.5999999,.2621977445102139,.5420734957170728,98.400002,.098400004,.003,0,1.82645271009067,0
0,44,103,0,1.2,2.5999999,.0181667908604712,.1967044724470711,13.2,.0132,.0061999997,.0012000001,1.82645271009067,0
0,45,103,0,1,.80000001,.0047549218712384,.137752771936248,9.1999998,.0092000002,.0061999997,.0012000001,1.82645271009067,0
0,46,103,0,3.6,4.1999998,.0025126848477263,.5282784334273208,164.8,.24600001,0,0,1.82645271009067,0
0,48,103,0,4.4,4.5999999,.8366464710274606,.3802742713459716,287.39999,.29260001,.0146,.0012000001,1.82645271009067,0
0,49,103,0,2,1.6,0,.4389515784254814,.60000002,.0064000003,0,0,1.82645271009067,0
0,50,103,0,2.2,1.6,.0730446019536511,.6700165949887505,314,.31400001,0,0,1.82645271009067,0
0,53,103,0,0,,0,0,7.6666665,.0076666665,.0023333333,.0013333333,1.82645271009067,0
0,56,103,0,7.8,10.4,.1540009269768837,1.18151127566567,163.8,.1638,.056200001,.0054000001,1.82645271009067,0
0,3,104,0,0,,0,0,2.6666667,.0026666666,0,.00075000001,6.103910629615242,0
0,4,104,0,0,,0,0,2.4000001,.021200001,.00020000001,0,6.103910629615242,0
0,5,104,0,3,5,.0163430747042289,.9022926118394113,155,.55019999,.00040000002,.00020000001,6.103910629615242,0
0,10,104,0,0,,0,,182,.182,0,.001,6.103910629615242,0
0,11,104,0,0,,0,0,34.400002,.034400001,0,0,6.103910629615242,0
0,12,104,0,15.2,122.2,6.447799912628279,5.514125979727158,674,.73259997,3.0962,.1428,6.103910629615242,0
0,13,104,0,7,46.200001,1.338607857994402,3.220641050235538,231.60001,.2388,1.4476,.051200002,6.103910629615242,0
0,17,104,0,1.8,4.4000001,.0290973395884344,.4631989951249187,12,.012,.0055999998,.00040000002,6.103910629615242,0
0,18,104,0,7,10.6,.3798495703807828,1.150310423154075,256.60001,.30759999,0,.00020000001,6.103910629615242,0
0,20,104,0,6.8,21.200001,.7970436286296253,1.240591386345713,245,.31659999,.0070000002,.0016000001,6.103910629615242,0
0,21,104,0,6,9.1999998,.3022254577166958,1.097460681446776,189.8,.18980001,.33320001,.017200001,6.103910629615242,0
0,22,104,0,10.2,22.6,.0325675832506642,2.614972627968098,697.59998,1.359,.00040000002,.00020000001,6.103910629615242,0
0,23,104,0,10,19,.6213660170576298,1.955687156638417,215.8,.52540004,.0126,.0014,6.103910629615242,0
0,25,104,0,0,,0,0,0,.0054000001,.0176,.0018,6.103910629615242,0
0,29,104,0,5.4,3.8,.0189723750972114,1.028442508567712,194.8,.28099999,0,0,6.103910629615242,0
0,32,104,0,10.4,24.4,.1708890129044475,1.946689961294544,345.39999,.37360001,.062200002,.0066,6.103910629615242,0
0,33,104,0,0,0,0,.2435352344329311,104,.104,0,0,6.103910629615242,0
0,34,104,0,3,4.1999998,.0218855875805485,.6772916811007327,68.800003,.068800002,.00060000003,.00060000003,6.103910629615242,0
0,35,104,0,6.4,42,.734204922448054,2.385267375301282,472.79999,.47279999,.082000002,.0035999999,6.103910629615242,0
0,36,104,0,3,3,.0372367968490605,.4570125959114997,137,.211,.0018,.00040000002,6.103910629615242,0
0,37,104,0,12,55.200001,2.30541925724409,2.479500128107963,148,.1522,1.2466,.059,6.103910629615242,0
0,38,104,0,5.6,16.799999,.1866182731373994,.6292381695610091,485,.48500001,.0298,.003,6.103910629615242,0
0,39,104,0,7.8,36.400002,1.486687880337513,1.182423314649801,322.60001,.32260001,.32320002,.016799999,6.103910629615242,0
0,41,104,0,0,,.0001087169441429,.1735888425428247,210.5,.2105,0,0,6.103910629615242,0
0,42,104,0,14,45.799999,.2865028541490423,2.8368926031921,1286.4,1.2864001,.0092000002,.001,6.103910629615242,0
0,44,104,0,.4,2,0,.2813661447170229,7,.0206,.00040000002,.00020000001,6.103910629615242,0
0,45,104,0,3.6,7.8000002,.1421518569477273,1.029004394249632,128.8,.14580001,.00040000002,.00020000001,6.103910629615242,0
0,49,104,0,.2,1.6,.1903054931856852,.4660801837378651,24.200001,.054400001,.00080000004,0,6.103910629615242,0
0,50,104,0,0,.2,.0011446409987842,.4265693656042016,,0,0,0,6.103910629615242,0
0,56,104,0,10.4,34.400002,.7383153801417818,2.04199198954886,1198.2,1.1982,.0176,.0044,6.103910629615242,0
0,3,105,0,6,30.200001,.0103164365905146,.8010247309177644,113.6,.1136,.0014,.0014,46.90713355714524,0
0,4,105,0,3.4,8.1999998,.162069311831713,.942139470536538,46.200001,.048999999,.00020000001,0,46.90713355714524,0
0,5,105,0,11.2,14.8,.0411274743136723,2.78778694605193,401.39999,.40400001,.031799998,.0093999999,46.90713355714524,0
0,6,105,0,0,0,0,,,0,.00066666666,0,46.90713355714524,0
0,7,105,0,23.2,59.200001,1.218141249922982,4.951553310475278,1111.6,1.1115999,.031799998,.0093999999,46.90713355714524,0
0,10,105,0,1,3.4000001,.5670586155130227,19.91623050888549,453,.45300001,.0108,.0020000001,46.90713355714524,0
0,12,105,0,29.4,158.39999,9.750801223381631,11.28755896139486,706,.7062,12.5398,.27920002,46.90713355714524,0
0,13,105,1,26.2,203.39999,3.414028719517375,18.10332128257801,936.79999,.9386,7.0135999,.13839999,46.90713355714524,0
0,14,105,0,0,1.2,.001530852105364,.3837120071611435,,0,0,0,46.90713355714524,0
0,17,105,0,38.6,71.199997,2.271866308606323,13.088753862361,922.40002,6.1986003,.024799999,.0048000002,46.90713355714524,0
0,18,105,0,10.4,14.2,.1261946609387289,2.504253412125276,177.2,.17739999,.0018,.00080000004,46.90713355714524,0
0,19,105,0,6,21,1.435313871506066,1.565600530821519,215.8,.2158,.14560001,.0078000003,46.90713355714524,0
0,20,105,0,6.2,14.6,.622891212572363,2.68523130490005,303,.30379999,.0416,.003,46.90713355714524,0
0,21,105,1,28,188.2,11.45577737668867,15.84929627886857,599.79999,.59979999,3.2838001,.13939999,46.90713355714524,1
0,22,105,0,27.6,53.200001,.7985592259096489,5.801541528213887,558.79999,.58279997,.031799998,.0093999999,46.90713355714524,0
0,23,105,0,22.2,40.200001,.7807586198189818,3.916047810965532,762.59998,.76420003,.038400002,.0052,46.90713355714524,0
0,25,105,0,20.2,93.199997,6.03156411812907,6.162194429958186,1296,1.296,.25280002,.0176,46.90713355714524,0
0,28,105,0,5.6,7.4000001,.2376518683768925,1.019646275164749,381.60001,.38159999,.0070000002,.00060000003,46.90713355714524,0
0,29,105,0,5,7.8000002,.1627274617063219,1.115227074331846,313.20001,.31320003,.00040000002,0,46.90713355714524,0
0,31,105,0,.5,.5,0,,,0,1.6224999,.030999999,46.90713355714524,0
0,32,105,0,23.8,50.599998,1.460969206575915,5.576705262155382,606.59998,.6074,.36339998,.0262,46.90713355714524,0
0,33,105,0,17.4,10,.3247859058697869,.8519343982236044,6.1999998,.0061999997,0,0,46.90713355714524,0
0,34,105,0,7.8,8,.14676760099596,.9434856761455412,260.39999,.2604,.0022,.0035999999,46.90713355714524,0
0,35,105,0,4.4,25.799999,1.588101496965694,3.012049379206386,262.20001,.2622,.37239999,.0035999999,46.90713355714524,0
0,36,105,0,5,5,.0843263297118232,1.317157469133508,248.8,.25,.0242,.0048000002,46.90713355714524,0
0,37,105,1,41.2,293.79999,12.43917020727814,18.22512560979878,728.59998,.7288,12.0814,.368,46.90713355714524,0
0,38,105,0,8.4,16.6,.2309937641533125,1.541293130226241,546.79999,.54699999,.11319999,.0080000004,46.90713355714524,0
0,39,105,0,12.4,51.799999,.8620897631975768,4.738371371743304,1236.8,1.2368001,1.4134001,.080600001,46.90713355714524,0
0,40,105,0,0,0,0,,,0,.025,.0024000001,46.90713355714524,0
0,41,105,0,3.8,8,1.324415502314376,9.67825514262975,2511,2.5109999,0,0,46.90713355714524,0
0,42,105,0,39,98.599998,1.125672218486579,10.4455502369363,3239.2,3.2391999,.030999999,.0052,46.90713355714524,0
0,43,105,0,0,.2,0,,,0,0,0,46.90713355714524,0
0,44,105,0,9.800000000000001,18.6,1.170983811550317,2.506676321621849,544.79999,.54799998,.031799998,.0093999999,46.90713355714524,0
0,45,105,0,5.2,13,.0447673324532713,1.725157242582138,303.39999,.30360001,.031799998,.0093999999,46.90713355714524,0
0,46,105,0,10,5,.2342066273942179,1.391459632772649,188,.18960001,0,0,46.90713355714524,0
0,47,105,0,3.8,6.8000002,0,,,0,.0064000003,.00020000001,46.90713355714524,0
0,48,105,0,18.4,38.799999,.6244635452474752,3.223539469572708,734.59998,.73459995,.055599999,.0058000004,46.90713355714524,0
0,49,105,0,8.4,12.4,.5418999121426045,1.86224564565982,235.39999,.237,.012399999,0,46.90713355714524,0
0,50,105,0,1,0,.7984589543367299,.9215751666134472,231.8,.2318,0,0,46.90713355714524,0
0,53,105,0,.5,0,0,,,0,.0275,.0044999998,46.90713355714524,0
0,55,105,0,0,,.0574391225100776,1.405716378445415,481,.48100001,0,0,46.90713355714524,0
0,56,105,0,57.8,159,.4607336050485859,13.03829631654575,3507.2,3.5072,.3752,.040200002,46.90713355714524,0
0,1,106,0,2,17.5,6.564931172156557,.7298765913791725,,0,0,0,5.825055667405342,0
0,2,106,0,43.6,298.60001,18.37653961067276,32.07551113869118,2425.3999,2.4254,2.7951999,.133,5.825055667405342,0
0,10,106,0,3,11.5,.3570136473138232,.9824948617176557,360,.36000001,.003,.001,5.825055667405342,0
0,12,106,0,12,77.800003,1.724923131394109,7.180615213239102,355.79999,.47939998,4.467,.1402,5.825055667405342,0
0,13,106,0,4.6,23.200001,.2329580589050452,1.804972141032236,87.599998,.0876,.91399997,.0298,5.825055667405342,0
0,16,106,0,2.6,19.6,1.034307849962094,1.94284304715864,296.60001,.29660001,.86720002,.054400001,5.825055667405342,0
0,18,106,0,1,1.2,.0002687563195421,.1639357631340923,,0,0,0,5.825055667405342,0
0,21,106,0,4,29.666666,0,,,0,1.0393333,.028666666,5.825055667405342,0
0,23,106,0,1,2.3333333,0,,,0,.077333339,.001,5.825055667405342,0
0,25,106,0,1,6,0,,,0,.0070000002,.0020000001,5.825055667405342,0
0,27,106,0,1,1,0,.1408614589805543,,0,0,0,5.825055667405342,0
0,30,106,0,2,9,0,,,0,0,0,5.825055667405342,0
0,32,106,0,1,9,.0229805761611852,.5209845538124969,,0,.032400001,.0035999999,5.825055667405342,0
0,33,106,0,.8,0,.016101552985171,.2100155546403865,0,0,0,0,5.825055667405342,0
0,37,106,0,1,5.5999999,.167577060674434,1.169395001894057,8.5,.0085000005,.1814,.003,5.825055667405342,0
0,39,106,0,1,4.3333335,0,,,0,.067333333,.0033333332,5.825055667405342,0
0,41,106,0,3.4,15,.6153505341528916,1.293036391145096,409.25,.40924999,0,0,5.825055667405342,0
0,42,106,0,2,5.5999999,0,.5269489071638549,,0,.0046000001,0,5.825055667405342,0
0,48,106,0,2.8,9,.1100766946717966,.5480540311146012,,0,.0074,.0018,5.825055667405342,0
0,50,106,0,.6666666666666666,2.6666667,.0247892689264127,.2769009642379588,,0,0,0,5.825055667405342,0
0,56,106,0,25.4,124.6,1.610021028833334,6.565266313678354,3598.6001,3.5986001,.1074,.0176,5.825055667405342,0
0,1,107,0,2,6.8000002,0,,,0,0,0,6.112533428012572,0
0,2,107,0,15.2,78.800003,4.258165589003903,5.696098233855264,554.59998,.5546,.48079997,.039000001,6.112533428012572,0
0,3,107,0,.8,3.2,0,,,0,0,.00060000003,6.112533428012572,0
0,5,107,0,4.8,6.4000001,.1761105389387283,1.235270768285931,293.39999,.5988,.0066,.0014,6.112533428012572,0
0,6,107,0,19.4,35.799999,.3558783117962004,2.832828104596432,566.59998,.56659997,0,.00020000001,6.112533428012572,0
0,8,107,0,14.2,62.599998,2.440745621515141,5.296029082843559,700.59998,.70059997,.014,.0020000001,6.112533428012572,0
0,10,107,0,0,,0,,4,.0040000002,.0020000001,0,6.112533428012572,0
0,11,107,0,0,,.0155622087578639,1.610587739021068,0,0,0,0,6.112533428012572,0
0,12,107,0,9.800000000000001,40.799999,.6699953768233318,3.938353408391045,270.60001,.49679998,.80900002,.039799999,6.112533428012572,0
0,13,107,0,5.6,29.799999,.2494166621694485,2.187919353849021,0,.061000001,.65759999,.018200001,6.112533428012572,0
0,14,107,0,1,.80000001,.0328244382423801,.3434517756063971,,0,0,0,6.112533428012572,0
0,15,107,0,11,86.400002,3.224899547648273,4.292896332914781,554.59998,.5546,.086800002,.0082,6.112533428012572,0
0,16,107,0,0,,0,,57.799999,.057799999,.055599999,.0055999998,6.112533428012572,0
0,17,107,0,15,26.6,.5885550325344666,2.846689165877042,273.60001,.3556,.0288,.0070000002,6.112533428012572,0
0,18,107,0,1,1.2,.0011273261505271,.5459610137801595,0,.074199997,0,0,6.112533428012572,0
0,20,107,0,1,.60000002,.0002176084144297,.210475911373824,0,.0348,.016000001,.00020000001,6.112533428012572,0
0,22,107,0,12.4,20.4,.2719506554029938,1.99150734190847,500,1.5766,.0066,.0014,6.112533428012572,0
0,23,107,0,5,10.2,.3492873130765673,1.223916704470848,164.39999,.36879998,.0022,.00040000002,6.112533428012572,0
0,24,107,0,0,0,.1690378694345469,1.838897343791592,156,.156,.0049999999,.00040000002,6.112533428012572,0
0,25,107,0,9.4,62.599998,3.53332734574516,4.344056903931991,595.79999,.59579998,.063599996,.0093999999,6.112533428012572,0
0,26,107,0,0,,.4280565396848732,.8468409452720086,204.60001,.20460001,0,0,6.112533428012572,0
0,27,107,0,1.8,2.4000001,.0032771378616538,.2941658678227456,0,.033599999,0,0,6.112533428012572,0
0,28,107,0,0,,0,,5.5999999,.0055999998,.00080000004,.0012000001,6.112533428012572,0
0,29,107,0,0,0,.0128077682105605,.4599432014553859,224.39999,.30840001,0,0,6.112533428012572,0
0,30,107,0,1,6.5999999,.2981809396253776,1.654694077152791,367.20001,.36720002,0,0,6.112533428012572,0
0,31,107,0,19.2,105,5.212899105879149,7.583523552830833,1436.8,1.4368,.54400003,.024799999,6.112533428012572,0
0,32,107,0,13,31.799999,.6431155291118853,2.791740474480709,125,.61040002,.1946,.015600001,6.112533428012572,0
0,33,107,0,0,,0,,151.60001,.1516,0,0,6.112533428012572,0
0,34,107,0,2.4,1,.0214203458241805,1.038109716509901,0,.1184,0,0,6.112533428012572,0
0,36,107,0,3,4.4000001,.0355317553034843,.5148349538353569,114.6,.14660001,.00060000003,.001,6.112533428012572,0
0,37,107,0,8.800000000000001,46.599998,1.406790085372104,2.949052983630853,140.39999,.17200001,1.238,.0614,6.112533428012572,0
0,38,107,0,4.4,17.799999,.8905185306049537,1.471841991479191,438.20001,.43820003,.017999999,.0018,6.112533428012572,0
0,39,107,0,13.6,34.799999,.4552072319784782,1.035215652275244,96.5,.096500002,.082599998,.0061999997,6.112533428012572,0
0,40,107,0,12.8,34.599998,.7120562416773579,1.685209650738325,358.60001,.35860002,.011399999,.0020000001,6.112533428012572,0
0,41,107,0,4.4,3,0,,56.599998,.056599997,0,0,6.112533428012572,0
0,42,107,0,4.6,25.6,.7778366327059438,1.505119896164696,336.39999,.3364,.0038000001,.001,6.112533428012572,0
0,44,107,0,3.4,4.5999999,.0065334684146798,.863954677791771,292.60001,.4404,.0066,.0014,6.112533428012572,0
0,46,107,0,1,1,0,,,0,0,0,6.112533428012572,0
0,47,107,0,6.8,11.6,.3774630342373436,3.217893087648218,1452.4,1.4524,.00020000001,0,6.112533428012572,0
0,48,107,0,5.4,7.8000002,.1380677680418788,1.009224919503531,499.79999,.66340005,.012,.0022,6.112533428012572,0
0,49,107,0,2.8,8.3999996,.0295607386214561,1.151315475851401,0,.2606,.00040000002,0,6.112533428012572,0
0,50,107,0,0,,0,,16.4,.0164,0,0,6.112533428012572,0
0,53,107,0,1.6,2.8,.0000505561172953,.1349732105926451,206.2,.2062,.0020000001,.00080000004,6.112533428012572,0
0,55,107,0,0,,0,,604.40002,.60440004,0,0,6.112533428012572,0
0,56,107,0,27.2,87.400002,1.349895072916384,4.861026438507516,2173,2.7323999,.0594,.0078000003,6.112533428012572,0
0,3,108,0,.6666666666666666,0,0,.0433576043900399,5.4000001,.0054000001,.00040000002,.00020000001,1.524365777154814,0
0,5,108,0,5.8,5,.0104941190505344,1.012540059027935,46.599998,.76240003,.001,.001,1.524365777154814,0
0,8,108,0,0,,0,0,0,.0265,.001,0,1.524365777154814,0
0,10,108,0,0,14,0,.0436661552956474,1,.001,.0024000001,0,1.524365777154814,0
0,11,108,0,4.5,5.25,.0094946821728127,1.228745342141657,0,.118,0,0,1.524365777154814,0
0,12,108,0,4.2,11,.2780684857537453,1.326291714933581,0,.37540001,.1198,.015800001,1.524365777154814,0
0,13,108,0,3.8,13,.0910257580619887,1.198287124916039,0,.11480001,.0196,.0016000001,1.524365777154814,0
0,14,108,0,0,0,0,,,0,0,0,1.524365777154814,0
0,15,108,0,0,,0,0,0,.0064000003,.0035999999,.00060000003,1.524365777154814,0
0,17,108,0,21,42,.2871822740169697,3.686035770047085,1145.4,2.5588,.072400004,.0052,1.524365777154814,0
0,18,108,0,3.8,4,.0533277547346819,.5404892162150378,6.5999999,.1594,.00020000001,.00020000001,1.524365777154814,0
0,20,108,0,4.2,7.5999999,.2506389916273442,.6718937622543217,148.8,.3242,.0054000001,.00080000004,1.524365777154814,0
0,21,108,0,0,,.0953134181916148,0,,0,.085000001,.02,1.524365777154814,0
0,22,108,0,7.8,15.4,.0869889674132427,2.104210461107729,96.199997,1.3114001,.001,.001,1.524365777154814,0
0,23,108,0,3.2,2,.0009516,.3308695447362761,36.200001,.1574,.00020000001,0,1.524365777154814,0
0,24,108,0,0,0,0,0,0,.0026,.00080000004,0,1.524365777154814,0
0,25,108,0,17.8,68.199997,2.855507222070923,4.468890674294244,1294,1.2984,.038599998,.0048000002,1.524365777154814,0
0,26,108,0,0,,0,0,214.8,.2148,0,0,1.524365777154814,0
0,27,108,0,6.2,4.4000001,.0019173675599418,.7202158229083737,9.1999998,.2202,.00020000001,.00020000001,1.524365777154814,0
0,28,108,0,1,1,0,.1162862349608001,,0,.00050000002,0,1.524365777154814,0
0,29,108,0,1.666666666666667,2,.0036972658450083,.4130986154986798,29.799999,.0298,0,0,1.524365777154814,0
0,31,108,0,0,,0,0,0,.013,.032000002,.003,1.524365777154814,0
0,32,108,0,9,8.8000002,.0010399583765318,1.319281405694673,0,1.1342,.0055999998,.00080000004,1.524365777154814,0
0,33,108,0,1.6,12,.1148822060177978,.9223203095978024,16.333334,.016333334,0,0,1.524365777154814,0
0,34,108,0,4,5.4000001,.011760963433756,.9282091222706929,11.6,.080400005,.00020000001,.00020000001,1.524365777154814,0
0,36,108,0,2.75,2,0,.3164923209537631,31.6,.1256,.0018,0,1.524365777154814,0
0,37,108,0,4.8,4,.0523030283611795,.9034172748289026,0,.071400002,.0208,.0022,1.524365777154814,0
0,38,108,0,1,3,.013122886193255,.2453834786407241,77,.077,.0044,.0020000001,1.524365777154814,0
0,39,108,0,11.4,40,.4204023450761536,2.321405922941925,592.40002,.59240001,.155,.0118,1.524365777154814,0
0,40,108,0,1.5,6.5,.2500507869567963,.8270811188476013,519,.51899999,.00020000001,0,1.524365777154814,0
0,41,108,0,2,12.5,.1544203099757366,.5622489470311506,0,0,0,0,1.524365777154814,0
0,44,108,0,1.2,2.5999999,.002602902057923,.1749963535355555,0,.132,.001,.001,1.524365777154814,0
0,46,108,0,6.8,6.5999999,.0172812227198516,.8813166070210275,0,.057999998,0,0,1.524365777154814,0
0,47,108,0,0,,0,0,,0,0,0,1.524365777154814,0
0,48,108,0,4.2,7,.0787753063540947,.6942824766785863,325.39999,.5244,.0076000001,.00080000004,1.524365777154814,0
0,49,108,0,4.4,5.8000002,.0138952553896187,1.118473049822442,43,.4332,.00020000001,0,1.524365777154814,0
0,50,108,0,1.8,4.4000001,.0152538073665981,.2494411090820276,151.5,.1515,0,0,1.524365777154814,0
0,56,108,0,5,16.799999,.3299954556843187,1.061032447869125,2.4000001,.34779999,.029999999,.0040000002,1.524365777154814,0
0,3,109,0,20.4,57.599998,.8336609696501324,2.575114546474803,398.60001,.39860001,.0018,.0016000001,30.76211016760533,0
0,4,109,0,0,,.0034122818791031,.2184209832273292,0,.039999999,.00060000003,.00020000001,30.76211016760533,0
0,5,109,0,2.4,3,.1110845058178929,.4282812386296013,157.39999,.43279999,.030200001,.0064000003,30.76211016760533,0
0,7,109,0,0,0,0,,,0,.02,.0040000002,30.76211016760533,0
0,10,109,0,3.5,18,.629296737078534,.4186296823397339,248,.248,.0136,.001,30.76211016760533,0
0,12,109,1,22.8,161.8,5.310623316394996,10.44947249948911,425.39999,.48979998,6.5226002,.1274,30.76211016760533,1
0,13,109,1,12.4,85,1.487818841258221,5.730742907593731,317.60001,.34960002,3.3796,.0788,30.76211016760533,1
0,14,109,0,0,0,0,,,0,0,0,30.76211016760533,0
0,17,109,0,1.2,4.8000002,.023232444633989,.3197509411707571,0,0,.037,.0054000001,30.76211016760533,0
0,18,109,0,0,3.4000001,0,,,0,.0020000001,0,30.76211016760533,0
0,22,109,0,1,1.2,.3899510390919839,.7195662609358572,13,.29679999,.030200001,.0064000003,30.76211016760533,0
0,23,109,0,8.6,19.4,6.726930479815738,.7196272680338963,167,.29020002,.0083999997,.0022,30.76211016760533,0
0,25,109,0,9.6,56.799999,1.441454018012172,1.453885850981474,247,.25239998,.13600001,.0134,30.76211016760533,0
0,28,109,0,.75,4,0,,,0,.0042500002,.00050000002,30.76211016760533,0
0,29,109,0,2,0,.1416632096881177,.0388710896628678,0,0,0,0,30.76211016760533,0
0,32,109,0,9.800000000000001,26.200001,.1717880650143519,2.275470753958171,172.60001,.31320003,.27700001,.0274,30.76211016760533,0
0,33,109,0,0,0,0,,179,.17900001,0,0,30.76211016760533,0
0,36,109,1,4.8,17.6,.3076599975373492,1.458394991614396,111.6,.15519999,.026000001,.003,30.76211016760533,1
0,37,109,0,11.4,127.6,7.402749209711653,2.47622335673616,404.20001,.42039999,3.789,.1154,30.76211016760533,0
0,38,109,1,10.2,41.799999,.4263337024189427,1.65953143096781,3.4000001,.023,.213,.023399999,30.76211016760533,1
1,39,109,1,6.8,74,1.617474085964197,3.07966969476585,527.59998,.52759999,1.2925999,.039999999,30.76211016760533,0
0,41,109,0,0,.40000001,0,,307.5,.3075,0,0,30.76211016760533,0
0,42,109,0,15,44.599998,.1390193401675477,3.109681939523854,1237.4,1.2374001,.0122,.001,30.76211016760533,0
0,43,109,0,0,,.4952190668748657,0,7.1999998,.0071999999,0,0,30.76211016760533,0
0,44,109,0,1,1.4,.024097028964068,.3368952084199876,134.60001,.30020002,.030200001,.0064000003,30.76211016760533,0
0,45,109,0,1,2.2,.0546198396264474,.3773851159424692,37.200001,.046400003,.030200001,.0064000003,30.76211016760533,0
0,47,109,0,0,0,0,,27,.027000001,.0035000001,0,30.76211016760533,0
0,48,109,1,4.2,24.4,.6398951610418312,2.820049667475486,399.20001,.39920002,.0678,.0083999997,30.76211016760533,1
0,49,109,0,2,15.6,.2489286949791022,.9482889842169913,130.60001,.27739999,.0041999999,0,30.76211016760533,0
0,50,109,0,.4,19.4,.0420872963854584,.8070769037688184,51.200001,.051200002,0,0,30.76211016760533,0
0,53,109,0,1,4,.2374537505771536,.9114182620145317,564.59998,.56459999,.13080001,.0188,30.76211016760533,0
0,56,109,1,21.8,47.799999,.7996933656101513,3.964661295614739,1109,1.109,.3274,.031600002,30.76211016760533,0
0,3,110,0,11.8,25.200001,.5206114667871575,2.667762260532235,505.39999,.5054,.0016000001,.0020000001,17.26981351515111,0
0,4,110,0,3,6.5999999,.0407127367430523,.5688373341570341,13.8,.1048,.00020000001,.00020000001,17.26981351515111,0
0,5,110,0,8.4,19.4,.0896535976733984,1.796070697788643,711.79999,.95700002,.0188,.0060000001,17.26981351515111,0
0,7,110,0,14.2,35.599998,2.377114664227588,3.58006721282259,975.79999,.97579998,.0188,.0060000001,17.26981351515111,0
0,8,110,0,2.4,15.8,.9690314034655445,.768133636159543,71.400002,.071400002,.0178,.0012000001,17.26981351515111,0
0,10,110,0,10,29,.4825248815276013,2.192279220455201,1045,1.045,.0148,.003,17.26981351515111,0
0,11,110,0,0,0,.1081721209224338,.6822395840199715,,0,.00040000002,0,17.26981351515111,0
0,12,110,0,14.4,105.2,4.649821404997864,6.137776387920019,312.20001,.4456,5.1939998,.18180001,17.26981351515111,0
0,13,110,0,18.8,137,4.093693987710347,7.161700703700151,726.20001,.74859995,4.5549998,.1628,17.26981351515111,0
0,14,110,0,4,4.1999998,.0498312833075539,.5643000625941947,278.60001,.27860001,0,.00020000001,17.26981351515111,0
0,17,110,0,7,35.599998,.2172572508287263,2.323177385572365,147.39999,.24860001,.0266,.0014,17.26981351515111,0
0,18,110,0,11,18.799999,.1271801989102027,1.874653389166937,453.39999,.47779998,.0026,.0016000001,17.26981351515111,0
0,20,110,0,6.6,11.8,.196173060022383,1.270531033397411,401,.40099999,.0184,.00060000003,17.26981351515111,0
0,21,110,0,11.6,35,.9297523856912773,2.34797580556166,234.39999,.23439999,.8028,.0308,17.26981351515111,0
0,22,110,0,13.4,30.200001,.4950957352010608,2.928126804207309,853.20001,1.6868,.0188,.0060000001,17.26981351515111,0
0,23,110,0,12.4,28.6,.7862590813463672,2.451559796733276,674.40002,1.058,.0152,.0034,17.26981351515111,0
0,24,110,0,0,,0,,51.400002,.051400002,.0022,0,17.26981351515111,0
0,25,110,0,12.2,102.2,3.600486070753074,3.609300412734815,887,.88779998,.2318,.023,17.26981351515111,0
0,27,110,0,0,,0,.6970970678162637,,0,.003,.0020000001,17.26981351515111,0
0,28,110,0,4.2,18.6,.4659945415548312,1.133809378795236,550.79999,.55079997,.0026,.001,17.26981351515111,0
0,29,110,0,6.6,5,.5021590516219858,1.198485418169105,400.20001,.46520001,.00040000002,0,17.26981351515111,0
0,31,110,0,2,21,0,.1078026373211229,,0,.90025002,.03125,17.26981351515111,0
0,32,110,0,19,29.200001,.521869382620088,2.953419578576659,408,.71740001,.2906,.031600002,17.26981351515111,0
0,33,110,0,0,2.2,.0048371216498331,1.43740467442019,,0,0,0,17.26981351515111,0
0,34,110,0,2.4,9.8000002,.3833453860687154,1.186431902580153,176.2,.1956,.0018,.0024000001,17.26981351515111,0
0,35,110,0,3.8,16,.154959638882029,1.389779220140006,229.2,.22919999,.236,.0093999999,17.26981351515111,0
0,36,110,0,6.6,10.8,.093492319557527,1.428354174119105,407.20001,.4384,.0144,.0026,17.26981351515111,0
0,37,110,0,18,112.8,4.261451214921537,5.867330717035683,424.20001,.43939999,4.2526002,.17919999,17.26981351515111,1
0,38,110,0,5,10,.2846697467940957,1.061332598089406,380.79999,.38079998,.054599997,.0082,17.26981351515111,0
0,39,110,0,10,46.599998,1.264742211819836,2.372348458482772,505.60001,.50560004,1.1458,.052000001,17.26981351515111,0
0,40,110,0,1.4,10.2,.0084810969614636,.2332724821653009,,0,.0012000001,.00040000002,17.26981351515111,0
0,41,110,0,10.5,30.5,.0033055827611026,.3354776649870176,899.79999,.93559998,0,0,17.26981351515111,0
0,42,110,0,19.2,57,.0840637972755018,3.993399777807535,1943.8,1.9438001,.0126,.0012000001,17.26981351515111,0
0,43,110,0,.6,9.8000002,0,.3126984636506521,9,.0089999996,0,0,17.26981351515111,0
0,44,110,0,5.2,13.4,.0820726029624315,1.443963582726349,332.39999,.52679998,.0188,.0060000001,17.26981351515111,0
0,45,110,0,8.800000000000001,18.799999,.3583702588207694,1.691527529505309,215,.26139998,.0188,.0060000001,17.26981351515111,0
0,46,110,0,4.2,14,.0526559752376058,1.198644179607129,0,.667,0,0,17.26981351515111,0
0,47,110,0,.6666666666666666,3,0,.1156851951567461,,0,.0032500001,0,17.26981351515111,0
0,48,110,0,6,19.200001,1.266096503864096,.8803736484524086,577.59998,.5776,.064400002,.0061999997,17.26981351515111,0
0,49,110,0,8.6,45.799999,1.649206065188844,5.773445382425324,837.79999,1.0391999,.001,0,17.26981351515111,0
0,50,110,0,0,2,.7484909219751409,2.036584000462922,5.5999999,.0055999998,0,0,17.26981351515111,0
0,53,110,0,0,,0,,1,.001,.0049999999,.0096666673,17.26981351515111,0
0,55,110,0,0,,0,,39.599998,.0396,0,0,17.26981351515111,0
0,56,110,0,22,93.199997,1.884529122404124,4.824685587515707,1469.6,1.4696,.0766,.0126,17.26981351515111,0
0,4,111,0,0,,0,.0006247464502257,,0,0,0,6.008544483717909,0
0,5,111,0,4.4,24.6,.3899884962580283,1.324407363157223,246.39999,.5226,.0049999999,.00040000002,6.008544483717909,0
0,10,111,0,3.6,12.6,.0295020227614376,.6759002056957988,124,.124,.019399999,.0020000001,6.008544483717909,0
0,13,111,0,0,.5,0,,,0,.02,.00050000002,6.008544483717909,0
0,17,111,0,3.8,22.200001,.0867344189601018,.4461721531297576,22,.022,.075199999,.0089999996,6.008544483717909,0
0,18,111,0,0,0,0,,,0,.001,0,6.008544483717909,0
0,20,111,0,.8,6,.0345078043651662,.1613007283832223,1.5,.0020000001,.0068000001,.00020000001,6.008544483717909,0
0,22,111,0,4.6,17.799999,.1380307422791138,1.160212628681823,230.60001,.51879996,.0049999999,.00040000002,6.008544483717909,0
0,23,111,0,5.6,21.6,.2967741316270457,1.311739347188408,141.39999,.2172,.0080000004,.0024000001,6.008544483717909,0
0,25,111,0,14,52.599998,1.308937517902981,2.997987856377349,583.40002,.58399999,.2172,.0122,6.008544483717909,0
0,27,111,0,0,0,0,.0264318869023192,,0,.0016000001,0,6.008544483717909,0
0,31,111,0,0,0,0,,,0,.044,.0020000001,6.008544483717909,0
0,32,111,0,8.800000000000001,14.8,.1188307206869117,1.630388062196981,242.2,.30720001,.1948,.0144,6.008544483717909,0
0,36,111,0,2.8,9.6000004,.1223540308029081,.7345547021291484,6.4000001,.035799999,.0080000004,.00060000003,6.008544483717909,0
0,38,111,0,8.6,33,1.842327542828139,2.875762726572041,362.20001,.38120002,.17399999,.0186,6.008544483717909,0
0,39,111,0,6.8,41.799999,.9544153496520607,1.596633333985012,462,.46200001,.56199998,.029200001,6.008544483717909,0
0,41,111,0,1,11,.0022805,.0219745,174.75,.17475,0,0,6.008544483717909,0
0,42,111,0,15,63.400002,.3054750386583993,3.467617201024928,970.79999,.97079998,.019200001,.00060000003,6.008544483717909,0
0,43,111,0,0,,0,0,,0,0,0,6.008544483717909,0
0,44,111,0,4.4,10.2,.0330225228319224,1.095421310475393,131,.27739999,.0049999999,.00040000002,6.008544483717909,0
0,45,111,0,0,1.4,0,.1686516787259531,39.599998,.0396,.0049999999,.00040000002,6.008544483717909,0
1,48,111,1,8.6,36.200001,1.665077696841725,3.21856585130115,486,.486,.13960001,.018200001,6.008544483717909,1
0,50,111,0,0,7,.0065657484785425,.0003145161289841,498.60001,.49860001,0,0,6.008544483717909,0
0,53,111,0,2,14.5,0,,,0,.1065,.0135,6.008544483717909,0
1,56,111,1,49.2,282.20001,6.999181891927745,13.8913242700708,3970,3.97,.773,.058200002,6.008544483717909,1
0,3,112,0,1,2.5999999,.1850194149870554,.2787616560738149,35,.035,.00040000002,.00020000001,6.166266607325809,0
0,4,112,0,2.2,.60000002,0,.3272923185546072,107.4,.1296,0,0,6.166266607325809,0
0,5,112,0,5.2,8.3999996,.0653275805559472,1.01602855542817,134.8,.40620002,.0054000001,.00060000003,6.166266607325809,0
0,7,112,0,2.25,2.5,.0280089092380173,.3122123011899861,0,.0295,.0054000001,.00060000003,6.166266607325809,0
0,10,112,0,0,,0,,25,.025,0,0,6.166266607325809,0
0,11,112,0,0,,0,,0,.02,0,0,6.166266607325809,0
0,12,112,0,15.2,108.6,3.740721515038749,7.617135200943568,598,.67299998,2.4473999,.070199996,6.166266607325809,0
0,13,112,0,5,17.799999,.4459639346589278,2.057738361824538,48.200001,.058800001,.98799998,.042199999,6.166266607325809,0
0,15,112,0,0,,0,,0,.022399999,.14660001,.0049999999,6.166266607325809,0
0,16,112,0,0,,0,,0,.022,.0099999998,.0020000001,6.166266607325809,0
0,17,112,0,10.4,21.4,.3641915710416982,2.314251451947205,298.20001,.30860001,.0138,.0012000001,6.166266607325809,0
0,18,112,0,5.2,3.4000001,.0438023520923397,.6256032979147952,25.200001,.044199999,.00040000002,.00020000001,6.166266607325809,0
0,20,112,0,5.4,20.6,.3666891122551348,1.657021974851724,255.39999,.2728,.0098000001,.0020000001,6.166266607325809,0
0,22,112,0,7.6,15.4,.2502682460529282,1.690915764341495,182.8,.62279999,.0054000001,.00060000003,6.166266607325809,0
0,23,112,0,6,10.8,.2074410512184558,1.413185555804981,111.2,.13419999,.0016000001,.001,6.166266607325809,0
0,24,112,0,1,2.5999999,0,.5176108817400561,0,.0126,.0012000001,0,6.166266607325809,0
0,25,112,0,8.800000000000001,15.6,.192394984561247,1.157333424712184,111.4,.1138,.068999998,.0027999999,6.166266607325809,0
0,26,112,0,2,26.5,0,,94.599998,.094599999,0,0,6.166266607325809,0
0,27,112,0,5.2,3.4000001,.0155610442629668,.6697911998779837,21.799999,.044,.00040000002,.00020000001,6.166266607325809,0
0,29,112,0,8,2.5999999,0,.4959393289071794,179.39999,.20660001,0,0,6.166266607325809,0
0,31,112,0,0,,0,,0,.041999999,.30379999,.0089999996,6.166266607325809,0
0,32,112,0,12,19,.2932057377760301,1.858116534110946,267.39999,.4664,.155,.019399999,6.166266607325809,0
0,33,112,0,3.2,11,.7907865186931279,1.217665087375582,,0,0,0,6.166266607325809,0
0,34,112,0,4.6,3,.0139706176390012,1.174466235669194,84,.1382,.00040000002,.00020000001,6.166266607325809,0
0,36,112,0,2.2,1.6,0,.3208108791692421,31.200001,.033400003,.0074,.0027999999,6.166266607325809,0
0,37,112,0,10.8,45.400002,1.257610876513227,4.656655468890688,133.2,.14739999,1.7466,.064599998,6.166266607325809,0
0,38,112,0,4,4.1999998,0,,131.60001,.13160001,.0296,.0022,6.166266607325809,0
0,39,112,0,8.800000000000001,33.599998,.6229924710393749,2.607328515983958,517,.51700002,.2852,.023600001,6.166266607325809,0
0,41,112,0,0,2,0,,84.800003,.084800005,0,0,6.166266607325809,0
0,42,112,0,17.8,62.599998,.4518337915526264,5.514265728905943,1511.2,1.5112,.0038000001,0,6.166266607325809,0
0,44,112,0,6.4,6.5999999,.0819607410396632,1.074426511580673,173.8,.23019999,.0054000001,.00060000003,6.166266607325809,0
0,48,112,0,6,13.4,.4569427167963659,2.152242942203778,590.59998,.59059995,.0166,.0014,6.166266607325809,0
0,49,112,0,4.8,8,.2372395829237559,.5990591036576386,33.200001,.081800006,.001,0,6.166266607325809,0
0,50,112,0,8.6,28.4,.8685660662750631,2.937130372362744,332,.33199999,0,0,6.166266607325809,0
0,52,112,0,1.5,8.5,0,,61.799999,.061799999,0,0,6.166266607325809,0
0,53,112,0,0,,0,,56.599998,.056599997,.0104,.0020000001,6.166266607325809,0
0,56,112,0,16.4,46.799999,.3901419866094201,4.163123865812886,1019,1.0190001,.1762,.0083999997,6.166266607325809,0
0,3,113,0,3.2,4.8000002,.0417930173115908,.0051718526938539,138.8,.13880001,.001,.00060000003,9.539200800222892,0
0,5,113,0,6.2,18.799999,.0178154471922845,2.00908612498029,160.2,.93040001,.003,.0020000001,9.539200800222892,0
0,10,113,0,0,1,0,.0055591255330302,281,.28099999,.001,0,9.539200800222892,0
0,11,113,0,0,,0,.7264194985646818,,0,0,0,9.539200800222892,0
0,12,113,0,0,1,0,,,0,.1965,.0085000005,9.539200800222892,0
0,13,113,0,12.8,50.799999,2.687443703649276,6.492619127635471,187.2,.257,1.7631999,.056599997,9.539200800222892,0
0,14,113,0,0,,.0227616116709804,.0055960108174169,,0,0,0,9.539200800222892,0
0,15,113,0,13.6,75.199997,3.24619064998596,7.942904081463693,313.20001,.31400001,.15519999,.0132,9.539200800222892,0
0,16,113,0,2,5.5999999,.2338968827104412,.8057376321102421,0,.077599995,.0166,.0052,9.539200800222892,0
0,17,113,0,9,16.4,.4159803376113876,3.003948788525932,106.8,.1718,.0035999999,.00040000002,9.539200800222892,0
0,18,113,0,3,1.6,.0001175318315059,.4343748578631667,0,.041999999,0,0,9.539200800222892,0
0,20,113,0,1,.60000002,.2766252148533639,.1866326701621876,12.4,.012399999,.00040000002,0,9.539200800222892,0
0,22,113,0,11.2,19.200001,.2630959954318917,3.386597119798575,310.20001,1.9164001,.003,.0020000001,9.539200800222892,0
0,23,113,0,6.6,11.8,.0822040526359903,1.379851302823833,79.599998,.35699999,.0020000001,.00060000003,9.539200800222892,0
0,24,113,0,3,1.2,.0020065984328521,.4911742873918299,17.4,.0396,.0071999999,.00080000004,9.539200800222892,0
0,25,113,0,20.6,92.599998,5.177895829823699,7.482144432096987,1843.6,1.886,.2,.0144,9.539200800222892,0
0,26,113,0,1,5.4000001,0,,15.4,.0154,0,0,9.539200800222892,0
0,27,113,0,4.4,5.8000002,.071225400153833,.7421078317427319,0,.094400004,0,0,9.539200800222892,0
0,28,113,0,0,,.0296742494990875,.0009347901490071,28.200001,.028200001,0,.00020000001,9.539200800222892,0
0,29,113,0,4.6,2.8,.0063538831806937,.47715718662961,2.8,.1362,0,0,9.539200800222892,0
0,31,113,0,13.2,136,8.783127909170693,10.34432100502656,1059.4,1.0798,.68979996,.042199999,9.539200800222892,0
0,32,113,0,19.4,42.799999,1.618249499271374,4.512150612933564,184.39999,1.2431999,.4384,.040400002,9.539200800222892,0
0,33,113,0,0,,0,.0629978400277371,0,.0024000001,0,0,9.539200800222892,0
0,34,113,0,6,10.8,.5476762835769269,1.277142958914746,201.8,.2352,.001,.00080000004,9.539200800222892,0
0,36,113,0,2.2,5.8000002,.0458992221885072,.5918346996984526,22,.065800004,.001,.00060000003,9.539200800222892,0
0,37,113,0,8.800000000000001,40.599998,1.370408650060738,5.311677048578383,110,.15339999,2.2176001,.071999997,9.539200800222892,0
0,38,113,0,0,.66666669,0,,,0,.0073333336,.00033333333,9.539200800222892,0
0,39,113,0,3,8.6000004,0,,,0,.0162,.0020000001,9.539200800222892,0
0,41,113,0,0,,0,,0,.0083999997,0,0,9.539200800222892,0
0,42,113,0,2,1,0,,,0,0,0,9.539200800222892,0
0,44,113,0,3.8,7.5999999,.0208781035521124,.9992892414029493,32.200001,.2588,.003,.0020000001,9.539200800222892,0
0,48,113,0,1.8,5.5999999,0,,0,0,.0027999999,.00040000002,9.539200800222892,0
0,49,113,0,4.4,24.4,.542183844242483,2.119474349755004,323,.583,.0046000001,0,9.539200800222892,0
0,50,113,0,6.333333333333333,14.666667,.3434482491052673,1.35651896251383,336.25,.359,0,0,9.539200800222892,0
0,53,113,0,0,,.0066597294474719,0,,0,0,0,9.539200800222892,0
0,54,113,0,0,,0,,1036.6666,1.0366666,.0053333333,0,9.539200800222892,0
0,55,113,0,0,,0,,866.5,.86650002,0,0,9.539200800222892,0
0,56,113,0,25.6,79,1.930088040722185,8.448677982683968,2202.3999,2.3736,.107,.014,9.539200800222892,0
0,1,114,0,0,,0,.2128965130317441,,0,0,0,.8877734431602445,0
0,3,114,0,1,1,0,.1924799280380794,101.6,.1016,.00020000001,0,.8877734431602445,0
0,5,114,0,3.6,7,.0121228054829046,.7412667008941264,18.200001,.704,.0024000001,.0014,.8877734431602445,0
0,7,114,0,2.4,6,.251771341856996,.2997524699038092,12.8,.012800001,.0024000001,.0014,.8877734431602445,0
0,10,114,0,1,2,0,.1087413541042104,495,.495,.00060000003,.00020000001,.8877734431602445,0
0,12,114,0,0,,0,.1165693097181054,1,.001,.0066666664,.001,.8877734431602445,0
0,13,114,0,0,,0,.1145881529545509,,0,.0023333333,0,.8877734431602445,0
0,14,114,0,0,,0,.0052122227583932,,0,0,0,.8877734431602445,0
0,17,114,0,4,16.799999,.1138153503008386,.9936406145897505,34.599998,.0396,.00020000001,0,.8877734431602445,0
0,18,114,0,1,0,0,.0432352681955094,,0,0,0,.8877734431602445,0
0,20,114,0,3,9.1999998,.0459060506553527,.8349244220180752,18.6,.32339999,.0020000001,.0012000001,.8877734431602445,0
0,21,114,0,0,,0,.024659251771978,,0,.0085000005,0,.8877734431602445,0
0,22,114,0,5,14,.1733341456801553,.9975333794312613,32.200001,.67359996,.0024000001,.0014,.8877734431602445,0
0,23,114,0,6,9.8000002,.0976940411590873,.8857695605793463,38.400002,.097599998,.001,.00040000002,.8877734431602445,0
0,25,114,0,9.199999999999999,63.400002,3.555023748658686,2.824658718492246,498.79999,.57879996,.1094,.0099999998,.8877734431602445,0
0,27,114,0,6.2,9.8000002,.0081986292106239,1.193431240438105,33.400002,.2016,0,0,.8877734431602445,0
0,28,114,0,0,0,0,.0224671685706699,442,.442,.00040000002,0,.8877734431602445,0
0,29,114,0,2,1.6,.0019980700486199,.4621761308448319,18.200001,.053799998,0,.00020000001,.8877734431602445,0
0,32,114,0,5.8,11.6,.2349803022515207,.8562493585881328,0,.131,.061999999,.0054000001,.8877734431602445,0
0,33,114,0,1.8,4.4000001,.0140247635126321,.0902933171445714,13.666667,.013666667,0,0,.8877734431602445,0
0,34,114,0,1.4,0,0,.1816412086482533,1.2,.0012000001,0,0,.8877734431602445,0
0,36,114,0,2,1.6,.0040805189943451,.2306147596737866,6.8000002,.0078000003,0,.00020000001,.8877734431602445,0
0,38,114,0,3.2,5,.0611844029976629,.6986589012763427,15.4,.0154,.0046000001,.0020000001,.8877734431602445,0
0,39,114,0,1.4,1.6,0,.283269293045345,0,0,.0012000001,0,.8877734431602445,0
0,41,114,0,1,1,0,.0059150700854091,472,.472,0,0,.8877734431602445,0
0,42,114,0,18,49,.4433659240735324,3.885281401716212,1597,1.597,.00060000003,.00020000001,.8877734431602445,0
0,43,114,0,0,0,0,,4.5,.0044999998,0,0,.8877734431602445,0
0,44,114,0,3.6,5,.0940196085639589,.6772094498201903,5.1999998,.018999999,.0024000001,.0014,.8877734431602445,0
0,45,114,0,1,3.2,.0210517869472264,.2334317313631671,0,0,.0024000001,.0014,.8877734431602445,0
0,46,114,0,0,,0,.0286420524344905,,0,0,0,.8877734431602445,0
0,47,114,0,0,,0,.0718831000022628,,0,0,0,.8877734431602445,0
0,48,114,0,2.6,4,.0010315310242687,.256932644360015,1.6,.093599997,.00060000003,.00060000003,.8877734431602445,0
0,49,114,0,0,3.3333333,.0110051976225685,.3451726698067417,0,.0165,.00060000003,0,.8877734431602445,0
0,50,114,0,2.8,6.8000002,.0468435062368749,.6684152737535273,1516.2,1.5161999,0,0,.8877734431602445,0
0,53,114,0,0,,0,.0116297156875743,354.79999,.35479999,.0027999999,.0014,.8877734431602445,0
0,56,114,0,16.4,64,.8039723134047806,4.698848740108287,1226.6,1.2359999,.065800004,.0058000004,.8877734431602445,0
0,3,115,0,11.2,52.599998,2.983607462263075,2.204802747840218,452.79999,.45279998,0,.00080000004,12.61243353618645,0
0,4,115,0,1.6,3.2,.0297747076529988,.262324821831971,30,.1106,.00020000001,0,12.61243353618645,0
0,5,115,0,6.8,16,.0976248507283013,1.487010682420378,506.20001,1.1001999,.049599998,.0108,12.61243353618645,0
0,7,115,0,0,,0,,160.2,.1602,.049599998,.0108,12.61243353618645,0
0,10,115,0,0,,0,.0015608740892512,,0,.001,0,12.61243353618645,0
0,12,115,0,18.4,161.2,8.398251477641432,7.205672566125394,537.20001,.74159998,2.609,.125,12.61243353618645,0
0,13,115,0,10.4,97.199997,4.18450380672581,3.136856246806362,381.39999,.45720002,2.2733998,.083800003,12.61243353618645,0
0,16,115,0,9.6,19,.4164553725305249,1.773085311042653,215,.215,.1176,.0061999997,12.61243353618645,0
0,17,115,0,11.6,65,.7148802899784666,3.793367586875543,414.79999,.41859999,.029200001,.003,12.61243353618645,0
0,20,115,0,8.4,37.400002,1.033016862106032,2.357251386349843,632.59998,.78840005,.062600002,.0034,12.61243353618645,0
0,21,115,0,10.2,65.400002,3.437045589151023,2.253994914389203,331.60001,.33160001,1.6084,.072400004,12.61243353618645,0
0,22,115,0,8.800000000000001,28.4,.2368201084113083,2.016843824994206,757.79999,1.4066,.049599998,.0108,12.61243353618645,0
0,23,115,0,9.6,26.4,.7232242229606818,1.903410078254525,571.20001,.94459999,.0083999997,.0032000002,12.61243353618645,0
0,25,115,0,8,31.799999,1.13879603422239,2.358148219983845,991.59998,1.0378001,.2176,.0152,12.61243353618645,0
0,26,115,0,1,7.4000001,.1011487536837383,.6862851642691787,.2,.1962,0,0,12.61243353618645,0
0,28,115,0,0,,0,,220.2,.2202,.0018,.00040000002,12.61243353618645,0
0,29,115,0,1,1,.0239986307495476,.1936653475129904,0,.1594,0,0,12.61243353618645,0
0,30,115,0,1,6.4000001,0,,,0,0,0,12.61243353618645,0
0,32,115,0,13,32.400002,.569921418025608,2.694144094471422,223.39999,.54340005,.16739999,.015600001,12.61243353618645,0
0,33,115,0,0,10,.1359839497892257,.1737418485206365,15,.015,0,0,12.61243353618645,0
0,34,115,0,4,7.4000001,.0429462301979115,1.673067117771733,11.8,.25,0,.00060000003,12.61243353618645,0
0,36,115,0,5.6,16.4,.336629276667875,1.076845578636481,386.20001,.38620001,.0044,.0027999999,12.61243353618645,0
0,37,115,0,17.8,87.800003,2.877053323858007,5.050445609965844,420.60001,.51440001,4.2283998,.1472,12.61243353618645,0
0,38,115,0,5.6,19,.1888893909560467,1.22544343622543,898.79999,.99859995,.081,.0092000002,12.61243353618645,0
0,39,115,0,11.8,57.599998,1.370733212888201,3.219284600363253,590.20001,.59020001,.82599998,.033599999,12.61243353618645,0
0,41,115,0,.6,6,0,.2238759719795967,,0,0,0,12.61243353618645,0
0,42,115,0,17,42.200001,.2968009434045429,3.738528162956455,1713.6,1.7135999,.0099999998,.001,12.61243353618645,0
0,44,115,0,5,15.8,.1741754453516493,1.339589429191118,378,.69499999,.049599998,.0108,12.61243353618645,0
0,45,115,0,3,9.3999996,.1265947582516694,.8476886120553029,207.2,.29679999,.049599998,.0108,12.61243353618645,0
0,46,115,0,.8,2.5999999,.007988116372833,.3391492566234793,,0,0,0,12.61243353618645,0
0,48,115,0,4.2,15.6,.1629961813672965,1.188180026786007,411,.41100001,.0082,.0026,12.61243353618645,0
0,49,115,0,6.6,46.799999,1.280228926817324,2.485200482693913,572.79999,.95140004,.00020000001,.00020000001,12.61243353618645,0
0,50,115,0,6,32.799999,.2812286154565328,1.672744795319383,263.79999,.35420001,0,0,12.61243353618645,0
0,53,115,0,1.4,6.5999999,.0190101591181057,.3585425480105202,263.39999,.26339999,.0274,.0061999997,12.61243353618645,0
0,56,115,0,11.8,79.400002,1.854393363293765,3.183918431943356,1612,1.612,.042199999,.003,12.61243353618645,0
0,3,116,0,2,3,.0358430949951878,.8191452228059698,236.2,.23619999,.00060000003,.001,16.78047183458999,0
0,4,116,0,2.2,3.5999999,.0185393593323396,.5856746176665707,7.4000001,.22400001,0,0,16.78047183458999,0
0,5,116,0,6.8,13.4,.0762733833072239,1.980778453962982,139,1.17,.0093999999,.0024000001,16.78047183458999,0
0,7,116,1,0,,0,.7470182554841857,,0,.0070000002,.003,16.78047183458999,0
0,10,116,0,3,7,.0438302209096783,.0037573361076456,227,.227,.0018,0,16.78047183458999,0
0,12,116,0,16.8,133.2,3.005139226708724,8.26424357529322,515.79999,.7762,7.1497998,.17860001,16.78047183458999,0
0,13,116,0,15,154.60001,3.317980475326127,7.557738835701813,545.59998,.75599998,5.6090002,.15899999,16.78047183458999,0
0,17,116,0,5.8,27.200001,.2808825865857297,1.487527623412683,490,.55419999,.031600002,.0038000001,16.78047183458999,0
0,18,116,0,1.6,2.2,.0556493317545434,.2986261320875954,11.4,.0614,.00080000004,.00080000004,16.78047183458999,0
0,19,116,0,0,,0,.0223204868126099,,0,.013,0,16.78047183458999,0
0,20,116,0,2,4,.0863025603072355,.6942751552883448,52.799999,.068999998,.015800001,.001,16.78047183458999,0
0,22,116,0,9.4,21,.4479995267473694,2.192517364137034,239.60001,1.7358,.0093999999,.0024000001,16.78047183458999,0
0,23,116,0,9.800000000000001,19,.2018600553055534,1.763544999087433,157.60001,.4208,.0122,.0014,16.78047183458999,0
0,25,116,0,0,,0,.0064492900600412,353.60001,.3536,.045400001,.003,16.78047183458999,0
0,27,116,0,12.8,19.799999,.1442258879243995,2.278314179590014,83,.3608,.00080000004,.00080000004,16.78047183458999,0
0,28,116,0,1,2,.0749759408281125,.037015254526237,225.2,.2252,.00080000004,0,16.78047183458999,0
0,29,116,0,5,3.2,.0925665772135229,.8640620460222588,156.39999,.18439999,.00020000001,0,16.78047183458999,0
0,32,116,0,15,45,.5375031476152613,3.222694912926529,215,1.189,.2448,.0272,16.78047183458999,0
0,33,116,0,0,,.0351388344664853,.1322089026511542,20.6,.0206,0,0,16.78047183458999,0
0,34,116,0,3,5.4000001,.1334495189699733,.5923886183541753,56.200001,.1258,.00040000002,.00020000001,16.78047183458999,0
1,35,116,0,5.2,59.200001,.9685750772004771,2.882211764978805,428,.428,.17639999,.0018,16.78047183458999,0
0,36,116,0,4.2,7.4000001,.2636004462646996,.6341463843038233,77.599998,.092399999,.0064000003,.00060000003,16.78047183458999,0
0,37,116,0,21,164.2,5.517598947119848,6.901194532809884,440.20001,.4524,6.0386,.21139999,16.78047183458999,0
0,38,116,0,4.4,7.5999999,.0411984617822696,.9133441342851336,425.20001,.42520002,.023200002,.0014,16.78047183458999,0
0,39,116,0,6,32.599998,.5286719981624557,1.704551167641001,445.60001,.4456,.63240004,.0284,16.78047183458999,0
0,41,116,0,0,,0,.1422611995428678,0,0,0,0,16.78047183458999,0
0,42,116,0,17.6,44.200001,.4408403168605858,4.110904321889354,1573.8,1.5738001,.010600001,.0027999999,16.78047183458999,0
0,43,116,0,0,,0,.000119168356983,16,.016000001,0,0,16.78047183458999,0
0,44,116,0,5,14.8,.2798364496617564,1.704814108048639,243.2,.41479999,.0093999999,.0024000001,16.78047183458999,0
0,45,116,0,3.2,11.2,.3458531915974249,1.319928781850537,110.2,.1116,.0093999999,.0024000001,16.78047183458999,0
0,47,116,0,0,,0,.0295836560191545,,0,.0020000001,0,16.78047183458999,0
0,48,116,0,.6,1.2,.0001271302644122,.0459182924108718,34,.1024,.0132,.001,16.78047183458999,0
0,49,116,0,.8,5,.1165625741441647,.856615775680047,7.5999999,.065800004,.0022,0,16.78047183458999,0
0,50,116,0,5.75,8.75,.0821185469020658,3.176966126513481,324,.32440001,0,0,16.78047183458999,0
0,55,116,0,0,,0,.0054584178492124,,0,0,0,16.78047183458999,0
0,56,116,0,24,113.2,1.598110028472874,7.210158078774536,1773.6,1.7736,.0722,.010600001,16.78047183458999,0
0,1,117,0,0,6.8000002,0,.400512281797474,,0,0,0,8.571767231793716,0
0,2,117,0,7.8,46,1.308140929054097,2.64615595013511,381.79999,.3818,.30520001,.021,8.571767231793716,0
0,4,117,0,0,,0,.0774474505604677,12.4,.082800001,0,0,8.571767231793716,0
0,5,117,0,5,8.8000002,.0850533438530615,1.009286265035731,161.60001,.55579996,.00060000003,.00040000002,8.571767231793716,0
0,8,117,0,0,3.5999999,.0167098874331275,.3952253969542417,10,.0099999998,.0014,.00020000001,8.571767231793716,0
0,10,117,0,0,,0,.1361436003953972,,0,.001,0,8.571767231793716,0
0,12,117,0,13.2,90.599998,3.236530862365445,5.080283600938816,642.79999,.8272,2.401,.1162,8.571767231793716,0
0,13,117,0,11.4,73.400002,1.916978638843752,3.800147316635693,260,.308,4.7307997,.221,8.571767231793716,0
0,15,117,0,17,91.199997,3.389260872716982,5.123596390698848,443.60001,.44420001,.087800004,.0048000002,8.571767231793716,0
0,17,117,0,7,14,.1463539597917558,1.668441630581536,286.20001,.67299998,.0048000002,.00020000001,8.571767231793716,0
0,18,117,0,7.8,8.8000002,.0557878821074135,1.2293896202593,324.60001,.38260001,.00020000001,.00020000001,8.571767231793716,0
0,19,117,0,0,,0,.013041582148462,,0,.0089999996,0,8.571767231793716,0
0,22,117,0,7.6,11.2,.0756078582146665,1.249841289710037,210.60001,.67979997,.00060000003,.00040000002,8.571767231793716,0
0,23,117,0,5.6,11,.1478701683022147,1.064493234944017,222.39999,.54440004,.0038000001,.00060000003,8.571767231793716,0
0,25,117,0,15.6,78.400002,2.392917180340285,4.642349983859995,549.40002,.59079999,.13339999,.017200001,8.571767231793716,0
0,26,117,0,0,11.4,.0030879580347205,.4580428761863428,3,.051400002,0,0,8.571767231793716,0
0,28,117,0,3.8,10.6,.1098248980857618,1.032580141799914,,0,.00020000001,0,8.571767231793716,0
0,30,117,0,9.6,45.200001,1.42317051618289,3.227639164393608,,0,0,0,8.571767231793716,0
0,31,117,0,16.8,135.39999,4.796741298822726,6.854659075338383,1102.6,1.1026,.88679999,.0572,8.571767231793716,0
0,32,117,0,15,28,.1592840845636013,2.913367374344972,271.20001,.5262,.14160001,.0154,8.571767231793716,0
0,33,117,0,0,0,0,.0615565770480469,0,0,0,0,8.571767231793716,0
0,34,117,0,0,,0,.0037148803324179,0,0,0,0,8.571767231793716,0
0,36,117,0,3.6,7.1999998,.1802090228917168,.6115882575004654,98.199997,.20760001,.0012000001,.00040000002,8.571767231793716,0
0,37,117,0,12.8,83.599998,3.282218978027045,3.700038625953324,258,.29100001,3.4636002,.16039999,8.571767231793716,0
0,38,117,0,0,0,.0466398669033251,.6120374041432113,368.20001,.3682,.021799998,.00040000002,8.571767231793716,0
0,39,117,0,.8,7,.0272843182084413,.5141517839405171,0,0,.1428,.0078000003,8.571767231793716,0
0,40,117,0,0,,0,,403.60001,.40360001,.0020000001,.00020000001,8.571767231793716,0
0,41,117,0,23,77.800003,0,1.349819532430249,0,0,0,0,8.571767231793716,0
0,42,117,0,11,39.400002,.2250875568378256,2.4737631763609,750,.75,.0046000001,.00040000002,8.571767231793716,0
0,44,117,0,2.2,5.5999999,.0041606268353078,.5950295453183903,41.599998,.1664,.00060000003,.00040000002,8.571767231793716,0
0,45,117,0,0,,0,.0700326775591504,0,0,.00060000003,.00040000002,8.571767231793716,0
0,46,117,0,3.8,6,.1366374427174258,.6931115051378768,.2,.29899999,0,0,8.571767231793716,0
0,48,117,0,0,.75,.2231607199003144,.794466237613801,425,.51659995,.0136,.0027999999,8.571767231793716,0
0,49,117,0,1.8,7.4000001,.0296387872887189,1.054035284322858,3.5999999,.2626,.00040000002,.00020000001,8.571767231793716,0
0,50,117,0,.2,1.4,.0052720861885817,.4050211057779161,,0,0,0,8.571767231793716,0
0,51,117,0,0,,0,,18.5,.0185,.0165,.001,8.571767231793716,0
0,55,117,0,0,,0,,155,.155,0,0,8.571767231793716,0
0,56,117,0,0,.33333334,.5843838633263813,2.687499719391295,1141.4,1.1414,.047400001,.0040000002,8.571767231793716,0
0,3,118,0,2.8,4.1999998,0,,463.60001,.46360001,.00060000003,.00060000003,6.177855570931876,0
0,4,118,0,0,0,0,,,0,0,0,6.177855570931876,0
0,5,118,0,6,21.799999,.1527544276200118,1.516547491917216,37.599998,.44760001,.0118,.0048000002,6.177855570931876,0
0,6,118,0,12.2,9.6000004,.1289361183723647,1.758024386174924,349,.34900001,0,0,6.177855570931876,0
0,8,118,0,14.2,29.6,1.598156266380691,2.72360008321389,260.20001,.26020002,.014,.0012000001,6.177855570931876,0
0,10,118,0,1.25,5.25,.2380065842774254,.846382854431914,452,.45199999,.0026,.00020000001,6.177855570931876,0
0,11,118,0,5.2,5.8000002,0,,,0,0,0,6.177855570931876,0
0,12,118,0,2.6,6.4000001,0,,0,.2638,.19239999,.0055999998,6.177855570931876,0
0,13,118,0,9.6,54.599998,1.636930509471777,3.744996046387895,136,.1886,1.064,.040799998,6.177855570931876,0
0,15,118,0,14.2,40.400002,2.39100909439869,6.208320556103805,341.20001,.3452,.087800004,.0044,6.177855570931876,0
0,17,118,0,8,20,.6805774178124464,2.571919359486442,84.400002,.13160001,.0052,.0012000001,6.177855570931876,0
0,18,118,0,4.4,2.5999999,.0195338695067509,.5761152092378193,0,.036400001,.00080000004,.00060000003,6.177855570931876,0
0,20,118,0,.4,1.2,0,,0,.022799999,.00040000002,.00040000002,6.177855570931876,0
0,22,118,0,11,37.200001,.3541097631242313,2.784800672454165,41.400002,.74840003,.0118,.0048000002,6.177855570931876,0
0,23,118,0,5.4,11.4,.2296284024028871,1.013058369360978,88.599998,.34179997,.00040000002,.00040000002,6.177855570931876,0
0,25,118,0,10,44,0,,719,.73840004,.064800002,.0078000003,6.177855570931876,0
0,26,118,0,0,,0,,80.400002,.080400005,0,0,6.177855570931876,0
0,27,118,0,4.2,2.8,.061660849434449,.4266151092260257,0,.0294,.00080000004,.00060000003,6.177855570931876,0
0,29,118,0,.4,1.2,.0734206940961605,.7877158271884619,0,.16580001,0,0,6.177855570931876,0
0,31,118,0,20.6,86,3.696596234222692,6.680917457489858,678.20001,.68979996,.40779999,.0288,6.177855570931876,0
0,32,118,0,10.4,22.200001,.3030666683055991,2.562929403972242,126.8,1.0802,.2032,.0176,6.177855570931876,0
0,33,118,0,0,,0,,0,.0186,0,0,6.177855570931876,0
0,34,118,0,5.4,2.2,.0423875453473955,.9312826236001566,0,.1276,.00020000001,.00020000001,6.177855570931876,0
0,36,118,0,3,4.8000002,.0428100338328865,.4293670005475259,36,.063200004,.001,.00020000001,6.177855570931876,0
0,37,118,0,11,56.599998,1.765149347035901,3.399938079311589,127.8,.15239999,3.6719999,.083400004,6.177855570931876,0
0,38,118,0,3.2,6.1999998,0,,13.2,.0132,.0089999996,.001,6.177855570931876,0
0,39,118,0,6,6.5999999,.1500025229955998,.7343412416958836,0,0,.028999999,.0026,6.177855570931876,0
0,40,118,0,1.4,1.4,0,,,0,.00040000002,0,6.177855570931876,0
0,41,118,0,0,,0,,0,.0112,0,0,6.177855570931876,0
0,42,118,0,7.4,13,.0038501560868197,1.011323621073111,593.20001,.59320003,0,0,6.177855570931876,0
0,44,118,0,5.8,17,.1127829238293587,1.330131039302293,2.8,.1138,.0118,.0048000002,6.177855570931876,0
0,46,118,0,2,.40000001,0,,,0,0,0,6.177855570931876,0
0,47,118,0,5.6,19,0,,904.79999,.9048,0,0,6.177855570931876,0
0,48,118,0,8,16,.4229715616496327,2.352757792156258,420.79999,.58540004,.0068000001,.0016000001,6.177855570931876,0
0,50,118,0,3.6,20.4,.5707769259791363,.9267740395160905,1095,1.1226,0,0,6.177855570931876,0
0,51,118,0,0,,0,,69,.068999998,.02825,.001,6.177855570931876,0
0,54,118,0,0,,0,,725.33331,.72533333,.011333333,.0013333333,6.177855570931876,0
0,55,118,0,0,,0,,553,.55299997,0,0,6.177855570931876,0
0,56,118,0,29.2,90.599998,2.841115455840737,6.138446718425437,1692.4,1.8612,.054400001,.0104,6.177855570931876,0
0,3,120,0,1.6,5,.0400422136678352,.6930818811351844,121,.121,.00060000003,.00060000003,4.761534465835205,0
0,4,120,0,3,3.5999999,.1198085561560095,.4593011825361341,6.1999998,.095600002,0,0,4.761534465835205,0
0,5,120,0,5.8,5.1999998,.0434570477950813,1.613764814924729,233.8,.80779999,.011,.00060000003,4.761534465835205,0
0,7,120,0,5.6,5.5999999,.1034387898523588,1.458795352235735,447.79999,.44779998,.011,.00060000003,4.761534465835205,0
0,10,120,0,2,6,.1305567054080883,.5831401725342059,160,.16,.0074999998,0,4.761534465835205,0
0,12,120,0,1,0,0,.092535408405609,0,.11175,.46799999,.037999999,4.761534465835205,0
0,17,120,0,7,19.799999,.1870546855112657,2.570722477600198,1063.6,1.0635999,.021,.0022,4.761534465835205,0
0,20,120,0,13.8,66.599998,.2125329663806128,3.301582251841469,818.59998,1.0156,.021,.0026,4.761534465835205,0
0,21,120,0,4.8,24.799999,2.397265090123135,3.411251630159382,11.4,.011399999,.22680001,.0148,4.761534465835205,0
0,22,120,0,9.6,26,1.323806944180202,1.797728341757681,390.60001,1.1362,.011,.00060000003,4.761534465835205,0
0,23,120,0,10.4,44.200001,1.908757765186882,3.368608810611989,275.79999,.60879999,.0061999997,.0024000001,4.761534465835205,0
0,25,120,0,6,25,.2967652686991208,1.735073736785601,374.79999,.3784,.058800001,.0060000001,4.761534465835205,0
0,27,120,0,0,,0,.0063327629774184,.60000002,.037599999,.0012000001,.00020000001,4.761534465835205,0
0,28,120,0,1,1.6666666,0,.1775699772148407,0,0,.0054000001,.00060000003,4.761534465835205,0
0,29,120,0,3.8,9,.3855464129611176,.6893306026519187,202.2,.2022,0,0,4.761534465835205,0
0,32,120,0,8.199999999999999,19.200001,.2978164254926006,1.992080305790359,305.60001,.42899999,.1074,.011600001,4.761534465835205,0
0,33,120,0,0,,.0002428026361057,.0534215785170824,273.79999,.27379999,0,0,4.761534465835205,0
0,36,120,0,3.6,6.8000002,.000869927159076,.7803283216354865,120.6,.16760001,.0016000001,.00020000001,4.761534465835205,0
0,38,120,0,6.4,8.8000002,.2006868029390443,1.383522316504995,646.40002,.64640003,.022200001,.0032000002,4.761534465835205,0
0,39,120,0,13.4,65,1.564424754507666,4.421477822398082,953.79999,.95379996,1.0128,.028000001,4.761534465835205,0
0,40,120,0,0,,0,.0018158667967657,128.39999,.1284,.0049999999,.00040000002,4.761534465835205,0
0,41,120,0,0,,.0932229656262528,.0802913541962575,0,0,0,0,4.761534465835205,0
0,42,120,0,17.2,34.400002,.6623405085948268,4.169986304197447,1441,1.441,.0144,.00040000002,4.761534465835205,0
0,44,120,0,4.4,5.5999999,.0174436161287698,1.560622371924972,122.2,.3484,.011,.00060000003,4.761534465835205,0
0,45,120,0,2,2,.1220882544864767,.4320327882713791,47,.054000001,.011,.00060000003,4.761534465835205,0
0,47,120,0,0,,0,.4071399593808672,,0,.003,0,4.761534465835205,0
0,48,120,0,6.2,21.6,.4903197636918434,1.650362224348333,669.40002,.79359996,.033,.0032000002,4.761534465835205,0
0,50,120,0,2,7.5999999,.2266001865740027,.4481452406039481,167.39999,.16739999,0,0,4.761534465835205,0
0,52,120,0,0,,0,.0006052889322552,15.2,.0152,0,0,4.761534465835205,0
0,56,120,0,19.6,55.799999,1.020689151835976,4.881857622288042,1669.8,1.6698,.1162,.013,4.761534465835205,0
0,4,121,0,0,0,0,,,0,0,0,11.43289981649817,0
0,5,121,0,0,0,0,,,0,.0036666668,0,11.43289981649817,0
0,7,121,0,0,0,0,,,0,.0036666668,0,11.43289981649817,0
0,10,121,0,0,0,0,,,0,.0016666666,0,11.43289981649817,0
0,12,121,0,12,96.199997,3.280172898287113,5.243618461972751,395.39999,.53559995,7.2946,.18539999,11.43289981649817,0
0,13,121,0,12.4,140.8,3.403591294435874,5.32108678971197,592.20001,.6304,4.8422003,.1026,11.43289981649817,0
0,15,121,0,17.2,122.4,5.300915038802484,6.464549445418623,377.60001,.37760001,.32679999,.025,11.43289981649817,0
0,17,121,0,1.6,18,1.56018251391783,.7272579919513011,,0,.0152,.003,11.43289981649817,0
0,22,121,0,0,0,0,,,0,.0036666668,0,11.43289981649817,0
0,23,121,0,0,0,0,,,0,.0040000002,0,11.43289981649817,0
0,25,121,0,15.8,66.400002,1.201200881358164,4.956080762173222,806.40002,.81240004,.14539999,.0152,11.43289981649817,0
0,26,121,0,1,7.4000001,.0681516894628901,.9542509233071629,0,.0024999999,0,0,11.43289981649817,0
0,29,121,0,0,0,0,,,0,0,0,11.43289981649817,0
0,32,121,0,15.4,48.200001,1.221984914961686,3.971381880852282,827.59998,.90759999,.35279998,.0294,11.43289981649817,0
0,33,121,0,3,38.799999,4.821024296323196,2.315981028949352,,0,0,0,11.43289981649817,0
0,34,121,0,0,0,0,,,0,.00033333333,0,11.43289981649817,0
0,36,121,0,.6,3.2,.0366561900508277,.3993289684849848,9.1999998,.0092000002,.0070000002,.00040000002,11.43289981649817,0
0,37,121,0,9.4,86.400002,1.947744409048091,4.023567394899281,389.39999,.39920002,4.2610002,.17060001,11.43289981649817,0
0,39,121,0,1.4,6.1999998,.1494276911208231,.5787366050607896,170,.17,.65799999,.034000002,11.43289981649817,0
0,42,121,0,0,0,0,,,0,.012,.00066666666,11.43289981649817,0
0,44,121,0,0,0,0,,,0,.0036666668,0,11.43289981649817,0
0,45,121,0,0,0,0,,,0,.0036666668,0,11.43289981649817,0
0,48,121,0,0,0,0,,,0,.0073333336,.00066666666,11.43289981649817,0
0,50,121,0,0,4,.0156578361997762,.5939840756205909,,0,0,0,11.43289981649817,0
0,56,121,0,13,40.400002,.5211302353535401,3.041766932757748,623,.62300003,.074599996,.0083999997,11.43289981649817,0
0,3,122,0,8.4,34.200001,.2228251986131958,2.404983536578633,462.20001,.46220002,.00020000001,.00080000004,21.5074987004721,0
0,4,122,0,1,1.8,.0129529998301513,.3344453550269607,7.1999998,.047400001,.00060000003,0,21.5074987004721,0
0,5,122,0,4,9.1999998,.0100945851860735,1.39725892646052,252.8,.58520001,.0264,.0040000002,21.5074987004721,0
0,7,122,0,0,,2.058381926609862,.6317910703731426,1,.001,.0264,.0040000002,21.5074987004721,0
0,10,122,0,1,4,0,,153,.153,.001,.001,21.5074987004721,0
0,12,122,0,5.2,41.400002,1.508614676357638,2.044801209878353,290.20001,.31320003,4.4352002,.109,21.5074987004721,0
0,13,122,0,12.2,123.4,2.881570467565301,4.628228963981722,291.39999,.3874,3.7738001,.121,21.5074987004721,0
0,15,122,0,8,35.400002,0,,105.2,.1084,.1102,.0089999996,21.5074987004721,0
0,17,122,0,4,15.4,.1895574570141392,.8845218900650792,43.400002,.043400001,.036599997,.0032000002,21.5074987004721,0
0,18,122,0,3,3.4000001,.0348199336794199,.4822900323076257,11.8,.0504,.00040000002,.00040000002,21.5074987004721,0
0,20,122,0,3.2,8.6000004,.6673814117726946,.3001388035479449,2.4000001,.0438,.0034,.00020000001,21.5074987004721,0
0,21,122,0,2,10,0,,,0,.134,.003,21.5074987004721,0
0,22,122,0,8,27.6,.3369165394207081,2.286246331854672,316.79999,.80779999,.0264,.0040000002,21.5074987004721,0
0,23,122,0,9.800000000000001,25,.3953347109381773,1.961293011034658,127.6,.25659999,.0040000002,.00060000003,21.5074987004721,0
1,25,122,1,19.6,136,7.452600470016751,1.937740241963273,863,.87559998,.35720003,.0308,21.5074987004721,1
0,26,122,0,1.6,7,4.309241231392693,1.735985512005935,208,.2158,0,0,21.5074987004721,0
0,27,122,0,2.6,3.5999999,.0240585496421798,.5491683515602769,13.6,.076400004,.00040000002,.00040000002,21.5074987004721,0
0,28,122,0,0,,.3467995793738289,.3662383861860742,,0,.00060000003,0,21.5074987004721,0
0,29,122,0,1,2,.0260817597709219,.3908292054160293,49.400002,.049800001,0,0,21.5074987004721,0
0,31,122,0,12.4,70.199997,1.868956963729469,2.606855308045973,216.8,.2262,1.4008,.051200002,21.5074987004721,0
0,32,122,0,13.2,32.799999,.4966853032237455,2.813307820817613,170.2,.4258,.36140001,.027799999,21.5074987004721,0
0,33,122,0,0,,.0000391772771686,.5336259125268432,86,.086000003,0,0,21.5074987004721,0
0,34,122,0,1.2,3.5999999,.0080351310227284,.4161790530777286,99.800003,.1214,.00040000002,.00040000002,21.5074987004721,0
1,35,122,0,5.8,72,2.784662161832161,.8129994100068595,224,.22400001,.2128,.0046000001,21.5074987004721,0
0,36,122,0,4.8,8,.1648248724651539,.4903072339647112,81.599998,.092599995,.0058000004,.0014,21.5074987004721,0
0,37,122,0,14.2,73,1.892316995987382,3.924618666954613,214.2,.25220001,2.5906,.1196,21.5074987004721,0
0,38,122,0,0,,0,,0,0,.0272,.0016000001,21.5074987004721,0
0,39,122,0,9.199999999999999,39.799999,.8164264170178746,2.134918756868276,640.20001,.64020002,.70999998,.042400002,21.5074987004721,0
0,41,122,0,1,4.25,.0048459429049938,.2265393182693189,224,.22400001,0,0,21.5074987004721,0
0,42,122,0,17.6,42.599998,.3731450721755482,4.821403221282781,2235.2,2.2351999,.0142,.00060000003,21.5074987004721,0
0,44,122,0,7,18.6,.2321339461152268,2.20079442733049,459.39999,.68800002,.0264,.0040000002,21.5074987004721,0
0,45,122,0,1.2,3.4000001,.0788140728083167,.2081761221731963,12,.012,.0264,.0040000002,21.5074987004721,0
0,48,122,0,1,10.4,.7300415914372722,.1125886385591193,64.599998,.064800002,.0083999997,.0026,21.5074987004721,0
0,49,122,0,2.8,13.4,.2068384454674079,1.171961341959428,222.2,.403,.00060000003,.00040000002,21.5074987004721,0
0,50,122,0,0,0,.0493603320094606,.3255595356108714,443.39999,.4434,0,0,21.5074987004721,0
0,56,122,0,14.6,61.200001,1.945312200467536,5.060512407060295,1854.8,1.8556,.11719999,.011399999,21.5074987004721,0
0,1,123,0,0,0,0,,,0,0,0,30.62582961110883,0
0,3,123,0,4.8,30.200001,.6610634094411448,4.438628442396946,273.60001,.27360001,.0044,.0020000001,30.62582961110883,0
0,4,123,0,6.6,16.200001,1.389096610484631,3.545152391748271,108.4,.4346,.00040000002,.00060000003,30.62582961110883,0
0,5,123,0,8.6,39.599998,.267983827641284,3.880589344107983,376.79999,1.4648,.0262,.0052,30.62582961110883,0
0,6,123,0,0,0,0,,,0,0,0,30.62582961110883,0
0,7,123,0,12.6,30.200001,1.396673396763753,4.655633152277562,924,.92460001,.0262,.0052,30.62582961110883,0
0,10,123,0,0,,0,,362,.36199999,.0089999996,.001,30.62582961110883,0
0,11,123,0,0,,.3281459632069967,1.362055257806482,,0,.00020000001,0,30.62582961110883,0
0,12,123,1,31.4,198.8,15.76060780463233,9.006891367069729,844,1.2645999,10.9202,.26660001,30.62582961110883,1
0,13,123,0,20.2,159,5.114290579138897,16.9164133996896,582.79999,.81959999,4.1907997,.1178,30.62582961110883,0
0,14,123,0,3.2,11.4,.0273393730654249,1.401028229594941,234.39999,.23439999,.00020000001,0,30.62582961110883,0
0,15,123,0,0,0,0,,,0,.155,.0089999996,30.62582961110883,0
0,17,123,0,18.4,42.599998,.4342204074292161,7.170269682025459,1005.8,1.1418,.029999999,.0040000002,30.62582961110883,0
0,18,123,0,3,3.2,.0052610997052997,.7643887505645041,0,.1154,.0022,.00060000003,30.62582961110883,0
0,20,123,0,9.199999999999999,45.200001,1.634430509381724,3.193764065016497,739.20001,1.058,.059799999,.0071999999,30.62582961110883,0
0,21,123,0,15.4,66,3.61329304836314,4.769541152511146,467.39999,.46739998,1.9170001,.076400004,30.62582961110883,0
0,22,123,0,20,49.400002,1.08824597533639,8.340514262024133,1004.2,2.7918,.0262,.0052,30.62582961110883,0
0,23,123,0,24.4,96.199997,1.056391642995167,8.136392974596008,797.59998,1.5156,.048799999,.0071999999,30.62582961110883,0
0,24,123,0,1.4,2.5999999,.0224962815459805,.6562008577161856,0,.039999999,.0020000001,.00020000001,30.62582961110883,0
0,25,123,0,4.4,22.4,.5870732317620989,1.773819111908947,513.40002,.51480001,.14039999,.0096000005,30.62582961110883,0
0,27,123,0,4,4.5999999,0,1.157154373623744,5,.20819999,.0022,.00060000003,30.62582961110883,0
0,28,123,0,3,17.4,0,,195.2,.1952,.0032000002,.00020000001,30.62582961110883,0
0,29,123,0,7.4,12.8,0,,317.79999,.45020002,.00020000001,0,30.62582961110883,0
0,32,123,0,21.8,42.400002,2.073553940018915,7.42631354847484,972.79999,1.6598001,.5334,.046799999,30.62582961110883,0
0,33,123,0,0,1.3333334,0,,0,.011399999,0,0,30.62582961110883,0
0,34,123,0,7.2,9,.1349567026173338,2.842851488483301,318.60001,.40079999,.00040000002,.0024000001,30.62582961110883,0
0,36,123,1,6,29.6,.7911233280435279,2.671477290236472,226.2,.3698,.016000001,.0044,30.62582961110883,0
0,37,123,1,25,173.2,9.277551978441752,9.130047757850049,526.59998,.68800002,8.7695999,.31220001,30.62582961110883,1
0,38,123,0,1,1,0,,179.8,.18000001,.093000002,.0096000005,30.62582961110883,0
0,39,123,0,13.4,38.400002,.566845897161261,4.381836854208579,804.59998,.8046,.79540002,.058800001,30.62582961110883,0
0,40,123,0,0,0,0,,41.400002,.0414,.026000001,.00060000003,30.62582961110883,0
0,41,123,0,0,5,0,,0,.018200001,0,0,30.62582961110883,0
0,42,123,0,37.4,127.6,1.45838935413055,17.35886605238008,3589.8,3.5899999,.0196,.0038000001,30.62582961110883,0
0,43,123,0,1.4,1.4,0,,836.40002,.83640003,0,0,30.62582961110883,0
0,44,123,0,8.800000000000001,31.6,.227530981697542,4.242490886402022,283.20001,.80940002,.0262,.0052,30.62582961110883,0
0,45,123,0,1.8,7,.0034991573984019,1.336987682889287,127.6,.18439999,.0262,.0052,30.62582961110883,0
0,46,123,0,22.4,58.599998,.7059913754554401,8.704078440779972,53.400002,3.0546,0,0,30.62582961110883,0
0,48,123,0,2.2,5.8000002,0,,923.79999,1.0768001,.073600002,.0099999998,30.62582961110883,0
0,50,123,0,3,0,0,,522,.52324998,0,0,30.62582961110883,0
0,51,123,0,0,0,0,,,0,.029999999,0,30.62582961110883,0
1,56,123,0,60.4,264,2.980432775402836,30.92000557701854,5582.2002,5.7962003,.3926,.048999999,30.62582961110883,0
0,3,124,0,1.6,8.6000004,.0806287605497805,.2393254806255642,73.400002,.073399998,.001,.0014,32.14969031130445,0
0,4,124,0,4.4,5,.1958532523780088,1.182575274686498,161.8,.27340001,.00020000001,.00020000001,32.14969031130445,0
0,5,124,0,6.6,19.200001,.2190588258390244,2.455048305589734,461.60001,1.0028,.0126,.0041999999,32.14969031130445,0
0,6,124,0,0,0,0,,,0,0,0,32.14969031130445,0
0,7,124,0,7.6,12.4,.3309311503322193,1.480989253524796,253.8,.26479998,.0126,.0041999999,32.14969031130445,0
0,10,124,0,7,21.666666,.3471721677447324,1.270786614800469,734,.73400003,.0094999997,.0024999999,32.14969031130445,0
0,12,124,1,27,169,7.2455005622932,9.789956405224396,849.59998,1.099,10.343599,.2726,32.14969031130445,0
0,13,124,1,28.6,289.60001,11.77489431428456,10.13162584610503,1188,1.2918,9.6694002,.32079998,32.14969031130445,0
0,16,124,0,.4,2.4000001,0,.2407318931770029,0,.0093999999,.42699999,.0088,32.14969031130445,0
0,17,124,0,16.2,49.400002,1.39998538440994,4.658536430293903,1142.2,1.2154,.0722,.0112,32.14969031130445,0
0,18,124,1,13.4,30,.9563526482536242,3.171248703034304,342.20001,.5244,.001,.0020000001,32.14969031130445,1
0,20,124,0,10.8,24.6,2.348892266926685,3.539561355006513,802,.94520003,.023399999,.003,32.14969031130445,0
0,21,124,0,15,88.800003,6.636603111673648,4.661502807182308,380.39999,.3804,2.4506001,.082800001,32.14969031130445,0
0,22,124,0,16,46.799999,.4768161938200238,5.478639474647297,1103,2.7179999,.0126,.0041999999,32.14969031130445,0
0,23,124,0,24.8,70.400002,2.451321941674379,5.210850907969143,955.59998,1.3254,.023,.0068000001,32.14969031130445,0
0,24,124,0,1,0,0,.1924665302010206,0,.0070000002,.0016000001,.00020000001,32.14969031130445,0
0,25,124,0,5.8,26.4,1.531391473292665,3.734562577792914,1216.6,1.2338001,.113,.0152,32.14969031130445,0
0,26,124,0,2,1.6,.0612705795255261,.4799613980834693,0,.036599997,0,0,32.14969031130445,0
0,27,124,1,19.2,58.799999,1.36935369781785,4.781678440250476,544,.8132,.001,.0020000001,32.14969031130445,1
0,28,124,0,4.4,8.1999998,.3974115771289145,.8291105465386884,252.60001,.25260001,.0027999999,.00080000004,32.14969031130445,0
0,29,124,0,0,,.1242377940896522,.6415913152529087,259.39999,.25939998,.00020000001,0,32.14969031130445,0
1,32,124,0,28.4,108,2.504214229711725,6.559500763333806,898.59998,1.8598001,.54579997,.047800001,32.14969031130445,0
0,33,124,0,0,.33333334,0,.932851799801572,0,.047599997,0,0,32.14969031130445,0
0,34,124,0,8.199999999999999,16.6,.1891215182198084,1.306964777926032,227.60001,.28920001,.0041999999,.003,32.14969031130445,0
0,35,124,0,7.6,61,.5731397036725471,4.573802824843265,717.79999,.71779996,.36679998,.0055999998,32.14969031130445,0
0,36,124,0,7.4,18.200001,.3258695705406611,1.704879293080977,237.60001,.3062,.0154,.0032000002,32.14969031130445,0
0,37,124,0,24,219.2,7.210544239386698,9.004467109400004,578.20001,.64859998,7.0226002,.222,32.14969031130445,0
0,38,124,1,8,25.200001,.5162336389504414,2.018589647638485,708.79999,.70879996,.056000002,.0032000002,32.14969031130445,1
0,39,124,0,13.8,82.199997,1.629702782987182,4.277719097771562,767.20001,.76719999,1.1808001,.059999999,32.14969031130445,0
0,41,124,0,5.5,27.5,.7924747457205775,.6868770811067846,838,.85540003,0,0,32.14969031130445,0
0,42,124,0,29.4,116.8,2.096979950877393,8.426605011548654,3651.3999,3.6513999,.0134,.0014,32.14969031130445,0
0,43,124,0,0,,0,,0,0,0,0,32.14969031130445,0
0,44,124,0,6.2,5.5999999,.0926310086063009,1.882700522053401,384.20001,.63520002,.0126,.0041999999,32.14969031130445,0
0,45,124,0,1,2.8,.0858924266424876,.3416061523218921,25.6,.028200001,.0126,.0041999999,32.14969031130445,0
0,48,124,0,3.6,10,.1679955365314471,1.38543971545725,277.20001,.36939999,.023,.0027999999,32.14969031130445,0
0,49,124,0,4.8,38,1.533963316697138,1.89652618820763,251,.68759996,.0080000004,0,32.14969031130445,0
0,50,124,0,0,,.060696,0,124.8,.1592,0,0,32.14969031130445,0
0,56,124,0,34,297.79999,2.782987275869762,10.61927598308398,2894,2.927,.16939999,.024600001,32.14969031130445,0
