Reputation,LuFid,EinheitlicheID,Exz_gefoerdert_FJ,Profs,Mitarbeiter,Drittmitteleinnahmen,Grundmittel,DiplBaMa,StudierendeGesamt,Zitationen,Publikationen,Foerderphase,FoerderungPhase1,DM_DFG_Mittel
0,1,57,0,0,,0,.0011286681712818,,0,0,0,1,0,18.59382371076132
0,3,57,0,0,2.5999999,.1397668127236967,.2343557877467441,15,.015,.0041999999,.0026,1,0,18.59382371076132
0,4,57,0,2.8,10.2,.0591164494487721,.6682622789796371,22.6,.094999999,.0012000001,.00020000001,1,0,18.59382371076132
1,5,57,0,5.6,21.4,.157331016696178,2.197814294183057,317.60001,.8204,.0099999998,.0048000002,1,0,18.59382371076132
0,7,57,0,8,8.8000002,.1759904012079235,1.160585976178558,163.8,.1638,.0099999998,.0048000002,1,0,18.59382371076132
0,10,57,0,0,2,0,,5,.0049999999,.0040000002,.00033333333,1,0,18.59382371076132
1,12,57,1,31.4,172.8,9.081167122971365,10.41362421917399,798,.98140001,11.0024,.29079998,1,1,18.59382371076132
0,13,57,1,14.8,122,4.296194859958044,10.69368777776396,457.20001,.49779999,5.5327997,.17219999,1,1,18.59382371076132
0,15,57,0,13.33333333333333,111.33334,3.415696702720763,7.446671816069412,372.79999,.37279999,.075400002,.0048000002,1,0,18.59382371076132
0,17,57,0,1.6,12,.1843757108345804,.8720679227673889,112.2,.1462,.042799998,.0034,1,0,18.59382371076132
0,19,57,0,16,107.8,4.213911302150074,6.056982644360455,584.40002,.5844,.1114,.0148,1,0,18.59382371076132
0,20,57,0,5.4,13.2,.6482485458892312,1.377503095073621,272.20001,.37200001,.0096000005,.001,1,0,18.59382371076132
0,21,57,0,9.4,28.4,1.692513963886982,2.64346423659424,182.2,.1822,.47600001,.0254,1,0,18.59382371076132
1,22,57,0,11.8,42.599998,.4228748671845976,3.877964217287093,681,1.1654,.0099999998,.0048000002,1,0,18.59382371076132
1,23,57,0,13.6,50.799999,2.203680130090478,3.499853780002492,853.40002,1.0832,.0083999997,.0052,1,0,18.59382371076132
0,25,57,0,19,128.60001,3.463521385711846,5.716347509355602,671.59998,.67659998,.30039999,.024,1,0,18.59382371076132
0,27,57,0,13.2,30.6,.1992010834007687,3.44044246506553,296.79999,.35639998,.00080000004,.00040000002,1,0,18.59382371076132
0,28,57,0,5,3.8,.0600517708924876,.5669406549915208,238.39999,.2384,0,.00020000001,1,0,18.59382371076132
0,29,57,0,3,2.8,.0120677209496145,.3933778257773657,176,.176,.00020000001,0,1,0,18.59382371076132
0,30,57,0,0,,.8935785014075637,.1122402822267535,,0,0,0,1,0,18.59382371076132
0,32,57,0,14.6,41.799999,.9559249916096703,4.333999982473329,284.39999,.50300002,.36920002,.039000001,1,0,18.59382371076132
0,33,57,0,.6666666666666666,1,0,,0,0,0,0,1,0,18.59382371076132
0,34,57,0,2,4.1999998,.0043570205506836,.4669756164183147,111.8,.1118,.00020000001,.00040000002,1,0,18.59382371076132
0,35,57,0,4.4,40.799999,.5538691133607784,3.1705130029279,415,.41499999,.2088,.0032000002,1,0,18.59382371076132
0,36,57,0,2,8.8000002,.0528176033741611,1.129048063475373,262,.29839998,.0066,.0020000001,1,0,18.59382371076132
0,37,57,0,17.2,88.400002,4.483112216943048,7.775012653027955,404.79999,.428,5.4263997,.2138,1,0,18.59382371076132
0,38,57,0,2,10.2,.0427922080545965,.8295134667100443,321,.3644,.0184,.0018,1,0,18.59382371076132
1,39,57,0,8.199999999999999,38.200001,1.343257097431146,2.854597221589577,554.20001,.55419999,.59679997,.029999999,1,0,18.59382371076132
0,41,57,0,0,,.0300491758327155,0,,0,0,0,1,0,18.59382371076132
1,42,57,0,19.8,67,.3547847038380259,6.432194691026617,1799.6,1.7996,.0049999999,.0018,1,0,18.59382371076132
0,44,57,0,5.8,21.6,.1213235475046392,2.363801280999064,336,.70039999,.0099999998,.0048000002,1,0,18.59382371076132
0,45,57,0,1.8,5.5999999,.2120272287308213,.4422074277271948,81.800003,.081800006,.0099999998,.0048000002,1,0,18.59382371076132
0,48,57,0,3,10.6,.3722387438558489,.6897012974970123,235.39999,.23539999,.0071999999,.0016000001,1,0,18.59382371076132
0,49,57,0,2.8,18.4,.5153397986429847,1.79901461758431,122.6,.2906,.00080000004,0,1,0,18.59382371076132
0,50,57,0,1.8,4.1999998,.0764765485570643,.4538117461959912,39.799999,.039799999,0,0,1,0,18.59382371076132
0,53,57,0,1,4,0,,,0,.0020000001,.0012000001,1,0,18.59382371076132
0,56,57,0,13.2,51,.477135752806269,5.028442146331789,1538,1.538,.047200002,.0049999999,1,0,18.59382371076132
0,3,58,0,4,5.5999999,.0400571422339031,.8119220083305126,87.199997,.087199993,.00020000001,.00060000003,1,0,2.764035253880103
0,5,58,0,6.8,8.8000002,.0729967053942594,1.658967068330179,204.39999,.5632,.0020000001,.0016000001,1,0,2.764035253880103
0,6,58,0,13,17.4,.350339213548413,1.860930339993338,540.40002,.54040003,0,0,1,0,2.764035253880103
0,8,58,0,17.8,49.400002,1.372931833668434,5.51880318111827,786.59998,.81340003,.0018,0,1,0,2.764035253880103
0,12,58,0,0,1,.0006486486486,.2735750148966309,0,.0012000001,.27920002,.0068000001,1,0,2.764035253880103
0,13,58,0,20,75.599998,2.430227877424066,6.361725864362631,272,.29679999,.89499998,.035799999,1,0,2.764035253880103
0,15,58,0,18.2,86.199997,2.840192914626207,7.401532985386398,1055.8,1.0654,.07,.0046000001,1,0,2.764035253880103
0,16,58,0,0,,0,.1164668172492327,,0,.0099999998,.00020000001,1,0,2.764035253880103
0,17,58,0,8,9.3999996,.1897452270105168,1.668985463667194,297.39999,.3768,.0012000001,.00040000002,1,0,2.764035253880103
0,18,58,0,3,3.5999999,.0039310959302698,.3966822703683012,.80000001,.091600001,.00020000001,.00020000001,1,0,2.764035253880103
0,20,58,0,0,0,0,.1320218435866165,0,.001,.0018,0,1,0,2.764035253880103
0,22,58,0,7.6,14.6,.2093650094485067,1.48151720285906,376.39999,1.0222,.0020000001,.0016000001,1,0,2.764035253880103
0,23,58,0,5.2,4.5999999,.0019459459458,.7092337452895751,140.39999,.2638,.00040000002,.00040000002,1,0,2.764035253880103
0,24,58,0,19.8,7.1999998,.1631500386770929,2.562869444210194,459.60001,.65440005,.00060000003,0,1,0,2.764035253880103
0,25,58,0,3,8,0,.0079006771989728,4.5,.0052499999,.048599999,.0016000001,1,0,2.764035253880103
0,26,58,0,0,1,1.498162852663044,4.034881076764561,9.6000004,.010199999,0,0,1,0,2.764035253880103
0,27,58,0,2,3,.0102334422317087,.3219702965218743,0,.037999999,.00020000001,.00020000001,1,0,2.764035253880103
0,29,58,0,1.6,1.2,.0814605412708057,.6403128264756632,0,.074000001,.00020000001,0,1,0,2.764035253880103
0,31,58,0,34.6,40.599998,.2747390435444948,5.197076211737254,1015.6,1.0666,.146,.0096000005,1,0,2.764035253880103
0,32,58,0,22.4,30.6,.5470387492074411,3.96107211907127,284.20001,.55059999,.2386,.0184,1,0,2.764035253880103
0,33,58,0,0,,0,,0,.1106,0,0,1,0,2.764035253880103
0,34,58,0,1,4.1999998,.0024175824168698,.4758045310678419,0,.049599998,.00020000001,.00040000002,1,0,2.764035253880103
0,36,58,0,3.6,4.5999999,.0170258652168392,.686545560402117,147,.1802,.0012000001,.00040000002,1,0,2.764035253880103
0,37,58,0,17,76.400002,2.630469182427098,6.100552819698198,194.8,.20819999,4.0469999,.1622,1,0,2.764035253880103
0,38,58,0,1,1.5,.0034737154732617,.0591575886835457,,0,.0054000001,.00020000001,1,0,2.764035253880103
0,39,58,0,7.2,17.799999,.5595336061411288,1.435074334067193,539.40002,.53940004,.1192,.0074,1,0,2.764035253880103
0,41,58,0,0,,0,.0407276507220602,0,.1222,0,0,1,0,2.764035253880103
0,42,58,0,3,1.6,.0056479806084014,.025811669593061,,0,.0018,.00040000002,1,0,2.764035253880103
0,43,58,0,0,,0,.1704288938635561,,0,0,0,1,0,2.764035253880103
0,44,58,0,3.8,8.6000004,.0086522126515154,.9967192521453169,73,.1206,.0020000001,.0016000001,1,0,2.764035253880103
0,48,58,0,12,18.6,.3220398392958643,1.698279534997948,573,.6534,.0144,.001,1,0,2.764035253880103
0,49,58,0,3,6.1999998,.1037282649616276,.7574518888948938,5.8000002,.26860002,0,0,1,0,2.764035253880103
0,52,58,0,1,1,0,,,0,0,0,1,0,2.764035253880103
0,56,58,0,20.2,51.400002,.7505476586505707,5.284367744656279,3094.8,3.2026,.0092000002,.0022,1,0,2.764035253880103
0,3,60,0,0,1,0,,4,.0040000002,0,.00033333333,1,0,6.33416530148028
0,4,60,0,0,0,0,,,0,0,0,1,0,6.33416530148028
0,5,60,0,1.6,2,.0540891671031886,.6799460436197368,218.60001,.61519998,.0012000001,.0016000001,1,0,6.33416530148028
0,7,60,0,0,0,0,,1,.001,.0012000001,.0016000001,1,0,6.33416530148028
0,10,60,0,0,0,0,,,0,0,0,1,0,6.33416530148028
0,11,60,0,1.8,2.4000001,.0553994638441949,.908216583400614,,0,0,0,1,0,6.33416530148028
0,12,60,0,15.8,54.400002,1.155721205712064,3.219420979768284,615.79999,.76120001,.97600001,.049599998,1,0,6.33416530148028
0,13,60,0,10.6,55.200001,1.199284407058337,3.488706703081586,269.79999,.32800001,.954,.035400003,1,0,6.33416530148028
0,14,60,0,0,0,0,,,0,0,0,1,0,6.33416530148028
0,16,60,0,2,1,.0038058801880391,.1703066580853321,0,.0020000001,.0112,.00020000001,1,0,6.33416530148028
0,17,60,0,13,29.799999,.9403948764097898,2.415259392029478,564.40002,.65859997,.001,.00080000004,1,0,6.33416530148028
0,18,60,0,4.6,2.4000001,.0022181467173326,.4830083520434537,25.4,.1134,.00020000001,0,1,0,6.33416530148028
0,20,60,0,0,0,0,.0919527861915431,24.4,.025600001,.0034,0,1,0,6.33416530148028
0,21,60,0,0,,.9217945663043303,.2357057792270718,,0,.3612,.0178,1,0,6.33416530148028
0,22,60,0,11.4,14.8,.1768088298180276,1.663013419389354,276.79999,.86859995,.0012000001,.0016000001,1,0,6.33416530148028
0,23,60,0,5.8,8.1999998,.0145986206057638,.8093481415725117,146.60001,.2306,.0040000002,.0016000001,1,0,6.33416530148028
0,24,60,0,4.4,5.5999999,.0170581773937804,.3081539568334398,3.4000001,.0612,.00080000004,.00020000001,1,0,6.33416530148028
0,25,60,0,17.2,55.400002,2.129066530093344,3.901675245082718,886,.8962,.075800002,.0040000002,1,0,6.33416530148028
0,26,60,0,1,2,0,,6.1999998,.023600001,0,0,1,0,6.33416530148028
0,28,60,0,0,0,.0104023776308458,.2580731054851604,,0,.00020000001,.00020000001,1,0,6.33416530148028
0,29,60,0,0,0,0,,76.599998,.20439999,0,0,1,0,6.33416530148028
0,30,60,0,0,0,0,,,0,0,0,1,0,6.33416530148028
0,32,60,0,9,3.8,.3993168974094237,1.812378269085281,265.79999,.72979999,.078199998,.0142,1,0,6.33416530148028
0,33,60,0,14.2,69.199997,2.743546453462646,6.114335315086143,112.4,.1124,0,0,1,0,6.33416530148028
0,34,60,0,4.4,6.5999999,.0447360280894808,1.632439016195613,74.199997,.26499999,.00040000002,.00020000001,1,0,6.33416530148028
0,35,60,0,0,0,0,5.406178488523858,,0,.025,0,1,0,6.33416530148028
0,36,60,0,2,3.4000001,.0061406394940846,.3683361307650063,128.2,.12819999,.00040000002,0,1,0,6.33416530148028
0,37,60,0,11,81.199997,3.551046690647928,4.341455887657038,398.60001,.4278,.4578,.0504,1,0,6.33416530148028
0,38,60,0,4.6,7.5999999,.2024746096123488,.7300763526057439,239.2,.2392,.0058000004,.00020000001,1,0,6.33416530148028
0,39,60,0,7.6,23.200001,.4777468497684453,1.647926840339137,375.20001,.3752,.094800003,.0080000004,1,0,6.33416530148028
0,40,60,0,0,2,0,,1,.001,.001,.00020000001,1,0,6.33416530148028
0,41,60,0,0,0,0,,,0,0,0,1,0,6.33416530148028
0,42,60,0,5,10,0,,16,.016000001,.00020000001,0,1,0,6.33416530148028
0,44,60,0,0,0,0,,3,.003,.0013333333,.0020000001,1,0,6.33416530148028
0,45,60,0,.8,2.8,.0313780119050612,.4074060683716315,35.599998,.0396,.0012000001,.0016000001,1,0,6.33416530148028
0,46,60,0,2.2,4.1999998,.0275388956917279,.9873691869824605,140.2,.62699997,0,0,1,0,6.33416530148028
0,47,60,0,0,0,0,,25.4,.0254,.00020000001,0,1,0,6.33416530148028
0,48,60,0,7.2,11.4,.2339884356033066,1.858781451206239,749.20001,.74919999,.0048000002,.00080000004,1,0,6.33416530148028
0,49,60,0,3.2,7.5999999,.0198808539703557,.8575225687313126,101,.2406,.00020000001,0,1,0,6.33416530148028
0,50,60,0,0,0,0,.276043073141324,22.4,.022399999,0,0,1,0,6.33416530148028
0,53,60,0,0,0,0,,,0,0,0,1,0,6.33416530148028
0,56,60,0,14.2,49.799999,2.698354961693065,3.716049132594279,1324.8,2.0316,.031200001,.0054000001,1,0,6.33416530148028
0,1,61,0,0,,0,.01081081081,,0,0,0,1,0,16.23090911040471
0,2,61,0,17.8,113.6,3.995153430076245,9.380106347614529,600.79999,.60079998,.5104,.045200001,1,0,16.23090911040471
0,3,61,0,1.8,8.1999998,.2084340362199946,.6776631627813469,205.8,.2058,.001,.0022,1,0,16.23090911040471
0,4,61,0,5.8,3.2,.0077013884852985,1.012784488482297,13.8,.096799999,.00060000003,0,1,0,16.23090911040471
0,5,61,0,4.8,11.8,.0134050653150126,1.861277074950413,177.8,.77600002,.0064000003,.0016000001,1,0,16.23090911040471
0,7,61,0,3,5.8000002,.0877129120557385,.9012718029765981,117.4,.1174,.0064000003,.0016000001,1,0,16.23090911040471
0,11,61,0,0,,0,.7918526782809724,,0,.00050000002,0,1,0,16.23090911040471
0,12,61,1,15,67.400002,.9762410566316767,8.881740568661703,594.40002,.80259997,4.6464,.1728,1,1,16.23090911040471
0,13,61,0,9.4,90.800003,.9067531306593506,6.068737245557728,367.60001,.42899999,1.7534,.091400005,1,0,16.23090911040471
0,15,61,0,0,,0,,163.2,.16319999,.1044,.0098000001,1,0,16.23090911040471
0,16,61,0,5.4,28.200001,.5365726408882002,1.291678550544829,508.39999,.50840002,.27560002,.030400001,1,0,16.23090911040471
0,17,61,0,7.4,8.8000002,.0026790218838799,2.58879542408091,787.59998,.78780001,.025799999,.0032000002,1,0,16.23090911040471
0,18,61,0,9.199999999999999,9.8000002,.1016648546005572,1.586037083811975,119.8,.1442,.0012000001,.0012000001,1,0,16.23090911040471
0,20,61,0,7.6,16.6,.3035559349877973,1.776144119552171,352.39999,.44579998,.015800001,.00040000002,1,0,16.23090911040471
0,21,61,1,12.2,70.199997,3.637745739466113,5.36750192360245,420.39999,.42039999,2.3408,.080400005,1,1,16.23090911040471
0,22,61,0,13.8,21.6,.1461711181756558,3.121600654635827,646.59998,1.3742,.0064000003,.0016000001,1,0,16.23090911040471
0,23,61,1,14.4,29.200001,.5685053608615893,3.687411607526819,546.20001,.73340005,.0144,.0016000001,1,1,16.23090911040471
0,24,61,0,0,,0,,0,.0065000001,.003,0,1,0,16.23090911040471
0,25,61,0,11,50.799999,.9043796563327682,4.429322780776781,593.40002,.59380001,.1912,.0176,1,0,16.23090911040471
0,26,61,0,18.4,75.800003,1.800671583338008,7.075214448567337,,0,0,0,1,0,16.23090911040471
0,27,61,0,1,0,.0034092493961367,.0858033172831546,0,.001,.0015,.0020000001,1,0,16.23090911040471
0,28,61,0,1.8,3.5999999,.0022728329307578,.3954561108285217,120.4,.1204,.0012000001,.00040000002,1,0,16.23090911040471
0,29,61,0,3.6,3,.0053032768384348,.9520913509523439,217.39999,.28079998,.00060000003,0,1,0,16.23090911040471
0,30,61,0,.6666666666666666,6,0,,18.5,.0185,0,0,1,0,16.23090911040471
0,31,61,0,0,,0,,75,.075000003,.57779998,.0308,1,0,16.23090911040471
0,32,61,0,15.2,26.799999,.1208254539851225,3.301036515686035,255.2,.65059996,.2712,.026000001,1,0,16.23090911040471
0,33,61,0,0,6,.1003713953983655,.1975874826563836,,0,0,0,1,0,16.23090911040471
0,34,61,0,2.2,2.4000001,.0416088852701031,.5232082122144539,100.8,.1058,.001,.00060000003,1,0,16.23090911040471
0,35,61,0,4.8,50,.3016532037323881,3.286486749159312,459.20001,.45920002,.1286,.0066,1,0,16.23090911040471
0,36,61,0,3.4,4.5999999,0,.612416416161412,243.60001,.27760002,.0018,0,1,0,16.23090911040471
0,37,61,1,12,69.599998,2.036707340325024,6.616156929683491,285.60001,.32660002,3.4836001,.1428,1,1,16.23090911040471
0,38,61,0,3.2,6.5999999,.0474314857315089,.9667562895749732,310,.31,.011600001,.0035999999,1,0,16.23090911040471
0,39,61,0,8.800000000000001,23.4,.2785452199241318,2.218301705611936,411.20001,.41120002,.2342,.012,1,0,16.23090911040471
0,41,61,0,0,,0,.0022728329307578,,0,0,0,1,0,16.23090911040471
0,42,61,0,18,49.400002,.3496644005603786,4.615906140501167,2124.8,2.1248,.012,.0012000001,1,0,16.23090911040471
0,44,61,0,4.4,8.6000004,.0024869944841946,1.434583147912995,199.8,.4876,.0064000003,.0016000001,1,0,16.23090911040471
0,45,61,0,2,4.1999998,0,.6375413506295726,57.599998,.065199994,.0064000003,.0016000001,1,0,16.23090911040471
0,46,61,0,5.5,1.5,.0086944468816783,.9561133940859385,0,.1758,0,0,1,0,16.23090911040471
0,48,61,0,1.4,6.1999998,.1537320209612877,.6858433007073254,108.8,.147,.028999999,.001,1,0,16.23090911040471
0,49,61,0,3,10,.0072935662285802,2.505493874730283,225.39999,.43920001,.00020000001,0,1,0,16.23090911040471
0,50,61,0,0,5.8000002,.0460714285545293,1.322389794838117,,0,0,0,1,0,16.23090911040471
0,55,61,0,0,,0,,122.2,.1222,0,0,1,0,16.23090911040471
0,56,61,1,16.2,55.200001,.4304897352431905,4.557215469303111,1760.8,1.7608,.19960001,.0208,1,1,16.23090911040471
0,3,62,0,3,41.200001,.5554149601209822,1.720434979713551,416.79999,.41679999,.0012000001,.0026,1,0,23.02440723562372
0,4,62,0,2.6,4.4000001,.1118230421191624,1.036428018833469,10.2,.066,.00040000002,0,1,0,23.02440723562372
1,5,62,0,9.199999999999999,14.8,.1088782131518399,2.384995350634463,354.60001,.83040005,.0174,.0078000003,1,0,23.02440723562372
0,7,62,0,14.2,33.799999,1.704851422448761,3.448730004814146,285,.285,.0174,.0078000003,1,0,23.02440723562372
0,10,62,0,3,3,.0045173730574789,.3603422018108607,58.599998,.058599997,.0035999999,0,1,0,23.02440723562372
1,12,62,0,23.6,209,7.181253176377528,15.14848125473197,795.59998,.93300003,9.3384008,.28040001,1,0,23.02440723562372
0,13,62,0,21.8,149.2,4.828670939744075,12.399272575704,579.59998,.61500001,4.8562002,.16419999,1,0,23.02440723562372
1,17,62,0,8,23.6,.5848818398280079,1.760998907054727,912.79999,.9314,.0174,.0040000002,1,0,23.02440723562372
0,18,62,0,11.8,25.799999,.3556424951389016,3.72103700463543,309.20001,.35779998,.0018,.0014,1,0,23.02440723562372
0,20,62,0,6.2,31,.2295213082536025,1.818267087249916,320.79999,.38600001,.0054000001,.0016000001,1,0,23.02440723562372
0,21,62,0,14,102.6,5.90682552560067,4.547525917451965,246.39999,.2464,1.3446,.082800001,1,0,23.02440723562372
1,22,62,0,12.6,24.200001,.1646571264846873,3.024152135904349,610.59998,1.1425999,.0174,.0078000003,1,0,23.02440723562372
1,23,62,0,18.2,51.200001,3.599481309721471,5.31879121773984,622.20001,.76679999,.025,.0092000002,1,0,23.02440723562372
0,25,62,1,13.8,87,2.595529025145478,5.160841841932049,1000.6,1.0012,.2342,.0146,1,1,23.02440723562372
0,27,62,0,13.4,23.4,.3008997624097816,3.309792312450044,131.39999,.191,.0018,.0014,1,0,23.02440723562372
0,28,62,0,3.8,23.6,.0702517592561259,1.066872219638103,254.60001,.25460002,.0018,0,1,0,23.02440723562372
0,29,62,0,3.4,2.8,.0177215114861914,.6905208315333633,211.39999,.2122,.00020000001,0,1,0,23.02440723562372
0,32,62,0,13.2,22.6,.1443918983743933,3.280272492702722,155.60001,.3152,.43820003,.041200001,1,0,23.02440723562372
0,33,62,0,0,,2.572120152286801,.3857492503132417,21.333334,.021333333,0,0,1,0,23.02440723562372
0,34,62,0,2,4.1999998,.0321985216511585,.5699842479306304,85.800003,.0858,.00080000004,.00020000001,1,0,23.02440723562372
1,35,62,0,6.8,49.599998,1.028058849376631,3.303603537897156,351,.35100001,.30879998,.0076000001,1,0,23.02440723562372
0,36,62,0,8.800000000000001,12.2,.5222130833912297,2.030015742918708,301.39999,.33160001,.0070000002,.0048000002,1,0,23.02440723562372
0,37,62,0,19.2,113,6.141191068986521,8.198772172549868,313.39999,.33239999,4.1327996,.20019999,1,0,23.02440723562372
0,38,62,0,6.4,16.200001,.3957884492285193,1.430436606573652,470.60001,.50400001,.0266,.0040000002,1,0,23.02440723562372
1,39,62,0,7.4,36.400002,.5785134223869525,3.026753511878485,583,.58420002,1.1932,.0506,1,0,23.02440723562372
0,41,62,0,1,0,.8003756298359204,.3038274540120774,18.6,.0186,0,0,1,0,23.02440723562372
0,42,62,0,21.8,55.400002,.2190486655561532,7.311871329866992,2338.3999,2.3383999,.0049999999,.00080000004,1,0,23.02440723562372
0,44,62,0,4.8,13.8,.135117601813068,1.89680167006154,183.8,.42979997,.0174,.0078000003,1,0,23.02440723562372
0,45,62,0,2.8,4,.0215313276639275,.6424500445716725,91.800003,.1008,.0174,.0078000003,1,0,23.02440723562372
0,46,62,0,0,4.6666665,0,,0,0,0,0,1,0,23.02440723562372
0,47,62,0,0,,.1194925912786261,.6358522418987556,,0,.0016000001,0,1,0,23.02440723562372
0,48,62,0,3.4,8.1999998,.299248586014987,.9703576075005234,351,.35100001,.0132,.0012000001,1,0,23.02440723562372
0,49,62,0,3.2,20,.2008676512995889,2.45313558000869,258.20001,.4122,.0026,0,1,0,23.02440723562372
0,50,62,0,2,9.6000004,2.375990612146058,2.762750579568488,9,.0089999996,0,0,1,0,23.02440723562372
0,56,62,0,14.8,41.200001,.2465471593991116,5.811789266885802,1840,1.84,.047400001,.0088,1,0,23.02440723562372
0,3,63,0,7.2,11.4,.0466295201183971,.079353444719458,,0,0,.0014,1,0,.6303147165226128
0,10,63,0,0,,0,,25,.025,.001,0,1,0,.6303147165226128
0,20,63,0,1,1.8,0,,,0,.003,.00060000003,1,0,.6303147165226128
0,23,63,0,5,7,.0114416475947595,0,,0,.001,.00040000002,1,0,.6303147165226128
0,25,63,0,0,,0,,17.6,.0176,.0018,.00060000003,1,0,.6303147165226128
0,28,63,0,0,,.6750077031516248,.3056557695529788,66.199997,.066199996,.00060000003,0,1,0,.6303147165226128
0,29,63,0,1,0,0,,,0,0,0,1,0,.6303147165226128
0,36,63,0,1,2.5999999,0,,,0,.00020000001,.00020000001,1,0,.6303147165226128
0,38,63,0,1,2.5999999,0,,,0,.0040000002,.0049999999,1,0,.6303147165226128
0,41,63,0,1,0,0,,268,.26800001,0,0,1,0,.6303147165226128
0,42,63,0,18.4,39.200001,.7583870092649589,3.440383943995932,1496.8,1.4968001,0,.00020000001,1,0,.6303147165226128
0,43,63,0,0,,0,,4.6666665,.0046666665,0,0,1,0,.6303147165226128
0,48,63,0,2,2.5999999,0,,,0,.0040000002,.0016000001,1,0,.6303147165226128
0,49,63,0,0,,0,.0308924485058506,,0,0,0,1,0,.6303147165226128
0,50,63,0,2.6,13.2,.8737329038535323,4.976611009860673,1401.6,1.4016,0,0,1,0,.6303147165226128
0,56,63,0,16.4,45.599998,1.634684533105095,4.03038175362854,1358,1.358,.022,.0055999998,1,0,.6303147165226128
0,3,64,1,4.4,39.200001,.6375885727586487,.9793923329936546,622,.62199998,.003,.0032000002,1,1,26.31207442120727
0,4,64,1,5.2,11.6,.180679035449649,1.249202979246333,129.8,.1832,.0012000001,.00080000004,1,1,26.31207442120727
1,5,64,1,10.8,16,.0651570574582938,1.973182033783851,1118,1.482,.0134,.0044,1,1,26.31207442120727
0,7,64,1,23,66,.6693864899983594,3.129737978687082,1722,1.722,.0134,.0044,1,1,26.31207442120727
0,10,64,0,8,19.4,.3444842588871498,2.232960631631228,1727,1.727,.010600001,.0014,1,0,26.31207442120727
0,12,64,0,26,135.2,4.575921615588959,10.27395997853281,897.59998,1.1911999,7.5327997,.2368,1,0,26.31207442120727
0,13,64,0,20.8,140.2,4.239927048156703,8.926774207741207,825.79999,.90380001,4.3913999,.1506,1,0,26.31207442120727
0,14,64,0,6,23,1.179359722781836,1.784845305759911,693.59998,.6936,.00060000003,.00020000001,1,0,26.31207442120727
0,17,64,0,23.4,77.800003,2.779047352260938,4.747457555689333,860.40002,.95140004,.0154,.0027999999,1,0,26.31207442120727
0,18,64,0,.8,1,0,.1808492520958385,61.400002,.061799999,.0012000001,.00020000001,1,0,26.31207442120727
0,20,64,0,7.6,30.799999,.5675698877448451,2.513357654516316,488.79999,.75279999,.020399999,.0016000001,1,0,26.31207442120727
0,21,64,0,21.6,134.39999,4.117882386258401,7.389049960654536,668.20001,.66820002,1.0476,.069400005,1,0,26.31207442120727
0,22,64,0,17.6,43.799999,.2025860372220281,4.399075763087613,1591.8,2.4008,.0134,.0044,1,0,26.31207442120727
1,23,64,1,19,41.799999,.9668965322989023,4.668482099404368,1184.2,1.4246,.0196,.0061999997,1,1,26.31207442120727
0,25,64,0,10.4,39.200001,1.261608182043427,2.268511405412902,1004,1.0532,.20999999,.0126,1,0,26.31207442120727
0,27,64,0,2,2.4000001,0,.3444779985758663,58.799999,.069800004,.0012000001,.00020000001,1,0,26.31207442120727
0,28,64,0,0,0,.3086580412040066,1.029462411075744,523.79999,.52380002,.0035999999,.0012000001,1,0,26.31207442120727
0,29,64,0,6.2,25.4,1.250879120659837,1.827035936788899,843.59998,.84359998,0,0,1,0,26.31207442120727
0,32,64,0,23,42,.5175174672392456,3.129052832706274,504.60001,.67019999,.2904,.025799999,1,0,26.31207442120727
0,33,64,0,0,.75,9.625770764144656,5.725122528321858,22,.022,0,0,1,0,26.31207442120727
0,34,64,0,2.8,5,.0748603727207117,.6658340454702566,367.20001,.36720002,.00060000003,0,1,0,26.31207442120727
1,35,64,0,10.2,69.599998,1.244047234924721,5.13487942000952,995.20001,.99520004,.34239998,.0080000004,1,0,26.31207442120727
0,36,64,0,8,20.799999,.681530256675299,1.221987744974546,826.59998,.82659996,.0089999996,.0058000004,1,0,26.31207442120727
0,37,64,0,28,139.39999,5.181858943035431,7.481921012103075,432.20001,.45320001,5.0452003,.2454,1,0,26.31207442120727
0,38,64,0,22.2,77.599998,1.668854190984428,5.439898411900041,2002.6,2.0026,.047400001,.0126,1,0,26.31207442120727
0,39,64,1,16.2,54.799999,.533448340373875,3.350988281103643,1398.8,1.3988,.67180002,.033199999,1,1,26.31207442120727
0,40,64,0,0,,0,,44.333332,.044333331,.0086666672,.0013333333,1,0,26.31207442120727
0,41,64,0,0,1.4,2.228144107293816,2.015664433938126,11,.011,0,0,1,0,26.31207442120727
0,42,64,0,22.4,80.599998,.1593003600688402,6.875672180293606,3318.3999,3.3183999,.010199999,.0012000001,1,0,26.31207442120727
0,43,64,0,11.6,32.799999,.9658349975167214,5.198704031989589,483.79999,.48379999,0,0,1,0,26.31207442120727
0,44,64,0,10.8,30.4,.3020719853706704,2.745068850719414,532.59998,.69659996,.0134,.0044,1,0,26.31207442120727
0,45,64,0,.5,1,0,.1414709207431616,52.5,.056249999,.0125,.0047499998,1,0,26.31207442120727
0,46,64,0,.8,1.2,0,.1811474960836232,.80000001,.0096000005,0,0,1,0,26.31207442120727
0,47,64,0,.8,2.8,0,,399,.39899999,.0034,.00020000001,1,0,26.31207442120727
0,48,64,1,8.6,21.200001,.0900100608593436,2.31939542646792,875.59998,1.125,.051400002,.0035999999,1,1,26.31207442120727
0,49,64,0,0,4,.0922089628781662,1.08608902480347,34.599998,.155,.0018,0,1,0,26.31207442120727
0,50,64,0,0,3.4000001,3.959629045074037,7.051244788370957,38.5,.0385,0,0,1,0,26.31207442120727
0,52,64,0,0,0,0,,,0,0,0,1,0,26.31207442120727
0,56,64,0,28.8,80.400002,.6173086945298381,7.62844219255523,2865.8,2.8782001,.1098,.0146,1,0,26.31207442120727
0,3,65,0,2.6,3.4000001,.0016483516478657,.9229666765747778,67.800003,.0678,.00080000004,.00020000001,1,0,28.54978135723075
0,4,65,0,4.4,4,.0383262563937283,.721416552931136,7,.0296,0,.00020000001,1,0,28.54978135723075
0,5,65,0,8.4,17,.4591462377745152,1.73705060057238,315,1.0374,.0016000001,.0022,1,0,28.54978135723075
0,7,65,0,8.199999999999999,10.8,.2191391234804018,1.203795576311036,132.60001,.13260001,.0016000001,.0022,1,0,28.54978135723075
0,10,65,0,1.4,1.8,0,.2096252061334239,119.2,.1192,.0055999998,.00080000004,1,0,28.54978135723075
0,11,65,0,1.2,1,0,,,0,0,0,1,0,28.54978135723075
0,12,65,1,16.2,85,3.677798391346579,7.984732931205141,612.59998,.84940004,4.8806,.1584,1,1,28.54978135723075
0,13,65,1,22,140.60001,4.236394292092457,8.455067661316214,416,.46900001,5.4903998,.16860001,1,1,28.54978135723075
0,14,65,0,2,2.8,0,,445.20001,.44520003,.00040000002,0,1,0,28.54978135723075
0,15,65,0,19.4,131.60001,4.175828172678596,9.527245044954663,620.59998,.62620002,.31400001,.0262,1,0,28.54978135723075
0,17,65,0,7.4,19.799999,1.031167318234695,6.961874634587645,291.60001,.30879998,.017000001,.0041999999,1,0,28.54978135723075
0,18,65,0,15.4,25.799999,.3260664342448072,3.325509267830388,135.60001,.2174,.00040000002,.00080000004,1,0,28.54978135723075
0,20,65,0,8.800000000000001,14,.2283332251386604,1.683546562002695,210.39999,.42460001,.0024000001,.00020000001,1,0,28.54978135723075
0,21,65,0,9.4,28.799999,.9799918286509501,2.698968642648232,141,.141,.29860002,.0288,1,0,28.54978135723075
0,22,65,0,13.6,24.200001,.4787588148553709,2.82357031066753,356.60001,1.3216,.0016000001,.0022,1,0,28.54978135723075
0,23,65,0,16.8,24.200001,.3819111457480614,2.66035633413602,247.2,.3362,.0080000004,.0018,1,0,28.54978135723075
0,25,65,0,17.4,107.2,3.544291804484211,8.578780226456873,1372.8,1.4002,.2656,.011,1,0,28.54978135723075
0,26,65,0,0,1,.1327236219630781,3.119231550830751,299.20001,.2992,0,0,1,0,28.54978135723075
0,27,65,0,1.8,1.2,0,,0,.025600001,.00040000002,.00080000004,1,0,28.54978135723075
0,28,65,0,1.2,0,0,,,0,.0012000001,0,1,0,28.54978135723075
0,29,65,0,2.8,2.2,.0005494505492886,.5617627769506753,150.2,.19499999,0,0,1,0,28.54978135723075
1,31,65,1,31,314.60001,22.05568309365477,17.25210441852581,1156.4,1.1564,1.462,.1054,1,1,28.54978135723075
0,32,65,0,20.8,45.200001,.4183932613347825,4.469636072675516,315,.64240003,.41679999,.039000001,1,0,28.54978135723075
0,33,65,0,2.2,0,.024409719209387,.6792609168346637,,0,0,0,1,0,28.54978135723075
0,34,65,0,4,4.8000002,.1790257833911326,.4345296710680411,41.599998,.086800002,.00060000003,.0012000001,1,0,28.54978135723075
1,35,65,0,4.4,41.799999,.196766900150237,2.573705834263524,366.20001,.3662,.19960001,.0112,1,0,28.54978135723075
0,36,65,0,4.4,6.8000002,.0022247266099802,1.314255703933434,85.800003,.094800003,.0020000001,.001,1,0,28.54978135723075
0,37,65,1,29.8,175.39999,6.109095718077181,10.72515679317191,365.39999,.37459999,5.6872001,.27739999,1,1,28.54978135723075
0,38,65,0,6.4,9.6000004,.1472179609734191,2.286497479378006,491,.491,.015600001,.0032000002,1,0,28.54978135723075
0,39,65,0,9,50.200001,1.676698070450745,1.733482223398077,313.39999,.3134,.2438,.018200001,1,0,28.54978135723075
0,41,65,0,1.75,3.5,0,.2244903322109592,,0,0,0,1,0,28.54978135723075
0,42,65,0,18.4,70.599998,.1873029454423209,3.898958336402225,1520.4,1.5204,.0052,.00060000003,1,0,28.54978135723075
0,44,65,0,6.4,8.6000004,.0068681318661073,1.161659884304346,126.4,.1762,.0016000001,.0022,1,0,28.54978135723075
0,45,65,0,1.8,2.8,.0547716656051136,.4201088514742056,39.400002,.039999999,.0016000001,.0022,1,0,28.54978135723075
0,48,65,0,8.4,20.4,0,,729,.89880002,.0099999998,.001,1,0,28.54978135723075
0,49,65,0,2.2,11,.0695295985002509,1.53405264223847,140.39999,.20439999,0,0,1,0,28.54978135723075
0,50,65,0,.2,34.599998,.1714298321797677,1.82975901374411,0,.0038000001,0,0,1,0,28.54978135723075
0,55,65,0,0,,0,,188.2,.1882,0,0,1,0,28.54978135723075
0,56,65,0,25.4,123.8,1.638989167871875,12.89793020471329,3766.6001,3.8308001,.044400003,.0078000003,1,0,28.54978135723075
0,3,66,0,3,17.4,0,1.10270270262,7.8000002,.0078000003,.00020000001,.00080000004,1,0,11.73363343036382
0,4,66,0,3,7.1999998,.3289857926459566,1.176900643749612,6,.055400003,0,.00020000001,1,0,11.73363343036382
0,5,66,0,5.6,10.4,.0522890954572816,1.325066369113925,263.20001,.4984,.0018,.0020000001,1,0,11.73363343036382
0,7,66,0,4,5.5999999,.040586557228384,1.041758468233674,36.799999,.036800001,.0018,.0020000001,1,0,11.73363343036382
0,10,66,0,5.2,10.6,.1352716240628499,.8147503219720891,405.20001,.4052,.0032000002,0,1,0,11.73363343036382
0,12,66,1,26.4,118.2,3.097641558500893,9.888696994255023,784,.9878,2.6561999,.169,1,1,11.73363343036382
0,13,66,0,18.8,143,3.213573508835401,9.041195201770877,561.20001,.59540004,1.926,.1128,1,0,11.73363343036382
0,14,66,0,0,0,0,,,0,0,0,1,0,11.73363343036382
0,15,66,0,0,,0,,0,0,.26520002,.0152,1,0,11.73363343036382
0,16,66,0,5.4,28.799999,1.090010810580139,1.743019238757795,467.60001,.46760002,.1288,.0074,1,0,11.73363343036382
0,17,66,0,5.4,15,.165024978797373,1.953483688904329,926.20001,.92620003,.0060000001,.0016000001,1,0,11.73363343036382
0,18,66,0,9.4,17.200001,.3393725362072231,1.616802638860114,81.800003,.1136,.00040000002,.001,1,0,11.73363343036382
0,20,66,0,7.2,31.200001,.9472863983576724,1.904945955332481,284.60001,.4192,.0041999999,.0014,1,0,11.73363343036382
0,21,66,0,7.2,31.200001,.707195186071455,2.444828109017898,153.8,.1538,.2784,.0262,1,0,11.73363343036382
0,22,66,0,12.6,61,1.355512307538874,3.286816566299365,597.20001,.963,.0018,.0020000001,1,0,11.73363343036382
0,23,66,0,15,36.400002,.7075246221842302,2.628240805106873,376,.69520003,.0041999999,.0012000001,1,0,11.73363343036382
0,25,66,0,13,35.200001,.4633252888941289,3.356365487208485,750.59998,.7798,.1042,.0076000001,1,0,11.73363343036382
0,26,66,0,0,,0,1.935071272519117,,0,0,0,1,0,11.73363343036382
0,28,66,0,1,2.2,0,.1527679325796923,92.199997,.092199996,.00020000001,.00060000003,1,0,11.73363343036382
0,29,66,0,3.2,3.8,0,.6301105583671787,209.2,.2164,0,0,1,0,11.73363343036382
0,31,66,0,2,10,0,1.195675675586,161.2,.1612,.51480001,.027799999,1,0,11.73363343036382
0,32,66,0,17.6,33.599998,.4073711473181502,3.571629382943048,257.79999,.39820001,.1948,.0242,1,0,11.73363343036382
0,33,66,0,1.2,10.4,0,.7362162161610001,36.200001,.036200002,0,0,1,0,11.73363343036382
0,34,66,0,.2,2.5999999,.1289893180637097,.0932537741807922,,0,0,0,1,0,11.73363343036382
0,35,66,0,4,27.4,.169841243438326,2.075336221272637,293,.29300001,.14399999,.0134,1,0,11.73363343036382
0,36,66,0,6,11.2,.1192634538980376,1.016521190746305,153.2,.219,.0020000001,.0012000001,1,0,11.73363343036382
0,37,66,0,21.4,155.39999,8.123382036014995,8.943638340226171,433,.45640001,4.1389999,.213,1,0,11.73363343036382
0,38,66,0,5.8,10.6,.2160557825498477,.9933525771051739,630.40002,.6304,.012399999,.0027999999,1,0,11.73363343036382
1,39,66,0,13,63.599998,1.328154272941413,3.713039729593943,648,.648,.28920001,.033599999,1,0,11.73363343036382
0,40,66,0,0,0,0,,3.5999999,.0035999999,.00060000003,0,1,0,11.73363343036382
0,41,66,0,1.8,4.4000001,0,.329729729705,0,0,0,0,1,0,11.73363343036382
0,42,66,0,17.8,58.400002,.0989184243997652,4.420723138747153,1494.6,1.4945999,.0026,.00080000004,1,0,11.73363343036382
0,44,66,0,6.2,10.4,.0294994682893503,1.336757767604567,170.39999,.25099999,.0018,.0020000001,1,0,11.73363343036382
0,45,66,0,3,4,.0434477415445447,.6964196317136223,63.799999,.0744,.0018,.0020000001,1,0,11.73363343036382
0,47,66,0,1.2,2.5999999,0,.109189189181,,0,.0012000001,0,1,0,11.73363343036382
0,48,66,0,7,38,1.127290604564638,1.566239657064601,591.40002,.67620003,.0166,.0040000002,1,0,11.73363343036382
0,49,66,0,5.4,24,.5093359205527804,2.810108532231307,598.20001,.88959998,.00080000004,0,1,0,11.73363343036382
0,50,66,0,0,.33333334,.0541011351250355,1.013101018742806,,0,0,0,1,0,11.73363343036382
0,53,66,0,0,,0,.004324324324,,0,.0089999996,.0020000001,1,0,11.73363343036382
0,56,66,0,15.8,51.799999,.5166177238961812,5.171729149144301,1546.4,1.6128,.0164,.0040000002,1,0,11.73363343036382
0,1,67,0,1.8,10,0,,,0,0,0,1,0,19.95966682863337
0,2,67,0,28.8,154.60001,5.807958772583299,11.85589651281093,805.79999,.80579996,.89559996,.062600002,1,0,19.95966682863337
0,3,67,0,1,6.8000002,.0064666266849526,.3131659979009288,59.400002,.0594,.0027999999,.0014,1,0,19.95966682863337
0,4,67,0,3.6,9,.0064050987044612,.7893293936819421,19.799999,.1472,.00060000003,0,1,0,19.95966682863337
0,5,67,0,5.4,12.6,.0181562396640713,1.919552702543124,234.39999,.523,.001,.0022,1,0,19.95966682863337
0,7,67,0,9.4,11.4,.239699617254123,1.684392725334431,167,.167,.001,.0022,1,0,19.95966682863337
0,10,67,0,2.2,2.8,.1393731825163256,.662283713071753,160.8,.16080001,.0016000001,.00060000003,1,0,19.95966682863337
1,12,67,1,28.2,169.60001,6.745304463206238,13.4187968304632,1119,1.24,8.2894001,.31400001,1,1,19.95966682863337
1,13,67,1,16.2,148.2,3.830185268812937,10.78853217826132,380.60001,.43179998,6.1543999,.16760001,1,1,19.95966682863337
0,17,67,0,5.6,11.8,.2730400619627431,1.834895426298661,414,.41979998,.011399999,.003,1,0,19.95966682863337
0,18,67,0,12.6,22.799999,.389461026082619,3.307085243137916,262.60001,.28839999,.00080000004,.0027999999,1,0,19.95966682863337
0,19,67,0,18.4,101.4,3.902974294304669,8.746903005846516,521.20001,.5212,.2068,.033,1,0,19.95966682863337
0,20,67,0,6.6,19.200001,.4993579444318175,2.158249383421604,328.20001,.35600001,.0146,.001,1,0,19.95966682863337
0,21,67,0,17.4,60.599998,1.677487186681513,6.035412451488091,211.8,.21180001,1.515,.056599997,1,0,19.95966682863337
1,22,67,0,12.8,25.4,.1616471539245148,3.505973232754847,526.20001,1.0846,.001,.0022,1,0,19.95966682863337
1,23,67,0,13.8,44.200001,.6210925508990482,4.290360701259882,500.79999,.5988,.0286,.0052,1,0,19.95966682863337
0,25,67,0,3.4,2.2,.1760377963872008,.7588132578634179,488.79999,.49599999,.048599999,.0046000001,1,0,19.95966682863337
0,27,67,0,1,0,0,,,0,.00066666666,.0040000002,1,0,19.95966682863337
0,28,67,0,6.2,7,.1244432190477424,1.233067999637727,381.79999,.3818,.00060000003,.00020000001,1,0,19.95966682863337
0,29,67,0,2,3.4000001,.063474784866866,.520610426916617,143.2,.1434,.00020000001,0,1,0,19.95966682863337
0,30,67,0,2,4.1999998,.9931539198783353,1.893050171235085,,0,0,0,1,0,19.95966682863337
0,31,67,0,1,0,0,,,0,.81759995,.0414,1,0,19.95966682863337
0,32,67,0,19.2,42.799999,.6917139767196999,4.300628168099759,260,.3976,.4524,.032000002,1,0,19.95966682863337
0,33,67,0,0,,.0274986798035431,.2809894602705368,,0,0,0,1,0,19.95966682863337
0,34,67,0,1.8,2.5999999,.0688186266574065,.3457336990364113,66.800003,.066800006,.00060000003,.00020000001,1,0,19.95966682863337
0,36,67,0,8.800000000000001,8.3999996,.0154469345104165,.8106255478762826,143.2,.1532,.0066,.0034,1,0,19.95966682863337
0,37,67,1,24.4,148.2,3.973482102275707,12.51716828474661,472.79999,.491,4.6283998,.24460001,1,1,19.95966682863337
0,38,67,0,5.2,3.5999999,.0227558214166823,.8761841617160271,246,.27079999,.0154,.0026,1,0,19.95966682863337
0,39,67,0,8.199999999999999,32,.5043952785615383,2.86929402546367,479.39999,.47939998,.3646,.029200001,1,0,19.95966682863337
0,41,67,0,0,3,.0765410330940124,1.816831946825462,9.6000004,.0096000005,0,0,1,0,19.95966682863337
0,42,67,0,23.4,58.599998,.6871004547815928,7.283911283889994,2382.6001,2.3826001,.0026,.0014,1,0,19.95966682863337
0,43,67,0,.8,3.5999999,0,,,0,0,0,1,0,19.95966682863337
0,44,67,0,6,6.1999998,.0555175616836164,2.50317151917689,125.4,.32679999,.001,.0022,1,0,19.95966682863337
0,45,67,0,2.8,4.4000001,.0162481625175737,1.316017612398735,72.400002,.082599998,.001,.0022,1,0,19.95966682863337
0,47,67,0,1,2.2,0,,,0,.00060000003,0,1,0,19.95966682863337
0,48,67,0,8.199999999999999,39,.4256118731144776,2.038164327336154,1388,1.3944,.023,.0024000001,1,0,19.95966682863337
0,49,67,0,2,6.8000002,.0159765703872579,1.207485714741592,454.20001,.54979998,.00020000001,.00020000001,1,0,19.95966682863337
0,50,67,0,0,4.8000002,.077230978113302,.4441813205409854,2,.013,0,0,1,0,19.95966682863337
0,56,67,0,20.4,108.4,.7938055661041193,8.40900077029807,2477.6001,2.4776001,.0274,.0078000003,1,0,19.95966682863337
0,3,68,0,2,2.8,1.757524925285376,13.95493720891501,141.8,.1418,.0024000001,.0027999999,1,0,20.88850754957999
0,4,68,0,3,4,1.093307220872697,4.341604620448475,20,.060400002,.00060000003,0,1,0,20.88850754957999
0,5,68,0,12.4,20,.0388129621931724,.2468026142614085,822.59998,1.4524,.0092000002,.0034,1,0,20.88850754957999
0,7,68,0,7.4,16.6,0,0,444.79999,.44479999,.0092000002,.0034,1,0,20.88850754957999
0,10,68,0,0,,.0004395604394309,1.268163763952485,304,.30399999,.0032000002,.00040000002,1,0,20.88850754957999
0,12,68,1,27,109.4,3.705085245344176,12.98898044534171,837,1.0488,6.2914,.21880001,1,1,20.88850754957999
0,13,68,1,14.2,106.4,5.967418642481876,6.985451496686352,614.59998,.6864,2.8731999,.13160001,1,1,20.88850754957999
0,14,68,0,2.2,5.5999999,0,0,,0,0,.00040000002,1,0,20.88850754957999
0,17,68,0,14.4,28.4,.6078411548346351,5.776110489019405,2029.8,2.0324001,.0112,.0032000002,1,0,20.88850754957999
0,18,68,0,4.4,9.3999996,.2389728893648976,1.18301711505814,87.800003,.2288,.00060000003,.00060000003,1,0,20.88850754957999
0,20,68,0,12.8,25,.3628260313798268,3.130113569344431,430.39999,.5248,.020200001,.0034,1,0,20.88850754957999
0,21,68,0,14.8,55.599998,2.122986687594667,5.593816342287543,303,.303,.8082,.054599997,1,0,20.88850754957999
0,22,68,0,19,28.799999,0,0,1439.2,2.8912001,.0092000002,.0034,1,0,20.88850754957999
0,23,68,1,15.6,65.199997,3.242477625430619,4.708584665402389,659.20001,.92900002,.0186,.0046000001,1,1,20.88850754957999
0,25,68,0,9.6,27.799999,.5375564496429472,4.029460282026166,1152.8,1.1694,.16419999,.0136,1,0,20.88850754957999
0,27,68,0,5.8,7.4000001,.202444445372892,1.197651134125026,36.200001,.18099999,.00060000003,.00060000003,1,0,20.88850754957999
0,28,68,0,4.4,22.200001,0,,386.60001,.38660002,.001,.001,1,0,20.88850754957999
0,29,68,0,8.4,16.6,0,0,767.40002,.9296,0,.00020000001,1,0,20.88850754957999
0,32,68,0,19.8,31,.3855545986352257,4.447526079198409,420.39999,.93800002,.16160001,.0208,1,0,20.88850754957999
0,33,68,0,5,40.599998,0,.0334154491751481,1,.001,0,0,1,0,20.88850754957999
0,34,68,0,3.4,2.8,.0039503385994864,.1133270168943311,216,.30220002,.00060000003,.00060000003,1,0,20.88850754957999
1,35,68,0,9.6,61.799999,3.896571021747147,9.046191282963674,671.59998,.67159998,.16160001,.0066,1,0,20.88850754957999
0,36,68,1,6.8,10.4,.1016416331652376,2.028767432098318,703,.77240002,.013,.0041999999,1,1,20.88850754957999
0,37,68,0,24.4,120.2,5.309837593778668,13.14205442328739,362,.43439999,5.5370002,.26120001,1,0,20.88850754957999
0,38,68,1,30.2,53,.0906623106501976,.233513513496,1613.2,1.6131999,.023600001,.0035999999,1,1,20.88850754957999
0,39,68,0,16.4,39.599998,.4796701088643149,3.98425528283949,595,.59500003,.3502,.023600001,1,0,20.88850754957999
1,42,68,0,31.6,87.599998,.8178693846256172,10.44104119064405,4085.8,4.0858002,.0154,.0012000001,1,0,20.88850754957999
0,44,68,0,8,18.4,0,0,554.40002,.76520002,.0092000002,.0034,1,0,20.88850754957999
0,45,68,0,3.333333333333333,5,0,,83.199997,.092800006,.0092000002,.0034,1,0,20.88850754957999
0,46,68,0,4.6,3.5999999,0,.0098901098871945,0,.65820003,0,0,1,0,20.88850754957999
0,47,68,0,0,,0,.0208791208729661,,0,0,0,1,0,20.88850754957999
0,48,68,0,0,,1.472395968874785,8.03080324406552,1418.2,1.5494,.014,.003,1,0,20.88850754957999
0,49,68,0,5.6,16,.2657652380402766,3.665522291129347,748.40002,1.217,.00020000001,0,1,0,20.88850754957999
0,50,68,0,0,.5,0,0,21.75,.021749999,0,0,1,0,20.88850754957999
1,56,68,0,41,140.8,3.509683347118502,14.41332377054679,4667.6001,4.6987996,.082999997,.016000001,1,0,20.88850754957999
0,3,69,0,2,13.4,.3853096475472897,.8004509140364729,454.79999,.45479998,.00060000003,.00040000002,1,0,9.648683145654168
0,4,69,0,2,2.4000001,.0006864988556856,.3848488472439252,49,.088199995,.00020000001,.00040000002,1,0,9.648683145654168
0,5,69,0,6.2,14.4,.0794158473324407,2.166317396705696,1164.4,1.4571999,.021,.0044,1,0,9.648683145654168
0,7,69,0,5.4,10.2,.289914411570924,.7438115037616192,283.20001,.28320003,.021,.0044,1,0,9.648683145654168
0,10,69,0,2.8,2.5999999,.0009153318075808,.4865952459998769,22,.022,.0012000001,.00060000003,1,0,9.648683145654168
0,12,69,0,27,185.2,6.76400041678959,11.2939262547196,1126.2,1.263,6.9638,.21519999,1,0,9.648683145654168
0,13,69,0,14.8,111.2,1.964496233653977,9.097339489153196,645.20001,.68199998,2.6924,.083800003,1,0,9.648683145654168
0,14,69,0,0,,0,.0594338007052678,,0,0,0,1,0,9.648683145654168
0,17,69,0,4.4,17,.2342392721117611,1.389491104558566,634.79999,.64779997,.011,.00060000003,1,0,9.648683145654168
0,20,69,0,3.6,5.4000001,.0249583110114811,1.057595954147101,172.2,.2304,.0038000001,.00020000001,1,0,9.648683145654168
0,21,69,0,0,0,.0120820371822181,.0049411517029864,,0,.1338,.0032000002,1,0,9.648683145654168
0,22,69,0,9.800000000000001,26.6,.2133882115253497,2.49450655038243,2693.3999,3.0922,.021,.0044,1,0,9.648683145654168
0,23,69,0,8.199999999999999,20.799999,.4270862712886339,2.226659865865983,1066.2,1.1868,.0044,.00060000003,1,0,9.648683145654168
0,24,69,0,0,,.0228833134321276,.0180078164507124,,0,.00075000001,0,1,0,9.648683145654168
0,25,69,0,5,18,.2325668091214096,.2907178519268327,330.5,.33050001,.058400001,.0046000001,1,0,9.648683145654168
0,29,69,0,2.4,3.2,.063572293181801,.4236530851399925,305,.30500001,.00040000002,0,1,0,9.648683145654168
0,32,69,0,16.6,24.799999,.1760387761636284,3.275629404754087,628.59998,.69559997,.17739999,.021600001,1,0,9.648683145654168
0,33,69,0,0,,.0267692441706077,.1185884688984228,,0,0,0,1,0,9.648683145654168
0,34,69,0,0,,0,,.25,.00025000001,.00050000002,0,1,0,9.648683145654168
0,35,69,0,7,44.799999,.4384341806310477,4.254018110642622,651.59998,.6516,.48699999,.0146,1,0,9.648683145654168
0,36,69,0,5,7.8000002,.0299072785540133,1.306877253228924,784.20001,.86120003,.0046000001,.0018,1,0,9.648683145654168
0,37,69,0,15.2,62.400002,2.572898757729497,4.908958629798302,384.39999,.40820003,2.0648,.097199999,1,0,9.648683145654168
0,38,69,0,2.6,5.5999999,.0404799440899159,.4284263517881521,3.5,.0035000001,.012399999,.00060000003,1,0,9.648683145654168
0,39,69,0,7.8,32.200001,.9551198193858702,2.490752485249019,408.39999,.4084,.81279999,.0266,1,0,9.648683145654168
0,41,69,0,0,,0,.2329204687764618,,0,0,0,1,0,9.648683145654168
0,42,69,0,13.2,47,.7263993989542612,1.993477480287041,1416.2,1.4161999,.0046000001,.0016000001,1,0,9.648683145654168
0,44,69,0,5.6,20,.1053100134235063,2.21482110577533,632.40002,.85479999,.021,.0044,1,0,9.648683145654168
0,48,69,0,3,13,.150363994550946,1.022334117681683,781.59998,.7816,.0134,.0014,1,0,9.648683145654168
0,49,69,0,1.4,2.4000001,.0129677587568041,.8483967098494757,.40000001,.088800006,0,0,1,0,9.648683145654168
0,50,69,0,0,0,.0205475386084166,.1275605453789043,293.5,.29350001,0,0,1,0,9.648683145654168
0,53,69,0,0,3,0,,,0,.0020000001,0,1,0,9.648683145654168
0,56,69,0,9.6,26.200001,.1019340186495634,2.753348861380663,1128.6,1.1286,.024600001,.0026,1,0,9.648683145654168
0,2,70,0,32.2,117.6,2.291907052799822,19.6972291746985,1229.4,1.2761999,.18539999,.0206,1,0,19.18839969497729
0,3,70,1,0,0,0,,102.8,.1028,.0016000001,.0022,1,1,19.18839969497729
0,4,70,1,2,5,.0195121398850458,.6709814553165308,170.8,.26620001,0,0,1,1,19.18839969497729
0,5,70,0,7.2,18.200001,.2193191202504715,2.456450121889528,897.59998,1.2021999,.0035999999,.0099999998,1,0,19.18839969497729
0,7,70,0,12.2,33.599998,.6668543979377529,3.983414265333608,1100.2,1.1001999,.0035999999,.0099999998,1,0,19.18839969497729
0,10,70,0,3.4,8.1999998,.053706194237371,.7757515848575237,442.79999,.44279999,.0018,.0016000001,1,0,19.18839969497729
0,11,70,0,0,0,0,,,0,0,0,1,0,19.18839969497729
0,12,70,1,24.8,140,4.959559721500487,8.871202691999041,656.20001,.79079998,4.0757999,.1366,1,1,19.18839969497729
0,13,70,1,14.2,95.400002,2.365815962913827,6.674849181753071,387.20001,.43779999,2.2906001,.095600002,1,1,19.18839969497729
0,14,70,0,0,0,0,,165,.16500001,.00020000001,0,1,0,19.18839969497729
0,15,70,0,0,,0,,1.6666666,.0016666666,.075333335,.0043333336,1,0,19.18839969497729
1,17,70,0,16.6,61.599998,1.770820061747284,4.472170819066815,506.20001,.58499998,.0112,.0060000001,1,0,19.18839969497729
0,18,70,0,15.8,29.6,.3325432506911458,3.744874921078214,499,.52279997,.0014,.0026,1,0,19.18839969497729
0,20,70,0,10.2,29.799999,.6680767279943768,2.769824115186648,918.40002,1.104,.0055999998,.0016000001,1,0,19.18839969497729
0,21,70,0,0,0,.505643340734259,0,,0,.162,.022500001,1,0,19.18839969497729
1,22,70,0,23.4,70.400002,2.499562379898781,6.039632952992557,2146.2,2.6589999,.0035999999,.0099999998,1,0,19.18839969497729
1,23,70,1,16.2,59.400002,1.677240955256212,4.010691598696209,1620,1.8940001,.0122,.0076000001,1,1,19.18839969497729
0,25,70,0,16,60.200001,2.087757463112483,4.725322296177847,1034,1.073,.18519999,.022399999,1,0,19.18839969497729
0,26,70,0,0,,0,,1,.001,0,0,1,0,19.18839969497729
0,28,70,0,26,67.800003,.3126087354152708,.6881981885386468,406,.40599999,.0018,.00060000003,1,0,19.18839969497729
0,29,70,0,0,0,1.599813280652061,5.671673976707445,397.79999,.3978,.00040000002,.00040000002,1,0,19.18839969497729
0,30,70,0,0,,0,,31.5,.090000004,0,0,1,0,19.18839969497729
0,32,70,0,26,78.199997,2.66345400418197,5.369090860731369,770.59998,.96179998,.31920001,.049599998,1,0,19.18839969497729
0,33,70,0,3.666666666666667,56.333332,0,,,0,0,0,1,0,19.18839969497729
0,34,70,0,0,0,0,,452.60001,.4526,.001,.00060000003,1,0,19.18839969497729
0,35,70,0,2.333333333333333,12.333333,.1154635287535117,.9201701072149814,32.400002,.032400001,.14819999,.0034,1,0,19.18839969497729
0,36,70,1,5.2,15.4,.2576909546397627,1.69845123103689,646.59998,.67220002,.0040000002,.0048000002,1,1,19.18839969497729
0,37,70,1,25.6,131.39999,5.313626982996166,8.704329598118715,707,.75620002,4.4772,.25659999,1,1,19.18839969497729
0,38,70,1,0,0,0,,50.599998,.0506,.034200002,.0083999997,1,1,19.18839969497729
1,39,70,1,11,34.400002,.8246530999655332,3.240008727525149,806,.80599999,.36700001,.028200001,1,1,19.18839969497729
0,41,70,0,0,1,0,,14.4,.0144,0,0,1,0,19.18839969497729
1,42,70,0,23.2,87.199997,1.24297453570821,6.218126777788295,3107,3.1070001,.0089999996,.0020000001,1,0,19.18839969497729
0,43,70,0,0,,0,,235,.235,0,0,1,0,19.18839969497729
0,44,70,0,6.6,11.6,.0480342086257546,2.637340825170758,668.40002,.85500002,.0035999999,.0099999998,1,0,19.18839969497729
0,45,70,0,7.2,18.200001,.0794079381426245,3.086445412403388,789,.84179997,.0035999999,.0099999998,1,0,19.18839969497729
0,46,70,0,9.6,25.4,.338716545161985,3.235740509825312,22,.97320002,0,0,1,0,19.18839969497729
0,47,70,0,0,,0,,413.66666,.41366667,0,.00033333333,1,0,19.18839969497729
1,48,70,1,13,49.200001,1.595416015491946,3.287725117867311,1110.4,1.1104001,.021799998,.0099999998,1,1,19.18839969497729
0,49,70,0,8.800000000000001,12.4,1.354756277732724,2.351367430939539,374.39999,.8872,.00080000004,0,1,0,19.18839969497729
0,50,70,0,0,17.799999,.0365446238168418,3.332708479641427,1006.4,1.0064,0,0,1,0,19.18839969497729
0,52,70,0,0,0,0,,,0,0,0,1,0,19.18839969497729
0,53,70,0,0,0,0,,1.6666666,.0016666666,.021,.0049999999,1,0,19.18839969497729
1,56,70,0,27,88.599998,3.399601144654599,6.572622060944223,2144.2,2.2509999,.17219999,.032000002,1,0,19.18839969497729
0,3,71,0,12.4,26,.2262591057420035,9.182896634197281,389.79999,.38979998,.00060000003,.00080000004,1,0,21.50190991782564
0,4,71,0,3.4,4.8000002,.0073609989312718,.6517488895886839,53.599998,.1102,.00060000003,0,1,0,21.50190991782564
1,5,71,0,7.2,30.200001,.0031637506935833,2.65776135574447,1451.6,1.9274,.0035999999,.0034,1,0,21.50190991782564
0,7,71,0,7.4,43.400002,.1921278653432631,2.21636421819389,258.39999,.25839999,.0035999999,.0034,1,0,21.50190991782564
0,8,71,0,0,,0,0,,0,.0023333333,.00066666666,1,0,21.50190991782564
0,10,71,0,9.199999999999999,21.799999,.1426108133141626,2.219160779833708,981.20001,.98120004,.025,.0022,1,0,21.50190991782564
0,11,71,0,12.2,4,.0867009698053547,1.916728245958605,94.400002,.2078,0,0,1,0,21.50190991782564
0,12,71,0,23.6,148.2,2.735291684513891,12.06445136032556,1296.6,1.4621999,5.9742002,.17900001,1,0,21.50190991782564
0,13,71,0,20,217.60001,7.632330577966893,12.78539686503444,763,.88099998,6.5679998,.1558,1,0,21.50190991782564
0,14,71,0,2.8,11.2,.2010456639958508,.7393671077548933,453,.45300001,.00040000002,.00060000003,1,0,21.50190991782564
0,15,71,0,0,,0,.0665407845695229,,0,.0515,.0015,1,0,21.50190991782564
0,17,71,0,6.2,30.4,.3677364239920924,2.302037035865312,1058,1.058,.010600001,.0012000001,1,0,21.50190991782564
0,18,71,0,11,13,.3944374795334907,1.644231491076489,159.2,.1868,.001,.00080000004,1,0,21.50190991782564
0,20,71,0,4.4,25.799999,.2507245173334149,2.572369205828359,588,.76159996,.0054000001,.001,1,0,21.50190991782564
0,21,71,0,13.6,46.400002,3.012714765474326,4.781733625497649,423.79999,.42379999,1.1244,.0594,1,0,21.50190991782564
0,22,71,0,8.6,28.6,.5474605858774816,3.043890177922643,1607,2.2688,.0035999999,.0034,1,0,21.50190991782564
0,23,71,0,9,32.400002,.3705918699028438,3.066242750778927,609,.8204,.0089999996,.0041999999,1,0,21.50190991782564
0,24,71,0,0,,0,.0216151577244901,,0,0,0,1,0,21.50190991782564
0,25,71,0,5.4,14.6,.1255311674662839,.3827288520762273,183.2,.197,.048799999,.0034,1,0,21.50190991782564
0,27,71,0,11.2,16.200001,.1592745928701322,2.023555337609363,143,.19060001,.001,.00080000004,1,0,21.50190991782564
0,28,71,0,1.2,2.8,.0093555428742582,.0039503385994864,495.60001,.49560001,.00060000003,.00020000001,1,0,21.50190991782564
0,29,71,0,3,7,.008778469760794,.7742350495520629,452.20001,.45220003,0,0,1,0,21.50190991782564
0,30,71,0,0,,0,0,,0,0,0,1,0,21.50190991782564
0,32,71,0,14.8,38.799999,.407308976163485,3.930891966320158,554.79999,.80240005,.2088,.0266,1,0,21.50190991782564
0,33,71,0,0,,0,.4242033498181303,0,0,0,0,1,0,21.50190991782564
0,34,71,0,21.4,10.6,.5879225396776629,3.540663742148438,427.79999,.54459995,.00060000003,.001,1,0,21.50190991782564
0,35,71,0,4.8,35,.5193786614784248,2.148547341973412,519.79999,.51980001,.41139999,.0083999997,1,0,21.50190991782564
0,36,71,0,5.6,12.2,.2484779650805642,1.813813533159702,400.79999,.47040001,.0034,.0024000001,1,0,21.50190991782564
0,37,71,1,25.6,189.2,7.583466036584005,14.05494838664334,523.20001,.56559998,10.352401,.31299999,1,1,21.50190991782564
0,38,71,0,4.2,16.799999,.2501850513381281,1.314771163465508,1063.8,1.0638001,.022,.003,1,0,21.50190991782564
0,39,71,0,7.8,21.200001,.1434121024695574,1.947167531287546,558.40002,.55840003,.23619999,.0178,1,0,21.50190991782564
0,41,71,0,0,5.4000001,.2573739225721512,1.149867251679582,58.5,.058499999,0,0,1,0,21.50190991782564
0,42,71,0,21.4,67.599998,.1107075388113081,4.41513483921096,2568.3999,2.5683999,.0038000001,.00080000004,1,0,21.50190991782564
0,43,71,0,2.666666666666667,13.333333,1.490922267085187,.0416261891161947,,0,0,0,1,0,21.50190991782564
0,44,71,0,6.6,10.4,.0125395301311224,2.647181037729091,905,1.22,.0035999999,.0034,1,0,21.50190991782564
0,45,71,0,3.4,4.1999998,.0093162514803264,.9243345460753014,218.60001,.23119999,.0035999999,.0034,1,0,21.50190991782564
0,46,71,0,1,3.4000001,0,.1076499706881947,,0,0,0,1,0,21.50190991782564
0,47,71,0,0,,0,.1331828442112557,,0,0,0,1,0,21.50190991782564
0,48,71,0,4,14.8,.1227828125827392,1.181046209138462,896.20001,.9964,.0138,.0027999999,1,0,21.50190991782564
0,49,71,0,8.6,13.4,.1112636933891672,2.961458220913488,720.79999,.9598,.00040000002,0,1,0,21.50190991782564
0,50,71,0,0,,1.392952852350373,2.71085728304486,0,0,0,0,1,0,21.50190991782564
0,55,71,0,0,,0,.0971067143274946,,0,0,0,1,0,21.50190991782564
0,56,71,0,19.6,72,.4811939564791028,5.779074702240462,2785.6001,2.7856002,.023600001,.0049999999,1,0,21.50190991782564
0,3,72,0,1.2,1.8,.0085812356960696,.1480745107152959,6.1999998,.0061999997,.00020000001,.00080000004,1,0,25.91807734406447
0,4,72,0,3,3,.0011102170138019,.7435182499295543,6.8000002,.074199997,0,0,1,0,25.91807734406447
0,5,72,0,3.6,8.6000004,.0039503385994864,1.236774183835956,197.60001,.92559999,.0014,.00060000003,1,0,25.91807734406447
0,7,72,0,7,12,.2750630074455254,1.535133802743901,136.8,.13680001,.0014,.00060000003,1,0,25.91807734406447
1,12,72,1,22.8,165.39999,9.378883979152222,8.248634391009057,987.40002,1.2414,10.5636,.31779999,1,1,25.91807734406447
0,13,72,1,19.2,140.8,3.520055634437727,7.917590171993123,425.20001,.45899999,4.8866,.1716,1,1,25.91807734406447
0,14,72,0,0,,0,0,,0,0,0,1,0,25.91807734406447
0,16,72,0,0,,0,,0,.001,.24699999,.0060000001,1,0,25.91807734406447
0,17,72,0,5,8.6000004,.0739199418866779,2.150932929113232,516,.51640004,.026000001,.0020000001,1,0,25.91807734406447
0,18,72,0,2,3,.0008241758239329,.3879820795223228,7.8000002,.033,.00020000001,.00020000001,1,0,25.91807734406447
0,20,72,0,7,16.4,.222459463352278,1.913543796502603,280.60001,.4052,.0052,.00040000002,1,0,25.91807734406447
0,21,72,0,8,15,.4953410530025807,1.930476755845732,64.199997,.064199999,.51820004,.028200001,1,0,25.91807734406447
0,22,72,0,10.4,16,.4621955886591231,2.328126705619909,342.79999,1.1696,.0014,.00060000003,1,0,25.91807734406447
0,23,72,0,10.2,10.2,.3272097188478201,1.648243514611673,182,.25060001,.0046000001,.0012000001,1,0,25.91807734406447
0,25,72,0,8.800000000000001,36.599998,.8534648180699124,2.333435917576676,587.79999,.59679997,.088199995,.0060000001,1,0,25.91807734406447
0,27,72,0,15,19.799999,.4639344328940665,2.653781334973754,127.6,.21439999,.00020000001,.00020000001,1,0,25.91807734406447
0,28,72,0,1,1,0,,71.400002,.071400002,.0012000001,0,1,0,25.91807734406447
0,29,72,0,2.8,3.8,.2310243617287475,.4376711416892705,114,.114,.00040000002,0,1,0,25.91807734406447
0,31,72,0,0,,0,,219.8,.21980001,.43599999,.025799999,1,0,25.91807734406447
0,32,72,0,13.6,25,.2593914887231065,3.308904918703395,172.8,.4682,.15899999,.022,1,0,25.91807734406447
0,33,72,0,0,0,.0557031318470859,.1038191704638365,,0,0,0,1,0,25.91807734406447
0,34,72,0,3,5.8000002,.2205395013304808,.727639983183707,78.599998,.18080001,.00020000001,.00020000001,1,0,25.91807734406447
0,35,72,0,5,43.200001,1.06524170617494,2.424014862365752,377.20001,.37720001,.4226,.011,1,0,25.91807734406447
0,36,72,0,3,4.8000002,.028877019139499,.6975027851010841,79.199997,.086000003,.0014,0,1,0,25.91807734406447
0,37,72,0,23.6,155.39999,6.931367079239728,6.033125443631505,526,.54640001,4.204,.20460001,1,0,25.91807734406447
0,38,72,0,2.4,3,.0635958885281609,1.025138645245626,270.39999,.27039999,.047599997,.001,1,0,25.91807734406447
0,39,72,0,9,68.599998,2.339058479029949,2.499447413601653,456,.456,.56640005,.047599997,1,0,25.91807734406447
0,41,72,0,0,0,0,,,0,0,0,1,0,25.91807734406447
0,42,72,0,19.8,49.799999,.1033147491170159,4.48814743871484,1536.2,1.5361999,.0096000005,.00080000004,1,0,25.91807734406447
0,44,72,0,5.2,5.8000002,.0167602669208275,1.214714017023172,64.400002,.1726,.0014,.00060000003,1,0,25.91807734406447
0,45,72,0,1.8,.80000001,.0555282291378672,.5854230188413809,21.799999,.022600001,.0014,.00060000003,1,0,25.91807734406447
0,46,72,0,4.2,5.5999999,.0032967032957315,.9658682434071286,120.4,1.0272,0,0,1,0,25.91807734406447
0,48,72,0,1.4,2,0,,133.60001,.1952,.0046000001,0,1,0,25.91807734406447
0,49,72,0,1.4,4.1999998,.1814080779652246,.9196691689592867,30.6,.13500001,.00020000001,0,1,0,25.91807734406447
0,50,72,0,.2,2.2,0,.2771671978368481,0,.0070000002,0,0,1,0,25.91807734406447
0,51,72,0,0,,0,,44,.044,.012,0,1,0,25.91807734406447
0,56,72,0,13,61.799999,.658354774647148,3.979359233667939,1591.4,1.5918001,.065800004,.0082,1,0,25.91807734406447
0,2,73,0,24.4,137,5.79745157388786,14.89883253147381,381.39999,.40739998,.6038,.0506,1,0,11.3088788731594
0,3,73,0,0,0,0,,41.799999,.0418,.0022,.0020000001,1,0,11.3088788731594
0,4,73,0,2,5.1999998,.2415621352686995,.5523631463118547,6,.032000002,0,.00020000001,1,0,11.3088788731594
1,5,73,1,8,21.200001,.220628391264816,2.559258040872902,494.60001,1.0086,.0096000005,.0016000001,1,1,11.3088788731594
0,7,73,0,2,3,.0997835233476233,.4146878622759591,25,.025,.0096000005,.0016000001,1,0,11.3088788731594
0,11,73,0,1,0,0,,,0,0,0,1,0,11.3088788731594
0,12,73,0,23,85.400002,3.532399318796925,9.253315978527604,571.40002,.85780001,4.5226002,.18560001,1,0,11.3088788731594
0,13,73,0,8,48.799999,.9945480471344156,5.247418193324089,121.4,.20119999,1.2221999,.046,1,0,11.3088788731594
0,14,73,0,2,1.8,.0201122164651972,.5861035740373031,115.8,.1158,.00020000001,.00040000002,1,0,11.3088788731594
0,16,73,0,14.4,56.799999,.6766767041845608,5.383186572551407,1201.4,1.2578001,.3752,.034599997,1,0,11.3088788731594
0,17,73,0,7.2,14.4,.0833408923284571,2.078036610017498,701,.70480001,.0099999998,.0024000001,1,0,11.3088788731594
0,18,73,0,4,2.5999999,.0061130050854676,.5963970678767689,8.8000002,.096000001,.00040000002,.00040000002,1,0,11.3088788731594
0,20,73,0,6.2,9.8000002,.1181504481626212,1.795436571024305,219.8,.28239998,.0099999998,.00060000003,1,0,11.3088788731594
0,21,73,0,3,9.3999996,.2544383875897772,1.288121431640631,38.400002,.038400002,.41859999,.018200001,1,0,11.3088788731594
0,22,73,0,14.2,23.4,.9184255301594889,2.654552122546818,385.20001,1.3839999,.0096000005,.0016000001,1,0,11.3088788731594
0,23,73,0,11.8,28.6,1.026200127820031,1.885516028608054,316,.4612,.0061999997,.001,1,0,11.3088788731594
0,25,73,0,2.2,4.8000002,.0041189931341134,.8027581691156601,0,.022200001,.075199999,.0061999997,1,0,11.3088788731594
0,27,73,0,3,2.5999999,.0024450549440789,.5164511977846816,2,.034200002,.00040000002,.00040000002,1,0,11.3088788731594
0,29,73,0,3.6,2.5999999,.1138252667084686,1.26945577769934,175.2,.27520001,0,0,1,0,11.3088788731594
0,30,73,0,3,20.5,0,,,0,0,0,1,0,11.3088788731594
0,32,73,0,14.4,19.200001,.2078269786598672,2.693190792132914,200.60001,.68800002,.147,.0198,1,0,11.3088788731594
0,34,73,0,4.4,2.5999999,.0114060435371351,1.249180583215707,108.4,.1992,.00040000002,0,1,0,11.3088788731594
0,36,73,0,0,0,.0475953652273375,.6409463755318203,109,.1198,.003,.00020000001,1,0,11.3088788731594
0,37,73,0,14.2,80.199997,3.859671163713347,7.255100844342366,207.39999,.24419999,2.9171999,.1574,1,0,11.3088788731594
0,38,73,0,5.8,11,.3386372893439903,1.198822816259069,334.60001,.33479998,.0178,.0020000001,1,0,11.3088788731594
0,39,73,0,14.4,50.200001,1.603160927972091,3.838219251186839,751.40002,.75140005,.32440001,.0296,1,0,11.3088788731594
0,42,73,0,17.6,49.400002,.246057132089721,4.984036237708165,1702.4,1.7024,.0048000002,.0014,1,0,11.3088788731594
0,44,73,0,6.8,12.2,.1775722676035789,2.092122810703253,255.8,.34540001,.0096000005,.0016000001,1,0,11.3088788731594
0,45,73,0,2,3.2,0,.7083368022197071,58.799999,.066399999,.0096000005,.0016000001,1,0,11.3088788731594
0,46,73,0,3.4,3.4000001,0,.7567508786656643,0,.77179998,0,0,1,0,11.3088788731594
0,48,73,0,5.6,6.4000001,.0761862032599012,1.345078892442897,440.79999,.50420004,.011600001,.0018,1,0,11.3088788731594
0,49,73,0,4.4,6.4000001,.0400729138042551,2.145862148466519,226.2,.59220004,.00060000003,0,1,0,11.3088788731594
0,50,73,1,0,0,0,,,0,0,0,1,1,11.3088788731594
0,56,73,0,15.6,48.599998,.1015774058735674,5.071900346193432,1714.2,1.7354001,.064800002,.0046000001,1,0,11.3088788731594
0,3,76,0,0,0,.002162162162,.2866095614735544,389,.389,0,0,1,0,.2793479534954733
0,5,76,0,1.2,1.2,.001081081081,.1420807890510981,0,.1848,.00040000002,.00080000004,1,0,.2793479534954733
0,8,76,0,22,7,.326486486462,2.849729729516,62,.061999999,0,0,1,0,.2793479534954733
0,10,76,0,1,2,0,.2509721676795891,1,.001,.00020000001,0,1,0,.2793479534954733
0,11,76,0,0,,.0799837656811924,.269801902076176,,0,0,0,1,0,.2793479534954733
0,12,76,0,0,,.0005643340856409,.0260840938536872,573,.648,.0066,.0020000001,1,0,.2793479534954733
0,13,76,0,0,0,.1388989748493372,.3220683542562966,0,.0112,.003,.0012000001,1,0,.2793479534954733
0,17,76,0,7.8,14.4,.1884029213390462,2.466562354628622,341.20001,.39579999,.0014,.00080000004,1,0,.2793479534954733
0,18,76,0,1.8,0,0,.13170168287258,0,.035599999,0,.00020000001,1,0,.2793479534954733
0,20,76,0,.6,2.2,.0026790365383717,.1457219086498261,61.599998,.066800006,.00040000002,.00020000001,1,0,.2793479534954733
0,22,76,0,3.8,6.8000002,.0071199592900736,.480717815648548,0,.4646,.00040000002,.00080000004,1,0,.2793479534954733
0,23,76,0,1.4,2,0,.210355320024718,0,.0043333336,.00040000002,.00040000002,1,0,.2793479534954733
0,24,76,0,.6,0,0,,0,.0284,0,.00020000001,1,0,.2793479534954733
0,25,76,0,0,0,.0051891891888,.0884336078790344,13.8,.0138,0,0,1,0,.2793479534954733
0,26,76,0,13,9,.624864864818,1.749189189058,,0,0,0,1,0,.2793479534954733
0,27,76,0,0,.2,.0010882090880309,.0034181576282318,0,.011,0,.00020000001,1,0,.2793479534954733
0,29,76,0,1,3.8,.0267834867789179,.1805229585123015,205.2,.28260002,0,0,1,0,.2793479534954733
0,30,76,0,3.5,10.5,.6565900410538112,2.340535401140733,,0,0,0,1,0,.2793479534954733
0,31,76,0,0,,0,,33,.033,.0049999999,.001,1,0,.2793479534954733
0,32,76,0,.8,3.4000001,0,.2018330295911961,0,.18239999,.00020000001,0,1,0,.2793479534954733
0,33,76,0,7.2,22.6,.6054954480791396,1.442696342084463,2.3333333,.0023333333,0,0,1,0,.2793479534954733
0,34,76,0,1,2.8,.0019459459458,.3861531484639571,132.60001,.212,0,.00020000001,1,0,.2793479534954733
0,36,76,0,1.6,1.6,.0067392574953738,.2045655728650918,35.5,.036499999,.00020000001,.00060000003,1,0,.2793479534954733
0,37,76,0,0,0,0,.0130548262571037,0,.0086000003,.00040000002,.00040000002,1,0,.2793479534954733
0,38,76,0,0,,0,.0062937051007541,0,.0020000001,.00060000003,.00060000003,1,0,.2793479534954733
0,39,76,0,6,4.8000002,.1786092261767896,.6690514658955469,,0,.0016000001,.0016000001,1,0,.2793479534954733
0,41,76,0,3.8,18.200001,.4109126495419456,1.308634481613284,543.20001,.54320002,0,0,1,0,.2793479534954733
0,42,76,0,6.2,5,.0356714589542672,.8677188773896971,103,.103,0,0,1,0,.2793479534954733
0,47,76,0,6.8,11.2,.2092518872530291,1.046037834524898,555,.6728,.00020000001,0,1,0,.2793479534954733
0,48,76,0,4.8,9,.0605490349546803,.8608564410390754,105,.1082,.0020000001,.00080000004,1,0,.2793479534954733
0,49,76,0,.8,1.6,.0035552482557508,.3650948280630562,.40000001,.13419999,.00040000002,0,1,0,.2793479534954733
0,50,76,0,3,7.5999999,.0720378665091589,.9614078714236628,22.25,.02225,0,0,1,0,.2793479534954733
0,55,76,0,0,,0,,45,.045000002,0,0,1,0,.2793479534954733
0,56,76,0,18.8,27.4,.5309685013029103,2.553090750874987,1887.2,2.1234,.032200001,.0044,1,0,.2793479534954733
0,1,77,0,0,,0,,,0,0,0,1,0,33.33304160162537
0,3,77,0,22.4,75.599998,2.14570390225127,2.022101409839746,723.20001,.72320002,.0027999999,.0024000001,1,0,33.33304160162537
0,4,77,0,4.8,7.4000001,.0235438372596509,1.734544279471263,63.799999,.18280001,.00060000003,.00020000001,1,0,33.33304160162537
1,5,77,0,10.4,38.599998,.7320212619042661,4.166897290517834,795.59998,1.6966,.0118,.0048000002,1,0,33.33304160162537
0,7,77,0,11,20.200001,.7299089150980795,3.757899199368951,524.40002,.52540004,.0118,.0048000002,1,0,33.33304160162537
0,10,77,0,4,15.2,.0967093502296822,1.831667593952496,1039.4,1.0394,.0144,.0020000001,1,0,33.33304160162537
1,12,77,1,32.4,214.60001,6.414196135632293,13.5569296702018,876.20001,1.1668,16.8878,.43739998,1,1,33.33304160162537
1,13,77,1,22.6,186.8,6.552752445520356,15.39021156019021,596.59998,.64240003,6.1799998,.27060002,1,1,33.33304160162537
0,14,77,0,1.666666666666667,7.6666665,.0391876430120513,1.029008700200825,560,.56,.001,.00040000002,1,0,33.33304160162537
1,17,77,0,8,25.799999,1.120784367605658,3.617984537579938,1028.4,1.316,.060400002,.0061999997,1,0,33.33304160162537
0,18,77,0,13.2,28.799999,.5392947449878523,2.849417774216169,115.8,.16680001,.0018,.0012000001,1,0,33.33304160162537
0,19,77,0,0,1,.0823798626822683,0,,0,.102,.00020000001,1,0,33.33304160162537
0,20,77,0,8.800000000000001,40,1.355918246041086,2.54839574821582,797,.96859998,.011399999,.001,1,0,33.33304160162537
0,21,77,0,21.8,101.2,4.834060990920046,8.953426808575356,272.60001,.2726,1.3202,.081,1,0,33.33304160162537
1,22,77,0,13.4,61.400002,2.34989349732611,7.922802417170429,2061.8,3.5039999,.0118,.0048000002,1,0,33.33304160162537
1,23,77,0,32.2,69.400002,2.364794637950637,6.394734757573884,802.79999,.88920003,.057999998,.0086000003,1,0,33.33304160162537
0,25,77,0,12.6,66.800003,1.705706223541476,.783070931464805,1024.2,1.0829999,.2406,.0138,1,0,33.33304160162537
0,27,77,0,13.8,26,.2123124077110365,4.38899687053506,441.20001,.611,.0018,.0012000001,1,0,33.33304160162537
0,28,77,0,12.2,18.799999,0,,532.20001,.53220004,.0018,.00040000002,1,0,33.33304160162537
0,29,77,0,8.5,16,.3919100253605865,2.114495184882348,653,.74359995,.00040000002,0,1,0,33.33304160162537
0,32,77,0,32,49.200001,1.223206589447439,7.469638868068612,774.20001,1.2278,.40779999,.047200002,1,0,33.33304160162537
0,33,77,0,.6666666666666666,10.666667,0,1.545840508389694,6.8000002,.0068000001,0,0,1,0,33.33304160162537
0,34,77,0,1.75,4.5,.0014302059493449,.7560731747259531,250.60001,.32339999,.0012000001,.00040000002,1,0,33.33304160162537
1,35,77,0,8.800000000000001,86,.8015320692741218,6.268503962850833,717,.71700001,.47999999,.015600001,1,0,33.33304160162537
0,36,77,0,14.2,21.4,.2185842591046965,2.000467875721663,569.59998,.59279996,.0146,.0061999997,1,0,33.33304160162537
1,37,77,1,36,227.2,8.977384464097591,18.02106624349123,640.40002,.65420002,10.633,.36360002,1,1,33.33304160162537
0,38,77,0,7.4,42,3.891634572914869,4.373895076461467,1543.8,1.5438,.065199994,.0096000005,1,0,33.33304160162537
1,39,77,0,22.8,95,1.962130809883794,4.646564215155693,783,1.0658001,.96619999,.048599999,1,0,33.33304160162537
0,41,77,0,0,,0,.0669352013002909,,0,0,0,1,0,33.33304160162537
1,42,77,0,31.6,79.400002,.5991742273195021,9.425621330962258,3570.2,3.5702,.0166,.0022,1,0,33.33304160162537
0,43,77,0,2,1,0,,29.5,.0295,0,0,1,0,33.33304160162537
0,44,77,0,9.6,28.6,.2622888868877575,4.387553623435065,556.79999,.7374,.0118,.0048000002,1,0,33.33304160162537
0,45,77,0,3.5,6.75,.021739130430043,1.397503989038563,180,.18460001,.0118,.0048000002,1,0,33.33304160162537
0,46,77,0,4,11.8,.1797208398718636,1.531024675869021,179,1.0425999,0,0,1,0,33.33304160162537
0,47,77,0,0,,0,,0,.003,.0033333332,0,1,0,33.33304160162537
1,48,77,0,8.800000000000001,42,0,,1549.4,1.704,.051200002,.010600001,1,0,33.33304160162537
0,49,77,0,0,,0,,0,.020333335,0,0,1,0,33.33304160162537
0,50,77,0,14.2,23.799999,0,.8763215758304684,0,.0032500001,0,0,1,0,33.33304160162537
1,56,77,0,31.6,188,2.870840580131621,14.97370122153202,3676.6001,3.7718,.2534,.039799999,1,0,33.33304160162537
0,1,78,0,0,6,0,,,0,0,0,1,0,13.31316305364917
0,2,78,0,25.2,105.6,3.632327306221146,9.943950375716543,431.79999,.43179998,.24360001,.041000001,1,0,13.31316305364917
0,3,78,0,4.4,29.799999,.0014302059493449,2.639843070208977,278,.278,0,0,1,0,13.31316305364917
0,4,78,0,3,2,0,,10.8,.0704,.00080000004,0,1,0,13.31316305364917
0,5,78,0,5,11,.0060782967011859,1.19637172069985,204.39999,.338,.00060000003,.001,1,0,13.31316305364917
0,7,78,0,10,30.4,.3982851529693264,2.350186222993882,142,.142,.00060000003,.001,1,0,13.31316305364917
0,9,78,0,0,,0,.0255113984221074,,0,.003,.00050000002,1,0,13.31316305364917
0,10,78,0,2.2,8.3999996,.1105597527084401,.2459536820481723,211.60001,.21160001,.0027999999,.00080000004,1,0,13.31316305364917
0,12,78,0,28.6,163,3.811917742435051,10.80909664153871,632.40002,.81999999,3.0128,.1602,1,0,13.31316305364917
0,13,78,0,18.2,86.400002,1.836714585976007,6.700474005833508,594.20001,.61140001,2.5426002,.13680001,1,0,13.31316305364917
0,15,78,0,0,,0,,0,0,.014,.0024999999,1,0,13.31316305364917
0,16,78,0,.6666666666666666,1,0,,160.60001,.1798,.16599999,.029999999,1,0,13.31316305364917
1,17,78,0,16.6,48,.2751988358618913,4.461336198377866,583,.58340001,.0026,.0027999999,1,0,13.31316305364917
0,18,78,0,11.8,19.4,.2344646364094259,2.023032823073312,94.400002,.1234,.00040000002,.0016000001,1,0,13.31316305364917
0,20,78,0,6.8,27,.5581050765243742,1.871546536673777,320.60001,.41579998,.0040000002,.00040000002,1,0,13.31316305364917
0,21,78,0,7,24.6,.3111146601838667,1.835671406908122,171,.171,.14300001,.0146,1,0,13.31316305364917
0,22,78,0,7.2,24.799999,.3750211825968654,1.701403073588782,263.60001,.667,.00060000003,.001,1,0,13.31316305364917
0,23,78,0,14,39.400002,.498947367423251,3.016524840105626,363,.50339997,.0014,.0024000001,1,0,13.31316305364917
0,25,78,0,7.2,21.4,.2004583415601525,1.679536252447386,745,.7464,.043599997,.0034,1,0,13.31316305364917
0,26,78,0,1,4.25,.0260971951550434,.7246801367498882,0,.0054000001,0,0,1,0,13.31316305364917
0,27,78,0,1,.5,0,.07362637360467,0,.0049999999,0,0,1,0,13.31316305364917
0,28,78,0,2.5,4.75,.054476934117967,.4931541157484423,93,.093000002,.00075000001,.00025000001,1,0,13.31316305364917
0,29,78,0,3.6,5,.0041208791196644,.5945482276232151,209,.20919999,0,0,1,0,13.31316305364917
0,30,78,0,2,1,0,,,0,0,0,1,0,13.31316305364917
0,31,78,0,20,97.400002,2.919119436720224,7.7114329483439,296.79999,.29679999,.4316,.047800001,1,0,13.31316305364917
0,32,78,0,14.4,30.200001,.0470788110760314,2.958012879490294,103.6,.2332,.088199995,.017000001,1,0,13.31316305364917
0,33,78,0,.8,3.8,.0836699213743025,.5448444346017254,0,.0024000001,0,0,1,0,13.31316305364917
0,34,78,0,6.8,19.6,.2492551749118094,1.809527910745216,122.6,.2086,0,.00040000002,1,0,13.31316305364917
0,35,78,0,10.4,61.400002,.9619936309872862,4.228226438613127,623.40002,.62340003,.064599998,.0032000002,1,0,13.31316305364917
0,36,78,0,3.8,8.6000004,.0115384615350602,.8825893745690817,99.800003,.17119999,.0026,.001,1,0,13.31316305364917
0,37,78,0,12.6,70,1.434989808634358,5.640445006781519,170,.1858,1.6878,.1186,1,0,13.31316305364917
0,38,78,0,5.4,14.6,.1812648188216113,.9315582067874871,388.79999,.3888,.012800001,.00060000003,1,0,13.31316305364917
0,39,78,0,6.6,16.799999,.0594975016113099,1.598176979003446,328.60001,.33720002,.1156,.017999999,1,0,13.31316305364917
0,41,78,0,1,0,0,.0390624999829014,0,0,0,0,1,0,13.31316305364917
0,42,78,0,17.2,48.400002,.4311979250327735,2.927059556615737,1349.4,1.3494,.00080000004,.00040000002,1,0,13.31316305364917
0,43,78,0,0,,0,,12,.012,0,0,1,0,13.31316305364917
0,44,78,0,5.8,11,.0685894092915365,1.090600215482483,74.400002,.15260001,.00060000003,.001,1,0,13.31316305364917
0,45,78,0,3,8,.0074967938219687,.6362948426099609,39,.0482,.00060000003,.001,1,0,13.31316305364917
0,46,78,0,5.4,27.799999,.479413199376613,1.206361798445493,41,.52059996,0,0,1,0,13.31316305364917
0,47,78,0,0,,0,,252.66667,.25266668,.00025000001,0,1,0,13.31316305364917
0,48,78,0,5.2,14.8,.1336980821206877,.8555103563615721,365.39999,.3962,.0046000001,.0014,1,0,13.31316305364917
0,49,78,0,3,19.200001,.0154512688026121,1.616634585259153,377,.491,.00020000001,0,1,0,13.31316305364917
0,50,78,0,.25,.75,.0093115124130751,.416655409724399,269,.26899999,0,0,1,0,13.31316305364917
0,55,78,0,0,,0,,191.2,.1912,0,0,1,0,13.31316305364917
0,56,78,0,20.2,54.200001,.2334917921228071,5.128642083428805,1616.6,1.6165999,.0186,.0041999999,1,0,13.31316305364917
0,3,79,0,0,,0,,,0,0,0,1,0,1.709345558388474
0,4,79,0,2,1.8,.0016741071421243,.2687290199475426,3.4000001,.0276,.00040000002,0,1,0,1.709345558388474
0,5,79,0,3.8,4.4000001,.0392342032805113,.8609704558533969,105,.38460001,.0032000002,.00040000002,1,0,1.709345558388474
0,6,79,0,3.4,2,.0054945054928858,0,76.400002,.076400004,0,0,1,0,1.709345558388474
0,7,79,0,4.4,7.5999999,.2008069134784617,.8878903183197295,63,.063000001,.0032000002,.00040000002,1,0,1.709345558388474
0,10,79,0,2,2,.0033985465327538,.3952001018355227,.2,.00020000001,.001,.00020000001,1,0,1.709345558388474
0,12,79,0,0,0,0,.1056352510815425,,0,.0041999999,.0012000001,1,0,1.709345558388474
0,13,79,0,0,0,0,.0746083875933404,,0,.001,0,1,0,1.709345558388474
0,17,79,0,6.2,14,.0461709882197907,1.755826265856022,626.20001,.69300002,.00060000003,.00060000003,1,0,1.709345558388474
0,18,79,0,1.8,1.6,.0010989010985772,.2979138506696104,2,.036200002,.00080000004,.00020000001,1,0,1.709345558388474
0,20,79,0,4,5,.0486558569528484,.7621866927873355,101.2,.16419999,.00080000004,.00080000004,1,0,1.709345558388474
0,21,79,0,0,,0,,,0,.0080000004,.001,1,0,1.709345558388474
0,22,79,0,7.4,10.6,.142382043965171,1.650339983073472,469.39999,.93740004,.0032000002,.00040000002,1,0,1.709345558388474
0,23,79,0,8.4,11.8,.5018339493117356,1.842405231983803,222.2,.28120002,.00080000004,.00040000002,1,0,1.709345558388474
0,25,79,0,6,33.400002,.1575687195258287,.8009006357460646,449.79999,.44979998,.0046000001,.0014,1,0,1.709345558388474
0,27,79,0,10.2,10.6,.2036472402142725,1.816453089626547,61.200001,.14660001,.00080000004,.00020000001,1,0,1.709345558388474
0,28,79,0,.8,1.4,0,,30.799999,.0308,.00020000001,0,1,0,1.709345558388474
0,29,79,0,2.8,3,.0002747252746443,.6494279599354905,90,.1142,0,0,1,0,1.709345558388474
0,32,79,0,.4,0,.0005494505492886,.0829484236448023,,0,.00060000003,.00020000001,1,0,1.709345558388474
0,33,79,0,0,,0,.0846131803958382,,0,0,0,1,0,1.709345558388474
0,34,79,0,3,.60000002,.0073040399066693,.6026354217604881,30.6,.0568,.00020000001,0,1,0,1.709345558388474
0,36,79,0,1.8,5.1999998,.0522972344295015,.4577627654990368,36.200001,.037799999,0,.00080000004,1,0,1.709345558388474
0,37,79,0,0,,0,.0022461895218623,,0,.014,0,1,0,1.709345558388474
0,38,79,0,4,9.1999998,1.062080246903944,2.114156614538606,240.2,.2402,.0049999999,.0034,1,0,1.709345558388474
0,39,79,0,6.8,22.6,.3859627891619434,1.711387974333881,246.2,.30700001,.028200001,.0026,1,0,1.709345558388474
0,41,79,0,0,1,.0167156123668737,.1002730491965066,,0,0,0,1,0,1.709345558388474
0,42,79,0,5,6.4000001,.0169116857819802,.8000203941295422,,0,.00020000001,0,1,0,1.709345558388474
0,44,79,0,5,3,.006669999156971,.9039430006902527,123.2,.15899999,.0032000002,.00040000002,1,0,1.709345558388474
0,45,79,0,2,1.6,0,.5998913812615095,28.6,.0294,.0032000002,.00040000002,1,0,1.709345558388474
0,47,79,0,15.4,1.6,.0046816455841776,1.45839944496571,0,.24699999,0,.00020000001,1,0,1.709345558388474
0,48,79,0,6.4,17.200001,0,,490.79999,.54859996,.0071999999,.003,1,0,1.709345558388474
0,49,79,0,.2,1,0,.1838789844883509,,0,.00040000002,0,1,0,1.709345558388474
0,50,79,0,0,1,.0039019574159137,.2443065611127334,3.8,.0054000001,0,0,1,0,1.709345558388474
0,53,79,0,1,1.8,0,.159633567845388,,0,.0040000002,.0027999999,1,0,1.709345558388474
0,56,79,0,15.4,43.400002,.7702809227529412,4.857164587092461,1543,1.5914,.0264,.0020000001,1,0,1.709345558388474
0,3,80,0,0,0,.0628953303477633,.0873293827604262,,0,0,.00020000001,1,0,4.534978332920223
0,5,80,0,3,8.3999996,0,.8833003931472359,113,.2904,.0014,.00080000004,1,0,4.534978332920223
0,8,80,0,0,,0,,0,.0294,.0012000001,.00060000003,1,0,4.534978332920223
0,10,80,0,0,,0,,117.5,.1175,.001,.00050000002,1,0,4.534978332920223
0,12,80,0,2.2,9.8000002,.4814895458622362,.3435019297499819,0,0,.99659997,.054200001,1,0,4.534978332920223
0,13,80,0,3,13.8,.145160115624862,1.396209850931816,0,.011600001,.52279997,.0294,1,0,4.534978332920223
0,15,80,0,13.6,87.400002,2.841978636478911,7.153772199589899,323.20001,.33759999,.021,.0068000001,1,0,4.534978332920223
0,17,80,0,9.800000000000001,24.799999,.302372258279455,2.638331542356812,491.39999,.54340005,.0032000002,.00080000004,1,0,4.534978332920223
0,22,80,0,3,14,.1451285097987157,1.227821610726316,238.39999,.4454,.0014,.00080000004,1,0,4.534978332920223
0,23,80,0,4.6,9.6000004,.0389978976233578,1.008185851743179,101.6,.21600001,.00060000003,0,1,0,4.534978332920223
0,25,80,0,17.8,98.599998,2.239159126411396,5.734631510274101,1323.6,1.3875999,.0964,.0176,1,0,4.534978332920223
0,26,80,0,0,5,0,,549,.54900002,0,0,1,0,4.534978332920223
0,31,80,0,28.8,226.60001,9.090980477195767,14.85020837699732,497.79999,.51800001,.23999999,.058800001,1,0,4.534978332920223
0,32,80,0,13.6,37,.5322287088219424,3.522003538391825,119.6,.1716,.105,.0274,1,0,4.534978332920223
0,33,80,0,0,0,0,,68.400002,.068400003,0,0,1,0,4.534978332920223
0,34,80,0,5,5.4000001,.0029635910420802,1.598455795277547,98.400002,.1592,.00020000001,.00020000001,1,0,4.534978332920223
0,36,80,0,3,6.4000001,.0245485807799178,.6032881729585373,39.400002,.1222,.003,.001,1,0,4.534978332920223
0,37,80,0,8.4,47.799999,1.135314396580888,3.842474521129813,92,.1028,.71520001,.079000004,1,0,4.534978332920223
0,38,80,0,3.6,9.8000002,.0380393247063422,.9385527564964165,240.2,.2402,.0068000001,.0020000001,1,0,4.534978332920223
0,39,80,0,6.8,30.799999,.5626646672067626,1.402403575240118,295.39999,.29539999,.4244,.023200002,1,0,4.534978332920223
0,41,80,0,0,,0,,195.2,.1952,0,0,1,0,4.534978332920223
0,42,80,0,1,2,0,,,0,.0023333333,0,1,0,4.534978332920223
0,45,80,0,1.2,4.1999998,0,.4913639598054159,25.6,.028999999,.0014,.00080000004,1,0,4.534978332920223
0,48,80,0,3.8,10.8,.2172099552179806,.8550599801677342,274.60001,.3452,.0038000001,.00060000003,1,0,4.534978332920223
0,49,80,0,2.8,15.4,.226867004364678,1.608482002498774,310.20001,.41520002,.00040000002,0,1,0,4.534978332920223
0,50,80,0,0,,0,.1281464530613063,43.5,.043499999,0,0,1,0,4.534978332920223
0,55,80,0,0,,0,,416.60001,.41660002,0,0,1,0,4.534978332920223
0,56,80,0,18,54.400002,.7932207674901722,4.512789138395487,2320.3999,2.4584,.1002,.0164,1,0,4.534978332920223
0,3,81,0,0,0,.0225714797631904,.7888546963253108,110.4,.1104,.0016000001,.0026,1,0,11.29011091625435
0,4,81,0,3,5.4000001,.0340076677297201,.8631408758742252,9,.051599998,0,0,1,0,11.29011091625435
0,5,81,0,5,8.8000002,.0661748859351836,1.533331567361323,331.60001,.60940003,.0061999997,.0022,1,0,11.29011091625435
0,7,81,0,7.4,11.2,.1034523145031806,1.109382116059205,126.6,.127,.0061999997,.0022,1,0,11.29011091625435
0,10,81,0,0,1,0,,116,.116,.00040000002,0,1,0,11.29011091625435
0,11,81,0,2.8,2.5999999,.0018058690740509,.2074526060224071,,0,0,.00020000001,1,0,11.29011091625435
0,12,81,0,21.6,102.6,3.926899903386545,9.895289509327375,932,1.1664001,6.7887998,.1802,1,0,11.29011091625435
1,13,81,0,21.8,146.8,3.364234638862988,11.37083967115994,545.20001,.5952,5.7362003,.18260001,1,0,11.29011091625435
0,17,81,0,11,21,.2557844478156762,2.808789357970507,889,.889,.015600001,.0024000001,1,0,11.29011091625435
0,18,81,0,14.8,29.799999,.3077290223943251,3.190284608717837,243.8,.27000001,.00040000002,.001,1,0,11.29011091625435
0,20,81,0,7.8,19.200001,.8305198152024335,2.416742091843156,309.39999,.37099999,.0080000004,.0018,1,0,11.29011091625435
0,21,81,0,6.6,14.4,.1576270389960321,1.933007576329557,52.400002,.0524,.18099999,.0078000003,1,0,11.29011091625435
0,22,81,0,14.6,38.599998,.6509694775755703,4.193340599832876,819.40002,1.1731999,.0061999997,.0022,1,0,11.29011091625435
0,23,81,0,14.6,20.799999,.7756171690468174,2.942013537241197,307.79999,.44820002,.0032000002,.0022,1,0,11.29011091625435
0,25,81,0,7.4,18.200001,.3753847686160626,1.604363981809561,371.39999,.39300001,.067000002,.0074,1,0,11.29011091625435
0,27,81,0,0,,0,,0,.0082,.00040000002,.001,1,0,11.29011091625435
0,28,81,0,3.4,7,.0594780933256921,.8648978551890459,293,.29300001,0,0,1,0,11.29011091625435
0,29,81,0,4.8,14,.7978510560841373,1.728368135770672,223,.223,0,.00020000001,1,0,11.29011091625435
0,32,81,0,11,17.200001,.210390521989006,2.229379441396849,173.2,.26839998,.099399999,.0104,1,0,11.29011091625435
0,33,81,0,0,0,.6632135773168091,.4837184738040006,,0,0,0,1,0,11.29011091625435
0,34,81,0,2.6,1,.119632790098004,.2413033625710395,49.200001,.049200002,.00020000001,.00020000001,1,0,11.29011091625435
1,35,81,0,13.2,84.400002,1.332504525213168,6.249152212596051,745.79999,.74579996,.17200001,.0052,1,0,11.29011091625435
0,36,81,0,4.4,7,.1630493068883998,.9608724692392304,143.8,.16680001,.0035999999,.0018,1,0,11.29011091625435
0,37,81,0,18.2,64.800003,1.824801538969828,6.819458952409831,187.2,.2032,3.8864,.1494,1,0,11.29011091625435
0,38,81,0,8.199999999999999,18.799999,.3675159554580439,1.427633116971632,809.79999,.80979997,.010199999,.0020000001,1,0,11.29011091625435
1,39,81,0,15.4,51.400002,2.017408724186862,2.860612479879878,694.40002,.69440001,.53179997,.039999999,1,0,11.29011091625435
0,41,81,0,0,,.0081871039410494,.488557178258927,,0,0,0,1,0,11.29011091625435
0,42,81,0,18.2,47.799999,.1704676107226662,4.599244134851705,1725,1.725,.0054000001,.00020000001,1,0,11.29011091625435
0,43,81,0,0,,.0125737649391572,.4878750678684777,,0,0,0,1,0,11.29011091625435
0,44,81,0,3.6,6.5999999,.021111844365607,1.133206951897916,72.199997,.15800001,.0061999997,.0022,1,0,11.29011091625435
0,45,81,0,2,6.8000002,.0530882823991646,.736685748880426,30,.031600002,.0061999997,.0022,1,0,11.29011091625435
0,46,81,0,.8,2.4000001,.0011410654418371,.5349521840836378,0,.228,0,0,1,0,11.29011091625435
0,48,81,0,6,12.8,.3322963639695241,1.096640502922408,529.59998,.6006,.0122,.0016000001,1,0,11.29011091625435
0,49,81,0,3.8,15.4,.0318003070496462,2.097803508270128,4.4000001,.138,.00040000002,0,1,0,11.29011091625435
0,50,81,0,1.75,6,0,.0524553571198962,5,.0049999999,0,0,1,0,11.29011091625435
0,56,81,0,18.8,50,.6204351633604905,4.350360334579456,1363.4,1.3634,.0252,.0058000004,1,0,11.29011091625435
0,1,83,0,2,11,0,.1852952059054991,,0,0,0,1,0,19.01018526966426
0,2,83,0,29.8,187.2,4.401682452407583,21.84660296079079,1012.4,1.021,.42160001,.0462,1,0,19.01018526966426
0,3,83,0,7.2,20.200001,.3551184126022832,1.659580258667353,387.60001,.3876,.001,.001,1,0,19.01018526966426
0,4,83,0,4.6,4.4000001,.0145794703269917,.1886256154438463,44.799999,.1018,0,0,1,0,19.01018526966426
0,5,83,0,7,15.6,.0389846085039004,2.522437921276543,1106,1.4124,.0032000002,.0014,1,0,19.01018526966426
0,7,83,0,10.8,35.400002,.7348294485704026,4.200888853294385,1466,1.466,.0032000002,.0014,1,0,19.01018526966426
0,10,83,0,0,,0,.0022321428561658,487,.48699999,.0032000002,0,1,0,19.01018526966426
0,12,83,0,26.4,133.8,4.398544515972746,11.33643036260059,1051.6,1.2381999,6.211,.27420002,1,0,19.01018526966426
0,13,83,0,20.8,175,4.780061166547055,10.89106249409582,609.59998,.66079998,3.9346001,.15180001,1,0,19.01018526966426
0,16,83,0,4,14.2,.4989016529825234,2.500610918715282,860.40002,.91600001,.34200001,.025799999,1,0,19.01018526966426
0,17,83,0,3.8,6.5999999,.0053530746055095,1.024927490692145,383.79999,.44499999,.0058000004,.00020000001,1,0,19.01018526966426
0,18,83,0,11.8,11.4,.1554673691840163,1.92867654825709,180.60001,.20060001,.001,.0026,1,0,19.01018526966426
0,19,83,0,0,,.2935267855858023,0,,0,.014,.0020000001,1,0,19.01018526966426
0,20,83,0,14,47.200001,2.775567163448421,3.641407977711685,942.59998,1.0288,.031399999,.0038000001,1,0,19.01018526966426
0,21,83,0,16.2,64.800003,2.709158637189692,4.489396316599996,416,.41600001,.88440001,.065400004,1,0,19.01018526966426
0,22,83,0,11.4,32.599998,.4311851285630102,3.360359678425827,1368.8,1.8116,.0032000002,.0014,1,0,19.01018526966426
0,23,83,0,13.2,39.200001,.8067255392687001,4.746628551542195,1259.8,1.3874,.0176,.0040000002,1,0,19.01018526966426
0,25,83,0,14.4,87.400002,3.710376840851057,4.465033833203293,1643.6,1.6436,.3062,.023200002,1,0,19.01018526966426
0,27,83,0,15.8,22,.9949817900011191,3.129929332551899,325,.37540001,.001,.0026,1,0,19.01018526966426
0,28,83,0,3.2,7.4000001,.3183483112166478,.6373264099614174,355.20001,.35520002,.001,.00020000001,1,0,19.01018526966426
0,29,83,0,7,6.1999998,.1106930560985851,1.228989137806576,559,.55900002,.00020000001,0,1,0,19.01018526966426
0,32,83,1,23.2,67.599998,2.283677877020428,5.71255491206988,614.79999,.722,.78059995,.061999999,1,1,19.01018526966426
0,33,83,0,4.666666666666667,16,.3508882343855316,1.24330338438392,,0,0,0,1,0,19.01018526966426
0,34,83,0,2.8,3.5999999,.176385990718469,.4453889651771514,285.60001,.28560001,.00020000001,.00020000001,1,0,19.01018526966426
1,35,83,0,10.2,77,1.032481482060731,5.808375192615221,888.59998,.88859999,.1286,.0052,1,0,19.01018526966426
0,36,83,0,8.6,17.6,.5634782703559507,1.620521576755813,724.59998,.77859998,.0052,.0026,1,0,19.01018526966426
0,37,83,1,30.2,207.8,7.379124528735518,15.21261342685397,808.59998,.833,7.1845999,.32499999,1,1,19.01018526966426
0,38,83,0,3.6,6.8000002,.0401025675379919,.9177363081826009,1033,1.033,.024799999,.0066,1,0,19.01018526966426
0,39,83,0,6.2,29,.4893032621692222,2.616668133801026,559.40002,.55940002,.40560001,.0254,1,0,19.01018526966426
0,41,83,0,0,,.0018058690740509,.0029748283746375,,0,0,0,1,0,19.01018526966426
1,42,83,0,29.2,82.199997,.3416845197764263,7.563582364880519,3871.6001,3.8716002,.0068000001,.0014,1,0,19.01018526966426
0,43,83,0,0,7.3333335,0,,,0,0,0,1,0,19.01018526966426
0,44,83,0,5,22,.0581187514112205,2.375204945712361,747.20001,.9386,.0032000002,.0014,1,0,19.01018526966426
0,45,83,0,2,4.4000001,.1531035503626796,.7008086519102462,178,.1848,.0032000002,.0014,1,0,19.01018526966426
0,48,83,0,2.6,3.2,.0004464285712332,.567359421838075,230.39999,.28839999,.0144,.003,1,0,19.01018526966426
0,49,83,0,1,5.1999998,.2450880249165358,1.846963145569861,127.2,.1292,.00040000002,0,1,0,19.01018526966426
0,50,83,0,0,,.8256919966406476,1.210855936032461,191.2,.1912,0,0,1,0,19.01018526966426
0,52,83,0,10.4,44.200001,1.285746964420371,5.068985734158011,213,.213,0,0,1,0,19.01018526966426
0,55,83,0,0,,0,.007567567567,,0,0,0,1,0,19.01018526966426
0,56,83,1,17.4,42,1.135802177876092,5.864853899213951,2243.8,2.2438002,.34020001,.038799997,1,1,19.01018526966426
0,3,84,0,7,13.2,.1366028960144398,1.488870938165181,409.39999,.40939999,.00040000002,.0014,1,0,24.68468759851558
0,4,84,0,3.4,5.5999999,.0054321482171426,1.070324931485335,60.799999,.1246,.00060000003,0,1,0,24.68468759851558
0,5,84,0,6.8,13.6,.0131763592000677,2.748120195909265,994.40002,1.2806,.003,.0054000001,1,0,24.68468759851558
0,7,84,0,9.199999999999999,25.799999,.6902712638709027,3.394510443763921,596.20001,.59619999,.003,.0054000001,1,0,24.68468759851558
0,8,84,0,18.4,136,4.757746137899,12.29497806393455,731.79999,.73179996,.0082,.001,1,0,24.68468759851558
0,10,84,0,3,7,.0036303340539348,.5339017359187852,383,.38299999,.001,.00040000002,1,0,24.68468759851558
0,12,84,0,22.4,151.2,6.716227182548044,14.21378594693133,1076.4,1.3108001,4.0911999,.132,1,0,24.68468759851558
0,13,84,0,21.8,176.60001,4.823284350685909,13.08192088864518,704,.72619998,2.7809999,.1032,1,0,24.68468759851558
0,14,84,0,8.199999999999999,13,.1576401252843757,1.33884199756231,627.59998,.62759995,0,0,1,0,24.68468759851558
0,15,84,0,19.4,137.2,4.734252200661959,13.28523854202558,965,.97359997,.1724,.0144,1,0,24.68468759851558
0,17,84,0,8.199999999999999,21.6,.3837453851242255,2.785667769077266,621.79999,.70920002,.012399999,.001,1,0,24.68468759851558
0,18,84,0,11.6,14,.2113074433594666,2.750991079226524,218.60001,.25139999,.0016000001,.0026,1,0,24.68468759851558
0,20,84,0,10,26.4,.4773821467290232,2.889670163297944,943.20001,1.0322,.0082,.0022,1,0,24.68468759851558
0,21,84,0,10.6,67,2.659116013837226,5.574242723106756,264.79999,.26479998,1.2164,.066399999,1,0,24.68468759851558
0,22,84,0,12.8,23.4,.4065789162499994,3.277910827126269,1443.8,1.7961999,.003,.0054000001,1,0,24.68468759851558
0,23,84,0,18.2,42.599998,1.234362740763295,5.218429978282109,1041.8,1.2096,.0134,.0032000002,1,0,24.68468759851558
0,25,84,0,5,28.333334,0,,66.800003,.066800006,.22760001,.0148,1,0,24.68468759851558
0,26,84,0,0,2.5,.0029244629236801,.0129283919861747,,0,0,0,1,0,24.68468759851558
0,27,84,0,11.2,17.200001,.3582442173103478,2.240173056654821,121.6,.1628,.0016000001,.0026,1,0,24.68468759851558
0,29,84,0,4.2,6.8000002,.0881174736476673,1.144490996183935,494.60001,.4946,.00020000001,0,1,0,24.68468759851558
0,31,84,0,22.6,180.8,7.934549396132931,14.31625454762088,1263.6,1.2636,1.3488001,.087199993,1,0,24.68468759851558
0,32,84,0,17.2,50.400002,.9597060313142365,4.873805998111925,402,.49220002,.5122,.0484,1,0,24.68468759851558
0,34,84,0,1,3.4000001,.032778014925482,.2206140887723153,107,.107,.001,.00040000002,1,0,24.68468759851558
0,36,84,0,9.800000000000001,20.6,.6796101760615227,2.21916450418141,408.20001,.43960002,.0048000002,.00020000001,1,0,24.68468759851558
0,37,84,0,21.4,155.8,7.439436729052135,10.29752412553335,484.60001,.50580001,6.9956002,.4102,1,0,24.68468759851558
0,38,84,0,3,5.25,0,,285.75,.28650001,.017750001,.0049999999,1,0,24.68468759851558
0,39,84,0,9.199999999999999,63.799999,3.51814297587605,4.669364636238791,848.59998,.84859997,.53399998,.030200001,1,0,24.68468759851558
0,40,84,0,0,,0,,22.799999,.022799999,.0016000001,0,1,0,24.68468759851558
0,41,84,0,1,20.5,0,.0406120373375122,,0,0,0,1,0,24.68468759851558
0,42,84,0,22.4,64.400002,.8806687262910015,6.87353470399237,3424.2,3.4524,.0032000002,.0012000001,1,0,24.68468759851558
0,43,84,0,1,2,0,,,0,0,0,1,0,24.68468759851558
0,44,84,0,7,15.4,.1774772652090571,2.359912330033983,476.79999,.64099997,.003,.0054000001,1,0,24.68468759851558
0,45,84,0,3,11,.3693871334707156,1.453050413980184,207.60001,.2228,.003,.0054000001,1,0,24.68468759851558
0,48,84,0,14,29.799999,1.222022605579422,4.140782837100428,1616.4,1.6954,.017999999,.0035999999,1,0,24.68468759851558
0,49,84,0,6.6,29.200001,.6237231212454211,3.070307443091776,794.59998,1.0381999,0,0,1,0,24.68468759851558
0,50,84,0,0,10,.0722451462704388,.7302184868732932,,0,0,0,1,0,24.68468759851558
0,56,84,0,21,92.599998,1.850676454024449,8.130997002634022,3706,3.8988001,.034200002,.0027999999,1,0,24.68468759851558
0,3,85,0,4.4,11.4,.1527088657329565,5.182221578344451,182.39999,.18239999,.0012000001,.0020000001,1,0,23.39858655520753
0,4,85,0,3.2,9.1999998,.0670693706732693,1.3109567536778,17.4,.097599998,.001,0,1,0,23.39858655520753
0,5,85,0,5.6,17.6,.0246898163879239,2.229343402665966,696.20001,1.25,.0058000004,.003,1,0,23.39858655520753
0,7,85,1,9.800000000000001,34.799999,2.120182510554923,5.891073748781998,476,.47600001,.0058000004,.003,1,1,23.39858655520753
1,12,85,1,25,199,11.22621592009998,18.31007850965818,732.79999,.92079997,12.670401,.296,1,1,23.39858655520753
1,13,85,1,17.2,147.39999,5.661586390849594,12.29377810934797,443.20001,.49779999,4.6272001,.14860001,1,1,23.39858655520753
0,17,85,0,3.8,9.1999998,.1119059116687351,1.142590302573139,344,.36300001,.0118,.0012000001,1,0,23.39858655520753
0,18,85,0,14.6,27.6,.4820951296774693,4.636808734338893,377.79999,.4136,.0016000001,.0034,1,0,23.39858655520753
0,20,85,0,4.4,14.2,.3347564664761651,1.61713967073193,257.39999,.33199999,.016000001,.0018,1,0,23.39858655520753
0,21,85,0,9.800000000000001,33.200001,1.572910801565785,3.81353675400753,138,.138,1.4226,.069199994,1,0,23.39858655520753
0,22,85,0,12.2,27.6,.6089222445773442,4.017167340596494,949.79999,1.5114,.0058000004,.003,1,0,23.39858655520753
0,23,85,0,14.6,30.4,.6898688344426468,4.046378807964635,510,.69059998,.0104,.0027999999,1,0,23.39858655520753
0,24,85,0,0,,0,.0343480843415232,,0,.0049999999,.00050000002,1,0,23.39858655520753
0,25,85,0,3.8,12.8,.1862528152706363,1.05044017892804,417.39999,.42139998,.106,.010199999,1,0,23.39858655520753
0,28,85,0,2,3.5999999,.1551428778691114,.4922386282366806,369,.36899999,.0026,.00080000004,1,0,23.39858655520753
0,29,85,0,6.2,6.8000002,.2134114309890179,1.4714261213077,438,.4404,0,0,1,0,23.39858655520753
0,32,85,1,18.8,53.799999,4.473470109526536,9.33955748774933,414.79999,.65179998,.82319999,.048799999,1,1,23.39858655520753
0,33,85,0,8,62.200001,0,.0147223814464316,,0,0,0,1,0,23.39858655520753
0,34,85,0,2,4.4000001,.0431085195694102,.4941317204552302,129,.1356,.00020000001,.00060000003,1,0,23.39858655520753
0,35,85,0,6,44.200001,1.176068480685456,3.360120861860108,410.39999,.4104,.37039998,.0099999998,1,0,23.39858655520753
0,36,85,0,4.6,9.6000004,.3194883767751634,1.502970033793112,296.39999,.3238,.0054000001,.0016000001,1,0,23.39858655520753
1,37,85,1,31.2,191,11.2052709343915,15.83836556117746,1073.8,1.1092,11.3352,.34939998,1,1,23.39858655520753
0,38,85,0,3.8,12.8,.2708791578464599,1.164767543323026,663.40002,.73259997,.043599997,.0060000001,1,0,23.39858655520753
1,39,85,0,7.8,36.200001,1.287600398269881,2.913783125375525,563.20001,.5654,.61320001,.031399999,1,0,23.39858655520753
0,41,85,0,.6,2.2,0,.1101316693184904,,0,0,0,1,0,23.39858655520753
1,42,85,0,17.4,43.799999,.9328122775721571,6.370475807598171,1858.4,1.8584,.0099999998,.001,1,0,23.39858655520753
0,43,85,0,7.2,25.799999,0,,88.5,.088500001,0,0,1,0,23.39858655520753
0,44,85,0,4.8,10.4,.1319285312502123,2.388143655839789,623.20001,.85620004,.0058000004,.003,1,0,23.39858655520753
0,45,85,1,2,2,.0051269304997648,.8934825730005587,159,.1612,.0058000004,.003,1,1,23.39858655520753
0,46,85,0,0,,0,,0,0,0,0,1,0,23.39858655520753
0,47,85,0,1,8.8000002,.427771900065103,.452200743484483,59.799999,.068599999,.0020000001,0,1,0,23.39858655520753
0,48,85,0,4.2,8,.1328630144843094,1.345740033653638,446.60001,.44660002,.033400003,.0061999997,1,0,23.39858655520753
0,49,85,0,2.6,14,.2812155800035222,2.246512388779123,254.60001,.40120003,.0012000001,0,1,0,23.39858655520753
0,50,85,0,.2,.40000001,.4611078662045099,.2811388431037379,,0,0,0,1,0,23.39858655520753
0,53,85,0,0,,0,.522162162123,,0,.018999999,.0049999999,1,0,23.39858655520753
0,56,85,0,9,29.200001,.6681670829078321,4.093784568270342,1408.8,1.4088,.095600002,.0134,1,0,23.39858655520753
0,3,98,0,0,1,0,.1761594753264513,48,.048,.00060000003,.00040000002,1,0,4.471097690578283
0,4,98,0,1,0,0,.1221554381639998,4.5999999,.0046000001,0,0,1,0,4.471097690578283
0,5,98,0,5.2,10.6,.1020354253818182,1.719408157536404,163,.75800002,.0014,.00060000003,1,0,4.471097690578283
0,10,98,0,0,,0,,161.60001,.16160001,.0018,0,1,0,4.471097690578283
0,12,98,0,0,1.8,.0014154343223996,.2046792161786581,,0,.041000001,.0016000001,1,0,4.471097690578283
0,13,98,0,2.2,7.5999999,.0605832408076921,.4060375454827101,,0,.2238,.0176,1,0,4.471097690578283
0,17,98,0,6,17.799999,.1124480361480721,2.123112394809948,981,.98859996,.00040000002,.00080000004,1,0,4.471097690578283
0,18,98,0,3,4.5999999,.0547247055649082,.5945572008831059,12.6,.051400002,.00020000001,.00040000002,1,0,4.471097690578283
0,20,98,0,4.8,8.8000002,.054816637644323,1.083271751850059,288.20001,.37459999,.0016000001,.00060000003,1,0,4.471097690578283
0,22,98,0,7.2,21.799999,.5080630175076302,2.442042723554497,615.79999,1.5944,.0014,.00060000003,1,0,4.471097690578283
0,23,98,0,8,11.8,.2354672657496801,1.58953778943063,190.2,.2476,.0032000002,.00080000004,1,0,4.471097690578283
0,25,98,0,7.8,25.6,.4657174138157555,1.779542572829087,585.20001,.58520001,.0876,.0086000003,1,0,4.471097690578283
0,27,98,0,10.4,12.4,.0688175800728697,2.103676479631448,75.599998,.189,.00020000001,.00040000002,1,0,4.471097690578283
0,28,98,0,1,0,0,,64.800003,.064800002,0,.00020000001,1,0,4.471097690578283
0,29,98,0,2,2.8,.0050230974316029,.7331760884182509,307.60001,.36339998,.00020000001,.00020000001,1,0,4.471097690578283
0,32,98,0,16.8,27.200001,.7068674561402448,4.018865709966907,379.79999,.64959997,.19939999,.023600001,1,0,4.471097690578283
0,33,98,0,0,1.2,0,.0064597058867036,,0,0,0,1,0,4.471097690578283
0,34,98,0,2,7.5999999,.0697687143055929,.8398162325745887,70.199997,.13319999,0,.00020000001,1,0,4.471097690578283
0,36,98,0,2,3.8,.0205881129163132,.4706270918398928,88.800003,.0942,0,0,1,0,4.471097690578283
0,37,98,0,17.6,103.2,5.153782611920929,5.981273310878942,314,.32160002,3.1286001,.1644,1,0,4.471097690578283
0,38,98,0,3,4,.5680750691513266,1.270432289942959,587.79999,.58779997,.0040000002,.00060000003,1,0,4.471097690578283
0,39,98,0,2.6,9,.0127560186302634,.9024890160737487,5.4000001,.0054000001,.0046000001,.0016000001,1,0,4.471097690578283
0,41,98,0,0,,0,0,,0,0,0,1,0,4.471097690578283
0,42,98,0,16.8,32,.1137171427263632,3.881552963095424,1736.6,1.7365999,.0014,.00020000001,1,0,4.471097690578283
0,43,98,0,0,,0,,0,0,0,0,1,0,4.471097690578283
0,44,98,0,5,11.6,.1393088699004554,1.477004003294716,86.599998,.13680001,.0014,.00060000003,1,0,4.471097690578283
0,45,98,0,0,,0,.0026406578257191,,0,.0013333333,.00033333333,1,0,4.471097690578283
0,48,98,0,7.2,19,0,,442.39999,.745,.0070000002,.0038000001,1,0,4.471097690578283
0,49,98,0,1.8,8.3999996,.0654056826333681,1.097317872242397,23.6,.0704,0,0,1,0,4.471097690578283
0,50,98,0,0,20.4,.0016930022569227,.6118405917174148,0,.0046000001,0,0,1,0,4.471097690578283
0,56,98,0,20.2,99.199997,.9057914146802082,8.800374000904311,3222.3999,3.2224,.056400001,.0052,1,0,4.471097690578283
0,3,99,0,.8,6.5999999,.0005682082326894,.2948906305797068,22.6,.022600001,0,.0014,1,0,10.64656616039572
0,5,99,0,3.8,2.8,.0521175741903518,.7513539601527472,187.8,.18780001,.00040000002,.0012000001,1,0,10.64656616039572
0,7,99,1,5,20.200001,.2588501712512821,.9172741220373121,26.4,.0264,.00040000002,.0012000001,1,1,10.64656616039572
0,12,99,0,14.4,80.400002,3.11174043000091,6.494766888188717,272,.4434,3.4590001,.1036,1,0,10.64656616039572
0,13,99,0,15.8,132.2,3.618412794382952,6.528518390612686,348.39999,.37540001,2.7820001,.1266,1,0,10.64656616039572
0,14,99,0,2.4,2,.0537338780916369,.2124731043640607,161.2,.1612,0,0,1,0,10.64656616039572
0,17,99,0,3,2.8,.062926578937175,.8785527436218878,33.799999,.059599999,.0012000001,.00060000003,1,0,10.64656616039572
0,18,99,0,3.4,7.8000002,.0361639078303781,.5577392699158696,5.4000001,.055599999,.00020000001,.00040000002,1,0,10.64656616039572
0,20,99,0,5.8,19.6,.3046899346019991,1.350099091838761,448.60001,.63279998,.0080000004,.0016000001,1,0,10.64656616039572
0,21,99,0,12,69.400002,4.443234564513262,5.295337462341849,,0,1.979,.071800001,1,0,10.64656616039572
0,22,99,0,5,9.6000004,.2424899778415586,.9645137969073818,176.8,.4698,.00040000002,.0012000001,1,0,10.64656616039572
0,23,99,0,6,5,.0551225607979015,1.129989842982416,41,.074199997,.0018,.0018,1,0,10.64656616039572
0,25,99,0,5.2,14,.2265024037730838,.2137362636732585,60.5,.077749997,.022200001,.0032000002,1,0,10.64656616039572
0,26,99,0,3,19.4,2.461812009384184,5.915717306997041,217.60001,.2176,0,0,1,0,10.64656616039572
0,27,99,0,2,2.4000001,.0084242920077216,.3478709442068572,1.2,.031399999,.00020000001,.00040000002,1,0,10.64656616039572
0,28,99,0,3.2,6.4000001,0,,26.200001,.0262,.00080000004,.00060000003,1,0,10.64656616039572
0,29,99,0,0,5.1999998,0,.0999397625944352,,0,0,0,1,0,10.64656616039572
0,31,99,0,8.199999999999999,66,0,,139.60001,.16739999,.72119999,.033,1,0,10.64656616039572
0,32,99,0,13.6,32.599998,.6419874278389031,3.127024023374753,187.2,.3804,.1794,.021600001,1,0,10.64656616039572
0,33,99,0,2.6,25.6,.0430473228190372,.5235306367874684,,0,0,0,1,0,10.64656616039572
0,34,99,0,1,.40000001,.0005643340856409,.2763798242801215,7.8000002,.0484,.00020000001,0,1,0,10.64656616039572
0,36,99,0,5,6.5999999,.0787383228411377,.4177810600001433,196.8,.19680001,.00060000003,.00020000001,1,0,10.64656616039572
0,37,99,0,17.2,60,2.227921440406423,5.489641597894872,189.8,.1998,3.0550001,.14760001,1,0,10.64656616039572
0,38,99,0,0,,0,.0646595995476605,,0,.010600001,.00040000002,1,0,10.64656616039572
0,39,99,0,1,1.8,0,.213959795061287,,0,.0594,.0024000001,1,0,10.64656616039572
0,40,99,0,1.8,3,0,,,0,.00080000004,0,1,0,10.64656616039572
0,41,99,0,0,,.0002790178570207,.18392302326505,,0,0,0,1,0,10.64656616039572
0,42,99,0,15.6,41,.274796733216507,3.894143967928529,1403.2,1.4031999,.0018,.00020000001,1,0,10.64656616039572
0,43,99,0,0,,0,,109.8,.1098,0,0,1,0,10.64656616039572
0,44,99,0,3,4,.3660916945844396,.8697952616441262,38.599998,.038599998,.00040000002,.0012000001,1,0,10.64656616039572
0,47,99,0,0,,.7583783407496731,.8577229559645918,,0,0,0,1,0,10.64656616039572
0,48,99,0,3,8.6000004,0,,39.599998,.0396,.0024000001,0,1,0,10.64656616039572
0,49,99,0,4,9.8000002,.0637136602904597,1.415240180518007,.2,.066,0,0,1,0,10.64656616039572
0,50,99,0,.4,3,.2160225283478931,1.827002658687236,76.199997,.077599995,0,0,1,0,10.64656616039572
0,56,99,0,15,57.200001,.3825465575566481,4.43253456412565,1895.2,2.0009999,.030200001,.003,1,0,10.64656616039572
0,3,100,0,10,34.799999,2.339362678518407,7.02510438378278,684.59998,.6846,.0012000001,.00060000003,1,0,14.89880750072441
0,4,100,0,1,2,0,,6,.026799999,.00040000002,0,1,0,14.89880750072441
0,5,100,0,2.8,7.1999998,0,.0314014431708003,455,.66359997,.0044,.003,1,0,14.89880750072441
0,10,100,0,0,,0,,53,.052999999,.0080000004,.00050000002,1,0,14.89880750072441
0,12,100,1,22,156.2,7.516456309725874,9.430949538225777,843,1.0452,2.45,.1018,1,1,14.89880750072441
0,13,100,0,12.4,86,1.242918985655698,8.434085306659739,401.79999,.4348,2.0718,.064400002,1,0,14.89880750072441
1,17,100,0,11.8,65.400002,3.14387359038383,5.179647170230855,1929.8,1.9992,.033199999,.0054000001,1,0,14.89880750072441
0,18,100,0,3,1.8,0,.372811479421655,43.799999,.1232,.0020000001,.00060000003,1,0,14.89880750072441
0,20,100,0,0,5,0,.2769439531314896,0,0,.003,.00020000001,1,0,14.89880750072441
1,22,100,0,8.6,22.200001,.01486486486375,.1762511570742506,1128.6,1.4626,.0044,.003,1,0,14.89880750072441
1,23,100,1,12.8,36.200001,1.885078959052956,2.895827936532059,579.59998,.73620003,.0188,.0046000001,1,1,14.89880750072441
0,25,100,1,8,52,2.75459674422565,4.190561391128096,892.20001,.89219999,.22860001,.018200001,1,1,14.89880750072441
0,27,100,0,.4,.60000002,0,.1755302729372703,0,.024,.0020000001,.00060000003,1,0,14.89880750072441
0,29,100,0,1,1,.0036756756754,.3251241703234374,.2,.079599999,0,0,1,0,14.89880750072441
0,31,100,0,0,,0,,202,.20200001,.12933333,.0063333334,1,0,14.89880750072441
0,32,100,0,20.4,48,1.657199371834841,4.541222237033957,819.40002,1.0204,.63340002,.0656,1,0,14.89880750072441
0,33,100,0,0,,0,.019780219774389,0,.091400005,0,0,1,0,14.89880750072441
0,34,100,0,.6,.40000001,.0019459459458,.2132955630680823,0,0,.00020000001,0,1,0,14.89880750072441
0,36,100,1,5.6,6.4000001,.0374342619288234,1.197621450804812,248.2,.26660001,.0080000004,.0041999999,1,1,14.89880750072441
0,37,100,0,15.8,86.199997,3.574512407047089,5.364562535371471,266.79999,.29679999,3.8399999,.13260001,1,0,14.89880750072441
0,38,100,0,0,,0,,217,.21699999,.0145,.0015,1,0,14.89880750072441
0,39,100,0,14.4,47,.6091760599346948,4.221010194501936,800.40002,.80040002,.5776,.029999999,1,0,14.89880750072441
0,41,100,0,0,,0,,0,.168,0,0,1,0,14.89880750072441
0,42,100,0,20,50.799999,.6709881878254008,4.999886288275556,2179,2.1789999,.0046000001,.0012000001,1,0,14.89880750072441
0,44,100,0,2.8,5.8000002,.00135135135125,.0492282039823908,156.39999,.18099999,.0044,.003,1,0,14.89880750072441
0,45,100,0,1,3.4000001,0,.0742255134567121,36.200001,.036200002,.0044,.003,1,0,14.89880750072441
0,46,100,0,0,,0,,0,.011,0,0,1,0,14.89880750072441
0,47,100,0,0,,.0703108838438549,.0020022883290829,222.66667,.22266667,.001,0,1,0,14.89880750072441
1,48,100,1,29.6,127,4.728629947882537,9.856523694307503,1322.2,1.382,.059799999,.0098000001,1,1,14.89880750072441
0,49,100,1,4.6,27.6,.56584364588383,2.313794207606167,330.20001,.55440003,.00020000001,0,1,1,14.89880750072441
0,56,100,0,15,41.200001,.329370580696461,4.283090750505972,1731.4,1.7314,.1032,.012800001,1,0,14.89880750072441
0,3,101,0,1.4,2.8,.0589851853090444,.5284014287657771,153,.153,.00060000003,.0012000001,1,0,22.93468836582499
0,5,101,0,5.8,10.4,.0036756756754,1.305677773951131,215.39999,.44499999,.00060000003,.0016000001,1,0,22.93468836582499
0,7,101,0,0,0,0,,,0,.00060000003,.0016000001,1,0,22.93468836582499
0,10,101,0,0,6,0,,,0,.001,.0020000001,1,0,22.93468836582499
0,11,101,0,0,0,0,,,0,.00040000002,0,1,0,22.93468836582499
0,12,101,1,20.4,90.199997,5.14732481706059,5.408914864335386,723,.92540002,1.1142,.051400002,1,1,22.93468836582499
0,13,101,1,15.2,49.599998,1.207884913431978,4.857588129019894,348.79999,.41420001,1.1586,.060599998,1,1,22.93468836582499
0,15,101,0,10.4,86,4.694254762762632,5.164536746884857,497.20001,.50099999,.12180001,.0078000003,1,0,22.93468836582499
0,16,101,0,0,,0,,0,.0176,.0148,.00020000001,1,0,22.93468836582499
0,17,101,0,21.6,39,.7019394544014989,3.664696349539819,764.20001,.77079999,.0080000004,.0016000001,1,0,22.93468836582499
0,20,101,0,6.2,17.4,.5727711985955622,1.470563219842543,271.79999,.38079998,.0108,.001,1,0,22.93468836582499
0,21,101,1,15,92,9.362074598065462,2.822047525036878,274.20001,.27420002,2.1978002,.15539999,1,1,22.93468836582499
0,22,101,0,8.6,10.4,.3116453324357704,1.505822175159728,329.39999,1.071,.00060000003,.0016000001,1,0,22.93468836582499
0,23,101,0,8.4,11.8,.0707511789633031,1.465478416529435,336,.60280001,.0048000002,.0012000001,1,0,22.93468836582499
0,24,101,0,0,0,0,,,0,.0026,.00020000001,1,0,22.93468836582499
0,25,101,0,16.2,110.8,6.742020236691602,4.941761966805307,1762.4,1.7624,.1364,.0136,1,0,22.93468836582499
0,26,101,0,.2,0,0,,44.599998,.054400001,0,0,1,0,22.93468836582499
0,28,101,0,4.8,11.6,.2041153625737697,1.027605701601071,,0,.0016000001,.00080000004,1,0,22.93468836582499
0,29,101,0,4,4.4000001,0,.832316474695218,64.400002,.2396,.00040000002,0,1,0,22.93468836582499
0,31,101,0,15.8,151.8,15.12279746987061,7.366477263152114,371.60001,.40979999,.3818,.035,1,0,22.93468836582499
0,32,101,0,20.8,54,1.564758399704737,4.707954542375409,387.20001,.91040003,.21160001,.022399999,1,0,22.93468836582499
0,33,101,0,0,0,0,,,0,0,0,1,0,22.93468836582499
0,34,101,0,3,1.8,0,.5268440044779374,3,.12899999,.00040000002,0,1,0,22.93468836582499
0,36,101,0,6.8,12.4,.1125963295032505,1.437438922489023,548.79999,.6092,.0020000001,.00080000004,1,0,22.93468836582499
0,37,101,0,18.6,120.4,7.507678905897202,4.93145440735408,260.20001,.3096,1.1542,.088,1,0,22.93468836582499
0,38,101,1,6.4,14.6,1.354628523606577,1.842098034990759,766.20001,.8976,.0416,.0092000002,1,1,22.93468836582499
0,39,101,1,12.6,50.200001,.9133549040595192,3.045053256332813,1183.8,1.1838001,.1376,.0178,1,1,22.93468836582499
0,40,101,0,0,,0,,8,.0080000004,.0023333333,.00033333333,1,0,22.93468836582499
0,41,101,0,0,31,0,0,84.800003,.084800005,0,0,1,0,22.93468836582499
0,42,101,0,20.2,31.4,.4710026890558118,3.65330962812461,1613.8,1.6138,.0048000002,.00060000003,1,0,22.93468836582499
0,43,101,0,0,,0,,125,.125,0,0,1,0,22.93468836582499
0,44,101,0,5.8,8.6000004,.026871113221485,1.345623891222888,216.39999,.46900001,.00060000003,.0016000001,1,0,22.93468836582499
0,45,101,0,2.4,2,.1416612257236773,.648955800112942,0,.001,.00060000003,.0016000001,1,0,22.93468836582499
0,46,101,0,5.4,3,.0115934065884576,1.290480199403277,186.39999,.491,0,0,1,0,22.93468836582499
0,47,101,0,8.800000000000001,24.4,.6585232733978145,1.868344468483601,495,.69379997,.0012000001,.00020000001,1,0,22.93468836582499
1,48,101,1,9,28.4,.9483050049917613,1.621901602997713,949.79999,1.0354,.028200001,.0038000001,1,1,22.93468836582499
0,49,101,0,3,5.4000001,.0564083371359587,1.036262399289383,17.4,.32339999,0,0,1,0,22.93468836582499
0,50,101,0,0,3,0,,782.20001,.78220004,0,0,1,0,22.93468836582499
0,55,101,0,0,,0,,467.79999,.46779999,0,0,1,0,22.93468836582499
0,56,101,0,30.6,77.599998,1.062108667158744,7.165792984157814,2096.2,2.174,.0308,.0055999998,1,0,22.93468836582499
0,3,102,0,4,3.2,.0420536686728361,.8613065870079336,63.200001,.063200004,.0016000001,.001,1,0,11.48465564737618
0,4,102,0,1,0,0,,,0,0,0,1,0,11.48465564737618
0,5,102,0,7.6,19.4,.0592621747696064,2.440981993845297,760.20001,1.3526,.0035999999,.0018,1,0,11.48465564737618
0,6,102,0,0,,0,,82.800003,.082800001,0,0,1,0,11.48465564737618
0,7,102,0,4,9.6000004,.1285032331912826,.9746931200786743,21.4,.2088,.0035999999,.0018,1,0,11.48465564737618
0,8,102,0,18.8,61,1.854726969851323,6.935221358417492,896,.95700002,.0046000001,.00060000003,1,0,11.48465564737618
0,9,102,0,8.199999999999999,7,.3267186217814753,1.657723434400168,90,.090000004,.0076000001,.00080000004,1,0,11.48465564737618
0,10,102,0,3.8,5,0,,773.40002,.77340001,.00080000004,.00060000003,1,0,11.48465564737618
0,11,102,0,5,2.3333333,0,.0022883295189519,,0,0,0,1,0,11.48465564737618
0,12,102,0,10.4,51.400002,2.315320668726202,3.708188053379571,13.8,.5406,2.6171999,.099399999,1,0,11.48465564737618
0,13,102,0,25.2,156.8,3.446742913809708,12.07369099540752,730.59998,.84240001,2.4916,.1004,1,0,11.48465564737618
0,14,102,0,1,0,0,,,0,0,0,1,0,11.48465564737618
0,15,102,0,19.2,92.599998,4.517574906755947,9.747159109332587,1110.8,1.1364,.22739999,.021399999,1,0,11.48465564737618
0,16,102,0,0,,.0057208237973797,.0045224209792244,,0,.0425,0,1,0,11.48465564737618
0,17,102,0,21.6,64.400002,2.32896515648976,4.846009050074076,1384.8,1.59,.0061999997,.0016000001,1,0,11.48465564737618
0,18,102,0,5.6,1,.029358338000124,.4947159988769637,.2,.093999997,.00060000003,.00020000001,1,0,11.48465564737618
0,20,102,0,7.6,18.799999,.2403401888503096,1.753775826252401,0,.219,.0061999997,.001,1,0,11.48465564737618
0,21,102,0,1,6.3333335,.0737851172583419,.2050243722004975,,0,.21419999,.0132,1,0,11.48465564737618
0,22,102,0,18,47.599998,1.900738031941778,4.024360393260819,1149.6,2.4106002,.0035999999,.0018,1,0,11.48465564737618
0,23,102,0,9.800000000000001,16.4,.2973772777591299,1.978710144524917,399.60001,.67400002,.0038000001,.0024000001,1,0,11.48465564737618
0,24,102,0,15.6,9.6000004,.3379322658260284,2.935487358968756,531,.78399998,.0328,.0012000001,1,0,11.48465564737618
0,25,102,0,13.4,75,2.815368443579037,3.183339575829387,2383.8,2.4291999,.15660001,.0093999999,1,0,11.48465564737618
0,26,102,0,1.2,6.5999999,0,.1819227103817651,0,.062200002,0,0,1,0,11.48465564737618
0,27,102,0,3.8,2.5999999,.0693410795113926,.4447208296567686,0,.1026,.00060000003,.00020000001,1,0,11.48465564737618
0,29,102,0,4,3,.0132561716184537,1.022119114977424,.40000001,.1174,0,0,1,0,11.48465564737618
0,30,102,0,12.25,1,.0911143030304923,1.190891708862403,187.39999,.1874,0,0,1,0,11.48465564737618
0,31,102,0,31.8,167.2,7.00668427952725,16.96282567231973,1098.2,1.1356,.73559999,.059799999,1,0,11.48465564737618
0,32,102,0,31.8,66.800003,1.021808869565838,7.537361462725524,650.20001,1.187,.47600001,.0616,1,0,11.48465564737618
0,33,102,0,0,,0,.123601313072343,80.400002,.2164,0,0,1,0,11.48465564737618
0,34,102,0,4.25,0,.0068497371893983,.5244632172514544,0,.049800001,0,.00020000001,1,0,11.48465564737618
0,35,102,0,0,,0,.0891647855312644,,0,.168,.003,1,0,11.48465564737618
0,36,102,0,4.8,8,.0299225258587548,1.023098020712657,306.79999,.42399999,.0032000002,.00040000002,1,0,11.48465564737618
0,37,102,0,28.6,138.8,4.713207205782866,10.69234378067948,620.79999,.67159998,3.7863998,.19400001,1,0,11.48465564737618
0,38,102,0,7.4,14.2,.5874969855832876,2.721315121163776,7.3333335,.0073333336,.0104,.0038000001,1,0,11.48465564737618
0,39,102,0,11.6,16.6,.2806055601064329,1.535048828148583,3.4000001,.162,.2008,.0098000001,1,0,11.48465564737618
0,40,102,0,1,0,0,,,0,.003,.001,1,0,11.48465564737618
0,41,102,0,0,,.0015678792079585,.2981794424683698,0,.25139999,0,0,1,0,11.48465564737618
0,42,102,0,4.4,3.2,.0077803203644365,.1159694885649189,,0,.0024000001,.00040000002,1,0,11.48465564737618
0,44,102,0,4.8,14.4,.0596548620480159,1.585906794236854,149.2,.2588,.0035999999,.0018,1,0,11.48465564737618
0,46,102,0,1,0,.0011441647594759,.0011441647594759,,0,0,0,1,0,11.48465564737618
0,47,102,0,3.4,5.4000001,.5155963022053026,.9575420196145041,575.59998,.57559997,.00020000001,0,1,0,11.48465564737618
0,48,102,0,22.2,49.799999,.7727153148698659,4.169158383075706,2768.6001,2.9658,.013,.0024000001,1,0,11.48465564737618
0,49,102,0,3.2,10.2,.5208643524014686,.893619287688886,0,.42679998,.00060000003,0,1,0,11.48465564737618
0,50,102,0,0,1,.105712957464896,.8503631491389076,,0,0,0,1,0,11.48465564737618
0,51,102,0,1,5,.0245474023929879,.1228062747393346,37.599998,.037599999,.0164,.00080000004,1,0,11.48465564737618
0,52,102,0,5.2,3.4000001,.0203406778411077,1.484761041157263,0,0,0,0,1,0,11.48465564737618
0,53,102,0,2,.25,0,,,0,.0017500001,.0020000001,1,0,11.48465564737618
0,55,102,0,0,,0,,156.5,.1565,0,0,1,0,11.48465564737618
0,56,102,0,41.8,159.2,2.983850105018119,13.16427633229664,7317,7.5900002,.056400001,.013,1,0,11.48465564737618
0,3,103,0,2.4,7.1999998,.1040693373106595,1.078883455397413,160.60001,.16060001,0,.00040000002,1,0,.6479536111216494
0,4,103,0,0,,0,,0,0,0,0,1,0,.6479536111216494
0,5,103,0,4.6,6.8000002,.0240840708730847,.6518158257790019,41.799999,.080199994,.00080000004,.00060000003,1,0,.6479536111216494
0,7,103,0,1.6,6,.3134024106935916,.3928626847795425,,0,.00080000004,.00060000003,1,0,.6479536111216494
0,10,103,0,4.6,9.1999998,.199191175354183,.5679129869328065,155.39999,.15539999,.0014,.00060000003,1,0,.6479536111216494
0,11,103,0,1.4,2.2,0,,,0,0,0,1,0,.6479536111216494
0,17,103,0,9.4,38.799999,.4265872726878917,3.803121606847883,779.79999,1.5422,.0098000001,.0026,1,0,.6479536111216494
0,18,103,0,2.8,4,.0008648648648,.3896524772435631,0,.0058000004,.00020000001,.00040000002,1,0,.6479536111216494
0,20,103,0,1.2,.80000001,.0156100497498381,.1505563702337201,0,.0112,0,0,1,0,.6479536111216494
0,22,103,0,4,8.6000004,.0040178571410984,.7475149088920887,54,.0986,.00080000004,.00060000003,1,0,.6479536111216494
0,23,103,0,5.2,7,.1745580581236465,1.29282681667215,160.39999,.18939999,.0018,.0014,1,0,.6479536111216494
0,26,103,0,1.4,3.8,0,,0,.0061999997,0,0,1,0,.6479536111216494
0,27,103,0,11,9.666667,.1082601660480881,1.247625451363478,54.599998,.067400001,.00020000001,.00040000002,1,0,.6479536111216494
0,28,103,0,0,,0,.2906320541050707,,0,0,.001,1,0,.6479536111216494
0,29,103,0,1,1,.0008941270255824,.4963598192871528,18.799999,.044799998,0,0,1,0,.6479536111216494
0,32,103,0,0,,0,,0,.0018,.001,.00080000004,1,0,.6479536111216494
0,34,103,0,0,1.4,.0024602863190401,.2437147775162447,0,.001,.00020000001,0,1,0,.6479536111216494
0,36,103,0,5.8,13.4,.1969401184332467,1.05420759375337,91,.1042,.0014,.00080000004,1,0,.6479536111216494
0,38,103,0,2.2,4,.3796941115856607,.5901678516437556,0,0,.00080000004,.00080000004,1,0,.6479536111216494
0,39,103,0,3.8,5.8000002,.1329206257287111,.5692720750513148,100.4,.1004,.0074,.0020000001,1,0,.6479536111216494
0,41,103,0,1.8,2.4000001,.0728137808031513,.308476786464411,5,.0049999999,0,0,1,0,.6479536111216494
0,42,103,0,4.6,7.4000001,.0954764369485214,.805994936278816,91.199997,.091199994,0,0,1,0,.6479536111216494
0,43,103,0,2.6,4.4000001,0,.1738148983774015,,0,0,0,1,0,.6479536111216494
0,44,103,0,2.4,3,0,.3515009023553108,2.4000001,.021,.00080000004,.00060000003,1,0,.6479536111216494
0,45,103,0,1.2,1.8,.0036022207300455,.2278679549140681,2.8,.0052,.00080000004,.00060000003,1,0,.6479536111216494
0,46,103,0,4.6,7.4000001,.0258968666398953,.6179642590363338,0,.23999999,0,0,1,0,.6479536111216494
0,48,103,0,7.4,16,.0554414979370078,.9009424076705134,158.8,.18700001,.0018,.003,1,0,.6479536111216494
0,49,103,0,2.2,4,0,.6316628487838386,10,.044799998,0,0,1,0,.6479536111216494
0,50,103,0,0,1.6,.0074822055515105,1.144034368808674,,0,0,0,1,0,.6479536111216494
0,53,103,0,0,,0,,17,.017000001,.00050000002,.00050000002,1,0,.6479536111216494
0,56,103,0,6,12.6,.2558656467967885,1.311412871237385,145.8,.14580001,.0038000001,.0049999999,1,0,.6479536111216494
0,3,104,0,0,,0,.0022883295189519,,0,.001,0,1,0,3.337073871542801
0,4,104,0,0,,0,,4.5999999,.0272,0,0,1,0,3.337073871542801
0,5,104,0,4,5,.0070479583390796,1.048428172592126,201.39999,.34920001,.001,.00040000002,1,0,3.337073871542801
0,10,104,0,0,,0,,123.6,.1236,.00020000001,0,1,0,3.337073871542801
0,11,104,0,0,,0,,12.8,.012800001,0,0,1,0,3.337073871542801
0,12,104,0,15.2,74,3.645010834367056,5.356765696599178,641.40002,.74540001,1.3032,.073399998,1,0,3.337073871542801
0,13,104,0,8,39.799999,.7983385411303079,3.648029256926887,188.2,.1998,.56279999,.0528,1,0,3.337073871542801
0,17,104,0,2,5.5999999,.1179224630939809,.5328133459810749,134.39999,.1354,.0012000001,.00020000001,1,0,3.337073871542801
0,18,104,0,8.199999999999999,8.1999998,.1061996411908912,1.080161359805964,58.200001,.086800002,.00040000002,.00060000003,1,0,3.337073871542801
0,20,104,0,7.4,14.6,.2405672336396634,1.472580440348194,263,.31620002,.0022,.00060000003,1,0,3.337073871542801
0,21,104,0,6.2,8,.2980320404087433,1.35804283782535,57.200001,.0572,.1036,.011,1,0,3.337073871542801
0,22,104,0,10.4,23.4,.1222787244234398,2.770105062696981,470.20001,.70559996,.001,.00040000002,1,0,3.337073871542801
0,23,104,0,11.6,21,.4909501714989755,2.003025082873228,182.60001,.26879999,.0048000002,.0024000001,1,0,3.337073871542801
0,24,104,0,0,,0,.0034324942784278,,0,0,0,1,0,3.337073871542801
0,25,104,0,0,,0,,0,.034000002,.0136,.0024000001,1,0,3.337073871542801
0,29,104,0,5,5.5999999,.0392088747251987,1.029324091134989,186.60001,.2696,0,0,1,0,3.337073871542801
0,32,104,0,11.6,23.6,.302006982557926,2.317571288577688,178.8,.23339999,.040400002,.011,1,0,3.337073871542801
0,33,104,0,0,,.0525334125207779,.4335316722052923,45.400002,.045400001,0,0,1,0,3.337073871542801
0,34,104,0,3,3.5999999,.0015503683670899,.6681839252423659,38,.038400002,.00020000001,.00040000002,1,0,3.337073871542801
0,35,104,0,5,31.799999,.2883123634990613,2.603373530495086,438.39999,.4384,.0394,.0027999999,1,0,3.337073871542801
0,36,104,0,3,4,.0742573582261112,.4604272045067552,76.400002,.12980001,.00020000001,0,1,0,3.337073871542801
0,37,104,0,10.8,48.799999,1.714539149359275,2.993499281572162,128,.1362,.51740003,.051799998,1,0,3.337073871542801
0,38,104,0,2.8,7.8000002,.209917731903433,.4827619314254065,284.20001,.28420001,.0089999996,.0016000001,1,0,3.337073871542801
0,39,104,0,6,18,.356084545573057,1.161572643401212,341.39999,.3414,.064000003,.0080000004,1,0,3.337073871542801
0,41,104,0,0,,.0384284393301978,.1358022014119827,,0,0,0,1,0,3.337073871542801
0,42,104,0,14,40.400002,.4326047729010449,2.862854454367684,1016.6,1.0166,.0016000001,.00040000002,1,0,3.337073871542801
0,44,104,0,3,2.2,.0104969827594723,.6373447024644316,32.200001,.060400002,.001,.00040000002,1,0,3.337073871542801
0,45,104,0,4.8,8.6000004,.0625933371520146,1.11097613734707,77.400002,.086000003,.001,.00040000002,1,0,3.337073871542801
0,49,104,0,2,4.8000002,.1122319042593764,.9044241946614955,147.2,.24360001,.00020000001,0,1,0,3.337073871542801
0,50,104,0,0,.40000001,.0871537699934183,.5413909141400155,,0,0,0,1,0,3.337073871542801
0,56,104,0,10.6,24.4,.6768505706328454,1.866158411833622,698.79999,.69879997,.0038000001,.0041999999,1,0,3.337073871542801
0,3,105,0,9.800000000000001,43.200001,.1502867039997769,2.682899791515462,254.60001,.25460002,.001,.001,1,0,14.36552294816799
0,4,105,0,2.4,9.8000002,.0626197872659632,1.43963142912695,179,.18799999,.00020000001,0,1,0,14.36552294816799
0,5,105,0,9.6,12,.1397204883191833,3.366740477266454,615.20001,.6408,.011399999,.0048000002,1,0,14.36552294816799
0,7,105,0,18,48,1.765411159323431,5.765704456499565,1290.6,1.2918,.011399999,.0048000002,1,0,14.36552294816799
0,10,105,0,2,5.4000001,.0933827138540662,.6919224058578523,343,.34299999,.0032000002,.0014,1,0,14.36552294816799
0,11,105,0,0,,0,,0,.0013333333,.00033333333,.00033333333,1,0,14.36552294816799
0,12,105,0,31,156.8,5.399105335465159,25.19711988490233,720.20001,.72259998,8.6169996,.27779999,1,0,14.36552294816799
0,13,105,0,30,196.8,3.070765457617985,21.2184061392048,796.59998,.81440002,4.6377997,.1494,1,0,14.36552294816799
0,14,105,0,2.6,3.2,.0010989010985772,1.04410288556206,24.4,.0244,0,0,1,0,14.36552294816799
0,15,105,0,0,,0,,1.5,.0015,.1415,.0080000004,1,0,14.36552294816799
0,16,105,0,0,,.1047671113802195,.9913751836985457,,0,.23066667,.0053333333,1,0,14.36552294816799
1,17,105,0,39.2,45,1.429726539073182,13.19349498461816,888.59998,6.3902001,.0096000005,.0020000001,1,0,14.36552294816799
0,18,105,0,13.8,14.8,.0539136461511665,2.647310535699277,315.79999,.31579998,.0027999999,.0014,1,0,14.36552294816799
0,19,105,0,7.2,21,.7974380667415147,2.331594111296693,224.60001,.2246,.091800004,.0088,1,0,14.36552294816799
0,20,105,0,7,13.4,.5162225550982601,2.302256339073697,265.79999,.27340001,.011,.0012000001,1,0,14.36552294816799
0,21,105,1,26.6,143.39999,4.005825844014643,12.44260768629563,545.20001,.54519999,1.8554,.091400005,1,1,14.36552294816799
0,22,105,0,41.2,59.400002,.4099022832565595,5.176748770985067,786.20001,.8624,.011399999,.0048000002,1,0,14.36552294816799
0,23,105,0,27.4,34.799999,.2206651401145857,3.6817648526078,1004.6,1.025,.0206,.0035999999,1,0,14.36552294816799
0,24,105,0,0,,0,,0,.001,.0015,0,1,0,14.36552294816799
0,25,105,0,25.8,92.599998,1.323459639743643,8.624618685094863,1661,1.6678001,.208,.016000001,1,0,14.36552294816799
0,26,105,0,0,,0,,0,.0027999999,0,0,1,0,14.36552294816799
0,27,105,0,0,1,0,,,0,.0020000001,.001,1,0,14.36552294816799
0,28,105,0,4.8,10,.2916139349567381,1.62446131916053,407.20001,.40720001,.0049999999,.0014,1,0,14.36552294816799
0,29,105,0,5.4,5.5999999,.1583527396901652,1.195811803489662,308.39999,.30840001,.00020000001,.00020000001,1,0,14.36552294816799
0,32,105,0,29,28.4,.165624236252084,5.302366899076236,652.40002,.68479997,.20480001,.025,1,0,14.36552294816799
0,33,105,0,16,6,.1975981534530931,.8817149260138918,19.200001,.019200001,0,0,1,0,14.36552294816799
0,34,105,0,5.4,4.4000001,.0421383083155487,.9742911108361928,301.60001,.30199999,.00040000002,.0032000002,1,0,14.36552294816799
0,35,105,0,5,29.6,.3378867648033617,3.938950149310559,385,.38499999,.2642,.0074,1,0,14.36552294816799
0,36,105,0,7.2,3.8,.0835013552960592,1.153236994902247,325,.35100001,.0054000001,.0020000001,1,0,14.36552294816799
0,37,105,0,38.8,197.39999,5.58310238140844,21.65021323146225,852.59998,.87580001,8.3095999,.36579999,1,0,14.36552294816799
0,38,105,0,8.4,9,.1307155007956466,1.388407466404211,636.40002,.63659996,.033400003,.0055999998,1,0,14.36552294816799
0,39,105,0,16.8,40,.2677122472587941,5.187589506120033,1201.4,1.2018001,.35699999,.0328,1,0,14.36552294816799
0,41,105,0,3.8,18,.6368746863415511,1.21010988840008,2179.2,2.1791999,0,0,1,0,14.36552294816799
0,42,105,0,50.6,115.8,.6996155488914294,12.38331509860652,4248,4.2480001,.013,.0020000001,1,0,14.36552294816799
0,43,105,0,0,0,0,,,0,0,0,1,0,14.36552294816799
0,44,105,0,9.4,20,.1607219816927711,3.900845740958234,790.40002,.83640003,.011399999,.0048000002,1,0,14.36552294816799
0,45,105,0,5,13,.2231373072680329,2.036521126494179,372,.3734,.011399999,.0048000002,1,0,14.36552294816799
0,46,105,0,10,5.8000002,.0684275177848549,1.468416125501749,180,.1918,0,0,1,0,14.36552294816799
0,47,105,0,4.4,4.4000001,0,,,0,.001,0,1,0,14.36552294816799
0,48,105,0,20.6,27.200001,.2925163040410937,3.010631134244218,955.20001,.97299999,.018999999,.0026,1,0,14.36552294816799
0,49,105,0,16,16.799999,.0569779405504862,2.846782323911916,304.79999,.31179997,.00020000001,0,1,0,14.36552294816799
0,50,105,0,0,,.8593267991664676,.5611345410770796,7,.0070000002,0,0,1,0,14.36552294816799
0,51,105,0,0,,0,.4483300414800883,,0,.017999999,.00033333333,1,0,14.36552294816799
0,53,105,0,0,4.75,0,,75,.075000003,.0098000001,.0035999999,1,0,14.36552294816799
0,55,105,0,0,,.0414351374392829,1.378456415018161,,0,0,0,1,0,14.36552294816799
0,56,105,0,52.8,150.2,.3249050335528242,16.44369071973938,4151.3999,4.1553998,.1206,.0206,1,0,14.36552294816799
0,1,106,0,0,2.5,0,,,0,0,0,1,0,5.525111441815212
0,2,106,0,56.2,325.39999,12.88824104900554,29.28674861163868,1319,1.319,1.3571999,.1012,1,0,5.525111441815212
0,10,106,0,3,10,.0574963802934668,1.003476233507929,254.39999,.25439999,.00040000002,.00020000001,1,0,5.525111441815212
0,12,106,0,14,83.199997,2.126114467463027,7.047366686728381,340,.43779999,2.6592,.12019999,1,0,5.525111441815212
0,13,106,0,3.6,23.200001,.1825618459831096,2.195147207743993,54.599998,.055400003,.47279999,.020200001,1,0,5.525111441815212
0,16,106,0,3.8,17.6,.4015750889542667,1.695150316115286,172.2,.17219999,.49760002,.0392,1,0,5.525111441815212
0,18,106,0,1,1,0,.1761030157434023,,0,0,0,1,0,5.525111441815212
0,25,106,0,0,,0,,9,.0089999996,0,.0020000001,1,0,5.525111441815212
0,27,106,0,1,.75,0,.1472525615873495,,0,0,0,1,0,5.525111441815212
0,30,106,0,0,9.5,0,,,0,0,0,1,0,5.525111441815212
0,32,106,0,1.8,10.2,.0714308616103448,.6814574624976076,,0,.015,.0041999999,1,0,5.525111441815212
0,33,106,0,4.2,.60000002,.0103584979179071,.3765990351915949,,0,0,0,1,0,5.525111441815212
0,37,106,0,.75,9.75,.2372579142121057,1.032067052591871,0,.001,.071800001,.0034,1,0,5.525111441815212
0,41,106,0,0,2.6666667,0,,,0,0,0,1,0,5.525111441815212
0,42,106,0,2,4.1999998,0,.5055476406498108,,0,.0012000001,.00020000001,1,0,5.525111441815212
0,48,106,0,3.8,13,.1156815476585773,.9800195516246318,,0,.003,.00040000002,1,0,5.525111441815212
0,50,106,0,1.4,1.8,.0268389458044409,.3173946397885093,,0,0,0,1,0,5.525111441815212
0,56,106,0,24.6,114,1.813077015162315,7.184106905908183,2543.6001,2.5436001,.0208,.0061999997,1,0,5.525111441815212
0,1,107,0,2.6,6,0,,,0,0,0,1,0,3.537258618030204
0,2,107,0,17.2,48.599998,2.789194794975287,6.501681403109553,633,.63300002,.123,.021200001,1,0,3.537258618030204
0,3,107,0,1.6,3.8,0,,,0,0,0,1,0,3.537258618030204
0,5,107,0,4.6,7.8000002,.1539297572974875,1.353347743325956,264,.61840004,.0024000001,.0016000001,1,0,3.537258618030204
0,6,107,0,10,23.4,.5383639732784988,3.132897799816592,1121.2,1.1212,0,.00020000001,1,0,3.537258618030204
0,8,107,0,14.6,60,2.125618638927298,5.87366777817572,667.20001,.66720003,.0070000002,.00060000003,1,0,3.537258618030204
0,10,107,0,0,,0,,12.8,.012800001,.001,.00080000004,1,0,3.537258618030204
0,11,107,0,0,,.0183936185832217,2.484870627292548,0,0,0,0,1,0,3.537258618030204
0,12,107,0,9,30.200001,.3610354325749173,3.632883266500827,279.79999,.4628,.27720001,.022799999,1,0,3.537258618030204
0,13,107,0,5.2,31.200001,.2612414571846434,1.83799465615013,5.8000002,.047599997,.32479998,.019399999,1,0,3.537258618030204
0,14,107,0,.5,0,.0077184750503792,.2738091355004479,,0,0,0,1,0,3.537258618030204
0,15,107,0,13.8,55.400002,4.255878588328745,6.032711944372158,614.40002,.61440003,.043599997,.0089999996,1,0,3.537258618030204
0,17,107,0,10.6,16,.5012346376550165,2.73499917855056,433.20001,.44439998,.0040000002,.0016000001,1,0,3.537258618030204
0,18,107,0,1,.60000002,.0004395604394309,.2420353728353804,0,.097199999,.00020000001,0,1,0,3.537258618030204
0,20,107,0,4.6,6.1999998,.0011090733586663,.6153672373669704,0,.0462,.00080000004,.00080000004,1,0,3.537258618030204
0,21,107,0,0,,.0011286681712818,0,,0,.050000001,.003,1,0,3.537258618030204
0,22,107,0,9,12.8,.1919963945413494,1.943791102438788,349.60001,1.2434,.0024000001,.0016000001,1,0,3.537258618030204
0,23,107,0,4.6,6.5999999,.2890447870660745,1.002915144175228,103,.2256,.00040000002,.00040000002,1,0,3.537258618030204
0,24,107,0,0,0,.0681226957393315,1.9858602212673,119,.119,.0022,.00040000002,1,0,3.537258618030204
0,25,107,0,6,11.4,.0755990588617541,.7794850501685976,310.60001,.31060001,.0242,.0048000002,1,0,3.537258618030204
0,26,107,0,2,3.5999999,.4865326045620016,1.020947681371407,94.666664,.094666667,0,0,1,0,3.537258618030204
0,27,107,0,2.4,1,.0004395604394309,.4097221896237626,0,.0414,.00020000001,0,1,0,3.537258618030204
0,28,107,0,0,,0,,3,.003,0,0,1,0,3.537258618030204
0,29,107,0,0,0,.0069669935466656,.7707980034966679,212.39999,.31999999,0,0,1,0,3.537258618030204
0,30,107,0,0,2.8,.3384853866515532,1.756293449939708,291,.29100001,0,0,1,0,3.537258618030204
0,31,107,0,20,73.199997,4.022079267368006,7.540398883531404,1006.8,1.0067999,.2102,.0196,1,0,3.537258618030204
0,32,107,0,13.8,20.200001,.3722663887920042,3.015902780188652,104.8,.61519998,.088399999,.016799999,1,0,3.537258618030204
0,33,107,0,0,,0,.7021888919820196,87.666664,.087666661,0,0,1,0,3.537258618030204
0,34,107,0,0,.40000001,.0048790342529654,.6901212970648831,0,.1076,.00020000001,.00060000003,1,0,3.537258618030204
0,36,107,0,2,1.4,0,.2949178750104312,110.4,.1248,.0014,0,1,0,3.537258618030204
0,37,107,0,10,39.400002,1.502759279049613,3.822805772312628,107.2,.13080001,.71100003,.069199994,1,0,3.537258618030204
0,38,107,0,4.8,11.6,.1964697955366046,.7712411631131106,302,.30199999,.0026,.00060000003,1,0,3.537258618030204
0,39,107,0,21.2,30.200001,.3608775379791078,1.17481493667705,.40000001,.00040000002,.037,.0049999999,1,0,3.537258618030204
0,40,107,0,13.4,28.4,.3700529542167532,1.888894869756205,120.8,.1208,.001,.00020000001,1,0,3.537258618030204
0,41,107,0,1.4,.40000001,0,.1351648351249913,21.799999,.021799998,0,0,1,0,3.537258618030204
0,42,107,0,2.4,8.6000004,.2971691734328236,.4414382244359557,83,.082999997,.00020000001,.00020000001,1,0,3.537258618030204
0,44,107,0,6,5.4000001,.0017801966723808,1.148620060196023,143.8,.22219999,.0024000001,.0016000001,1,0,3.537258618030204
0,47,107,0,2.6,6,.4515053379688811,4.269359284153922,2072,2.072,.00040000002,0,1,0,3.537258618030204
0,48,107,0,9.6,5.1999998,.0452356460334184,1.90977419160321,259,.3204,.0026,.00040000002,1,0,3.537258618030204
0,49,107,0,3.6,8.6000004,.036408792904121,1.129111306850272,0,.31020001,0,0,1,0,3.537258618030204
0,50,107,0,0,,0,.1186813186463338,,0,0,0,1,0,3.537258618030204
0,51,107,0,1,2,0,,,0,.0020000001,.001,1,0,3.537258618030204
0,53,107,0,3,2.2,0,,29.333334,.029333334,.00020000001,.00020000001,1,0,3.537258618030204
0,55,107,0,0,,0,,195.2,.1952,0,0,1,0,3.537258618030204
0,56,107,0,23.6,58.200001,.8776557325900078,5.336581962073191,2750.6001,2.7862,.0086000003,.0020000001,1,0,3.537258618030204
0,3,108,0,5,10.75,0,.0560695778956451,12.2,.0122,0,0,1,0,.5823054176720274
0,5,108,0,6,6,.0429181496443102,1.007570838147625,49.599998,.35820001,0,0,1,0,.5823054176720274
0,7,108,0,0,,0,.0401610762374429,,0,0,0,1,0,.5823054176720274
0,10,108,0,0,4.5,0,,.2,.00020000001,.0014,0,1,0,.5823054176720274
0,11,108,0,3.8,4.8000002,0,.0048347849929236,0,.0592,0,0,1,0,.5823054176720274
0,12,108,0,3.8,8,.2793217102181396,.873984774060624,0,.2586,.025799999,.0055999998,1,0,.5823054176720274
0,13,108,0,2.8,4,.0493877774282798,.5184444601583412,0,.051799998,.013,.0018,1,0,.5823054176720274
0,15,108,0,0,,0,,0,.0026,.0018,.00020000001,1,0,.5823054176720274
0,17,108,0,17.8,44.400002,.476514925262931,4.089841905009292,1107.2,3.7446001,.018999999,.0024000001,1,0,.5823054176720274
0,18,108,0,3.4,3.5999999,.0381154636840599,.5371849008209393,8.6000004,.0748,.00020000001,0,1,0,.5823054176720274
0,20,108,0,2.8,3.4000001,.0431916520161947,.5222532693456997,50.400002,.17380001,0,0,1,0,.5823054176720274
0,22,108,0,7,7.4000001,.1083644940063974,1.456316868494945,132.60001,.61579996,0,0,1,0,.5823054176720274
0,23,108,0,4.2,2.8,.04336178916574,.5420541970618257,52,.154,0,.00020000001,1,0,.5823054176720274
0,24,108,0,0,0,0,,0,.0049999999,0,0,1,0,.5823054176720274
0,25,108,0,14.4,40.799999,1.732939681828132,3.441390206170506,1238,1.238,.038799997,.0032000002,1,0,.5823054176720274
0,26,108,0,0,,0,,117.5,.1175,0,0,1,0,.5823054176720274
0,27,108,0,5,3.5999999,.0147312332894363,.7604696977778725,19.6,.1214,.00020000001,0,1,0,.5823054176720274
0,29,108,0,0,,.0120404623931244,.7088800562070051,32.400002,.032400001,0,0,1,0,.5823054176720274
0,32,108,0,7.8,7,.0266662232827767,.7920964481521057,.2,.43239999,.0041999999,.00040000002,1,0,.5823054176720274
0,33,108,0,2,2,.0006486486486,.8424415265330619,,0,0,0,1,0,.5823054176720274
0,34,108,0,4,4,.0025014464175131,.8520182495287538,20.4,.082800001,.00020000001,.00020000001,1,0,.5823054176720274
0,36,108,0,3.6,1.4,.0004576659037904,.5042738092817384,31.6,.031600002,0,0,1,0,.5823054176720274
0,37,108,0,3.8,2.5999999,.0264104502537668,.7289551125681542,0,.030400001,.0060000001,.001,1,0,.5823054176720274
0,38,108,0,2.4,2.8,.0436236141560339,.4317212469983763,79.400002,.079400003,.0016000001,.0014,1,0,.5823054176720274
0,39,108,0,12.4,33.200001,.7515301580538247,2.933429578303953,525.20001,.52520001,.0372,.0066,1,0,.5823054176720274
0,40,108,0,0,1,0,,284.20001,.28420001,0,0,1,0,.5823054176720274
0,41,108,0,0,0,0,.0361173814810185,,0,0,0,1,0,.5823054176720274
0,44,108,0,1.4,3.8,.0049579381667929,.4193221495640877,.2,.045000002,0,0,1,0,.5823054176720274
0,45,108,0,0,,0,.004324324324,,0,0,0,1,0,.5823054176720274
0,46,108,0,6,5.1999998,.0185192880079922,.9102716365978792,0,.047200002,0,0,1,0,.5823054176720274
0,48,108,0,2.8,2.8,.0350001395686785,.4355151789281941,206.60001,.248,.0040000002,.00060000003,1,0,.5823054176720274
0,49,108,0,3.8,6.1999998,.0123194198940518,.7582373586705482,65,.27520001,0,0,1,0,.5823054176720274
0,50,108,0,1.8,3.2,.0011160714280829,.2044100979098102,,0,0,0,1,0,.5823054176720274
0,56,108,0,3.6,5.8000002,.0203948959993124,.8449102731156997,22,.338,.0044,.001,1,0,.5823054176720274
0,3,109,0,16.4,61.599998,.7326282589524169,2.396534234033643,321.20001,.32120001,.0012000001,.0020000001,1,0,15.36591730435323
0,4,109,0,0,0,.0047873865254395,.2579507348607014,1.4,.02,.00060000003,0,1,0,15.36591730435323
0,5,109,0,2.2,2,.0225962389635369,.4881295976246341,156.2,.40020001,.0132,.003,1,0,15.36591730435323
0,7,109,0,0,0,0,,,0,.0132,.003,1,0,15.36591730435323
0,10,109,0,3.2,15,.3635791430591934,.6644523064941472,81.599998,.081599995,.0064000003,.00060000003,1,0,15.36591730435323
0,12,109,1,24,160.2,4.640819595475593,10.63382550250009,483,.52759999,4.8940001,.13839999,1,1,15.36591730435323
0,13,109,1,12.2,69.199997,1.171463355109285,5.116803678850727,193.39999,.215,2.6001999,.070599996,1,1,15.36591730435323
0,14,109,0,0,0,0,,,0,.00025000001,0,1,0,15.36591730435323
0,17,109,0,0,2,0,.2894372864710071,,0,.0071999999,.00060000003,1,0,15.36591730435323
0,22,109,0,1,2.4000001,.0442105542836155,.44080801272563,226.39999,.49679998,.0132,.003,1,0,15.36591730435323
0,23,109,0,9.4,12.8,.698909402875994,1.391678344967515,171.8,.2728,.0040000002,.0016000001,1,0,15.36591730435323
0,25,109,0,4.8,19,.3816631448941911,.6526581361227006,202.60001,.2052,.059799999,.0070000002,1,0,15.36591730435323
0,29,109,0,0,0,.0529394820473388,.1221256471833514,0,0,.00040000002,.00020000001,1,0,15.36591730435323
0,32,109,0,10.6,16.4,.2607703291496927,1.899883019538453,103.8,.1936,.1006,.0178,1,0,15.36591730435323
0,35,109,0,0,0,0,,,0,.141,.0094999997,1,0,15.36591730435323
0,36,109,1,4.8,17.799999,.4904497487091472,1.299879599303843,91.199997,.114,.0176,.0058000004,1,1,15.36591730435323
0,37,109,0,11.2,126.6,4.499697104724977,3.765755429621985,324.20001,.3414,2.7390001,.092599995,1,0,15.36591730435323
0,38,109,1,9,29.4,.4571184860379544,1.362826681238552,59,.075000003,.060400002,.0089999996,1,1,15.36591730435323
1,39,109,0,8.4,51.200001,.6803300269922363,2.882576014112674,496,.49599999,.54140002,.018999999,1,0,15.36591730435323
0,41,109,0,0,0,0,,,0,0,0,1,0,15.36591730435323
0,42,109,0,13.8,45.400002,.1837941779515374,3.53255804908111,1557.4,1.5574,.0048000002,.00060000003,1,0,15.36591730435323
0,43,109,0,0,,0,0,,0,0,0,1,0,15.36591730435323
0,44,109,0,1.8,0,.0068058245004728,.3107068272163447,90,.1816,.0132,.003,1,0,15.36591730435323
0,45,109,0,2,3,.0599252245637759,.2565240004213467,24.200001,.0272,.0132,.003,1,0,15.36591730435323
0,47,109,0,0,,.2631578946794683,0,,0,.003,0,1,0,15.36591730435323
1,48,109,1,4.6,25.200001,.6770377347453546,2.320073803445867,453.60001,.45360002,.034599997,.0061999997,1,1,15.36591730435323
0,49,109,0,1.6,6.5999999,.0521655072147885,.7829773335131465,53,.2208,0,0,1,0,15.36591730435323
0,50,109,0,0,18,.2114878975815348,.5138176790061981,9.333333,.009333333,0,0,1,0,15.36591730435323
0,53,109,0,.4,3.4000001,.2465506825989827,1.066257982435706,718.59998,.71859998,.0394,.0078000003,1,0,15.36591730435323
0,56,109,0,17.8,47,.6955113227494367,3.833185524452617,1136.8,1.1368001,.080600001,.012,1,0,15.36591730435323
0,2,110,0,0,,.0755148741254126,0,,0,.12,.012,1,0,11.26139842133374
0,3,110,0,9.199999999999999,20.6,.4300090059392866,2.48056979489548,234.8,.2348,0,.0014,1,0,11.26139842133374
0,4,110,0,2.8,3.2,.0088648648642,.8041178899791905,17.4,.065400004,0,0,1,0,11.26139842133374
0,5,110,0,7.6,15,.2112740815418943,1.844855185083971,928.20001,1.1561999,.0046000001,.0044,1,0,11.26139842133374
0,7,110,0,13.2,28,.6538045279925796,3.361729283083516,686.40002,.6864,.0046000001,.0044,1,0,11.26139842133374
0,8,110,0,5.2,22.6,.8903435015524656,1.148299232956395,206.60001,.20660001,.0061999997,.0014,1,0,11.26139842133374
0,10,110,0,8.4,38.599998,.6273459475471785,2.701286366058679,1014,1.0140001,.001,.0020000001,1,0,11.26139842133374
0,11,110,0,0,0,.0057078841083032,.4304378993200304,,0,.00060000003,.00020000001,1,0,11.26139842133374
0,12,110,0,14.6,85.599998,1.715513751000719,7.269695077824089,349,.47920001,1.8064001,.12719999,1,0,11.26139842133374
0,13,110,0,17,102,2.73049259633334,7.768347153251579,581.79999,.6038,2.605,.1586,1,0,11.26139842133374
0,14,110,0,3.8,2,.0123742203726161,.5390088120186287,353.20001,.35320002,0,0,1,0,11.26139842133374
0,17,110,0,7.4,30.200001,1.007850312068015,2.716753049268274,434.39999,.78259999,.0076000001,.00080000004,1,0,11.26139842133374
0,18,110,0,12.2,21.6,.1266334501879786,2.460562659750857,252.39999,.3064,.001,.0012000001,1,0,11.26139842133374
0,20,110,0,5.6,8,.096014331864267,1.286860488012157,381.39999,.38139999,.0035999999,.00040000002,1,0,11.26139842133374
0,21,110,0,13.2,47.400002,1.458223072489738,3.419153976002302,391.20001,.39120001,.30199999,.032200001,1,0,11.26139842133374
0,22,110,0,17,29.4,.2464255931671613,3.643474418542381,1201,1.7854,.0046000001,.0044,1,0,11.26139842133374
0,23,110,0,13.4,28.4,.7010677759868598,2.565259854001894,707.59998,1.1661999,.0060000001,.0016000001,1,0,11.26139842133374
0,24,110,0,0,,0,,0,0,.00020000001,.00020000001,1,0,11.26139842133374
0,25,110,0,11.2,63.200001,1.968075350264471,3.131773942707808,1193.2,1.1961999,.1164,.0108,1,0,11.26139842133374
0,28,110,0,4.4,18.6,.412794786496467,1.080995941298344,658.79999,.65880001,.00060000003,.00060000003,1,0,11.26139842133374
0,29,110,0,5,6.1999998,.2071072328356813,1.164334671518442,278,.42460001,.00060000003,.00020000001,1,0,11.26139842133374
0,31,110,0,1,2.25,0,.0098197299204134,,0,.3768,.027000001,1,0,11.26139842133374
0,32,110,0,18.8,28.799999,.3854632859191009,3.340806697261387,301.20001,.454,.1178,.022399999,1,0,11.26139842133374
0,33,110,0,.2,3.5999999,.0297914918929651,2.453244722379965,,0,0,0,1,0,11.26139842133374
0,34,110,0,3,9.8000002,.2443716657960335,1.445671556795647,147.8,.17560001,.00080000004,.00040000002,1,0,11.26139842133374
0,35,110,0,4.6,13.6,.2158005909474299,1.418465568921094,240,.23999999,.066800006,.0068000001,1,0,11.26139842133374
0,36,110,0,8,13,.1689644025547445,1.691303198546951,416.60001,.51459998,.003,.0032000002,1,0,11.26139842133374
0,37,110,1,16.2,106.4,4.508691203981902,5.637542645811301,393.20001,.41139999,2.7783999,.2018,1,1,11.26139842133374
0,38,110,0,6,6.8000002,.06730014721121,1.031603695914135,506.39999,.50639999,.0132,.0052,1,0,11.26139842133374
0,39,110,0,11,28.200001,.5819087824948299,2.21769842872508,580.59998,.58059996,.31299999,.035599999,1,0,11.26139842133374
0,40,110,0,1.2,3.4000001,0,.0142977522806877,,0,.00020000001,0,1,0,11.26139842133374
0,41,110,0,0,,0,.0040597389839956,0,.078599997,0,0,1,0,11.26139842133374
0,42,110,0,19,51,.1094796010901787,4.481522912965037,1611.2,1.6112,.003,.00060000003,1,0,11.26139842133374
0,43,110,0,0,1,.0231376975112775,.0308108108085,,0,0,0,1,0,11.26139842133374
0,44,110,0,4.4,13.2,.059198756831086,1.616754427671204,527.40002,.67140001,.0046000001,.0044,1,0,11.26139842133374
0,45,110,0,6.8,21.4,.3057798664138379,1.838784561222084,219.8,.2572,.0046000001,.0044,1,0,11.26139842133374
0,46,110,0,4,11.4,.0543325684311548,1.127639957277922,0,.6512,0,0,1,0,11.26139842133374
0,47,110,0,1,1,0,.1659220013541708,,0,.001,0,1,0,11.26139842133374
0,48,110,0,6.2,10.8,.1740461762223348,1.156799711465287,610.20001,.61019999,.018999999,.0055999998,1,0,11.26139842133374
0,49,110,0,6.6,44,1.506506196918172,6.400388656096616,849,1.064,.00020000001,0,1,0,11.26139842133374
0,50,110,0,0,1,.2637799550182392,1.909217105572225,75,.075000003,0,0,1,0,11.26139842133374
0,51,110,0,0,,.0693769818603244,.0144975075198808,,0,.0056666667,.00033333333,1,0,11.26139842133374
0,53,110,0,0,,0,,0,0,.0044999998,.003,1,0,11.26139842133374
0,55,110,0,0,,0,,247.60001,.2476,0,0,1,0,11.26139842133374
0,56,110,0,20.2,68.400002,1.10748511173673,5.494229312004025,1719,1.719,.018200001,.0054000001,1,0,11.26139842133374
0,3,111,0,0,0,.0005580357140414,.4800040474283919,0,0,0,.00060000003,1,0,5.230331023035875
0,4,111,0,.4,.80000001,0,.2128331851038284,0,.0044999998,.00020000001,.00020000001,1,0,5.230331023035875
0,5,111,0,4,17,.0971720165128609,1.56556190405069,486,.71640003,.0012000001,.0014,1,0,5.230331023035875
0,10,111,0,2,4.1999998,.059131719618074,.2644873973206523,37.799999,.037799999,.0104,.00060000003,1,0,5.230331023035875
0,13,111,0,0,1.8,0,,,0,.0076000001,0,1,0,5.230331023035875
0,17,111,0,4,19,.4455056314664206,1.572148188757904,124.4,.12899999,.0088,.0018,1,0,5.230331023035875
0,18,111,0,0,,0,.2059733869948294,,0,0,0,1,0,5.230331023035875
0,20,111,0,2.8,9.1999998,.1540165638519089,1.071807109760549,87.599998,.095199995,.0020000001,0,1,0,5.230331023035875
0,21,111,0,0,,.0033881793975919,.0140449171070906,,0,.015,.00075000001,1,0,5.230331023035875
0,22,111,0,4.2,10.6,.2095653842971721,1.133648309493583,488.39999,.83640003,.0012000001,.0014,1,0,5.230331023035875
0,23,111,0,5.8,14,.3103939638289293,1.382901990159221,205.2,.28579998,.0044,.0014,1,0,5.230331023035875
0,25,111,0,13.6,78.599998,1.957899028536936,6.041673415008845,905.40002,.90540004,.13360001,.0134,1,0,5.230331023035875
0,27,111,0,.4,.60000002,.0267917607145935,.1152395181520362,,0,0,0,1,0,5.230331023035875
0,32,111,0,8.6,11.8,.071976228033837,1.6815065867693,261.60001,.30679998,.1072,.0112,1,0,5.230331023035875
0,33,111,0,0,,0,.3369222489202658,,0,0,0,1,0,5.230331023035875
0,36,111,0,3.2,5.8000002,.0338466231429728,.6564976205978202,70.599998,.086599998,.0022,.00080000004,1,0,5.230331023035875
0,38,111,0,6.2,15,.8250649801549931,2.307923061809588,403,.43020001,.043000001,.0076000001,1,0,5.230331023035875
0,39,111,0,6,29.200001,.4579881997986985,2.220823739554387,458,.458,.20060001,.0134,1,0,5.230331023035875
0,41,111,0,0,,.0171874999924766,.3201162187608722,,0,0,0,1,0,5.230331023035875
0,42,111,0,13.8,45.799999,.4193580994139721,4.910683565710531,1200.6,1.2006,.0061999997,0,1,0,5.230331023035875
0,44,111,0,4,11.4,.1903229504531644,1.527821756770102,310.20001,.38699999,.0012000001,.0014,1,0,5.230331023035875
0,45,111,0,1.6,3,.1271822478718027,.4800052293872048,121.4,.1232,.0012000001,.0014,1,0,5.230331023035875
0,47,111,0,0,,.0045579301503084,.2368926977893299,,0,.00033333333,0,1,0,5.230331023035875
1,48,111,1,6.6,13,.4138000615396878,3.892101553038121,704.40002,.7044,.049800001,.0076000001,1,1,5.230331023035875
0,50,111,0,0,,.0006696428568497,1.356459619886951,,0,0,0,1,0,5.230331023035875
0,53,111,0,2,15.6,0,,,0,.039799999,.0071999999,1,0,5.230331023035875
1,56,111,1,31.4,164,4.008171017780184,16.70201777463485,4238.3999,4.2384,.25280002,.0308,1,1,5.230331023035875
0,3,112,0,3.5,5,.23999651136527,.743132180964311,234,.234,.00020000001,0,1,0,4.962803468088211
0,4,112,0,2,0,.060496613980706,.2035165185182018,12.8,.056400001,0,0,1,0,4.962803468088211
0,5,112,0,2.5,3.75,.0280580684225305,.9192401926351177,66.800003,.34879997,.0022,.00060000003,1,0,4.962803468088211
0,7,112,0,0,,.4237343429491962,.3058342266054414,,0,.0020000001,.00025000001,1,0,4.962803468088211
0,10,112,0,3.5,7.75,0,.3832951944244429,22,.022,.00025000001,.00025000001,1,0,4.962803468088211
0,11,112,0,0,,0,,0,.0305,0,0,1,0,4.962803468088211
0,12,112,0,13.8,84.800003,2.037419672866814,9.353138820646132,466.60001,.59899998,1.8836,.0568,1,0,4.962803468088211
0,13,112,0,4.5,17.75,.2426190114274634,2.097633543438469,13.6,.034400001,.50639999,.0306,1,0,4.962803468088211
0,15,112,0,0,,0,,40.75,.040750001,.107,.0055,1,0,4.962803468088211
0,17,112,0,11,24.799999,.4524429032381014,2.473261208895139,275.39999,.33140001,.0027999999,.00020000001,1,0,4.962803468088211
0,18,112,0,4,2,.012348487408824,.6469056322412398,13.6,.065800004,.00020000001,.00040000002,1,0,4.962803468088211
0,20,112,0,3.25,10.25,.218390330855321,1.117930363830976,216,.249,.00060000003,.00020000001,1,0,4.962803468088211
0,22,112,0,4.75,5.75,.3391744618421607,1.817458247386084,124,.74400002,.0022,.00060000003,1,0,4.962803468088211
0,23,112,0,7.8,17.799999,.1347248858557175,1.184561800048788,125,.1714,.0024000001,.00080000004,1,0,4.962803468088211
0,24,112,0,1,1.75,.0002257336342564,.8205844364993596,0,.0244,0,0,1,0,4.962803468088211
0,25,112,0,10.75,39.5,.0193544863585767,1.385520812239078,48,.055199999,.046400003,.0055999998,1,0,4.962803468088211
0,26,112,0,0,,1.645405405282,1.229189189097,119.4,.1194,0,0,1,0,4.962803468088211
0,27,112,0,4,3,.0070064168664322,.7497122858299885,4.8000002,.0528,.00020000001,.00040000002,1,0,4.962803468088211
0,29,112,0,7.25,1.25,.0170282546116126,.547146820424728,177.8,.2242,0,0,1,0,4.962803468088211
0,31,112,0,0,,0,,16,.016000001,.139,.0099999998,1,0,4.962803468088211
0,32,112,0,10.6,14.4,.317181448512897,2.419342167119651,484.39999,.73900002,.101,.015,1,0,4.962803468088211
0,33,112,0,2.5,6.75,1.217574540307102,.9239756737025366,,0,0,0,1,0,4.962803468088211
0,34,112,0,3.75,2,.1133536481942027,.9705843718133876,72.800003,.18780001,0,.00020000001,1,0,4.962803468088211
0,36,112,0,3,2,.0235130323951163,.4692558180873899,48,.058200002,.0018,.00080000004,1,0,4.962803468088211
0,37,112,0,11.2,40.200001,1.240257862872925,6.024577297306912,211.39999,.22139999,1.3824,.090000004,1,0,4.962803468088211
0,38,112,0,5,4,.0880748588304679,.2580091532618265,158.60001,.1586,.010600001,.0012000001,1,0,4.962803468088211
0,39,112,0,11.2,34.200001,.6081552595190531,3.664341444738135,443.79999,.4438,.119,.012,1,0,4.962803468088211
0,41,112,0,2.5,4.5,0,.4462038957432172,14.5,.0145,0,0,1,0,4.962803468088211
0,42,112,0,16.2,40.799999,.6656253808888044,4.987172886133512,1637.8,1.6378001,.0034,.00060000003,1,0,4.962803468088211
0,43,112,0,0,,0,1.199779304644138,,0,0,0,1,0,4.962803468088211
0,44,112,0,4.25,6.25,.1965195841225914,.8205227305985372,64.400002,.17460001,.0022,.00060000003,1,0,4.962803468088211
0,47,112,0,5.666666666666667,12.666667,.6025185147989995,1.11023362286049,0,.38800001,.00033333333,0,1,0,4.962803468088211
0,48,112,0,7.6,16,.686631718829755,1.941293169342117,531.40002,.53140002,.0034,.00080000004,1,0,4.962803468088211
0,49,112,0,3,1,.0577921628058854,.9470428645626255,23.799999,.13080001,0,0,1,0,4.962803468088211
0,50,112,0,10.6,19.4,.2257577965675725,3.315268767732718,234.60001,.23460001,0,0,1,0,4.962803468088211
0,53,112,0,0,,0,,53.400002,.053400002,.0020000001,.00060000003,1,0,4.962803468088211
0,56,112,0,12.8,45.400002,.4571175673478915,4.609342115565607,1501.4,1.5014,.0858,.0093999999,1,0,4.962803468088211
0,2,113,0,9,8,.0205949656705671,1.329887720779784,0,0,.0032500001,.00075000001,1,0,6.815751516735314
0,3,113,0,2.8,4,0,.8314418599888748,139.2,.1392,.00020000001,.00060000003,1,0,6.815751516735314
0,5,113,0,5.6,16,.0824786910111216,1.556970692676287,225.39999,.61059999,.00020000001,.00080000004,1,0,6.815751516735314
0,6,113,0,0,0,0,.0080014050222346,,0,0,0,1,0,6.815751516735314
0,7,113,0,0,.66666669,0,.0488161358457865,,0,0,.001,1,0,6.815751516735314
0,9,113,0,0,1,0,,,0,.001,0,1,0,6.815751516735314
0,10,113,0,0,2,0,.1874095497976807,5,.0049999999,.00060000003,0,1,0,6.815751516735314
0,11,113,0,0,.33333334,.0098901098871945,.2451589056141629,,0,0,0,1,0,6.815751516735314
0,12,113,0,0,1,0,.2064432317141901,,0,.0788,.0027999999,1,0,6.815751516735314
0,13,113,0,13.8,59.400002,1.1137473576734,5.114415652390154,235.8,.26639998,.8506,.0506,1,0,6.815751516735314
0,14,113,0,0,.5,.0145336528370288,.063727087864898,,0,0,0,1,0,6.815751516735314
0,15,113,0,20.6,71.199997,3.010090335377993,8.022277026112393,528.20001,.53679997,.0942,.013,1,0,6.815751516735314
0,16,113,0,2,4,.3949236678040926,.2551176514531648,0,.0196,.0078000003,.001,1,0,6.815751516735314
0,17,113,0,9.199999999999999,23,.4933209743365441,1.774491619612512,367,.41960001,.00060000003,.00080000004,1,0,6.815751516735314
0,18,113,0,2.8,1,0,.4304291225309818,0,.036800001,.00040000002,.00080000004,1,0,6.815751516735314
0,20,113,0,3,6,.2280672199510567,.6696247900604072,367.79999,.39139998,.0012000001,0,1,0,6.815751516735314
0,21,113,0,1,0,0,,,0,.028999999,0,1,0,6.815751516735314
0,22,113,0,10.4,17.200001,.0891316445279685,1.620285600691735,462.20001,1.3091999,.00020000001,.00080000004,1,0,6.815751516735314
0,23,113,0,4.6,4.5999999,.1709325928276211,.9332146410734349,92.800003,.1848,.0012000001,.00020000001,1,0,6.815751516735314
0,24,113,0,3,1.4,.0002257336342564,.3771700918934089,0,.042599998,.0020000001,.00040000002,1,0,6.815751516735314
0,25,113,0,19.4,109.6,7.142432565523824,7.418025303951405,2457,2.4972,.204,.0154,1,0,6.815751516735314
0,26,113,0,.75,9.5,0,.0881879140068171,,0,0,0,1,0,6.815751516735314
0,27,113,0,4,5.8000002,.0138375235030095,.684437215843098,0,.095199995,.00040000002,.00080000004,1,0,6.815751516735314
0,28,113,0,0,0,.0606635620451123,.1054279605073159,,0,0,0,1,0,6.815751516735314
0,29,113,0,4,.60000002,.0041189931341134,.307360216274232,0,.13519999,0,0,1,0,6.815751516735314
0,30,113,0,9,9,.1701945079720474,1.205836184891359,0,0,0,0,1,0,6.815751516735314
0,31,113,0,19.2,130.60001,8.425325932963323,10.87136584645735,1301.2,1.3244001,.28239998,.031399999,1,0,6.815751516735314
0,32,113,0,20,37.400002,.9237785735180936,4.449014244621738,184.2,.58540004,.20100001,.023200002,1,0,6.815751516735314
0,33,113,0,0,0,0,.0768925813781306,0,.047800001,0,0,1,0,6.815751516735314
0,34,113,0,5.4,4.8000002,.0769195753157574,.8417210705667351,180.8,.22760001,0,0,1,0,6.815751516735314
0,36,113,0,2.8,1.6,.0013044253042309,.5676625590250854,29.4,.040400002,0,.00040000002,1,0,6.815751516735314
0,37,113,0,11.8,53.599998,1.845656925193708,4.326637206812736,167.60001,.1882,1.2451999,.0836,1,0,6.815751516735314
0,38,113,0,0,1,0,.1570749408105666,,0,.001,0,1,0,6.815751516735314
0,39,113,0,2,4,0,.3821383981754738,,0,.0054000001,.00020000001,1,0,6.815751516735314
0,40,113,0,1,0,.0497711670372038,.8892735861546966,0,0,.00025000001,0,1,0,6.815751516735314
0,41,113,0,0,,0,,0,.097400002,0,0,1,0,6.815751516735314
0,42,113,0,1,0,0,.1797693292845337,,0,0,0,1,0,6.815751516735314
0,44,113,0,3.2,7.8000002,.0093935253915167,.8340536592294936,63.400002,.17200001,.00020000001,.00080000004,1,0,6.815751516735314
0,45,113,0,0,0,0,.0045146726851273,,0,0,.0020000001,1,0,6.815751516735314
0,46,113,0,0,0,0,,,0,0,0,1,0,6.815751516735314
0,47,113,0,0,,0,.0033482142842487,,0,0,0,1,0,6.815751516735314
0,48,113,0,.5,2.5,0,.4241127329950004,0,.0014,.003,.00020000001,1,0,6.815751516735314
0,49,113,0,4.6,18.799999,.6130533288771224,1.383410954139076,187.60001,.35779998,.00020000001,0,1,0,6.815751516735314
0,50,113,0,0,0,0,.2876296043636311,14.5,.0145,0,0,1,0,6.815751516735314
0,51,113,0,0,0,0,,,0,.00050000002,.00050000002,1,0,6.815751516735314
0,52,113,0,1,0,0,,,0,0,0,1,0,6.815751516735314
0,55,113,0,0,,0,.004324324324,0,0,0,0,1,0,6.815751516735314
0,56,113,0,24.8,71.400002,1.948444133412258,5.120105477661333,3172,3.3246,.02,.0032000002,1,0,6.815751516735314
0,3,114,0,1,1.2,0,.2668755159380019,6.4000001,.0064000003,.00040000002,0,1,0,.6330820769347545
0,4,114,0,0,,0,.0329129889834225,,0,0,0,1,0,.6330820769347545
0,5,114,0,5,2.8,.000858123569607,.7573760314319893,130.39999,.458,.00080000004,.00060000003,1,0,.6330820769347545
0,7,114,0,1.8,2.2,.0088672768859386,.2965284565314997,25,.025,.00080000004,.00060000003,1,0,.6330820769347545
0,10,114,0,0,,0,.0654072716543275,246.5,.2465,.001,0,1,0,.6330820769347545
0,12,114,0,0,,0,.1063129666541733,2.4000001,.0024000001,.0016000001,.00020000001,1,0,.6330820769347545
0,17,114,0,3,8,.0195797332629855,.8661830005691209,89.400002,.089400001,0,.00020000001,1,0,.6330820769347545
0,18,114,0,1,0,0,.0667908170775025,0,.001,0,0,1,0,.6330820769347545
0,20,114,0,2.4,3.2,.0233169677454958,.5391512486057646,21.4,.153,.00080000004,0,1,0,.6330820769347545
0,22,114,0,4.8,11.4,.2882867851869039,.9948343743028981,115.2,.48479998,.00080000004,.00060000003,1,0,.6330820769347545
0,23,114,0,6.4,6.1999998,.0813133659831552,.9751652090658157,45.799999,.089199997,.00060000003,.00020000001,1,0,.6330820769347545
0,25,114,0,8.800000000000001,32.799999,.6798085687606533,3.464937326846439,606,.65359998,.101,.0027999999,1,0,.6330820769347545
0,27,114,0,9,9,.0500875245777872,1.766977215864047,184.39999,.33539999,0,0,1,0,.6330820769347545
0,28,114,0,.4,.80000001,0,,77.199997,.077199996,0,0,1,0,.6330820769347545
0,29,114,0,2,2,.0002821670428205,.5221423790287586,58,.090400003,.00020000001,0,1,0,.6330820769347545
0,32,114,0,5,10.4,.2641652728699712,1.062159352793864,1.8,.0284,.032200001,.0026,1,0,.6330820769347545
0,33,114,0,2,0,.8369378767994363,.4191394981964746,,0,0,0,1,0,.6330820769347545
0,34,114,0,1,0,0,.1285583462347781,16.200001,.0162,0,0,1,0,.6330820769347545
0,36,114,0,2,1.8,.0033671093990471,.310661047076587,24,.0272,.00020000001,.00040000002,1,0,.6330820769347545
0,38,114,0,3,5,.0806941540455187,.7888567686737915,128.60001,.1286,.00040000002,.00020000001,1,0,.6330820769347545
0,39,114,0,1,.80000001,.0098779983212976,.3603539998874429,1.3333334,.0013333333,.00080000004,.00060000003,1,0,.6330820769347545
0,41,114,0,0,,0,.0538461538302811,,0,0,0,1,0,.6330820769347545
0,42,114,0,15.8,30.4,.2464492276211309,4.443618631010676,1430.2,1.4302,.00020000001,.00040000002,1,0,.6330820769347545
0,44,114,0,3.8,4.8000002,.0539072019121967,.8158089330482613,97.599998,.1102,.00080000004,.00060000003,1,0,.6330820769347545
0,45,114,0,1,0,.0084214493478428,.1399596775545675,,0,.00080000004,.00060000003,1,0,.6330820769347545
0,46,114,0,0,,0,.0034324942784278,,0,0,0,1,0,.6330820769347545
0,48,114,0,2,2.8,0,,36,.099800006,.00020000001,0,1,0,.6330820769347545
0,49,114,0,0,.2,0,.2221188920588703,,0,.00020000001,.00020000001,1,0,.6330820769347545
0,50,114,0,0,0,.0274350533150584,.2917545856658528,1782.8,1.7828001,0,0,1,0,.6330820769347545
0,53,114,0,0,,0,,61,.061000001,.001,0,1,0,.6330820769347545
0,56,114,0,13.2,47.400002,.9907623198026082,4.938285707448309,1414.4,1.483,.0266,.0041999999,1,0,.6330820769347545
0,3,115,0,9.6,43.400002,1.854248771227604,1.533247080613368,411,.41100001,.00040000002,0,1,0,7.647481512093893
0,4,115,0,1,1.8,0,.2146348327202389,25.799999,.0704,0,0,1,0,7.647481512093893
0,5,115,0,7.6,11.8,.0354333865148054,1.758793057582917,571.79999,1.1542,.0099999998,.0058000004,1,0,7.647481512093893
0,7,115,0,0,,0,,155.60001,.15560001,.0099999998,.0058000004,1,0,7.647481512093893
0,10,115,0,0,,0,.1612110066746529,,0,0,0,1,0,7.647481512093893
0,12,115,0,16.6,96.800003,4.141212882344645,6.195801134769764,336.60001,.51480001,.64579999,.0526,1,0,7.647481512093893
0,13,115,0,9,51.599998,1.200584323432837,3.970944416353881,416.60001,.45679998,.82340002,.0568,1,0,7.647481512093893
0,15,115,0,0,,0,,0,.001,.028999999,.001,1,0,7.647481512093893
0,16,115,0,9.800000000000001,17,.15839789020234,2.000410431054928,162,.162,.058400001,.0078000003,1,0,7.647481512093893
0,17,115,0,11.4,33.599998,.5106128326453148,4.62098846608116,267.60001,.30840001,.0132,.0022,1,0,7.647481512093893
0,20,115,0,7.4,26,.9023478569983566,1.901147559919525,536.20001,.648,.0058000004,.00060000003,1,0,7.647481512093893
0,21,115,0,9.6,30.6,1.055532577982563,2.243964841521867,211,.211,.39539999,.045200001,1,0,7.647481512093893
0,22,115,0,8.4,23.799999,.3488309506651768,2.469499481795977,835.59998,1.4348,.0099999998,.0058000004,1,0,7.647481512093893
0,23,115,0,7.8,23.4,.822488472071929,1.751100129315276,496.39999,.75300002,.00080000004,.0018,1,0,7.647481512093893
0,25,115,0,7,22,.346470796099235,2.080248720032178,737.40002,.80400002,.082999997,.0083999997,1,0,7.647481512093893
0,26,115,0,1,3.5999999,.0329392160653693,.5289295608425972,7.4000001,.1258,0,0,1,0,7.647481512093893
0,28,115,0,0,,0,,0,0,.001,0,1,0,7.647481512093893
0,29,115,0,.25,.25,0,.025983442226749,6.1999998,.178,.00020000001,0,1,0,7.647481512093893
0,31,115,0,0,,0,,0,.001,.116,.010666667,1,0,7.647481512093893
0,32,115,0,12.6,31.200001,.4356392891007854,2.740573003950136,153.8,.30720001,.071199998,.0188,1,0,7.647481512093893
0,33,115,0,1,1.4,.0102334422317087,.137266113462165,7,.0078000003,0,0,1,0,7.647481512093893
0,34,115,0,3.6,9.8000002,.0126756053443647,1.670358499148188,53.599998,.20819999,.00020000001,0,1,0,7.647481512093893
0,36,115,0,5.8,18.4,.3916967455377158,.9017176090401896,441,.44100001,.0018,.003,1,0,7.647481512093893
0,37,115,0,15.6,93.599998,3.787734891344576,5.440897268991453,215.2,.2368,2.1036,.13419999,1,0,7.647481512093893
0,38,115,0,5.6,12.6,.1273990270702512,.3267131086375035,803.20001,.85820001,.0142,.0035999999,1,0,7.647481512093893
0,39,115,0,10.2,40,1.121601903165741,2.4036609987277,426.79999,.42679998,.20999999,.024,1,0,7.647481512093893
0,41,115,0,0,,0,.2483501030346575,,0,0,0,1,0,7.647481512093893
0,42,115,0,16.8,34.599998,.2332529214171153,3.560069068343025,1676.4,1.6764001,.0035999999,.00040000002,1,0,7.647481512093893
0,44,115,0,5.4,11.6,.0796003393669983,1.362923929971247,269.20001,.45360002,.0099999998,.0058000004,1,0,7.647481512093893
0,45,115,0,3.6,10.4,.0805999286668469,1.064680698054266,137.2,.18239999,.0099999998,.0058000004,1,0,7.647481512093893
0,46,115,0,3.6,4,.02697169171327,.7176847797505151,.60000002,.056000002,0,0,1,0,7.647481512093893
0,48,115,0,5.2,12.8,.2241848591505512,2.279958513012558,321.60001,.32160002,.0040000002,.00020000001,1,0,7.647481512093893
0,49,115,0,7.6,29,.460479360205817,2.367517841510596,463.20001,.70840001,0,0,1,0,7.647481512093893
0,50,115,0,1.4,13,.0998804430065437,3.04272227000367,140.39999,.2022,0,0,1,0,7.647481512093893
0,53,115,0,2,8.5,0,.0195239332716877,385.20001,.38520002,.0044,.0022,1,0,7.647481512093893
0,56,115,0,12,38.799999,.4222399344107552,2.787373360004753,1221.8,1.227,.0092000002,.0016000001,1,0,7.647481512093893
0,3,116,0,1.8,4,.1037600605242988,.7172984490390669,193.2,.19319999,.00080000004,.001,1,0,9.823301579753027
0,4,116,0,2,5.1999998,.0025284939960803,.7451010691780572,6.4000001,.085000001,.00020000001,0,1,0,9.823301579753027
0,5,116,0,5.2,11.2,.0232761377786806,1.986272880382161,193,1.1754,.0022,.003,1,0,9.823301579753027
0,10,116,0,2.2,5.4000001,0,,274,.27399999,.00040000002,.00020000001,1,0,9.823301579753027
0,12,116,0,17.6,138.39999,4.579654740397747,8.4391147981,480,.7482,4.7656002,.1358,1,0,9.823301579753027
0,13,116,0,16,113,2.840755709014229,8.277333777844916,436.79999,.5126,2.6418002,.12180001,1,0,9.823301579753027
0,17,116,0,5.8,17.799999,.1885995814099404,1.244710590221837,619,.62759995,.0134,.0020000001,1,0,9.823301579753027
0,18,116,0,1.6,1.6,.0258866227795481,.3604471021023563,7.8000002,.0306,.0020000001,.0020000001,1,0,9.823301579753027
0,20,116,0,6.4,17.6,.4123838125853173,1.510275763726262,340.79999,.51440001,.0064000003,.00060000003,1,0,9.823301579753027
0,21,116,0,0,,.2876593813465855,.0440234681820572,,0,.18280001,.0027999999,1,0,9.823301579753027
0,22,116,0,8.4,23,.5616147399388267,2.237021482888594,346.20001,1.745,.0022,.003,1,0,9.823301579753027
0,23,116,0,10.6,14.2,.278316440074889,1.682466749415946,222.39999,.34900001,.0032000002,.0014,1,0,9.823301579753027
0,25,116,0,0,,0,,269.20001,.26920003,.030999999,.0027999999,1,0,9.823301579753027
0,27,116,0,12.4,15.6,.0254278944331581,2.252964146717172,101,.25479999,.0020000001,.0020000001,1,0,9.823301579753027
0,28,116,0,1,1.4,0,,109.4,.1094,0,.00020000001,1,0,9.823301579753027
0,29,116,0,4.6,2.5999999,.0487339720593763,.9297112465454537,163.2,.18960001,0,0,1,0,9.823301579753027
0,32,116,0,12.6,37,.2179133158351872,2.914700189521464,181.8,.6742,.139,.021200001,1,0,9.823301579753027
0,33,116,0,0,,.0033658540930634,.1520367478575123,,0,0,0,1,0,9.823301579753027
0,34,116,0,3,6.4000001,.0427015975029511,.6140692251143239,29.4,.099199995,.00020000001,.00040000002,1,0,9.823301579753027
1,35,116,0,4.6,54.200001,.577836592001221,3.046839454585519,381.60001,.38159999,.055199999,.0020000001,1,0,9.823301579753027
0,36,116,0,4.2,8.3999996,.2153576482440593,.6306212572322033,82.800003,.088399999,.003,.00080000004,1,0,9.823301579753027
0,37,116,0,19.2,123.4,3.409481454624495,6.961809946831078,368,.37879997,3.766,.1956,1,0,9.823301579753027
0,38,116,0,3.6,7,.0423943267768717,1.146212298715131,346.20001,.34620002,.0040000002,.00080000004,1,0,9.823301579753027
0,39,116,0,7.4,34,.6215794725636287,2.005513366574577,472.20001,.47220001,.1972,.0154,1,0,9.823301579753027
0,41,116,0,0,,0,,0,0,0,0,1,0,9.823301579753027
0,42,116,0,18,29.200001,.2203648654882592,3.815040855386648,1621.4,1.6214,.00060000003,.00040000002,1,0,9.823301579753027
0,43,116,0,0,,0,,7,.0070000002,0,0,1,0,9.823301579753027
0,44,116,0,3.8,11,.248593664764906,1.338023564008723,114.6,.21519999,.0022,.003,1,0,9.823301579753027
0,45,116,0,3,11.6,.3633427709255498,1.102496242635447,63.599998,.066199996,.0022,.003,1,0,9.823301579753027
0,48,116,0,3,3.4000001,0,,168,.41520002,.0061999997,.00040000002,1,0,9.823301579753027
0,49,116,0,.8,1.6,.01183945054243,.9252629695205332,15.8,.053199999,.00060000003,0,1,0,9.823301579753027
0,50,116,0,0,0,.027534727547435,.9727822509827587,94.599998,.094800003,0,0,1,0,9.823301579753027
0,56,116,0,22,85.599998,1.213496775708282,6.402331908736369,1850,1.85,.0162,.0048000002,1,0,9.823301579753027
0,1,117,0,0,17.5,0,3.065295515052456,,0,0,0,1,0,4.020699153060867
0,2,117,0,9,22.799999,1.028340388930346,2.115955807231124,282.39999,.28239998,.091800004,.0142,1,0,4.020699153060867
0,3,117,0,0,0,0,.0186813186758118,,0,0,.00033333333,1,0,4.020699153060867
0,4,117,0,0,,.0228658341028532,.3870477574816826,11.4,.0418,0,0,1,0,4.020699153060867
0,5,117,0,3.2,11.6,.038612377174636,.8181119613519096,212.39999,.45839998,.00020000001,.001,1,0,4.020699153060867
0,8,117,0,5.8,20,.3007280800515379,2.708454265797549,196,.19599999,.00080000004,.00020000001,1,0,4.020699153060867
0,10,117,0,0,1,.0485849516361969,.0090603957317592,,0,.00025000001,0,1,0,4.020699153060867
0,12,117,0,14.4,82.599998,1.564785945435785,6.378786118216399,532.59998,.63819999,.97459996,.076400004,1,0,4.020699153060867
0,13,117,0,14.6,52.799999,.6214492935770706,4.198675051774137,156.8,.1758,1.7798001,.1056,1,0,4.020699153060867
0,15,117,0,16.6,84.800003,3.618988961665016,4.902295774771066,332.60001,.33920002,.0266,.0032000002,1,0,4.020699153060867
0,17,117,0,4.6,13.6,.0489080994636495,1.165810760468205,482.39999,.74680001,.00060000003,0,1,0,4.020699153060867
0,18,117,0,6.4,8.8000002,.042162907979892,1.094424556654792,117.4,.1698,0,0,1,0,4.020699153060867
0,22,117,0,5.2,9,.1048708966290104,.993658139466061,306.20001,.61720002,.00020000001,.001,1,0,4.020699153060867
0,23,117,0,6.8,17,.1526970838313058,1.124115801236053,233.39999,.36939999,.0016000001,.00040000002,1,0,4.020699153060867
0,25,117,0,13.4,61.200001,1.477962808544697,4.004696575573028,842,.88859999,.0858,.0146,1,0,4.020699153060867
0,26,117,0,.6666666666666666,10.666667,0,.076756756751,0,.023,0,0,1,0,4.020699153060867
0,28,117,0,1.6,8.6000004,.0026885797120249,.3513538883465836,,0,0,0,1,0,4.020699153060867
0,30,117,0,10.4,43,.9103033534334042,3.206436962827805,,0,0,0,1,0,4.020699153060867
0,31,117,0,20.6,104.2,3.453620374778602,7.757523393646974,515.20001,.51520002,.2642,.027799999,1,0,4.020699153060867
0,32,117,0,13.8,28.799999,.0283685958950376,3.199369552077643,227.39999,.3364,.069199994,.0132,1,0,4.020699153060867
0,33,117,0,0,0,0,.0076299376285201,,0,0,0,1,0,4.020699153060867
0,34,117,0,0,,.1086301856818122,.0683878609553259,13,.013,0,0,1,0,4.020699153060867
0,36,117,0,3,5.4000001,.0004576659037904,.4662368275721016,125,.2098,.0014,.00060000003,1,0,4.020699153060867
0,37,117,0,16.8,71.400002,2.676734070031619,4.088288369901758,152.39999,.17039999,1.7282,.125,1,0,4.020699153060867
0,38,117,0,0,,.031351351349,.029189189187,223.39999,.2234,.0034,.001,1,0,4.020699153060867
0,39,117,0,1,4.8000002,.0535614015824481,.2596364088309262,0,0,.031200001,.0046000001,1,0,4.020699153060867
0,40,117,0,0,,0,,477.20001,.4772,.00060000003,.00020000001,1,0,4.020699153060867
0,41,117,0,23.5,72,0,2.919599049363536,,0,0,0,1,0,4.020699153060867
0,42,117,0,14,45.599998,.2700325190449047,3.111975345316147,1232.2,1.2321999,.00020000001,0,1,0,4.020699153060867
0,44,117,0,3.2,4.1999998,.0458755889860589,.5303389751061984,64.599998,.12640001,.00020000001,.001,1,0,4.020699153060867
0,45,117,0,1.4,4.1999998,0,.297468677022682,1.6,.0022,.00020000001,.001,1,0,4.020699153060867
0,46,117,0,2.6,3.8,.0065362752656659,.4433556705753628,0,.2942,0,0,1,0,4.020699153060867
0,48,117,0,0,,.115675675667,.122162162153,442.39999,.51520002,.0089999996,.0012000001,1,0,4.020699153060867
0,49,117,0,1.8,9,.1030668412948172,.9943083860929146,122.4,.28379998,0,0,1,0,4.020699153060867
0,50,117,0,1,12.4,.0026614010978932,1.175725449916396,,0,0,0,1,0,4.020699153060867
0,55,117,0,0,,0,,233.8,.23380001,0,0,1,0,4.020699153060867
0,56,117,0,25.66666666666667,67,.3880953466449631,5.079211190228905,1411.6,1.4116,.012399999,.0024000001,1,0,4.020699153060867
0,3,118,0,1.6,2.2,.0091567814945711,.3279284631885579,89.800003,.0898,.00060000003,.0014,1,0,3.63693530523083
0,4,118,0,0,0,0,.0573749074089196,,0,0,0,1,0,3.63693530523083
0,5,118,0,4.6,13.4,.0378770101107986,2.411605325462741,235.39999,.52320004,.0020000001,.0044,1,0,3.63693530523083
0,6,118,0,11.4,10.6,.0256898576601912,2.011036065480512,100.4,.1004,0,0,1,0,3.63693530523083
0,7,118,0,0,0,0,,,0,.003,.0020000001,1,0,3.63693530523083
0,8,118,0,14,12,.4564962613942668,2.740463176998345,56.599998,.056599997,.0061999997,.0012000001,1,0,3.63693530523083
0,10,118,0,.3333333333333333,14,.0815312035873629,1.001570159367809,,0,0,.00020000001,1,0,3.63693530523083
0,11,118,0,2.25,2.5,.0002197802197154,.3504389158315525,524.20001,.52420002,0,0,1,0,3.63693530523083
0,12,118,0,2,.80000001,0,.2909505811128144,,0,.0986,.0038000001,1,0,3.63693530523083
0,13,118,0,10.4,45.400002,1.119602795171845,4.920153199473776,171.8,.20039999,.59740001,.035,1,0,3.63693530523083
0,14,118,0,0,0,0,.1834252106239216,,0,0,0,1,0,3.63693530523083
0,15,118,0,17,59.200001,1.231772155109712,7.717423642928313,655.40002,.6656,.015,.0014,1,0,3.63693530523083
0,17,118,0,8,17.799999,.5624663057514246,2.44126391007965,1198.4,1.2201999,.0016000001,.00040000002,1,0,3.63693530523083
0,18,118,0,4.4,3.4000001,.0144702546275879,.7696370143514533,0,.062600002,.00020000001,.00040000002,1,0,3.63693530523083
0,20,118,0,1.6,.80000001,0,.1752751755870173,,0,0,0,1,0,3.63693530523083
0,22,118,0,11.2,25.4,.5241597218332936,2.708950828119951,174.8,.72940004,.0020000001,.0044,1,0,3.63693530523083
0,23,118,0,6.2,14.4,.2699078698237996,1.500097995304584,84.199997,.1622,.00040000002,.00040000002,1,0,3.63693530523083
0,24,118,0,0,,0,.0045766590379038,,0,.0020000001,0,1,0,3.63693530523083
0,25,118,0,8.199999999999999,17.4,.1895714449677827,2.224279808278733,810.59998,.81559998,.044400003,.0046000001,1,0,3.63693530523083
0,26,118,0,2,1,.0106026785667875,.0373626373516236,,0,0,0,1,0,3.63693530523083
0,27,118,0,3.6,2.2,.0522630035204673,.3608604474722474,0,.0298,.00020000001,.00040000002,1,0,3.63693530523083
0,29,118,0,3.4,3.5999999,.0462020150499406,.4239857884320255,.60000002,.1158,0,0,1,0,3.63693530523083
0,31,118,0,21,68.199997,2.403182187281838,9.42875399977846,917.59998,.93220001,.16360001,.02,1,0,3.63693530523083
0,32,118,0,15.6,20,.0220910183822331,3.454744269050568,155.39999,.4068,.078599997,.0122,1,0,3.63693530523083
0,33,118,0,0,,0,.0797058694340725,0,.29620001,0,0,1,0,3.63693530523083
0,34,118,0,5.6,2.2,.041884520548885,.91519052473511,0,.078199998,0,0,1,0,3.63693530523083
0,36,118,0,2.4,3.8,.0258269631275979,.6040698157219833,36.599998,.046599999,0,0,1,0,3.63693530523083
0,37,118,0,10.6,40.200001,1.778317567038668,4.594237687109343,180,.1956,1.8684,.062200002,1,0,3.63693530523083
0,38,118,0,6.4,2.2,.0168630149676062,.5753226863869189,104.8,.1048,.0014,.00080000004,1,0,3.63693530523083
0,39,118,0,6.6,6.1999998,.2190035490121458,.8972369526004608,.2,.00020000001,.0040000002,.0022,1,0,3.63693530523083
0,40,118,0,1,.5,0,.0010989010985772,,0,0,0,1,0,3.63693530523083
0,41,118,0,1,0,.0344728244645634,0,0,.037999999,0,0,1,0,3.63693530523083
0,42,118,0,5.6,5.8000002,.0026442307683875,.6729506707448198,,0,0,.00040000002,1,0,3.63693530523083
0,43,118,0,0,,.0122767857089119,.0115384615350602,,0,0,0,1,0,3.63693530523083
0,44,118,0,5.6,9.3999996,.1519125137658228,1.343931809121232,55.799999,.1056,.0020000001,.0044,1,0,3.63693530523083
0,45,118,0,0,0,0,,,0,.003,.0020000001,1,0,3.63693530523083
0,46,118,0,1.5,1,0,.131785384112514,,0,0,0,1,0,3.63693530523083
0,47,118,0,2.6,11.2,.0259302057880506,.8044744829662134,,0,0,0,1,0,3.63693530523083
0,48,118,0,5.6,7,.205527934026097,1.422434680726599,297.20001,.3466,.0061999997,.0014,1,0,3.63693530523083
0,49,118,0,0,1,.0958916320315947,.2471029859015612,,0,0,0,1,0,3.63693530523083
0,50,118,0,3.5,9,.0004545665861516,.0951562219687503,407.25,.40724999,0,0,1,0,3.63693530523083
0,52,118,0,.6666666666666666,5,.0066964285684974,.0033482142842487,,0,0,0,1,0,3.63693530523083
0,53,118,0,0,,0,.0482626663506426,,0,.00050000002,.001,1,0,3.63693530523083
0,55,118,0,0,,0,.0374460041131722,,0,0,0,1,0,3.63693530523083
0,56,118,0,26,53.799999,.6989042442692822,5.359316082835231,2138.2,2.2346001,.011600001,.0061999997,1,0,3.63693530523083
0,3,120,0,2.4,5.1999998,.0077899335258418,.8047527635379677,119.4,.1194,.001,.001,1,0,5.083417562327273
0,4,120,0,2.8,2.5999999,.0905656329363134,.499142906954911,8.3999996,.028200001,0,.00040000002,1,0,5.083417562327273
0,5,120,0,6.6,6.5999999,.0021985523298133,1.347031465509287,230,.53640002,.0035999999,.0027999999,1,0,5.083417562327273
0,6,120,0,0,,0,.0056433408564091,,0,0,0,1,0,5.083417562327273
0,7,120,0,4.8,8.8000002,.0538256090875849,1.64243955502605,177.8,.1778,.0035999999,.0027999999,1,0,5.083417562327273
0,10,120,0,2.2,8.6000004,.4316906344858311,.4457380257853232,132.39999,.13239999,.0027999999,.00060000003,1,0,5.083417562327273
0,12,120,0,0,,.0940161400688549,.0572037181350267,,0,.065250002,.0052499999,1,0,5.083417562327273
0,13,120,0,0,,.00297297297275,.00735546450777,,0,.045249999,.001,1,0,5.083417562327273
0,17,120,0,5.6,11.8,.1291355155708833,1.11932206437668,761.40002,.76140004,.0054000001,.00080000004,1,0,5.083417562327273
0,20,120,0,7.2,26.6,1.840455214070949,2.222946338005855,1059.6,1.1658001,.0041999999,.00020000001,1,0,5.083417562327273
0,21,120,0,10.4,49.799999,1.286510531273723,2.859251493284357,0,0,.077399999,.0078000003,1,0,5.083417562327273
0,22,120,0,8.6,22.799999,.4467928880874365,1.881664937721568,332.60001,.81120002,.0035999999,.0027999999,1,0,5.083417562327273
0,23,120,0,9.199999999999999,48.799999,1.84334029075194,2.570308468425823,236.2,.375,.0034,.0012000001,1,0,5.083417562327273
0,25,120,0,5.6,17.4,.4657850742162968,1.608082964746682,467.39999,.46739998,.068400003,.0020000001,1,0,5.083417562327273
0,27,120,0,0,,0,.030270270268,.60000002,.031399999,0,.00020000001,1,0,5.083417562327273
0,28,120,0,1,1,.015150906053619,.0523200372642677,0,0,.00060000003,.00060000003,1,0,5.083417562327273
0,29,120,0,3.6,7,.4271654244198084,.7772683200010085,216.39999,.2164,0,0,1,0,5.083417562327273
0,31,120,0,0,,0,0,,0,.023,.003,1,0,5.083417562327273
0,32,120,0,8.6,13.2,.0802688701007756,1.810471303403937,270,.31799999,.055799998,.0089999996,1,0,5.083417562327273
0,36,120,0,3,7.8000002,.0858355139582081,.6963087559458521,131.2,.1496,.00040000002,.0012000001,1,0,5.083417562327273
0,38,120,0,5.4,10.2,.2641873187432552,.9517382855114396,612.79999,.6128,.0083999997,.0034,1,0,5.083417562327273
1,39,120,0,15.8,80.599998,2.531497043139977,3.517178943237738,1036.8,1.0368,.45300001,.024,1,0,5.083417562327273
0,40,120,0,0,,0,,261,.26100001,.0020000001,0,1,0,5.083417562327273
0,41,120,0,0,8.6000004,.0632521883545068,.0867589981494741,,0,0,0,1,0,5.083417562327273
0,42,120,0,17.8,31.4,.5208423687920438,4.203043434476482,1743.6,1.7436,.0061999997,0,1,0,5.083417562327273
0,44,120,0,5.4,8.3999996,.0553453864356935,1.428463256571379,154.8,.2676,.0035999999,.0027999999,1,0,5.083417562327273
0,45,120,0,2,1,.0089875634920106,.334972758150217,31.799999,.036400001,.0035999999,.0027999999,1,0,5.083417562327273
0,48,120,0,7.4,22,.6329807073778352,1.4265724536489,475,.53799999,.017999999,.0012000001,1,0,5.083417562327273
0,49,120,0,0,,0,.0503432494169418,,0,0,0,1,0,5.083417562327273
0,50,120,0,0,1.2,.1735581354660784,.4025165314957066,0,0,0,0,1,0,5.083417562327273
0,52,120,0,0,,.0027687156583251,.0081624700021971,,0,0,0,1,0,5.083417562327273
0,56,120,0,19.6,59.200001,1.21835268782208,4.36027230727669,1744,1.744,.065199994,.0064000003,1,0,5.083417562327273
0,3,121,0,0,0,0,,,0,0,0,1,0,5.822897341135993
0,4,121,0,0,0,0,,,0,0,0,1,0,5.822897341135993
0,5,121,0,0,0,0,,,0,.001,0,1,0,5.822897341135993
0,7,121,0,0,0,0,,,0,.001,0,1,0,5.822897341135993
0,10,121,0,0,0,0,,,0,0,0,1,0,5.822897341135993
0,12,121,0,11.8,79.400002,2.400714698764367,5.306310598913738,344,.43739998,4.7866001,.1488,1,0,5.822897341135993
0,13,121,0,13.2,102.8,2.926283146508341,5.397887692052595,324,.35100001,2.5929999,.088199995,1,0,5.822897341135993
0,14,121,0,0,0,0,,,0,0,0,1,0,5.822897341135993
0,15,121,0,16.6,119.6,5.765354963881432,7.152583333931315,520.59998,.52059996,.1778,.023,1,0,5.822897341135993
0,17,121,0,1.4,7.4000001,.2130237499158191,.4143114126310305,,0,.0041999999,.0014,1,0,5.822897341135993
0,22,121,0,0,0,0,,,0,.001,0,1,0,5.822897341135993
0,23,121,0,0,0,0,,,0,0,0,1,0,5.822897341135993
0,24,121,0,0,0,0,,,0,.001,0,1,0,5.822897341135993
0,25,121,0,16,69.800003,1.783043156990141,5.228451761085578,1059.2,1.0614001,.1574,.0112,1,0,5.822897341135993
0,26,121,0,1,5.5999999,.0570555421584073,.7267021838923053,,0,0,0,1,0,5.822897341135993
0,28,121,0,0,0,0,,,0,.0020000001,0,1,0,5.822897341135993
0,29,121,0,0,0,0,,,0,0,0,1,0,5.822897341135993
0,31,121,0,0,0,0,,,0,.625,.039999999,1,0,5.822897341135993
0,32,121,0,12.2,30.799999,.4655031325083663,3.60815663688976,763,.80040002,.1688,.0264,1,0,5.822897341135993
0,33,121,0,.4,3.5999999,.5544040764940671,.8237769184612268,,0,0,0,1,0,5.822897341135993
0,34,121,0,0,0,0,,,0,0,0,1,0,5.822897341135993
0,36,121,0,.25,.5,.002162162162,.004324324324,4,.0040000002,.0017500001,.00050000002,1,0,5.822897341135993
0,37,121,0,14,82,2.170978175213199,6.005068853429495,339.60001,.34420002,2.5216,.14639999,1,0,5.822897341135993
0,39,121,0,0,0,0,,,0,.32499999,.028999999,1,0,5.822897341135993
0,41,121,0,0,0,0,,,0,0,0,1,0,5.822897341135993
0,42,121,0,0,0,0,,,0,.0024999999,.00025000001,1,0,5.822897341135993
0,44,121,0,0,0,0,,,0,.001,0,1,0,5.822897341135993
0,45,121,0,0,0,0,,,0,.001,0,1,0,5.822897341135993
0,48,121,0,0,0,0,,,0,.001,0,1,0,5.822897341135993
0,50,121,0,0,2,0,,,0,0,0,1,0,5.822897341135993
0,56,121,0,9.4,27.200001,.9059886791212466,2.183684015320404,377.39999,.37739998,.0186,.0038000001,1,0,5.822897341135993
0,3,122,0,8,50.200001,2.31217312903278,4.045983784053917,251.8,.2518,.00040000002,.00060000003,1,0,13.82085877566027
0,4,122,0,1,4.4000001,.008090355131867,.4602171382510969,7,.0272,.001,0,1,0,13.82085877566027
0,5,122,0,4,9.3999996,.0148374163597511,1.28010360220661,401.60001,.65740001,.0058000004,.0048000002,1,0,13.82085877566027
0,7,122,0,.75,2.5,0,.3320120267923101,1.4,.0014,.0058000004,.0048000002,1,0,13.82085877566027
0,10,122,0,1,5,.0133937384549298,.3229989248385838,187.39999,.1874,.00040000002,.00040000002,1,0,13.82085877566027
0,12,122,0,5.2,37.400002,.8939563608794276,2.650045442878655,291.39999,.30720001,2.3546002,.1044,1,0,13.82085877566027
0,13,122,0,10.8,96.599998,1.959770126681065,5.361092314002903,283.20001,.32800001,1.9161999,.090800002,1,0,13.82085877566027
0,15,122,0,8.199999999999999,37,.9779259360641329,3.590113817830906,262.60001,.266,.040799998,.003,1,0,13.82085877566027
0,17,122,0,2.4,9.3999996,.3113759928989572,.8991832363732682,175,.175,.0054000001,.00080000004,1,0,13.82085877566027
0,18,122,0,2.8,3.5999999,.0017616758236246,.4770711683933516,9.8000002,.036200002,0,0,1,0,13.82085877566027
0,20,122,0,3,14,.50491505628264,1.014768589897813,60,.1192,.0018,0,1,0,13.82085877566027
0,21,122,0,1,9,.0498097600925463,.0110122629640949,,0,.086400002,.0052,1,0,13.82085877566027
0,22,122,0,7.6,27.6,.3696885793964886,2.522056265851989,402.39999,.81580001,.0058000004,.0048000002,1,0,13.82085877566027
0,23,122,0,9.199999999999999,22.4,.2150898723289829,2.667735433965409,180.39999,.26920003,.0022,.00040000002,1,0,13.82085877566027
0,25,122,1,15.2,88.800003,3.206356306436471,4.255346138701168,1169.4,1.1778001,.29960001,.012399999,1,1,13.82085877566027
0,26,122,0,0,,.0017979762798692,.1538293778283289,115,.115,0,0,1,0,13.82085877566027
0,27,122,0,2.8,2.2,.0019747434207058,.556755468482646,18.6,.054000001,0,0,1,0,13.82085877566027
0,29,122,0,2.6,2.4000001,.0276175380448413,.7266547140603856,138,.147,0,0,1,0,13.82085877566027
0,31,122,0,14.2,69.400002,3.75536944594181,5.917338823290304,224.60001,.2456,.73659998,.0418,1,0,13.82085877566027
0,32,122,0,16.6,43.599998,.620667084138066,3.598476126484167,204.60001,.3258,.1848,.0198,1,0,13.82085877566027
0,33,122,0,0,,.0008791208788617,.8166464994078787,,0,0,0,1,0,13.82085877566027
0,34,122,0,1.8,3.4000001,.0183049029131643,.4505285102712824,47.200001,.069800004,0,.00040000002,1,0,13.82085877566027
1,35,122,0,5,45,1.619286437596581,1.791399096488446,256.60001,.25659999,.077800006,.0016000001,1,0,13.82085877566027
0,36,122,0,3,9.1999998,.2442331724826133,.6632601577822533,141.39999,.15180001,.0022,.0024000001,1,0,13.82085877566027
0,37,122,0,12.2,64.400002,2.488061716136868,4.866309025724229,229.2,.2456,1.5084001,.1112,1,0,13.82085877566027
0,38,122,0,0,1.5,0,.0299793712395298,8.6000004,.0086000003,.0144,.00040000002,1,0,13.82085877566027
0,39,122,0,6.8,32.799999,2.176482603772234,1.948576748583467,541.20001,.54120004,.17819999,.0188,1,0,13.82085877566027
0,41,122,0,0,,.0022883295189519,.2872254230343168,13.5,.0135,0,0,1,0,13.82085877566027
0,42,122,0,18.4,36.200001,.4724909576753853,6.202901048192999,1521.8,1.5218,.0040000002,.00040000002,1,0,13.82085877566027
0,44,122,0,7.8,28.200001,.7702012099510224,2.654267776602963,635.59998,.81879997,.0058000004,.0048000002,1,0,13.82085877566027
0,45,122,0,1,4,.0219236642495137,.3973315819266811,57.799999,.057999998,.0058000004,.0048000002,1,0,13.82085877566027
0,46,122,0,.3333333333333333,1,0,,,0,0,0,1,0,13.82085877566027
0,48,122,0,1.8,14.6,.3935819910460149,.4726458699491759,81.400002,.091600001,.003,.00060000003,1,0,13.82085877566027
0,49,122,0,2.8,12.2,.4700856206290252,1.380197454207382,300.39999,.41279998,0,0,1,0,13.82085877566027
0,50,122,0,0,5,.0440095495900448,1.388275284774205,164.8,.1648,0,0,1,0,13.82085877566027
0,56,122,0,12,52.400002,1.72250576845955,6.638372957528857,1809,1.8200001,.0548,.0054000001,1,0,13.82085877566027
0,3,123,0,3.4,14,.317065872749638,1.729990845320343,495.39999,.49539998,.0078000003,.003,1,0,21.25392504306081
0,4,123,0,7.8,19.6,.7545788702494688,1.74866099369453,163.60001,.36220002,.00020000001,.00020000001,1,0,21.25392504306081
0,5,123,0,7.2,28,.0362989852567942,2.894832952931378,602.40002,2.0368001,.010600001,.0038000001,1,0,21.25392504306081
0,7,123,0,15,62.799999,1.404703194363037,3.77418849955639,1823.8,1.8238001,.010600001,.0038000001,1,0,21.25392504306081
0,10,123,0,0,0,0,.0089102184614685,27,.027000001,.0022,.00080000004,1,0,21.25392504306081
0,11,123,0,0,,0,1.243493590545319,,0,.00020000001,0,1,0,21.25392504306081
1,12,123,1,36.2,164.8,6.793889786263283,14.75632283920441,1123.4,1.8558,6.3793998,.2058,1,1,21.25392504306081
0,13,123,0,21.4,147.8,3.7847051813712,11.15341660902413,1020.4,1.2184,2.0763998,.122,1,0,21.25392504306081
0,14,123,0,2.2,7.1999998,.076734984595212,.7464000375710396,452.79999,.45279998,0,0,1,0,21.25392504306081
0,17,123,0,15.4,22.4,.1066740786934051,3.671756610751035,2335.3999,2.4322,.0064000003,.001,1,0,21.25392504306081
0,18,123,0,4.4,3,0,.7514233103353927,0,.15560001,0,.00060000003,1,0,21.25392504306081
0,20,123,0,10.4,24.6,.421647903249603,3.078328012235609,745.40002,1.327,.0162,.00040000002,1,0,21.25392504306081
0,21,123,0,13.8,77.599998,4.732232880216793,4.241694268165775,1282,1.2819999,.82740003,.045400001,1,0,21.25392504306081
0,22,123,0,21.4,68.199997,2.551927799548784,5.435760894420239,1913,4.0288,.010600001,.0038000001,1,0,21.25392504306081
1,23,123,0,25.8,54.599998,1.749760544987531,7.140658313838059,1439.8,2.1346002,.0122,.0035999999,1,0,21.25392504306081
0,24,123,0,2,2.2,.0023783783782,.0877878016999613,0,.13519999,.00060000003,0,1,0,21.25392504306081
0,25,123,0,4,11,.0480229835000431,.1554760510771914,668.59998,.67320001,.1072,.0061999997,1,0,21.25392504306081
0,27,123,0,3.4,4.4000001,.0015624999993161,.662699204737174,35,.27779999,0,.00060000003,1,0,21.25392504306081
0,28,123,0,3.8,4.5999999,1.038882681863711,.6266509406647131,185.60001,.18560001,.0020000001,.0018,1,0,21.25392504306081
0,29,123,0,7.4,11.2,.2299008611427503,1.150132624675722,408.79999,.53119999,.00020000001,0,1,0,21.25392504306081
0,32,123,0,23.4,44,.46535746798093,5.06319117932183,1325,2.1658001,.2714,.0252,1,0,21.25392504306081
0,33,123,0,0,,0,1.36717571899906,0,.1472,0,0,1,0,21.25392504306081
0,34,123,0,7,10.4,.1518697857817737,1.649871015500739,605.59998,.74579996,.00040000002,.00080000004,1,0,21.25392504306081
0,36,123,0,6.6,13,.2948127578556906,1.845257135135541,791.40002,.95240003,.0049999999,.0026,1,0,21.25392504306081
0,37,123,1,22.4,156.39999,7.076872882937476,9.258708820843173,689.20001,.82700002,5.1496,.25560001,1,1,21.25392504306081
0,38,123,0,7.5,23.5,.7540410618968059,1.80152189247661,499.39999,.50260001,.031799998,.0054000001,1,0,21.25392504306081
0,39,123,0,11.6,34.400002,.4837420980392638,3.897569736186985,766.59998,.76659995,.1876,.0184,1,0,21.25392504306081
0,41,123,0,0,,.0015313335309772,.0033889043588407,0,.2712,0,0,1,0,21.25392504306081
1,42,123,0,34.4,110.4,2.030698376122586,11.33006351479146,4840,4.8400002,.0061999997,.0022,1,0,21.25392504306081
0,44,123,0,8.4,31.6,.1675384217617778,2.901165343115382,1378.6,1.9291999,.010600001,.0038000001,1,0,21.25392504306081
0,45,123,0,2,10.2,.0013044253042309,.0653289216370824,248.8,.296,.010600001,.0038000001,1,0,21.25392504306081
0,46,123,0,25,46,.5719170449004618,7.919069496206654,0,3.5303998,0,0,1,0,21.25392504306081
0,47,123,0,0,,0,.045405405402,,0,.003,0,1,0,21.25392504306081
1,48,123,0,7,21,.1996037716875008,2.139520630733335,446.39999,.81440002,.034200002,.0049999999,1,0,21.25392504306081
0,50,123,0,0,,0,.6022455677080085,,0,0,0,1,0,21.25392504306081
1,56,123,0,51.4,222.2,2.253973775312476,17.11317987169122,6784.3999,6.9842,.1224,.019200001,1,0,21.25392504306081
0,3,124,0,2,6,0,.255306479538873,129.60001,.1296,.0016000001,.0012000001,1,0,17.26203563971728
0,4,124,0,5.4,6.8000002,.3372018307207647,1.07105972569847,41.599998,.2174,.00020000001,.00060000003,1,0,17.26203563971728
0,5,124,0,7.6,23.4,.1666512409259283,2.577768878987155,397.20001,1.3822,.0052,.0041999999,1,0,17.26203563971728
0,7,124,0,7.4,10,.3130169130216651,1.471451872430974,263.39999,.2642,.0052,.0041999999,1,0,17.26203563971728
0,10,124,0,5.4,9.3999996,.1753410944676567,1.085629880227341,765.40002,.76540005,.0035999999,.00080000004,1,0,17.26203563971728
0,12,124,0,25.2,119.6,3.658082715015605,10.96819181617425,923.59998,1.3609999,6.2494001,.23019999,1,0,17.26203563971728
1,13,124,0,29.4,220.60001,6.010730317931061,15.14845509735709,976.40002,1.148,4.8932004,.2122,1,0,17.26203563971728
0,14,124,0,0,,0,.0011441647594759,,0,0,0,1,0,17.26203563971728
0,16,124,0,.4,3.5999999,.0018306636151615,.2629712546989014,0,.0394,.23560001,.0074,1,0,17.26203563971728
0,17,124,0,16,36.799999,.9524787285499032,4.650772173409904,1252.8,1.3745999,.0082,.0035999999,1,0,17.26203563971728
0,18,124,1,13.8,26.200001,1.170178746685807,3.519894936731328,253.2,.41420001,.0014,.0024000001,1,1,17.26203563971728
0,20,124,0,10.8,35.799999,1.610864842478888,4.189302864646512,628.40002,.89040005,.0048000002,.00080000004,1,0,17.26203563971728
0,21,124,0,12.8,77.599998,3.779692035444726,6.62428115528873,361.60001,.36160001,1.1098001,.0548,1,0,17.26203563971728
0,22,124,0,18.2,39.200001,.3100130008709738,5.473561026517279,1317.6,3.5569999,.0052,.0041999999,1,0,17.26203563971728
1,23,124,0,21,48.200001,2.174271396514449,5.146345034076608,1041.4,1.5470001,.0104,.0038000001,1,0,17.26203563971728
0,24,124,0,1,.80000001,0,.3949748266312227,0,.053199999,.00040000002,0,1,0,17.26203563971728
0,25,124,0,5,17.333334,1.171427820225446,3.787708204603624,959.59998,1.0296,.064000003,.0082,1,0,17.26203563971728
0,26,124,0,2,2.5,.0970260506515176,1.047517227583684,.60000002,.050999999,0,0,1,0,17.26203563971728
0,27,124,1,22,46.400002,1.216673146669481,4.457624109326107,468.79999,.79680002,.0014,.0024000001,1,1,17.26203563971728
0,28,124,0,4,5.5999999,.3093300490502924,.6793126231323952,242,.242,.00060000003,.001,1,0,17.26203563971728
0,29,124,0,2.5,2,.1860384838295406,.5752695963728195,325.39999,.32720003,.00020000001,0,1,0,17.26203563971728
0,30,124,0,0,,0,,440.79999,.44079998,0,0,1,0,17.26203563971728
0,31,124,0,2,2,0,,,0,.77600002,.050000001,1,0,17.26203563971728
0,32,124,0,28.4,63.400002,1.72258128227849,6.13239580976308,860,1.8745999,.26179999,.040400002,1,0,17.26203563971728
0,33,124,0,0,,0,.8113081679170289,.2,.49599999,0,0,1,0,17.26203563971728
0,34,124,0,6.2,6.4000001,.0065327254915462,.8661523348451513,142.60001,.28839999,.00020000001,0,1,0,17.26203563971728
0,35,124,0,7.8,52,.2665403442260791,5.331216647279956,738.40002,.73840004,.1794,.0035999999,1,0,17.26203563971728
0,36,124,0,7.8,17,.1951852114689203,1.46634269500603,272.20001,.412,.0098000001,.0041999999,1,0,17.26203563971728
0,37,124,0,22.2,150.2,4.384866071564667,10.923607358702,540.20001,.65640002,3.3332,.1842,1,0,17.26203563971728
0,38,124,1,8.4,13.8,.6874130778172606,1.766819331327385,1131.6,1.1316,.0154,.001,1,1,17.26203563971728
0,39,124,0,12.6,63,1.107266332297921,4.267939051401641,711.79999,.71179998,.4542,.023600001,1,0,17.26203563971728
0,41,124,0,0,,0,.0038547390097729,28.6,.098800004,0,0,1,0,17.26203563971728
1,42,124,0,26.8,81.599998,1.213242036515826,8.046545782301328,4172.6001,4.1726003,.0055999998,.0020000001,1,0,17.26203563971728
0,44,124,0,7.2,8.1999998,.1214214170934734,1.920584267816646,283.60001,.7008,.0052,.0041999999,1,0,17.26203563971728
0,45,124,0,2,4,.0545728081854912,.7124369662942064,86.199997,.1048,.0052,.0041999999,1,0,17.26203563971728
0,48,124,0,5.8,10.4,.1687372639398586,1.321504182970588,556.40002,.78220004,.011,.0027999999,1,0,17.26203563971728
0,49,124,0,4.8,23.4,.9911953517699983,2.38840702408717,20.6,.77859998,.00020000001,0,1,0,17.26203563971728
0,50,124,0,0,,0,.022883295189519,,0,0,0,1,0,17.26203563971728
1,56,124,0,28.8,241,2.489909168965193,9.694581349412072,3948.6001,3.9573998,.0352,.010199999,1,0,17.26203563971728
