Jahr,Profs,StudierendeGesamt,Drittmitteleinnahmen,Zitationen,ExzGefoerdertDummy_U,ExzDreiFLDummy_U,LuFid,EinheitlicheID
2016,,,94.7690853566392,,nicht gefoerdert,nicht gefoerdert,50,106
2017,,,11.94693468428321,,nicht gefoerdert,nicht gefoerdert,50,106
2018,,,0,,nicht gefoerdert,nicht gefoerdert,50,106
2016,1,74,3.463687177217163,,nicht gefoerdert,nicht gefoerdert,18,106
2017,1,74,75.72278077167537,,nicht gefoerdert,nicht gefoerdert,18,106
2018,1,75,44.36705238158466,,nicht gefoerdert,nicht gefoerdert,18,106
2016,3,31,8.783985115969504,,nicht gefoerdert,nicht gefoerdert,27,106
2017,3,28,2.354071321162545,,nicht gefoerdert,nicht gefoerdert,27,106
2018,3,22,40.55425185457251,,nicht gefoerdert,nicht gefoerdert,27,106
2016,4,316,149.2132261366793,28,nicht gefoerdert,nicht gefoerdert,36,106
2017,4,316,27.64043956106048,27,nicht gefoerdert,nicht gefoerdert,36,106
2018,3,308,51.30521764606463,40,nicht gefoerdert,nicht gefoerdert,36,106
2016,8,490,149.0363151111746,6,nicht gefoerdert,nicht gefoerdert,23,106
2017,7,532,198.5196657023174,7,nicht gefoerdert,nicht gefoerdert,23,106
2018,7,515,196.6400374967945,2,nicht gefoerdert,nicht gefoerdert,23,106
2016,,,,25,nicht gefoerdert,nicht gefoerdert,10,106
2017,,,,19,nicht gefoerdert,nicht gefoerdert,10,106
2018,,,,16,nicht gefoerdert,nicht gefoerdert,10,106
2016,1,,,,nicht gefoerdert,nicht gefoerdert,3,106
2017,0,,,,nicht gefoerdert,nicht gefoerdert,3,106
2018,0,,,,nicht gefoerdert,nicht gefoerdert,3,106
2016,12,1873,85.6638718297492,7,nicht gefoerdert,nicht gefoerdert,22,106
2017,14,1260,105.5635834359086,21,nicht gefoerdert,nicht gefoerdert,22,106
2018,12,1222,115.6896913245897,9,nicht gefoerdert,nicht gefoerdert,22,106
2016,5,636,4.902234512188757,7,nicht gefoerdert,nicht gefoerdert,5,106
2017,5,639,3.258005588702472,21,nicht gefoerdert,nicht gefoerdert,5,106
2018,5,647,40.26489739944522,9,nicht gefoerdert,nicht gefoerdert,5,106
2016,4,335,18.1983240920187,7,nicht gefoerdert,nicht gefoerdert,44,106
2017,4,304,53.06495882493146,21,nicht gefoerdert,nicht gefoerdert,44,106
2018,3,251,67.77403191223286,9,nicht gefoerdert,nicht gefoerdert,44,106
2016,,,,7,nicht gefoerdert,nicht gefoerdert,45,106
2017,,,,21,nicht gefoerdert,nicht gefoerdert,45,106
2018,,,,9,nicht gefoerdert,nicht gefoerdert,45,106
2016,,,,7,nicht gefoerdert,nicht gefoerdert,7,106
2017,,,,21,nicht gefoerdert,nicht gefoerdert,7,106
2018,,,,9,nicht gefoerdert,nicht gefoerdert,7,106
2016,,,,4,nicht gefoerdert,nicht gefoerdert,28,106
2017,,,,5,nicht gefoerdert,nicht gefoerdert,28,106
2018,,,,7,nicht gefoerdert,nicht gefoerdert,28,106
2016,13,559,350.5074555828544,294,nicht gefoerdert,nicht gefoerdert,39,106
2017,14,600,190.6321980018425,347,nicht gefoerdert,nicht gefoerdert,39,106
2018,16,611,302.1727501954273,417,nicht gefoerdert,nicht gefoerdert,39,106
2016,17,391,505.4646354878704,199,nicht gefoerdert,nicht gefoerdert,17,106
2017,15,394,430.7163862933202,249,nicht gefoerdert,nicht gefoerdert,17,106
2018,14,395,1337.201167333811,227,nicht gefoerdert,nicht gefoerdert,17,106
2016,,,,,nicht gefoerdert,nicht gefoerdert,46,106
2017,,,,,nicht gefoerdert,nicht gefoerdert,46,106
2018,,,,,nicht gefoerdert,nicht gefoerdert,46,106
2016,3,177,193.2513984521031,5,nicht gefoerdert,nicht gefoerdert,49,106
2017,3,179,69.89570330962026,9,nicht gefoerdert,nicht gefoerdert,49,106
2018,3,186,98.60892414553894,7,nicht gefoerdert,nicht gefoerdert,49,106
2016,2,,1262.243061219637,,nicht gefoerdert,nicht gefoerdert,41,106
2017,4,,874.0283515183925,,nicht gefoerdert,nicht gefoerdert,41,106
2018,4,,471.7844057462061,,nicht gefoerdert,nicht gefoerdert,41,106
2016,,,,,nicht gefoerdert,nicht gefoerdert,43,106
2017,,,,,nicht gefoerdert,nicht gefoerdert,43,106
2018,,,0,,nicht gefoerdert,nicht gefoerdert,43,106
2016,9,668,1053.356660731928,47,nicht gefoerdert,nicht gefoerdert,38,106
2017,9,775,1611.494086895952,60,nicht gefoerdert,nicht gefoerdert,38,106
2018,9,792,2064.506175917597,83,nicht gefoerdert,nicht gefoerdert,38,106
2016,7,1183,420.7411611230798,93,nicht gefoerdert,nicht gefoerdert,48,106
2017,6,1169,319.0274391039754,92,nicht gefoerdert,nicht gefoerdert,48,106
2018,6,1162,630.4545955098192,116,nicht gefoerdert,nicht gefoerdert,48,106
2016,10,1785,611.7159880280569,1,nicht gefoerdert,nicht gefoerdert,47,106
2017,11,1774,721.5416463605696,,nicht gefoerdert,nicht gefoerdert,47,106
2018,10,1726,586.9457443575512,1,nicht gefoerdert,nicht gefoerdert,47,106
2016,7,737,1313.631252993017,5,nicht gefoerdert,nicht gefoerdert,42,106
2017,8,769,1570.097843760904,6,nicht gefoerdert,nicht gefoerdert,42,106
2018,8,760,1587.405472089769,7,nicht gefoerdert,nicht gefoerdert,42,106
2016,1,527,,12,nicht gefoerdert,nicht gefoerdert,53,106
2017,1,661,,16,nicht gefoerdert,nicht gefoerdert,53,106
2018,1,708,,29,nicht gefoerdert,nicht gefoerdert,53,106
2016,32,2988,2203.984265721575,457,nicht gefoerdert,nicht gefoerdert,56,106
2017,32,3011,3248.201221665699,628,nicht gefoerdert,nicht gefoerdert,56,106
2018,31,3026,2873.267313938152,794,nicht gefoerdert,nicht gefoerdert,56,106
2016,,843,,,nicht gefoerdert,nicht gefoerdert,54,106
2017,,915,,,nicht gefoerdert,nicht gefoerdert,54,106
2018,,913,,,nicht gefoerdert,nicht gefoerdert,54,106
2016,3,159,519.0903078965027,,nicht gefoerdert,nicht gefoerdert,33,106
2017,4,179,921.7429339248951,,nicht gefoerdert,nicht gefoerdert,33,106
2018,3,197,1020.035968411895,,nicht gefoerdert,nicht gefoerdert,33,106
2016,12,590,790.8621846037447,280,nicht gefoerdert,nicht gefoerdert,32,106
2017,10,1307,879.257997829042,272,nicht gefoerdert,nicht gefoerdert,32,106
2018,11,1416,897.4791452547141,314,nicht gefoerdert,nicht gefoerdert,32,106
2016,10,762,3769.446005085661,144,nicht gefoerdert,nicht gefoerdert,25,106
2017,11,742,3052.096884063183,155,nicht gefoerdert,nicht gefoerdert,25,106
2018,11,745,1499.31485713618,211,nicht gefoerdert,nicht gefoerdert,25,106
2016,11,215,1879.70107080438,1722,nicht gefoerdert,nicht gefoerdert,37,106
2017,11,214,3298.299190626374,1807,nicht gefoerdert,nicht gefoerdert,37,106
2018,11,207,4264.516359986143,2026,nicht gefoerdert,nicht gefoerdert,37,106
2016,5,120,425.5903304080979,1113,nicht gefoerdert,nicht gefoerdert,13,106
2017,5,134,219.1665104791526,1111,nicht gefoerdert,nicht gefoerdert,13,106
2018,5,131,290.0873451831674,1280,nicht gefoerdert,nicht gefoerdert,13,106
2016,,,,17,nicht gefoerdert,nicht gefoerdert,35,106
2017,,,,30,nicht gefoerdert,nicht gefoerdert,35,106
2018,,,,31,nicht gefoerdert,nicht gefoerdert,35,106
2016,11,658,975.2803070075695,1348,nicht gefoerdert,nicht gefoerdert,12,106
2017,11,651,673.0731988037347,1512,nicht gefoerdert,nicht gefoerdert,12,106
2018,11,643,980.1826549377466,1559,nicht gefoerdert,nicht gefoerdert,12,106
2016,,,,1044,nicht gefoerdert,nicht gefoerdert,21,106
2017,,,,1336,nicht gefoerdert,nicht gefoerdert,21,106
2018,,,,1769,nicht gefoerdert,nicht gefoerdert,21,106
2016,1,,0,35,nicht gefoerdert,nicht gefoerdert,20,106
2017,1,,.0027447392734236,69,nicht gefoerdert,nicht gefoerdert,20,106
2018,1,,0,52,nicht gefoerdert,nicht gefoerdert,20,106
2016,3,,,,nicht gefoerdert,nicht gefoerdert,1,106
2017,4,,,,nicht gefoerdert,nicht gefoerdert,1,106
2018,4,,,,nicht gefoerdert,nicht gefoerdert,1,106
2016,1,344,422.6573467825614,,nicht gefoerdert,nicht gefoerdert,30,106
2017,1,375,353.4464648261767,,nicht gefoerdert,nicht gefoerdert,30,106
2018,1,369,121.7804670306427,,nicht gefoerdert,nicht gefoerdert,30,106
2016,14,1025,5792.629589591163,874,nicht gefoerdert,nicht gefoerdert,2,106
2017,13,1044,6370.898526369172,920,nicht gefoerdert,nicht gefoerdert,2,106
2018,15,1038,6847.717060822783,1217,nicht gefoerdert,nicht gefoerdert,2,106
2016,,,,78,nicht gefoerdert,nicht gefoerdert,19,106
2017,,,,68,nicht gefoerdert,nicht gefoerdert,19,106
2018,,,,122,nicht gefoerdert,nicht gefoerdert,19,106
2016,,106,,141,nicht gefoerdert,nicht gefoerdert,16,106
2017,,112,,191,nicht gefoerdert,nicht gefoerdert,16,106
2018,,100,,202,nicht gefoerdert,nicht gefoerdert,16,106
2016,,239,714.4506585350749,,nicht gefoerdert,nicht gefoerdert,26,106
2017,,234,226.6523355800894,,nicht gefoerdert,nicht gefoerdert,26,106
2018,,234,283.0296619360494,,nicht gefoerdert,nicht gefoerdert,26,106
2016,,,,43,nicht gefoerdert,nicht gefoerdert,55,106
2017,,,,60,nicht gefoerdert,nicht gefoerdert,55,106
2018,,,,67,nicht gefoerdert,nicht gefoerdert,55,106
2016,,,,5,nicht gefoerdert,nicht gefoerdert,9,106
2017,,,,3,nicht gefoerdert,nicht gefoerdert,9,106
2018,,,,10,nicht gefoerdert,nicht gefoerdert,9,106
2016,17,1933,8352.694548081656,1293,nicht gefoerdert,nicht gefoerdert,31,106
2017,16,1860,9104.311705915999,1434,nicht gefoerdert,nicht gefoerdert,31,106
2018,15,1688,9051.969094614145,1780,nicht gefoerdert,nicht gefoerdert,31,106
2016,15,998,4421.192587977306,146,nicht gefoerdert,nicht gefoerdert,15,106
2017,15,907,4253.375975350033,186,nicht gefoerdert,nicht gefoerdert,15,106
2018,14,908,3861.887926109627,216,nicht gefoerdert,nicht gefoerdert,15,106
2016,,27,,8,nicht gefoerdert,nicht gefoerdert,51,106
2017,,32,,11,nicht gefoerdert,nicht gefoerdert,51,106
2018,,43,,11,nicht gefoerdert,nicht gefoerdert,51,106
2016,20,823,1001.530766190016,,nicht gefoerdert,nicht gefoerdert,6,106
2017,20,851,1016.187550851566,,nicht gefoerdert,nicht gefoerdert,6,106
2018,20,918,904.5997377548974,,nicht gefoerdert,nicht gefoerdert,6,106
2016,11,396,601.9478625195949,33,nicht gefoerdert,nicht gefoerdert,40,106
2017,11,406,521.2452042617136,54,nicht gefoerdert,nicht gefoerdert,40,106
2018,10,397,598.546770059919,87,nicht gefoerdert,nicht gefoerdert,40,106
2016,17,1331,2156.585750027387,70,nicht gefoerdert,nicht gefoerdert,8,106
2017,16,1384,2242.781433886575,77,nicht gefoerdert,nicht gefoerdert,8,106
2018,15,1352,2191.04734318021,87,nicht gefoerdert,nicht gefoerdert,8,106
2016,,,,,nicht gefoerdert,nicht gefoerdert,52,106
2017,,,,,nicht gefoerdert,nicht gefoerdert,52,106
2018,,,,,nicht gefoerdert,nicht gefoerdert,52,106
2016,,336,105.0446934683387,1,nicht gefoerdert,nicht gefoerdert,29,106
2017,,319,127.7703566948362,1,nicht gefoerdert,nicht gefoerdert,29,106
2018,,307,190.8898328516909,,nicht gefoerdert,nicht gefoerdert,29,106
2016,,0,57.37243950269672,1,nicht gefoerdert,nicht gefoerdert,11,106
2017,,0,21.76395252061066,1,nicht gefoerdert,nicht gefoerdert,11,106
2018,,0,55.73715944165228,,nicht gefoerdert,nicht gefoerdert,11,106
2016,0,227,110.3435779112279,13,nicht gefoerdert,nicht gefoerdert,24,106
2017,,227,22.10429995022886,10,nicht gefoerdert,nicht gefoerdert,24,106
2018,,217,91.90888987451697,7,nicht gefoerdert,nicht gefoerdert,24,106
2016,1,,17.39478510720841,,nicht gefoerdert,nicht gefoerdert,14,106
2017,1,,4.139066941909777,,nicht gefoerdert,nicht gefoerdert,14,106
2018,1,,17.69631941166507,,nicht gefoerdert,nicht gefoerdert,14,106
2016,3,111,7.666666857892094,3,nicht gefoerdert,nicht gefoerdert,34,106
2017,3,110,38.10247017870437,,nicht gefoerdert,nicht gefoerdert,34,106
2018,3,112,27.13531430732491,1,nicht gefoerdert,nicht gefoerdert,34,106
2016,2,1698,595.0949897532907,,nicht gefoerdert,nicht gefoerdert,50,101
2017,3,1619,430.989034189357,,nicht gefoerdert,nicht gefoerdert,50,101
2018,4,1613,354.8950645829204,,nicht gefoerdert,nicht gefoerdert,50,101
2016,4,75,26.40130310997181,,nicht gefoerdert,nicht gefoerdert,18,101
2017,4,71,32.62488599638988,2,nicht gefoerdert,nicht gefoerdert,18,101
2018,4,51,31.70923555463912,,nicht gefoerdert,nicht gefoerdert,18,101
2016,4,89,0,,nicht gefoerdert,nicht gefoerdert,27,101
2017,4,82,3.888380603551012,2,nicht gefoerdert,nicht gefoerdert,27,101
2018,4,71,7.584264580865992,,nicht gefoerdert,nicht gefoerdert,27,101
2016,5,441,156.8817479532742,26,nicht gefoerdert,nicht gefoerdert,36,101
2017,5,454,324.9570073253113,30,nicht gefoerdert,nicht gefoerdert,36,101
2018,5,506,798.7839608408591,48,nicht gefoerdert,nicht gefoerdert,36,101
2016,12,716,536.1703769274611,11,nicht gefoerdert,nicht gefoerdert,23,101
2017,10,748,909.9130586184286,13,nicht gefoerdert,nicht gefoerdert,23,101
2018,10,799,725.8482781902247,12,nicht gefoerdert,nicht gefoerdert,23,101
2016,,,,29,nicht gefoerdert,nicht gefoerdert,10,101
2017,,,1062.886537295914,34,nicht gefoerdert,nicht gefoerdert,10,101
2018,,,,44,nicht gefoerdert,nicht gefoerdert,10,101
2016,2,0,,,nicht gefoerdert,nicht gefoerdert,3,101
2017,2,0,,1,nicht gefoerdert,nicht gefoerdert,3,101
2018,2,,,2,nicht gefoerdert,nicht gefoerdert,3,101
2016,,,,,nicht gefoerdert,nicht gefoerdert,4,101
2017,,,,,nicht gefoerdert,nicht gefoerdert,4,101
2018,,,,1,nicht gefoerdert,nicht gefoerdert,4,101
2016,16,1806,2563.830498018259,11,nicht gefoerdert,nicht gefoerdert,22,101
2017,16,1693,1748.474846906836,14,nicht gefoerdert,nicht gefoerdert,22,101
2018,16,1639,2794.013501979661,14,nicht gefoerdert,nicht gefoerdert,22,101
2016,9,1557,88.05028108472763,11,nicht gefoerdert,nicht gefoerdert,5,101
2017,9,1602,42.3385187310996,14,nicht gefoerdert,nicht gefoerdert,5,101
2018,10,1616,306.1203469603583,14,nicht gefoerdert,nicht gefoerdert,5,101
2016,5,659,9.364990326020985,11,nicht gefoerdert,nicht gefoerdert,44,101
2017,5,641,.0256175671200068,14,nicht gefoerdert,nicht gefoerdert,44,101
2018,5,578,6.872565948405544,14,nicht gefoerdert,nicht gefoerdert,44,101
2016,,,,11,nicht gefoerdert,nicht gefoerdert,45,101
2017,,,,14,nicht gefoerdert,nicht gefoerdert,45,101
2018,,,,14,nicht gefoerdert,nicht gefoerdert,45,101
2016,3,278,129.2895666838846,11,nicht gefoerdert,nicht gefoerdert,7,101
2017,3,275,161.2616675867591,14,nicht gefoerdert,nicht gefoerdert,7,101
2018,4,279,869.5126091904052,14,nicht gefoerdert,nicht gefoerdert,7,101
2016,,,,13,nicht gefoerdert,nicht gefoerdert,28,101
2017,,,,8,nicht gefoerdert,nicht gefoerdert,28,101
2018,,,,19,nicht gefoerdert,nicht gefoerdert,28,101
2016,13,33,1140.287658492226,1091,nicht gefoerdert,nicht gefoerdert,39,101
2017,14,66,1598.111584430979,1315,nicht gefoerdert,nicht gefoerdert,39,101
2018,16,104,2010.867125078177,1250,nicht gefoerdert,nicht gefoerdert,39,101
2016,19,721,2799.841740289898,263,nicht gefoerdert,nicht gefoerdert,17,101
2017,20,696,1824.693517382306,262,nicht gefoerdert,nicht gefoerdert,17,101
2018,21,726,2007.987230518497,275,nicht gefoerdert,nicht gefoerdert,17,101
2016,,,,,nicht gefoerdert,nicht gefoerdert,46,101
2017,,,,,nicht gefoerdert,nicht gefoerdert,46,101
2018,,,,,nicht gefoerdert,nicht gefoerdert,46,101
2016,2,236,120.1908814750335,3,nicht gefoerdert,nicht gefoerdert,49,101
2017,3,256,152.9213223774549,12,nicht gefoerdert,nicht gefoerdert,49,101
2018,3,254,94.49059622007113,11,nicht gefoerdert,nicht gefoerdert,49,101
2016,0,99,0,,nicht gefoerdert,nicht gefoerdert,41,101
2017,0,116,0,,nicht gefoerdert,nicht gefoerdert,41,101
2018,0,141,14.76325775766015,,nicht gefoerdert,nicht gefoerdert,41,101
2016,,273,,,nicht gefoerdert,nicht gefoerdert,43,101
2017,,274,,,nicht gefoerdert,nicht gefoerdert,43,101
2018,,263,,,nicht gefoerdert,nicht gefoerdert,43,101
2016,13,1292,,149,nicht gefoerdert,nicht gefoerdert,38,101
2017,13,1285,,199,nicht gefoerdert,nicht gefoerdert,38,101
2018,13,1255,,221,nicht gefoerdert,nicht gefoerdert,38,101
2016,21,1500,6607.253203793335,70,nicht gefoerdert,nicht gefoerdert,48,101
2017,23,1509,6797.802421150741,83,nicht gefoerdert,nicht gefoerdert,48,101
2018,25,1501,4829.007724201196,73,nicht gefoerdert,nicht gefoerdert,48,101
2016,2,1045,698.1247771750039,2,nicht gefoerdert,nicht gefoerdert,47,101
2017,2,1026,811.5745885856335,13,nicht gefoerdert,nicht gefoerdert,47,101
2018,2,1040,1362.102481579409,7,nicht gefoerdert,nicht gefoerdert,47,101
2016,3,,,30,nicht gefoerdert,nicht gefoerdert,42,101
2017,3,,,20,nicht gefoerdert,nicht gefoerdert,42,101
2018,3,,,27,nicht gefoerdert,nicht gefoerdert,42,101
2016,1,,,42,nicht gefoerdert,nicht gefoerdert,53,101
2017,1,,,58,nicht gefoerdert,nicht gefoerdert,53,101
2018,1,,,36,nicht gefoerdert,nicht gefoerdert,53,101
2016,50,5717,4870.604104470603,540,nicht gefoerdert,nicht gefoerdert,56,101
2017,50,5703,7132.442602964619,627,nicht gefoerdert,nicht gefoerdert,56,101
2018,49,5534,7014.056804476232,754,nicht gefoerdert,nicht gefoerdert,56,101
2016,,,,,nicht gefoerdert,nicht gefoerdert,54,101
2017,,,,,nicht gefoerdert,nicht gefoerdert,54,101
2018,,121,,,nicht gefoerdert,nicht gefoerdert,54,101
2016,,184,,,nicht gefoerdert,nicht gefoerdert,33,101
2017,,204,,,nicht gefoerdert,nicht gefoerdert,33,101
2018,,194,,,nicht gefoerdert,nicht gefoerdert,33,101
2016,32,2815,1141.891053183389,1424,nicht gefoerdert,nicht gefoerdert,32,101
2017,31,2726,2106.81878272168,1450,nicht gefoerdert,nicht gefoerdert,32,101
2018,30,2734,2371.669845690889,1584,nicht gefoerdert,nicht gefoerdert,32,101
2016,28,5238,7201.022298546289,612,nicht gefoerdert,nicht gefoerdert,25,101
2017,29,5127,6164.846072559146,512,nicht gefoerdert,nicht gefoerdert,25,101
2018,28,4969,4761.024924888669,684,nicht gefoerdert,nicht gefoerdert,25,101
2016,21,1075,2627.652812739381,8641,nicht gefoerdert,nicht gefoerdert,37,101
2017,23,1146,5691.215047034283,9583,nicht gefoerdert,nicht gefoerdert,37,101
2018,21,1102,5275.54385499135,10234,nicht gefoerdert,nicht gefoerdert,37,101
2016,27,1226,2772.055854802573,7387,nicht gefoerdert,nicht gefoerdert,13,101
2017,28,1225,6781.82539404764,7942,nicht gefoerdert,nicht gefoerdert,13,101
2018,26,1187,8861.523534366765,8601,nicht gefoerdert,nicht gefoerdert,13,101
2016,,2,,744,nicht gefoerdert,nicht gefoerdert,35,101
2017,,10,,726,nicht gefoerdert,nicht gefoerdert,35,101
2018,,9,,797,nicht gefoerdert,nicht gefoerdert,35,101
2016,19,1297,749.5009210404477,9242,nicht gefoerdert,nicht gefoerdert,12,101
2017,20,1315,2140.086907647708,9604,nicht gefoerdert,nicht gefoerdert,12,101
2018,19,1343,3645.31665216989,11004,nicht gefoerdert,nicht gefoerdert,12,101
2016,1,,,1429,nicht gefoerdert,nicht gefoerdert,21,101
2017,1,,,1607,nicht gefoerdert,nicht gefoerdert,21,101
2018,1,,,2157,nicht gefoerdert,nicht gefoerdert,21,101
2016,2,8,263.0428264285669,43,nicht gefoerdert,nicht gefoerdert,20,101
2017,2,6,71.16834634734002,57,nicht gefoerdert,nicht gefoerdert,20,101
2018,2,1,57.16864317823736,37,nicht gefoerdert,nicht gefoerdert,20,101
2016,,0,,,nicht gefoerdert,nicht gefoerdert,30,101
2017,,0,,,nicht gefoerdert,nicht gefoerdert,30,101
2018,,0,,,nicht gefoerdert,nicht gefoerdert,30,101
2016,,,,240,nicht gefoerdert,nicht gefoerdert,2,101
2017,,,,267,nicht gefoerdert,nicht gefoerdert,2,101
2018,,,,322,nicht gefoerdert,nicht gefoerdert,2,101
2016,,,,49,nicht gefoerdert,nicht gefoerdert,19,101
2017,,,,32,nicht gefoerdert,nicht gefoerdert,19,101
2018,,,,52,nicht gefoerdert,nicht gefoerdert,19,101
2016,,,,350,nicht gefoerdert,nicht gefoerdert,16,101
2017,,,,441,nicht gefoerdert,nicht gefoerdert,16,101
2018,,,,446,nicht gefoerdert,nicht gefoerdert,16,101
2016,3,71,47.35102377879166,,nicht gefoerdert,nicht gefoerdert,26,101
2017,3,59,209.0722840371347,,nicht gefoerdert,nicht gefoerdert,26,101
2018,3,56,166.2778216423667,,nicht gefoerdert,nicht gefoerdert,26,101
2016,1,1630,912.5893590374109,45,nicht gefoerdert,nicht gefoerdert,55,101
2017,1,1612,1248.321170137393,79,nicht gefoerdert,nicht gefoerdert,55,101
2018,1,1623,993.0741704529946,102,nicht gefoerdert,nicht gefoerdert,55,101
2016,2,6,,36,nicht gefoerdert,nicht gefoerdert,9,101
2017,2,4,,48,nicht gefoerdert,nicht gefoerdert,9,101
2018,1,5,,62,nicht gefoerdert,nicht gefoerdert,9,101
2016,27,3193,7176.939667175889,4773,nicht gefoerdert,nicht gefoerdert,31,101
2017,23,3048,11205.00932698443,5830,nicht gefoerdert,nicht gefoerdert,31,101
2018,21,2913,11611.39349829226,6669,nicht gefoerdert,nicht gefoerdert,31,101
2016,13,1277,2705.329539630668,713,nicht gefoerdert,nicht gefoerdert,15,101
2017,14,1306,4794.826273370953,829,nicht gefoerdert,nicht gefoerdert,15,101
2018,14,1261,4844.162546810597,1067,nicht gefoerdert,nicht gefoerdert,15,101
2016,1,,,44,nicht gefoerdert,nicht gefoerdert,51,101
2017,1,,,57,nicht gefoerdert,nicht gefoerdert,51,101
2018,1,,,53,nicht gefoerdert,nicht gefoerdert,51,101
2016,,,,,nicht gefoerdert,nicht gefoerdert,6,101
2017,,,,,nicht gefoerdert,nicht gefoerdert,6,101
2018,,,,,nicht gefoerdert,nicht gefoerdert,6,101
2016,,31,,32,nicht gefoerdert,nicht gefoerdert,40,101
2017,,34,,35,nicht gefoerdert,nicht gefoerdert,40,101
2018,,40,,54,nicht gefoerdert,nicht gefoerdert,40,101
2016,10,2006,2682.968395181112,38,nicht gefoerdert,nicht gefoerdert,8,101
2017,10,1979,3386.42546828159,37,nicht gefoerdert,nicht gefoerdert,8,101
2018,10,2060,3999.361591711388,47,nicht gefoerdert,nicht gefoerdert,8,101
2016,,,,,nicht gefoerdert,nicht gefoerdert,52,101
2017,,,,,nicht gefoerdert,nicht gefoerdert,52,101
2018,,,,,nicht gefoerdert,nicht gefoerdert,52,101
2016,3,279,.5586592400343189,,nicht gefoerdert,nicht gefoerdert,29,101
2017,3,239,6.856358607023139,,nicht gefoerdert,nicht gefoerdert,29,101
2018,3,245,127.3177016411755,,nicht gefoerdert,nicht gefoerdert,29,101
2016,,,,,nicht gefoerdert,nicht gefoerdert,11,101
2017,,,,,nicht gefoerdert,nicht gefoerdert,11,101
2018,,,,,nicht gefoerdert,nicht gefoerdert,11,101
2016,2,71,,117,nicht gefoerdert,nicht gefoerdert,24,101
2017,2,59,,100,nicht gefoerdert,nicht gefoerdert,24,101
2018,2,42,,154,nicht gefoerdert,nicht gefoerdert,24,101
2016,,,,,nicht gefoerdert,nicht gefoerdert,14,101
2017,,,,,nicht gefoerdert,nicht gefoerdert,14,101
2018,,,,,nicht gefoerdert,nicht gefoerdert,14,101
2016,,,,,nicht gefoerdert,nicht gefoerdert,34,101
2017,,,,,nicht gefoerdert,nicht gefoerdert,34,101
2018,,,,,nicht gefoerdert,nicht gefoerdert,34,101
2016,8,1239,1823.686255064284,,nicht gefoerdert,nicht gefoerdert,50,113
2017,7,1344,703.9469363285808,,nicht gefoerdert,nicht gefoerdert,50,113
2018,8,1439,62.74811323488054,,nicht gefoerdert,nicht gefoerdert,50,113
2016,5,91,1.851955272493043,,nicht gefoerdert,nicht gefoerdert,18,113
2017,5,87,0,1,nicht gefoerdert,nicht gefoerdert,18,113
2018,5,93,.5059172213892614,,nicht gefoerdert,nicht gefoerdert,18,113
2016,7,98,313.325878382649,,nicht gefoerdert,nicht gefoerdert,27,113
2017,7,88,265.8508803158633,1,nicht gefoerdert,nicht gefoerdert,27,113
2018,6,100,272.5474007881945,,nicht gefoerdert,nicht gefoerdert,27,113
2016,4,208,276.0633187823972,4,nicht gefoerdert,nicht gefoerdert,36,113
2017,4,236,535.4254077394642,3,nicht gefoerdert,nicht gefoerdert,36,113
2018,3,282,90.7514789098549,6,nicht gefoerdert,nicht gefoerdert,36,113
2016,7,714,432.9702139020015,7,nicht gefoerdert,nicht gefoerdert,23,113
2017,7,679,90.554435423039,8,nicht gefoerdert,nicht gefoerdert,23,113
2018,7,664,73.58354649066986,4,nicht gefoerdert,nicht gefoerdert,23,113
2016,,,,1,nicht gefoerdert,nicht gefoerdert,10,113
2017,,,,3,nicht gefoerdert,nicht gefoerdert,10,113
2018,,,,5,nicht gefoerdert,nicht gefoerdert,10,113
2016,3,328,,,nicht gefoerdert,nicht gefoerdert,3,113
2017,3,320,,1,nicht gefoerdert,nicht gefoerdert,3,113
2018,3,290,,1,nicht gefoerdert,nicht gefoerdert,3,113
2016,,,,,nicht gefoerdert,nicht gefoerdert,4,113
2017,,,,,nicht gefoerdert,nicht gefoerdert,4,113
2018,,,,,nicht gefoerdert,nicht gefoerdert,4,113
2016,14,2059,476.577275700407,13,nicht gefoerdert,nicht gefoerdert,22,113
2017,14,1867,595.1015405653579,11,nicht gefoerdert,nicht gefoerdert,22,113
2018,13,1844,707.055688258409,10,nicht gefoerdert,nicht gefoerdert,22,113
2016,8,1488,189.567040228523,13,nicht gefoerdert,nicht gefoerdert,5,113
2017,9,1544,206.0521466797802,11,nicht gefoerdert,nicht gefoerdert,5,113
2018,9,1599,310.1002759002519,10,nicht gefoerdert,nicht gefoerdert,5,113
2016,6,350,38.06424629025399,13,nicht gefoerdert,nicht gefoerdert,44,113
2017,4,310,93.35773184617977,11,nicht gefoerdert,nicht gefoerdert,44,113
2018,4,282,134.9046699967448,10,nicht gefoerdert,nicht gefoerdert,44,113
2016,,,,13,nicht gefoerdert,nicht gefoerdert,45,113
2017,,,,11,nicht gefoerdert,nicht gefoerdert,45,113
2018,,,,10,nicht gefoerdert,nicht gefoerdert,45,113
2016,1,,0,13,nicht gefoerdert,nicht gefoerdert,7,113
2017,1,,0,11,nicht gefoerdert,nicht gefoerdert,7,113
2018,1,,0,10,nicht gefoerdert,nicht gefoerdert,7,113
2016,,29,,1,nicht gefoerdert,nicht gefoerdert,28,113
2017,,14,,5,nicht gefoerdert,nicht gefoerdert,28,113
2018,,27,,1,nicht gefoerdert,nicht gefoerdert,28,113
2016,4,,,98,nicht gefoerdert,nicht gefoerdert,39,113
2017,5,,,96,nicht gefoerdert,nicht gefoerdert,39,113
2018,5,,,143,nicht gefoerdert,nicht gefoerdert,39,113
2016,18,537,1955.572543716811,24,nicht gefoerdert,nicht gefoerdert,17,113
2017,18,671,3620.896516268351,35,nicht gefoerdert,nicht gefoerdert,17,113
2018,15,837,4343.402698539631,33,nicht gefoerdert,nicht gefoerdert,17,113
2016,,,,,nicht gefoerdert,nicht gefoerdert,46,113
2017,,,,,nicht gefoerdert,nicht gefoerdert,46,113
2018,,,,,nicht gefoerdert,nicht gefoerdert,46,113
2016,6,633,442.2048500908602,6,nicht gefoerdert,nicht gefoerdert,49,113
2017,6,614,516.6834266323954,24,nicht gefoerdert,nicht gefoerdert,49,113
2018,6,621,642.3449928069321,22,nicht gefoerdert,nicht gefoerdert,49,113
2016,,,,,nicht gefoerdert,nicht gefoerdert,41,113
2017,,,,,nicht gefoerdert,nicht gefoerdert,41,113
2018,,,,,nicht gefoerdert,nicht gefoerdert,41,113
2016,,,,25,nicht gefoerdert,nicht gefoerdert,38,113
2017,,,,42,nicht gefoerdert,nicht gefoerdert,38,113
2018,,,,40,nicht gefoerdert,nicht gefoerdert,38,113
2016,2,10,,14,nicht gefoerdert,nicht gefoerdert,48,113
2017,2,15,,27,nicht gefoerdert,nicht gefoerdert,48,113
2018,1,18,,17,nicht gefoerdert,nicht gefoerdert,48,113
2016,,,,,nicht gefoerdert,nicht gefoerdert,47,113
2017,,,,,nicht gefoerdert,nicht gefoerdert,47,113
2018,,,,1,nicht gefoerdert,nicht gefoerdert,47,113
2016,2,,,1,nicht gefoerdert,nicht gefoerdert,42,113
2017,2,,,,nicht gefoerdert,nicht gefoerdert,42,113
2018,2,,,1,nicht gefoerdert,nicht gefoerdert,42,113
2016,,,,4,nicht gefoerdert,nicht gefoerdert,53,113
2017,,,,6,nicht gefoerdert,nicht gefoerdert,53,113
2018,,,,10,nicht gefoerdert,nicht gefoerdert,53,113
2016,33,3672,2521.163854995971,439,nicht gefoerdert,nicht gefoerdert,56,113
2017,32,3719,2356.702631627917,510,nicht gefoerdert,nicht gefoerdert,56,113
2018,34,3492,1830.89543442179,569,nicht gefoerdert,nicht gefoerdert,56,113
2016,,,,,nicht gefoerdert,nicht gefoerdert,54,113
2017,,,,,nicht gefoerdert,nicht gefoerdert,54,113
2018,,,,,nicht gefoerdert,nicht gefoerdert,54,113
2016,0,1,0,,nicht gefoerdert,nicht gefoerdert,33,113
2017,0,,0,,nicht gefoerdert,nicht gefoerdert,33,113
2018,0,,0,,nicht gefoerdert,nicht gefoerdert,33,113
2016,22,989,1218.486082529075,1125,nicht gefoerdert,nicht gefoerdert,32,113
2017,24,853,883.4208411891769,1283,nicht gefoerdert,nicht gefoerdert,32,113
2018,23,851,874.3372607642006,1532,nicht gefoerdert,nicht gefoerdert,32,113
2016,22,1959,4280.710344330952,365,nicht gefoerdert,nicht gefoerdert,25,113
2017,21,2071,5874.339278636514,385,nicht gefoerdert,nicht gefoerdert,25,113
2018,21,2229,5017.285301052619,515,nicht gefoerdert,nicht gefoerdert,25,113
2016,15,329,3787.170296212706,4340,nicht gefoerdert,nicht gefoerdert,37,113
2017,15,358,6087.367051236045,4691,nicht gefoerdert,nicht gefoerdert,37,113
2018,15,350,4151.138857945588,5289,nicht gefoerdert,nicht gefoerdert,37,113
2016,11,497,5125.122751885174,2763,nicht gefoerdert,nicht gefoerdert,13,113
2017,13,540,4379.09432506613,3085,nicht gefoerdert,nicht gefoerdert,13,113
2018,13,543,3785.367896897245,3285,nicht gefoerdert,nicht gefoerdert,13,113
2016,,,,14,nicht gefoerdert,nicht gefoerdert,35,113
2017,,,,8,nicht gefoerdert,nicht gefoerdert,35,113
2018,,,,8,nicht gefoerdert,nicht gefoerdert,35,113
2016,,,,195,nicht gefoerdert,nicht gefoerdert,12,113
2017,,,,195,nicht gefoerdert,nicht gefoerdert,12,113
2018,,,,225,nicht gefoerdert,nicht gefoerdert,12,113
2016,,,,91,nicht gefoerdert,nicht gefoerdert,21,113
2017,,,,148,nicht gefoerdert,nicht gefoerdert,21,113
2018,,,,205,nicht gefoerdert,nicht gefoerdert,21,113
2016,,,0,2,nicht gefoerdert,nicht gefoerdert,20,113
2017,,,0,4,nicht gefoerdert,nicht gefoerdert,20,113
2018,,,0,2,nicht gefoerdert,nicht gefoerdert,20,113
2016,,,,,nicht gefoerdert,nicht gefoerdert,30,113
2017,,,,,nicht gefoerdert,nicht gefoerdert,30,113
2018,,,,,nicht gefoerdert,nicht gefoerdert,30,113
2016,,,,38,nicht gefoerdert,nicht gefoerdert,2,113
2017,,,,38,nicht gefoerdert,nicht gefoerdert,2,113
2018,,,,39,nicht gefoerdert,nicht gefoerdert,2,113
2016,,,,6,nicht gefoerdert,nicht gefoerdert,19,113
2017,,,,6,nicht gefoerdert,nicht gefoerdert,19,113
2018,,,,4,nicht gefoerdert,nicht gefoerdert,19,113
2016,3,113,41.12290536582731,34,nicht gefoerdert,nicht gefoerdert,16,113
2017,4,102,203.4702702236181,26,nicht gefoerdert,nicht gefoerdert,16,113
2018,4,87,164.893955191872,42,nicht gefoerdert,nicht gefoerdert,16,113
2016,1,,,,nicht gefoerdert,nicht gefoerdert,26,113
2017,1,,0,,nicht gefoerdert,nicht gefoerdert,26,113
2018,1,,0,,nicht gefoerdert,nicht gefoerdert,26,113
2016,,1333,,12,nicht gefoerdert,nicht gefoerdert,55,113
2017,,1294,,28,nicht gefoerdert,nicht gefoerdert,55,113
2018,,1225,,31,nicht gefoerdert,nicht gefoerdert,55,113
2016,,,,19,nicht gefoerdert,nicht gefoerdert,9,113
2017,,,,15,nicht gefoerdert,nicht gefoerdert,9,113
2018,,,,20,nicht gefoerdert,nicht gefoerdert,9,113
2016,12,1505,13471.76243061207,1818,nicht gefoerdert,nicht gefoerdert,31,113
2017,13,1489,11256.73140068824,2210,nicht gefoerdert,nicht gefoerdert,31,113
2018,12,1459,11285.86427559183,2266,nicht gefoerdert,nicht gefoerdert,31,113
2016,15,566,2656.540058867336,470,nicht gefoerdert,nicht gefoerdert,15,113
2017,14,561,2660.512297518901,515,nicht gefoerdert,nicht gefoerdert,15,113
2018,14,562,2676.438685799104,579,nicht gefoerdert,nicht gefoerdert,15,113
2016,,,,35,nicht gefoerdert,nicht gefoerdert,51,113
2017,,,,19,nicht gefoerdert,nicht gefoerdert,51,113
2018,,,,35,nicht gefoerdert,nicht gefoerdert,51,113
2016,,,,,nicht gefoerdert,nicht gefoerdert,6,113
2017,,,,,nicht gefoerdert,nicht gefoerdert,6,113
2018,,,,,nicht gefoerdert,nicht gefoerdert,6,113
2016,,,,6,nicht gefoerdert,nicht gefoerdert,40,113
2017,,,,6,nicht gefoerdert,nicht gefoerdert,40,113
2018,,,,5,nicht gefoerdert,nicht gefoerdert,40,113
2016,,,,15,nicht gefoerdert,nicht gefoerdert,8,113
2017,,,,15,nicht gefoerdert,nicht gefoerdert,8,113
2018,,,,10,nicht gefoerdert,nicht gefoerdert,8,113
2016,,,,,nicht gefoerdert,nicht gefoerdert,52,113
2017,,,,,nicht gefoerdert,nicht gefoerdert,52,113
2018,,,,,nicht gefoerdert,nicht gefoerdert,52,113
2016,6,105,59.66666734414877,,nicht gefoerdert,nicht gefoerdert,29,113
2017,6,82,65.53797184765865,,nicht gefoerdert,nicht gefoerdert,29,113
2018,6,63,87.79505252890506,,nicht gefoerdert,nicht gefoerdert,29,113
2016,,,,,nicht gefoerdert,nicht gefoerdert,11,113
2017,,,,,nicht gefoerdert,nicht gefoerdert,11,113
2018,,,,,nicht gefoerdert,nicht gefoerdert,11,113
2016,3,123,50.39385576775944,18,nicht gefoerdert,nicht gefoerdert,24,113
2017,3,119,41.24519787589869,25,nicht gefoerdert,nicht gefoerdert,24,113
2018,3,107,83.51857392234412,39,nicht gefoerdert,nicht gefoerdert,24,113
2016,,,,,nicht gefoerdert,nicht gefoerdert,14,113
2017,,,,,nicht gefoerdert,nicht gefoerdert,14,113
2018,,,,,nicht gefoerdert,nicht gefoerdert,14,113
2016,9,379,1576.756994033281,1,nicht gefoerdert,nicht gefoerdert,34,113
2017,9,368,1510.600237370982,,nicht gefoerdert,nicht gefoerdert,34,113
2018,8,378,1681.541189095976,3,nicht gefoerdert,nicht gefoerdert,34,113
2016,8,2189,393.312848450556,,nicht gefoerdert,nicht gefoerdert,50,118
2017,7,2250,3462.444559938744,,nicht gefoerdert,nicht gefoerdert,50,118
2018,7,2248,3607.558156491362,,nicht gefoerdert,nicht gefoerdert,50,118
2016,4,61,49.96648180709404,1,nicht gefoerdert,nicht gefoerdert,18,118
2017,5,61,22.51052158253199,,nicht gefoerdert,nicht gefoerdert,18,118
2018,5,53,3.594438368690797,1,nicht gefoerdert,nicht gefoerdert,18,118
2016,3,49,50.4990689543459,1,nicht gefoerdert,nicht gefoerdert,27,118
2017,4,35,48.08051064454383,,nicht gefoerdert,nicht gefoerdert,27,118
2018,4,35,103.3850363218079,1,nicht gefoerdert,nicht gefoerdert,27,118
2016,4,117,118.8221581510228,3,nicht gefoerdert,nicht gefoerdert,36,118
2017,5,134,83.26441283443532,18,nicht gefoerdert,nicht gefoerdert,36,118
2018,4,140,45.13895563542622,12,nicht gefoerdert,nicht gefoerdert,36,118
2016,6,524,418.6862256181857,4,nicht gefoerdert,nicht gefoerdert,23,118
2017,6,478,330.3778561748304,8,nicht gefoerdert,nicht gefoerdert,23,118
2018,6,456,271.298320291848,6,nicht gefoerdert,nicht gefoerdert,23,118
2016,,,,10,nicht gefoerdert,nicht gefoerdert,10,118
2017,,,,8,nicht gefoerdert,nicht gefoerdert,10,118
2018,,,,16,nicht gefoerdert,nicht gefoerdert,10,118
2016,,721,3130.503620502529,1,nicht gefoerdert,nicht gefoerdert,3,118
2017,,699,,2,nicht gefoerdert,nicht gefoerdert,3,118
2018,,691,,9,nicht gefoerdert,nicht gefoerdert,3,118
2016,,,,,nicht gefoerdert,nicht gefoerdert,4,118
2017,,,,,nicht gefoerdert,nicht gefoerdert,4,118
2018,,,,1,nicht gefoerdert,nicht gefoerdert,4,118
2016,15,1361,597.349141962299,22,nicht gefoerdert,nicht gefoerdert,22,118
2017,14,1414,314.0228634220971,18,nicht gefoerdert,nicht gefoerdert,22,118
2018,15,1408,407.8186940649001,31,nicht gefoerdert,nicht gefoerdert,22,118
2016,7,688,60.44134214150396,22,nicht gefoerdert,nicht gefoerdert,5,118
2017,5,690,60.08234049773115,18,nicht gefoerdert,nicht gefoerdert,5,118
2018,6,706,22.20733826176107,31,nicht gefoerdert,nicht gefoerdert,5,118
2016,6,127,55.95903023241494,22,nicht gefoerdert,nicht gefoerdert,44,118
2017,5,124,12.87282680125251,18,nicht gefoerdert,nicht gefoerdert,44,118
2018,5,115,31.91681689338274,31,nicht gefoerdert,nicht gefoerdert,44,118
2016,,,,22,nicht gefoerdert,nicht gefoerdert,45,118
2017,,,,18,nicht gefoerdert,nicht gefoerdert,45,118
2018,,,,31,nicht gefoerdert,nicht gefoerdert,45,118
2016,,,,22,nicht gefoerdert,nicht gefoerdert,7,118
2017,,,,18,nicht gefoerdert,nicht gefoerdert,7,118
2018,,,,31,nicht gefoerdert,nicht gefoerdert,7,118
2016,,,,,nicht gefoerdert,nicht gefoerdert,28,118
2017,,,,2,nicht gefoerdert,nicht gefoerdert,28,118
2018,,,,3,nicht gefoerdert,nicht gefoerdert,28,118
2016,5,,,136,nicht gefoerdert,nicht gefoerdert,39,118
2017,5,0,,198,nicht gefoerdert,nicht gefoerdert,39,118
2018,5,64,191.0012677905885,273,nicht gefoerdert,nicht gefoerdert,39,118
2016,19,172,1240.896668864976,28,nicht gefoerdert,nicht gefoerdert,17,118
2017,17,181,944.367767291079,31,nicht gefoerdert,nicht gefoerdert,17,118
2018,16,213,691.0604484870903,29,nicht gefoerdert,nicht gefoerdert,17,118
2016,,,,,nicht gefoerdert,nicht gefoerdert,46,118
2017,,,,,nicht gefoerdert,nicht gefoerdert,46,118
2018,,,,,nicht gefoerdert,nicht gefoerdert,46,118
2016,,,,1,nicht gefoerdert,nicht gefoerdert,49,118
2017,,,,1,nicht gefoerdert,nicht gefoerdert,49,118
2018,,,,2,nicht gefoerdert,nicht gefoerdert,49,118
2016,,,,,nicht gefoerdert,nicht gefoerdert,41,118
2017,,,,,nicht gefoerdert,nicht gefoerdert,41,118
2018,,,,,nicht gefoerdert,nicht gefoerdert,41,118
2016,,,,,nicht gefoerdert,nicht gefoerdert,43,118
2017,,,,,nicht gefoerdert,nicht gefoerdert,43,118
2018,,,,,nicht gefoerdert,nicht gefoerdert,43,118
2016,7,0,,33,nicht gefoerdert,nicht gefoerdert,38,118
2017,4,0,,43,nicht gefoerdert,nicht gefoerdert,38,118
2018,5,0,,46,nicht gefoerdert,nicht gefoerdert,38,118
2016,7,901,1212.661032701184,26,nicht gefoerdert,nicht gefoerdert,48,118
2017,10,864,1529.302794122782,25,nicht gefoerdert,nicht gefoerdert,48,118
2018,9,795,1151.729990361069,46,nicht gefoerdert,nicht gefoerdert,48,118
2016,5,1136,,2,nicht gefoerdert,nicht gefoerdert,47,118
2017,5,1166,,5,nicht gefoerdert,nicht gefoerdert,47,118
2018,6,1412,0,1,nicht gefoerdert,nicht gefoerdert,47,118
2016,9,633,,5,nicht gefoerdert,nicht gefoerdert,42,118
2017,10,634,,3,nicht gefoerdert,nicht gefoerdert,42,118
2018,10,651,,15,nicht gefoerdert,nicht gefoerdert,42,118
2016,,,,8,nicht gefoerdert,nicht gefoerdert,53,118
2017,,,,19,nicht gefoerdert,nicht gefoerdert,53,118
2018,,,,16,nicht gefoerdert,nicht gefoerdert,53,118
2016,35,3644,2795.723401646701,238,nicht gefoerdert,nicht gefoerdert,56,118
2017,35,3527,3834.499460056654,325,nicht gefoerdert,nicht gefoerdert,56,118
2018,38,3360,4370.170997069749,271,nicht gefoerdert,nicht gefoerdert,56,118
2016,,,,,nicht gefoerdert,nicht gefoerdert,54,118
2017,,,,,nicht gefoerdert,nicht gefoerdert,54,118
2018,,,,,nicht gefoerdert,nicht gefoerdert,54,118
2016,,3,,,nicht gefoerdert,nicht gefoerdert,33,118
2017,,,,,nicht gefoerdert,nicht gefoerdert,33,118
2018,,,,,nicht gefoerdert,nicht gefoerdert,33,118
2016,12,930,293.4348107940133,373,nicht gefoerdert,nicht gefoerdert,32,118
2017,12,840,345.8289087704523,459,nicht gefoerdert,nicht gefoerdert,32,118
2018,11,784,327.8630901730199,509,nicht gefoerdert,nicht gefoerdert,32,118
2016,11,1174,,152,nicht gefoerdert,nicht gefoerdert,25,118
2017,11,1214,,212,nicht gefoerdert,nicht gefoerdert,25,118
2018,10,1327,,259,nicht gefoerdert,nicht gefoerdert,25,118
2016,13,294,2854.435812169532,10300,nicht gefoerdert,nicht gefoerdert,37,118
2017,14,318,2318.078601939025,9596,nicht gefoerdert,nicht gefoerdert,37,118
2018,14,346,3344.447856671064,10519,nicht gefoerdert,nicht gefoerdert,37,118
2016,9,304,1931.256910353295,2117,nicht gefoerdert,nicht gefoerdert,13,118
2017,9,316,1767.645916889101,2313,nicht gefoerdert,nicht gefoerdert,13,118
2018,8,294,1291.96157129076,2421,nicht gefoerdert,nicht gefoerdert,13,118
2016,,,,5,nicht gefoerdert,nicht gefoerdert,35,118
2017,,,,10,nicht gefoerdert,nicht gefoerdert,35,118
2018,,,,16,nicht gefoerdert,nicht gefoerdert,35,118
2016,2,213,,317,nicht gefoerdert,nicht gefoerdert,12,118
2017,2,196,,337,nicht gefoerdert,nicht gefoerdert,12,118
2018,2,166,,344,nicht gefoerdert,nicht gefoerdert,12,118
2016,,,,281,nicht gefoerdert,nicht gefoerdert,21,118
2017,,,,288,nicht gefoerdert,nicht gefoerdert,21,118
2018,,,,395,nicht gefoerdert,nicht gefoerdert,21,118
2016,,1,,3,nicht gefoerdert,nicht gefoerdert,20,118
2017,,1,,7,nicht gefoerdert,nicht gefoerdert,20,118
2018,,,,7,nicht gefoerdert,nicht gefoerdert,20,118
2016,,,,21,nicht gefoerdert,nicht gefoerdert,2,118
2017,,,,20,nicht gefoerdert,nicht gefoerdert,2,118
2018,,,,23,nicht gefoerdert,nicht gefoerdert,2,118
2016,,,,,nicht gefoerdert,nicht gefoerdert,19,118
2017,,,,5,nicht gefoerdert,nicht gefoerdert,19,118
2018,,,,1,nicht gefoerdert,nicht gefoerdert,19,118
2016,,,,3,nicht gefoerdert,nicht gefoerdert,16,118
2017,,,,9,nicht gefoerdert,nicht gefoerdert,16,118
2018,,,,4,nicht gefoerdert,nicht gefoerdert,16,118
2016,,199,349.5660991157899,,nicht gefoerdert,nicht gefoerdert,26,118
2017,,184,,,nicht gefoerdert,nicht gefoerdert,26,118
2018,,190,,,nicht gefoerdert,nicht gefoerdert,26,118
2016,,851,,64,nicht gefoerdert,nicht gefoerdert,55,118
2017,,818,,73,nicht gefoerdert,nicht gefoerdert,55,118
2018,,748,,126,nicht gefoerdert,nicht gefoerdert,55,118
2016,,,,14,nicht gefoerdert,nicht gefoerdert,9,118
2017,,,,16,nicht gefoerdert,nicht gefoerdert,9,118
2018,,,,8,nicht gefoerdert,nicht gefoerdert,9,118
2016,17,822,4682.348950707953,1306,nicht gefoerdert,nicht gefoerdert,31,118
2017,19,758,3542.940605435337,1592,nicht gefoerdert,nicht gefoerdert,31,118
2018,19,707,3803.726210049836,1718,nicht gefoerdert,nicht gefoerdert,31,118
2016,15,379,4563.212417459206,173,nicht gefoerdert,nicht gefoerdert,15,118
2017,13,343,3897.455576388849,176,nicht gefoerdert,nicht gefoerdert,15,118
2018,12,360,4789.611503765449,237,nicht gefoerdert,nicht gefoerdert,15,118
2016,,175,,30,nicht gefoerdert,nicht gefoerdert,51,118
2017,,175,,84,nicht gefoerdert,nicht gefoerdert,51,118
2018,,154,,83,nicht gefoerdert,nicht gefoerdert,51,118
2016,11,637,233.8193612660342,,nicht gefoerdert,nicht gefoerdert,6,118
2017,12,629,170.7081423785869,,nicht gefoerdert,nicht gefoerdert,6,118
2018,11,626,228.605383503933,2,nicht gefoerdert,nicht gefoerdert,6,118
2016,,,,1,nicht gefoerdert,nicht gefoerdert,40,118
2017,,,,3,nicht gefoerdert,nicht gefoerdert,40,118
2018,,,,2,nicht gefoerdert,nicht gefoerdert,40,118
2016,14,498,869.4236371118191,86,nicht gefoerdert,nicht gefoerdert,8,118
2017,12,467,1551.632168191898,76,nicht gefoerdert,nicht gefoerdert,8,118
2018,12,468,929.9468466028625,139,nicht gefoerdert,nicht gefoerdert,8,118
2016,,,,,nicht gefoerdert,nicht gefoerdert,52,118
2017,,,,,nicht gefoerdert,nicht gefoerdert,52,118
2018,,,,,nicht gefoerdert,nicht gefoerdert,52,118
2016,4,50,34.82774560194743,,nicht gefoerdert,nicht gefoerdert,29,118
2017,4,57,0,,nicht gefoerdert,nicht gefoerdert,29,118
2018,4,67,0,,nicht gefoerdert,nicht gefoerdert,29,118
2016,1,,,,nicht gefoerdert,nicht gefoerdert,11,118
2017,2,,,,nicht gefoerdert,nicht gefoerdert,11,118
2018,2,,,,nicht gefoerdert,nicht gefoerdert,11,118
2016,,,,26,nicht gefoerdert,nicht gefoerdert,24,118
2017,,,,26,nicht gefoerdert,nicht gefoerdert,24,118
2018,,,,26,nicht gefoerdert,nicht gefoerdert,24,118
2016,,,,,nicht gefoerdert,nicht gefoerdert,14,118
2017,,,,,nicht gefoerdert,nicht gefoerdert,14,118
2018,,,,,nicht gefoerdert,nicht gefoerdert,14,118
2016,4,29,27.71229095535293,,nicht gefoerdert,nicht gefoerdert,34,118
2017,4,20,102.7246110425517,,nicht gefoerdert,nicht gefoerdert,34,118
2018,3,13,110.9054961045801,,nicht gefoerdert,nicht gefoerdert,34,118
2016,,518,0,,nicht gefoerdert,nicht gefoerdert,50,58
2017,,593,0,,nicht gefoerdert,nicht gefoerdert,50,58
2018,,708,8.378636159643062,,nicht gefoerdert,nicht gefoerdert,50,58
2016,4,116,3.06890130685987,1,nicht gefoerdert,nicht gefoerdert,18,58
2017,3,122,10.0503199047149,,nicht gefoerdert,nicht gefoerdert,18,58
2018,4,118,0,1,nicht gefoerdert,nicht gefoerdert,18,58
2016,3,86,0,1,nicht gefoerdert,nicht gefoerdert,27,58
2017,3,87,8.354986247756207,,nicht gefoerdert,nicht gefoerdert,27,58
2018,3,71,0,1,nicht gefoerdert,nicht gefoerdert,27,58
2016,4,271,139.6489773721935,6,nicht gefoerdert,nicht gefoerdert,36,58
2017,5,341,261.8719242105464,28,nicht gefoerdert,nicht gefoerdert,36,58
2018,5,385,417.9927437501565,12,nicht gefoerdert,nicht gefoerdert,36,58
2016,7,485,320.1871619526069,4,nicht gefoerdert,nicht gefoerdert,23,58
2017,7,459,988.0613446694352,11,nicht gefoerdert,nicht gefoerdert,23,58
2018,7,475,706.2720923573243,4,nicht gefoerdert,nicht gefoerdert,23,58
2016,,,,3,nicht gefoerdert,nicht gefoerdert,10,58
2017,,,,1,nicht gefoerdert,nicht gefoerdert,10,58
2018,,,,5,nicht gefoerdert,nicht gefoerdert,10,58
2016,4,16,255.4301682605654,3,nicht gefoerdert,nicht gefoerdert,3,58
2017,4,21,348.5590174519149,1,nicht gefoerdert,nicht gefoerdert,3,58
2018,4,28,335.8427477392556,5,nicht gefoerdert,nicht gefoerdert,3,58
2016,4,87,0,,nicht gefoerdert,nicht gefoerdert,4,58
2017,4,85,4.111619357457719,1,nicht gefoerdert,nicht gefoerdert,4,58
2018,4,92,14.72461648939627,,nicht gefoerdert,nicht gefoerdert,4,58
2016,8,2770,448.7104362279131,23,nicht gefoerdert,nicht gefoerdert,22,58
2017,8,2716,459.0301932141581,16,nicht gefoerdert,nicht gefoerdert,22,58
2018,7,1871,477.0439922605489,16,nicht gefoerdert,nicht gefoerdert,22,58
2016,8,1074,104.3789542064844,23,nicht gefoerdert,nicht gefoerdert,5,58
2017,9,1044,57.84080623601255,16,nicht gefoerdert,nicht gefoerdert,5,58
2018,8,1092,59.36484866881809,16,nicht gefoerdert,nicht gefoerdert,5,58
2016,7,338,193.4152670489688,23,nicht gefoerdert,nicht gefoerdert,44,58
2017,6,337,166.2086005055684,16,nicht gefoerdert,nicht gefoerdert,44,58
2018,5,344,193.0321205326888,16,nicht gefoerdert,nicht gefoerdert,44,58
2016,,,,23,nicht gefoerdert,nicht gefoerdert,45,58
2017,,,,16,nicht gefoerdert,nicht gefoerdert,45,58
2018,,,,16,nicht gefoerdert,nicht gefoerdert,45,58
2016,,,,23,nicht gefoerdert,nicht gefoerdert,7,58
2017,,,,16,nicht gefoerdert,nicht gefoerdert,7,58
2018,,,,16,nicht gefoerdert,nicht gefoerdert,7,58
2016,,42,,4,nicht gefoerdert,nicht gefoerdert,28,58
2017,,,,8,nicht gefoerdert,nicht gefoerdert,28,58
2018,,,,7,nicht gefoerdert,nicht gefoerdert,28,58
2016,7,463,271.4124853402996,386,nicht gefoerdert,nicht gefoerdert,39,58
2017,7,502,375.575478290894,396,nicht gefoerdert,nicht gefoerdert,39,58
2018,7,515,241.2802679622545,404,nicht gefoerdert,nicht gefoerdert,39,58
2016,18,778,472.4608976837377,54,nicht gefoerdert,nicht gefoerdert,17,58
2017,18,802,484.0503353722627,59,nicht gefoerdert,nicht gefoerdert,17,58
2018,19,856,1173.013501511031,132,nicht gefoerdert,nicht gefoerdert,17,58
2016,,,,,nicht gefoerdert,nicht gefoerdert,46,58
2017,,,,,nicht gefoerdert,nicht gefoerdert,46,58
2018,,,,,nicht gefoerdert,nicht gefoerdert,46,58
2016,5,448,222.3687198408208,5,nicht gefoerdert,nicht gefoerdert,49,58
2017,5,435,300.3485872230141,3,nicht gefoerdert,nicht gefoerdert,49,58
2018,5,411,323.9227057592468,14,nicht gefoerdert,nicht gefoerdert,49,58
2016,,,.608007446080077,,nicht gefoerdert,nicht gefoerdert,41,58
2017,,,0,,nicht gefoerdert,nicht gefoerdert,41,58
2018,,,0,,nicht gefoerdert,nicht gefoerdert,41,58
2016,,,,,nicht gefoerdert,nicht gefoerdert,43,58
2017,,,,,nicht gefoerdert,nicht gefoerdert,43,58
2018,,,,,nicht gefoerdert,nicht gefoerdert,43,58
2016,,166,627.3873611064905,44,nicht gefoerdert,nicht gefoerdert,38,58
2017,,165,519.6633159670015,73,nicht gefoerdert,nicht gefoerdert,38,58
2018,,165,457.2556865181191,96,nicht gefoerdert,nicht gefoerdert,38,58
2016,9,632,133.4916155553397,75,nicht gefoerdert,nicht gefoerdert,48,58
2017,10,646,214.7712672457291,56,nicht gefoerdert,nicht gefoerdert,48,58
2018,12,673,168.6061221671057,80,nicht gefoerdert,nicht gefoerdert,48,58
2016,,125,,1,nicht gefoerdert,nicht gefoerdert,47,58
2017,,126,,4,nicht gefoerdert,nicht gefoerdert,47,58
2018,,135,,3,nicht gefoerdert,nicht gefoerdert,47,58
2016,2,,0,18,nicht gefoerdert,nicht gefoerdert,42,58
2017,1,,0,13,nicht gefoerdert,nicht gefoerdert,42,58
2018,2,,0,20,nicht gefoerdert,nicht gefoerdert,42,58
2016,,,,6,nicht gefoerdert,nicht gefoerdert,53,58
2017,,,,10,nicht gefoerdert,nicht gefoerdert,53,58
2018,,,,10,nicht gefoerdert,nicht gefoerdert,53,58
2016,27,2632,1267.973887314703,237,nicht gefoerdert,nicht gefoerdert,56,58
2017,26,2504,1889.46304237316,253,nicht gefoerdert,nicht gefoerdert,56,58
2018,24,2454,1336.015050937307,306,nicht gefoerdert,nicht gefoerdert,56,58
2016,,24,13.56331507263185,,nicht gefoerdert,nicht gefoerdert,33,58
2017,,23,16.47483986105391,,nicht gefoerdert,nicht gefoerdert,33,58
2018,,986,13.43870638238425,,nicht gefoerdert,nicht gefoerdert,33,58
2016,19,1618,1251.755130041711,379,nicht gefoerdert,nicht gefoerdert,32,58
2017,22,1648,2100.138085601299,460,nicht gefoerdert,nicht gefoerdert,32,58
2018,21,1655,1886.140289194293,461,nicht gefoerdert,nicht gefoerdert,32,58
2016,3,159,,102,nicht gefoerdert,nicht gefoerdert,25,58
2017,3,165,,114,nicht gefoerdert,nicht gefoerdert,25,58
2018,3,308,,95,nicht gefoerdert,nicht gefoerdert,25,58
2016,14,564,4478.016886739339,11778,nicht gefoerdert,nicht gefoerdert,37,58
2017,14,597,5265.564690393059,10445,nicht gefoerdert,nicht gefoerdert,37,58
2018,13,651,3883.727912657672,10866,nicht gefoerdert,nicht gefoerdert,37,58
2016,11,732,1565.184410162524,2604,nicht gefoerdert,nicht gefoerdert,13,58
2017,12,748,710.4903741497392,2718,nicht gefoerdert,nicht gefoerdert,13,58
2018,11,781,1052.264592659685,2659,nicht gefoerdert,nicht gefoerdert,13,58
2016,,,,29,nicht gefoerdert,nicht gefoerdert,35,58
2017,,,,31,nicht gefoerdert,nicht gefoerdert,35,58
2018,,,,65,nicht gefoerdert,nicht gefoerdert,35,58
2016,2,389,131.327751618664,329,nicht gefoerdert,nicht gefoerdert,12,58
2017,2,367,124.9734611452403,325,nicht gefoerdert,nicht gefoerdert,12,58
2018,3,358,91.35714501093912,371,nicht gefoerdert,nicht gefoerdert,12,58
2016,,,,1039,nicht gefoerdert,nicht gefoerdert,21,58
2017,,,,1323,nicht gefoerdert,nicht gefoerdert,21,58
2018,,,,1643,nicht gefoerdert,nicht gefoerdert,21,58
2016,2,69,3.724394785567974,11,nicht gefoerdert,nicht gefoerdert,20,58
2017,3,69,8.057639670225775,19,nicht gefoerdert,nicht gefoerdert,20,58
2018,3,69,35.34770560138266,10,nicht gefoerdert,nicht gefoerdert,20,58
2016,,,,107,nicht gefoerdert,nicht gefoerdert,2,58
2017,,,,97,nicht gefoerdert,nicht gefoerdert,2,58
2018,,,,131,nicht gefoerdert,nicht gefoerdert,2,58
2016,,,,6,nicht gefoerdert,nicht gefoerdert,19,58
2017,,,,7,nicht gefoerdert,nicht gefoerdert,19,58
2018,,,,7,nicht gefoerdert,nicht gefoerdert,19,58
2016,,,,27,nicht gefoerdert,nicht gefoerdert,16,58
2017,,,,38,nicht gefoerdert,nicht gefoerdert,16,58
2018,,,,37,nicht gefoerdert,nicht gefoerdert,16,58
2016,,873,2818.146149550047,,nicht gefoerdert,nicht gefoerdert,26,58
2017,,848,2423.049465880718,,nicht gefoerdert,nicht gefoerdert,26,58
2018,,937,3153.619246534049,,nicht gefoerdert,nicht gefoerdert,26,58
2016,,728,,19,nicht gefoerdert,nicht gefoerdert,55,58
2017,,687,,45,nicht gefoerdert,nicht gefoerdert,55,58
2018,,622,,32,nicht gefoerdert,nicht gefoerdert,55,58
2016,,,,3,nicht gefoerdert,nicht gefoerdert,9,58
2017,,,,1,nicht gefoerdert,nicht gefoerdert,9,58
2018,,,,5,nicht gefoerdert,nicht gefoerdert,9,58
2016,28,1016,1579.39946395423,840,nicht gefoerdert,nicht gefoerdert,31,58
2017,29,996,1377.923098056825,938,nicht gefoerdert,nicht gefoerdert,31,58
2018,27,999,1519.836327168366,990,nicht gefoerdert,nicht gefoerdert,31,58
2016,13,1153,4333.306509364252,376,nicht gefoerdert,nicht gefoerdert,15,58
2017,13,1231,6333.005578350514,293,nicht gefoerdert,nicht gefoerdert,15,58
2018,14,1146,9109.602087744948,349,nicht gefoerdert,nicht gefoerdert,15,58
2016,,441,,26,nicht gefoerdert,nicht gefoerdert,51,58
2017,,440,,20,nicht gefoerdert,nicht gefoerdert,51,58
2018,,441,,101,nicht gefoerdert,nicht gefoerdert,51,58
2016,14,421,416.9804521244386,,nicht gefoerdert,nicht gefoerdert,6,58
2017,14,429,608.6212464876915,,nicht gefoerdert,nicht gefoerdert,6,58
2018,13,441,831.7728162627884,,nicht gefoerdert,nicht gefoerdert,6,58
2016,,,,13,nicht gefoerdert,nicht gefoerdert,40,58
2017,,,,14,nicht gefoerdert,nicht gefoerdert,40,58
2018,,,,10,nicht gefoerdert,nicht gefoerdert,40,58
2016,16,841,1823.613626638137,53,nicht gefoerdert,nicht gefoerdert,8,58
2017,16,813,1873.726470332083,63,nicht gefoerdert,nicht gefoerdert,8,58
2018,15,792,1467.989339916266,70,nicht gefoerdert,nicht gefoerdert,8,58
2016,,,,,nicht gefoerdert,nicht gefoerdert,52,58
2017,,,,,nicht gefoerdert,nicht gefoerdert,52,58
2018,,,,,nicht gefoerdert,nicht gefoerdert,52,58
2016,2,73,0,,nicht gefoerdert,nicht gefoerdert,29,58
2017,2,80,1.139066792932295,,nicht gefoerdert,nicht gefoerdert,29,58
2018,2,85,10.67727914677262,,nicht gefoerdert,nicht gefoerdert,29,58
2016,,,,,nicht gefoerdert,nicht gefoerdert,11,58
2017,,,,,nicht gefoerdert,nicht gefoerdert,11,58
2018,,,,,nicht gefoerdert,nicht gefoerdert,11,58
2016,13,473,223.4432000076106,6,nicht gefoerdert,nicht gefoerdert,24,58
2017,12,483,115.8472115167148,11,nicht gefoerdert,nicht gefoerdert,24,58
2018,12,465,238.9025504915593,8,nicht gefoerdert,nicht gefoerdert,24,58
2016,,,0,,nicht gefoerdert,nicht gefoerdert,14,58
2017,,,0,,nicht gefoerdert,nicht gefoerdert,14,58
2018,,,.7188876844504205,,nicht gefoerdert,nicht gefoerdert,14,58
2016,1,38,4.096834352921261,,nicht gefoerdert,nicht gefoerdert,34,58
2017,2,37,4.025617653282194,,nicht gefoerdert,nicht gefoerdert,34,58
2018,2,35,24.98134597681633,1,nicht gefoerdert,nicht gefoerdert,34,58
2016,16,2155,1313.468378916854,,nicht gefoerdert,nicht gefoerdert,50,64
2017,16,2170,1112.194902313945,,nicht gefoerdert,nicht gefoerdert,50,64
2018,15,2164,1244.502435881494,,nicht gefoerdert,nicht gefoerdert,50,64
2016,,,,1,nicht gefoerdert,nicht gefoerdert,18,64
2017,,,,5,nicht gefoerdert,nicht gefoerdert,18,64
2018,,,,4,nicht gefoerdert,nicht gefoerdert,18,64
2016,,,,1,nicht gefoerdert,nicht gefoerdert,27,64
2017,,,,5,nicht gefoerdert,nicht gefoerdert,27,64
2018,,,,4,nicht gefoerdert,nicht gefoerdert,27,64
2016,,,,5,nicht gefoerdert,nicht gefoerdert,36,64
2017,,,,3,nicht gefoerdert,nicht gefoerdert,36,64
2018,,,,5,nicht gefoerdert,nicht gefoerdert,36,64
2016,5,,,5,nicht gefoerdert,nicht gefoerdert,23,64
2017,5,,,9,nicht gefoerdert,nicht gefoerdert,23,64
2018,5,,,7,nicht gefoerdert,nicht gefoerdert,23,64
2016,,,,4,nicht gefoerdert,nicht gefoerdert,10,64
2017,,,,10,nicht gefoerdert,nicht gefoerdert,10,64
2018,,,,8,nicht gefoerdert,nicht gefoerdert,10,64
2016,6,76,0,1,nicht gefoerdert,nicht gefoerdert,3,64
2017,6,72,0,,nicht gefoerdert,nicht gefoerdert,3,64
2018,5,56,0,,nicht gefoerdert,nicht gefoerdert,3,64
2016,,,,,nicht gefoerdert,nicht gefoerdert,4,64
2017,,,,,nicht gefoerdert,nicht gefoerdert,4,64
2018,,,,,nicht gefoerdert,nicht gefoerdert,4,64
2016,,36,,2,nicht gefoerdert,nicht gefoerdert,22,64
2017,,63,,3,nicht gefoerdert,nicht gefoerdert,22,64
2018,,50,,1,nicht gefoerdert,nicht gefoerdert,22,64
2016,,,,2,nicht gefoerdert,nicht gefoerdert,5,64
2017,,,,3,nicht gefoerdert,nicht gefoerdert,5,64
2018,,,,1,nicht gefoerdert,nicht gefoerdert,5,64
2016,,,,2,nicht gefoerdert,nicht gefoerdert,44,64
2017,,,,3,nicht gefoerdert,nicht gefoerdert,44,64
2018,,,,1,nicht gefoerdert,nicht gefoerdert,44,64
2016,,,,2,nicht gefoerdert,nicht gefoerdert,45,64
2017,0,,,3,nicht gefoerdert,nicht gefoerdert,45,64
2018,0,,,1,nicht gefoerdert,nicht gefoerdert,45,64
2016,,,,2,nicht gefoerdert,nicht gefoerdert,7,64
2017,,,,3,nicht gefoerdert,nicht gefoerdert,7,64
2018,,,,1,nicht gefoerdert,nicht gefoerdert,7,64
2016,,49,1.218808207784558,2,nicht gefoerdert,nicht gefoerdert,28,64
2017,,35,4.995425469110229,2,nicht gefoerdert,nicht gefoerdert,28,64
2018,,25,30.40535284443281,3,nicht gefoerdert,nicht gefoerdert,28,64
2016,,,,99,nicht gefoerdert,nicht gefoerdert,39,64
2017,,,,74,nicht gefoerdert,nicht gefoerdert,39,64
2018,,,,87,nicht gefoerdert,nicht gefoerdert,39,64
2016,,,,6,nicht gefoerdert,nicht gefoerdert,17,64
2017,,,,10,nicht gefoerdert,nicht gefoerdert,17,64
2018,,,,13,nicht gefoerdert,nicht gefoerdert,17,64
2016,,,,3,nicht gefoerdert,nicht gefoerdert,49,64
2017,,,,5,nicht gefoerdert,nicht gefoerdert,49,64
2018,,,,7,nicht gefoerdert,nicht gefoerdert,49,64
2016,,201,,,nicht gefoerdert,nicht gefoerdert,41,64
2017,,215,,,nicht gefoerdert,nicht gefoerdert,41,64
2018,,210,,,nicht gefoerdert,nicht gefoerdert,41,64
2016,,,,,nicht gefoerdert,nicht gefoerdert,43,64
2017,,,,,nicht gefoerdert,nicht gefoerdert,43,64
2018,,,,,nicht gefoerdert,nicht gefoerdert,43,64
2016,0,,,25,nicht gefoerdert,nicht gefoerdert,38,64
2017,,65,,28,nicht gefoerdert,nicht gefoerdert,38,64
2018,,116,,52,nicht gefoerdert,nicht gefoerdert,38,64
2016,,,,33,nicht gefoerdert,nicht gefoerdert,48,64
2017,,,,33,nicht gefoerdert,nicht gefoerdert,48,64
2018,,,,18,nicht gefoerdert,nicht gefoerdert,48,64
2016,,,,1,nicht gefoerdert,nicht gefoerdert,47,64
2017,,,,,nicht gefoerdert,nicht gefoerdert,47,64
2018,,,,2,nicht gefoerdert,nicht gefoerdert,47,64
2016,22,1878,186.8463725654938,3,nicht gefoerdert,nicht gefoerdert,42,64
2017,22,1774,107.7291867244299,5,nicht gefoerdert,nicht gefoerdert,42,64
2018,22,1717,365.8868797112489,4,nicht gefoerdert,nicht gefoerdert,42,64
2016,,,,19,nicht gefoerdert,nicht gefoerdert,53,64
2017,,,,21,nicht gefoerdert,nicht gefoerdert,53,64
2018,,,,39,nicht gefoerdert,nicht gefoerdert,53,64
2016,18,1651,815.6732029365265,302,nicht gefoerdert,nicht gefoerdert,56,64
2017,17,1673,877.707213452014,280,nicht gefoerdert,nicht gefoerdert,56,64
2018,15,1617,2122.528361777041,342,nicht gefoerdert,nicht gefoerdert,56,64
2016,1,,,41,nicht gefoerdert,nicht gefoerdert,32,64
2017,0,,,36,nicht gefoerdert,nicht gefoerdert,32,64
2018,,,,46,nicht gefoerdert,nicht gefoerdert,32,64
2016,,,,17,nicht gefoerdert,nicht gefoerdert,25,64
2017,,,,16,nicht gefoerdert,nicht gefoerdert,25,64
2018,,,,20,nicht gefoerdert,nicht gefoerdert,25,64
2016,,,,16,nicht gefoerdert,nicht gefoerdert,37,64
2017,,,,9,nicht gefoerdert,nicht gefoerdert,37,64
2018,,,,13,nicht gefoerdert,nicht gefoerdert,37,64
2016,,,,8,nicht gefoerdert,nicht gefoerdert,13,64
2017,,,,6,nicht gefoerdert,nicht gefoerdert,13,64
2018,,,,7,nicht gefoerdert,nicht gefoerdert,13,64
2016,,,,3,nicht gefoerdert,nicht gefoerdert,35,64
2017,,,,14,nicht gefoerdert,nicht gefoerdert,35,64
2018,,,,3,nicht gefoerdert,nicht gefoerdert,35,64
2016,,,,12,nicht gefoerdert,nicht gefoerdert,12,64
2017,,,,26,nicht gefoerdert,nicht gefoerdert,12,64
2018,,,,18,nicht gefoerdert,nicht gefoerdert,12,64
2016,,,,23,nicht gefoerdert,nicht gefoerdert,21,64
2017,,,,27,nicht gefoerdert,nicht gefoerdert,21,64
2018,,,,53,nicht gefoerdert,nicht gefoerdert,21,64
2016,,,,15,nicht gefoerdert,nicht gefoerdert,20,64
2017,,,,23,nicht gefoerdert,nicht gefoerdert,20,64
2018,,,,11,nicht gefoerdert,nicht gefoerdert,20,64
2016,,,,3,nicht gefoerdert,nicht gefoerdert,2,64
2017,,,,6,nicht gefoerdert,nicht gefoerdert,2,64
2018,,,,3,nicht gefoerdert,nicht gefoerdert,2,64
2016,,,,,nicht gefoerdert,nicht gefoerdert,19,64
2017,,,,1,nicht gefoerdert,nicht gefoerdert,19,64
2018,,,,,nicht gefoerdert,nicht gefoerdert,19,64
2016,,,,10,nicht gefoerdert,nicht gefoerdert,16,64
2017,,,,13,nicht gefoerdert,nicht gefoerdert,16,64
2018,,,,8,nicht gefoerdert,nicht gefoerdert,16,64
2016,,,,2,nicht gefoerdert,nicht gefoerdert,55,64
2017,,,,8,nicht gefoerdert,nicht gefoerdert,55,64
2018,,,,3,nicht gefoerdert,nicht gefoerdert,55,64
2016,,,,,nicht gefoerdert,nicht gefoerdert,9,64
2017,,,,,nicht gefoerdert,nicht gefoerdert,9,64
2018,,,,,nicht gefoerdert,nicht gefoerdert,9,64
2016,,,,78,nicht gefoerdert,nicht gefoerdert,31,64
2017,,,,92,nicht gefoerdert,nicht gefoerdert,31,64
2018,,,,93,nicht gefoerdert,nicht gefoerdert,31,64
2016,,,,2,nicht gefoerdert,nicht gefoerdert,15,64
2017,,,,1,nicht gefoerdert,nicht gefoerdert,15,64
2018,,,,1,nicht gefoerdert,nicht gefoerdert,15,64
2016,,,,,nicht gefoerdert,nicht gefoerdert,6,64
2017,,,,,nicht gefoerdert,nicht gefoerdert,6,64
2018,,,,,nicht gefoerdert,nicht gefoerdert,6,64
2016,,,,21,nicht gefoerdert,nicht gefoerdert,40,64
2017,,,,23,nicht gefoerdert,nicht gefoerdert,40,64
2018,,,,21,nicht gefoerdert,nicht gefoerdert,40,64
2016,,,,1,nicht gefoerdert,nicht gefoerdert,8,64
2017,,,,2,nicht gefoerdert,nicht gefoerdert,8,64
2018,,,,3,nicht gefoerdert,nicht gefoerdert,8,64
2016,,,,,nicht gefoerdert,nicht gefoerdert,29,64
2017,,,,1,nicht gefoerdert,nicht gefoerdert,29,64
2018,,,,,nicht gefoerdert,nicht gefoerdert,29,64
2016,,,,,nicht gefoerdert,nicht gefoerdert,11,64
2017,,,,1,nicht gefoerdert,nicht gefoerdert,11,64
2018,,,,,nicht gefoerdert,nicht gefoerdert,11,64
2016,,,,1,nicht gefoerdert,nicht gefoerdert,24,64
2017,,,,,nicht gefoerdert,nicht gefoerdert,24,64
2018,,,,,nicht gefoerdert,nicht gefoerdert,24,64
2016,,,,,nicht gefoerdert,nicht gefoerdert,14,64
2017,,,,,nicht gefoerdert,nicht gefoerdert,14,64
2018,,,,,nicht gefoerdert,nicht gefoerdert,14,64
2016,,,,,nicht gefoerdert,nicht gefoerdert,34,64
2017,,,,,nicht gefoerdert,nicht gefoerdert,34,64
2018,,,,1,nicht gefoerdert,nicht gefoerdert,34,64
2016,1,1113,0,,gefoerdert,in 3 Linien gefoerdert,50,72
2017,0,380,0,,gefoerdert,in 3 Linien gefoerdert,50,72
2018,0,369,200.83833887878,,gefoerdert,in 3 Linien gefoerdert,50,72
2016,12,608,1363.05211232794,4,gefoerdert,in 3 Linien gefoerdert,18,72
2017,12,548,1136.844505790196,11,gefoerdert,in 3 Linien gefoerdert,18,72
2018,13,479,843.5167178188921,8,gefoerdert,in 3 Linien gefoerdert,18,72
2016,,,,4,gefoerdert,in 3 Linien gefoerdert,27,72
2017,,,,11,gefoerdert,in 3 Linien gefoerdert,27,72
2018,,,,8,gefoerdert,in 3 Linien gefoerdert,27,72
2016,17,880,3067.892916145609,57,gefoerdert,in 3 Linien gefoerdert,36,72
2017,13,958,3174.252522920673,111,gefoerdert,in 3 Linien gefoerdert,36,72
2018,15,1004,3746.986122446412,87,gefoerdert,in 3 Linien gefoerdert,36,72
2016,27,1503,2895.460075289128,76,gefoerdert,in 3 Linien gefoerdert,23,72
2017,29,1553,1787.130818141356,74,gefoerdert,in 3 Linien gefoerdert,23,72
2018,25,1538,2238.242336512088,88,gefoerdert,in 3 Linien gefoerdert,23,72
2016,4,451,53.87057582799282,36,gefoerdert,in 3 Linien gefoerdert,10,72
2017,3,466,72.42452301571133,47,gefoerdert,in 3 Linien gefoerdert,10,72
2018,4,445,136.1878788999962,59,gefoerdert,in 3 Linien gefoerdert,10,72
2016,,810,,13,gefoerdert,in 3 Linien gefoerdert,3,72
2017,,853,,23,gefoerdert,in 3 Linien gefoerdert,3,72
2018,,838,,13,gefoerdert,in 3 Linien gefoerdert,3,72
2016,8,194,3210.012084038232,,gefoerdert,in 3 Linien gefoerdert,4,72
2017,6,188,2393.698089224639,3,gefoerdert,in 3 Linien gefoerdert,4,72
2018,4,181,2264.141203935325,3,gefoerdert,in 3 Linien gefoerdert,4,72
2016,29,1060,2363.902285379041,70,gefoerdert,in 3 Linien gefoerdert,22,72
2017,29,1096,2772.378738069751,77,gefoerdert,in 3 Linien gefoerdert,22,72
2018,34,1076,2899.218176105858,97,gefoerdert,in 3 Linien gefoerdert,22,72
2016,12,874,1915.082025650714,70,gefoerdert,in 3 Linien gefoerdert,5,72
2017,12,918,22.22964399193735,77,gefoerdert,in 3 Linien gefoerdert,5,72
2018,13,969,1454.632394652533,97,gefoerdert,in 3 Linien gefoerdert,5,72
2016,7,628,169.7001821152696,70,gefoerdert,in 3 Linien gefoerdert,44,72
2017,7,621,66.48856090106331,77,gefoerdert,in 3 Linien gefoerdert,44,72
2018,8,580,66.30121084550858,97,gefoerdert,in 3 Linien gefoerdert,44,72
2016,10,472,446.9031647927745,70,gefoerdert,in 3 Linien gefoerdert,45,72
2017,8,455,363.5846388143659,77,gefoerdert,in 3 Linien gefoerdert,45,72
2018,11,421,601.6676613571487,97,gefoerdert,in 3 Linien gefoerdert,45,72
2016,13,984,2541.941267849394,70,gefoerdert,in 3 Linien gefoerdert,7,72
2017,13,1078,2861.044001386524,77,gefoerdert,in 3 Linien gefoerdert,7,72
2018,15,1022,2476.47369957175,97,gefoerdert,in 3 Linien gefoerdert,7,72
2016,21,438,3664.268223436193,22,gefoerdert,in 3 Linien gefoerdert,28,72
2017,24,1163,2743.351244219001,29,gefoerdert,in 3 Linien gefoerdert,28,72
2018,22,1162,2017.364054878617,16,gefoerdert,in 3 Linien gefoerdert,28,72
2016,12,949,2350.97669871509,3775,gefoerdert,in 3 Linien gefoerdert,39,72
2017,14,1000,1772.47031880005,4109,gefoerdert,in 3 Linien gefoerdert,39,72
2018,15,1045,1960.830849317532,4532,gefoerdert,in 3 Linien gefoerdert,39,72
2016,28,2157,2335.961822959698,459,gefoerdert,in 3 Linien gefoerdert,17,72
2017,27,2515,2635.22419818125,511,gefoerdert,in 3 Linien gefoerdert,17,72
2018,30,2892,2911.399864634907,535,gefoerdert,in 3 Linien gefoerdert,17,72
2016,,,,,gefoerdert,in 3 Linien gefoerdert,46,72
2017,,,,,gefoerdert,in 3 Linien gefoerdert,46,72
2018,,,,,gefoerdert,in 3 Linien gefoerdert,46,72
2016,7,871,476.3435633353611,18,gefoerdert,in 3 Linien gefoerdert,49,72
2017,7,865,518.4501514935963,18,gefoerdert,in 3 Linien gefoerdert,49,72
2018,7,865,527.4982004609134,20,gefoerdert,in 3 Linien gefoerdert,49,72
2016,3,33,,,gefoerdert,in 3 Linien gefoerdert,41,72
2017,3,16,,,gefoerdert,in 3 Linien gefoerdert,41,72
2018,,8,,,gefoerdert,in 3 Linien gefoerdert,41,72
2016,,75,102.2039090156268,,gefoerdert,in 3 Linien gefoerdert,43,72
2017,,77,122.4766737278055,,gefoerdert,in 3 Linien gefoerdert,43,72
2018,3,89,13.0487098056696,,gefoerdert,in 3 Linien gefoerdert,43,72
2016,,160,,206,gefoerdert,in 3 Linien gefoerdert,38,72
2017,,165,,259,gefoerdert,in 3 Linien gefoerdert,38,72
2018,,186,,347,gefoerdert,in 3 Linien gefoerdert,38,72
2016,25,1121,2280.846281253519,271,gefoerdert,in 3 Linien gefoerdert,48,72
2017,21,1190,2885.392393853819,281,gefoerdert,in 3 Linien gefoerdert,48,72
2018,22,1249,2882.561648745866,333,gefoerdert,in 3 Linien gefoerdert,48,72
2016,,,,11,gefoerdert,in 3 Linien gefoerdert,47,72
2017,,,,13,gefoerdert,in 3 Linien gefoerdert,47,72
2018,,,,16,gefoerdert,in 3 Linien gefoerdert,47,72
2016,27,2745,1887.970254710301,45,gefoerdert,in 3 Linien gefoerdert,42,72
2017,28,2837,1869.925873137148,50,gefoerdert,in 3 Linien gefoerdert,42,72
2018,26,2713,2681.467257689287,69,gefoerdert,in 3 Linien gefoerdert,42,72
2016,,10,,107,gefoerdert,in 3 Linien gefoerdert,53,72
2017,,,,103,gefoerdert,in 3 Linien gefoerdert,53,72
2018,,17,,142,gefoerdert,in 3 Linien gefoerdert,53,72
2016,29,2080,2966.281087926391,1124,gefoerdert,in 3 Linien gefoerdert,56,72
2017,33,2083,2303.850765352146,1230,gefoerdert,in 3 Linien gefoerdert,56,72
2018,34,2057,2500.854846985551,1491,gefoerdert,in 3 Linien gefoerdert,56,72
2016,,,1493.748613241962,,gefoerdert,in 3 Linien gefoerdert,33,72
2017,,,1749.211289395916,,gefoerdert,in 3 Linien gefoerdert,33,72
2018,,,2676.737710426577,,gefoerdert,in 3 Linien gefoerdert,33,72
2016,19,1088,4718.560415585358,1370,gefoerdert,in 3 Linien gefoerdert,32,72
2017,21,1096,495.2232311606803,1542,gefoerdert,in 3 Linien gefoerdert,32,72
2018,24,1046,3504.146971968683,1668,gefoerdert,in 3 Linien gefoerdert,32,72
2016,18,1440,3350.094928170533,778,gefoerdert,in 3 Linien gefoerdert,25,72
2017,18,1428,3448.315675133078,898,gefoerdert,in 3 Linien gefoerdert,25,72
2018,19,1271,2740.597567828532,944,gefoerdert,in 3 Linien gefoerdert,25,72
2016,30,932,9633.107104724453,17759,gefoerdert,in 3 Linien gefoerdert,37,72
2017,32,943,10899.4301441391,17619,gefoerdert,in 3 Linien gefoerdert,37,72
2018,36,1100,9196.967299227708,19296,gefoerdert,in 3 Linien gefoerdert,37,72
2016,19,737,7686.429781488236,8756,gefoerdert,in 3 Linien gefoerdert,13,72
2017,19,696,6944.976108096474,9743,gefoerdert,in 3 Linien gefoerdert,13,72
2018,21,615,5159.183565837714,9840,gefoerdert,in 3 Linien gefoerdert,13,72
2016,,,,347,gefoerdert,in 3 Linien gefoerdert,35,72
2017,,,,342,gefoerdert,in 3 Linien gefoerdert,35,72
2018,,,,440,gefoerdert,in 3 Linien gefoerdert,35,72
2016,36,1040,9367.246602242065,9883,gefoerdert,in 3 Linien gefoerdert,12,72
2017,40,1080,11340.87302636811,10017,gefoerdert,in 3 Linien gefoerdert,12,72
2018,39,1075,12680.73628033248,10676,gefoerdert,in 3 Linien gefoerdert,12,72
2016,,,,2888,gefoerdert,in 3 Linien gefoerdert,21,72
2017,,,,3285,gefoerdert,in 3 Linien gefoerdert,21,72
2018,,,,4679,gefoerdert,in 3 Linien gefoerdert,21,72
2016,19,720,1127.765335765628,159,gefoerdert,in 3 Linien gefoerdert,20,72
2017,18,754,1860.72827156819,247,gefoerdert,in 3 Linien gefoerdert,20,72
2018,19,773,3072.404552609044,225,gefoerdert,in 3 Linien gefoerdert,20,72
2016,,,,,gefoerdert,in 3 Linien gefoerdert,1,72
2017,,,,,gefoerdert,in 3 Linien gefoerdert,1,72
2018,,,,,gefoerdert,in 3 Linien gefoerdert,1,72
2016,,206,,,gefoerdert,in 3 Linien gefoerdert,30,72
2017,,26,,,gefoerdert,in 3 Linien gefoerdert,30,72
2018,,13,,,gefoerdert,in 3 Linien gefoerdert,30,72
2016,26,1543,5734.359541876725,772,gefoerdert,in 3 Linien gefoerdert,2,72
2017,27,1742,4911.353052439295,847,gefoerdert,in 3 Linien gefoerdert,2,72
2018,28,1729,5075.696679640703,1076,gefoerdert,in 3 Linien gefoerdert,2,72
2016,,,,243,gefoerdert,in 3 Linien gefoerdert,19,72
2017,,,,284,gefoerdert,in 3 Linien gefoerdert,19,72
2018,,,,357,gefoerdert,in 3 Linien gefoerdert,19,72
2016,,,,300,gefoerdert,in 3 Linien gefoerdert,16,72
2017,,,,341,gefoerdert,in 3 Linien gefoerdert,16,72
2018,,,,408,gefoerdert,in 3 Linien gefoerdert,16,72
2016,,,,,gefoerdert,in 3 Linien gefoerdert,26,72
2017,,,,,gefoerdert,in 3 Linien gefoerdert,26,72
2018,,,,,gefoerdert,in 3 Linien gefoerdert,26,72
2016,,,,16,gefoerdert,in 3 Linien gefoerdert,55,72
2017,,,,10,gefoerdert,in 3 Linien gefoerdert,55,72
2018,,,,20,gefoerdert,in 3 Linien gefoerdert,55,72
2016,,,,2,gefoerdert,in 3 Linien gefoerdert,9,72
2017,,,,3,gefoerdert,in 3 Linien gefoerdert,9,72
2018,,,,7,gefoerdert,in 3 Linien gefoerdert,9,72
2016,,,,2028,gefoerdert,in 3 Linien gefoerdert,31,72
2017,,,,2525,gefoerdert,in 3 Linien gefoerdert,31,72
2018,,,,2851,gefoerdert,in 3 Linien gefoerdert,31,72
2016,,,,296,gefoerdert,in 3 Linien gefoerdert,15,72
2017,,,,384,gefoerdert,in 3 Linien gefoerdert,15,72
2018,,,,487,gefoerdert,in 3 Linien gefoerdert,15,72
2016,,,,23,gefoerdert,in 3 Linien gefoerdert,51,72
2017,,,,38,gefoerdert,in 3 Linien gefoerdert,51,72
2018,,,,98,gefoerdert,in 3 Linien gefoerdert,51,72
2016,,,,2,gefoerdert,in 3 Linien gefoerdert,6,72
2017,,,,,gefoerdert,in 3 Linien gefoerdert,6,72
2018,,,,,gefoerdert,in 3 Linien gefoerdert,6,72
2016,,,,237,gefoerdert,in 3 Linien gefoerdert,40,72
2017,,,,287,gefoerdert,in 3 Linien gefoerdert,40,72
2018,,,,477,gefoerdert,in 3 Linien gefoerdert,40,72
2016,,,,25,gefoerdert,in 3 Linien gefoerdert,8,72
2017,,,,36,gefoerdert,in 3 Linien gefoerdert,8,72
2018,,,,22,gefoerdert,in 3 Linien gefoerdert,8,72
2016,,,,,gefoerdert,in 3 Linien gefoerdert,52,72
2017,,,,,gefoerdert,in 3 Linien gefoerdert,52,72
2018,,,,,gefoerdert,in 3 Linien gefoerdert,52,72
2016,8,528,13444.75965914063,3,gefoerdert,in 3 Linien gefoerdert,29,72
2017,8,530,6892.143451421571,5,gefoerdert,in 3 Linien gefoerdert,29,72
2018,9,565,7297.931874630893,1,gefoerdert,in 3 Linien gefoerdert,29,72
2016,,,,3,gefoerdert,in 3 Linien gefoerdert,11,72
2017,,,,5,gefoerdert,in 3 Linien gefoerdert,11,72
2018,,,,1,gefoerdert,in 3 Linien gefoerdert,11,72
2016,,,,13,gefoerdert,in 3 Linien gefoerdert,24,72
2017,,,,9,gefoerdert,in 3 Linien gefoerdert,24,72
2018,,,,21,gefoerdert,in 3 Linien gefoerdert,24,72
2016,,,,,gefoerdert,in 3 Linien gefoerdert,14,72
2017,,,,1,gefoerdert,in 3 Linien gefoerdert,14,72
2018,,,,1,gefoerdert,in 3 Linien gefoerdert,14,72
2016,7,480,59.67225086752038,3,gefoerdert,in 3 Linien gefoerdert,34,72
2017,7,497,164.2891062676991,2,gefoerdert,in 3 Linien gefoerdert,34,72
2018,6,455,378.7271134901272,7,gefoerdert,in 3 Linien gefoerdert,34,72
2016,1,222,22.4292371509289,,nicht gefoerdert,nicht gefoerdert,50,59
2017,1,168,51.44464783836747,,nicht gefoerdert,nicht gefoerdert,50,59
2018,1,164,75.7914309167995,,nicht gefoerdert,nicht gefoerdert,50,59
2016,,,,,nicht gefoerdert,nicht gefoerdert,18,59
2017,,,,,nicht gefoerdert,nicht gefoerdert,18,59
2018,,,,,nicht gefoerdert,nicht gefoerdert,18,59
2016,,,,,nicht gefoerdert,nicht gefoerdert,36,59
2017,1,,0,10,nicht gefoerdert,nicht gefoerdert,36,59
2018,0,,0,2,nicht gefoerdert,nicht gefoerdert,36,59
2016,,,,7,nicht gefoerdert,nicht gefoerdert,23,59
2017,,,,11,nicht gefoerdert,nicht gefoerdert,23,59
2018,,,,5,nicht gefoerdert,nicht gefoerdert,23,59
2016,,,,,nicht gefoerdert,nicht gefoerdert,10,59
2017,,,,1,nicht gefoerdert,nicht gefoerdert,10,59
2018,,,0,,nicht gefoerdert,nicht gefoerdert,10,59
2016,,,,,nicht gefoerdert,nicht gefoerdert,3,59
2017,,,,,nicht gefoerdert,nicht gefoerdert,3,59
2018,,,,,nicht gefoerdert,nicht gefoerdert,3,59
2016,,,,,nicht gefoerdert,nicht gefoerdert,4,59
2017,,,,,nicht gefoerdert,nicht gefoerdert,4,59
2018,,,,,nicht gefoerdert,nicht gefoerdert,4,59
2016,,,,,nicht gefoerdert,nicht gefoerdert,22,59
2017,,,,1,nicht gefoerdert,nicht gefoerdert,22,59
2018,,,,,nicht gefoerdert,nicht gefoerdert,22,59
2016,,,,,nicht gefoerdert,nicht gefoerdert,5,59
2017,,,,1,nicht gefoerdert,nicht gefoerdert,5,59
2018,,,,,nicht gefoerdert,nicht gefoerdert,5,59
2016,,,,,nicht gefoerdert,nicht gefoerdert,44,59
2017,,,,1,nicht gefoerdert,nicht gefoerdert,44,59
2018,,,,,nicht gefoerdert,nicht gefoerdert,44,59
2016,,,,,nicht gefoerdert,nicht gefoerdert,45,59
2017,,,,1,nicht gefoerdert,nicht gefoerdert,45,59
2018,,,,,nicht gefoerdert,nicht gefoerdert,45,59
2016,,,,,nicht gefoerdert,nicht gefoerdert,7,59
2017,,,,1,nicht gefoerdert,nicht gefoerdert,7,59
2018,,,,,nicht gefoerdert,nicht gefoerdert,7,59
2016,1,,0,,nicht gefoerdert,nicht gefoerdert,28,59
2017,1,,0,,nicht gefoerdert,nicht gefoerdert,28,59
2018,1,,0,,nicht gefoerdert,nicht gefoerdert,28,59
2016,,,,10,nicht gefoerdert,nicht gefoerdert,39,59
2017,,,,13,nicht gefoerdert,nicht gefoerdert,39,59
2018,,,,21,nicht gefoerdert,nicht gefoerdert,39,59
2016,,,0,2,nicht gefoerdert,nicht gefoerdert,17,59
2017,,,,5,nicht gefoerdert,nicht gefoerdert,17,59
2018,,,,6,nicht gefoerdert,nicht gefoerdert,17,59
2016,0,,2.645251471038705,,nicht gefoerdert,nicht gefoerdert,49,59
2017,0,,2.710887519584251,2,nicht gefoerdert,nicht gefoerdert,49,59
2018,0,,2.281569785377795,1,nicht gefoerdert,nicht gefoerdert,49,59
2016,1,,4.790502775177508,,nicht gefoerdert,nicht gefoerdert,41,59
2017,1,,32.42726513339328,,nicht gefoerdert,nicht gefoerdert,41,59
2018,1,,4.955831780855113,,nicht gefoerdert,nicht gefoerdert,41,59
2016,,,,,nicht gefoerdert,nicht gefoerdert,43,59
2017,,,,,nicht gefoerdert,nicht gefoerdert,43,59
2018,,,,,nicht gefoerdert,nicht gefoerdert,43,59
2016,,,,14,nicht gefoerdert,nicht gefoerdert,38,59
2017,,,,30,nicht gefoerdert,nicht gefoerdert,38,59
2018,,,,43,nicht gefoerdert,nicht gefoerdert,38,59
2016,1,,15.66014920193595,6,nicht gefoerdert,nicht gefoerdert,48,59
2017,1,,2.953339364475121,6,nicht gefoerdert,nicht gefoerdert,48,59
2018,1,,0,8,nicht gefoerdert,nicht gefoerdert,48,59
2016,12,0,386.0055933827992,,nicht gefoerdert,nicht gefoerdert,47,59
2017,13,0,225.5343116807494,,nicht gefoerdert,nicht gefoerdert,47,59
2018,12,0,107.7307109932324,,nicht gefoerdert,nicht gefoerdert,47,59
2016,1,29,223.0316531335507,,nicht gefoerdert,nicht gefoerdert,42,59
2017,2,33,265.7849869175379,,nicht gefoerdert,nicht gefoerdert,42,59
2018,2,33,84.42526655825743,2,nicht gefoerdert,nicht gefoerdert,42,59
2016,,,,,nicht gefoerdert,nicht gefoerdert,53,59
2017,,,,2,nicht gefoerdert,nicht gefoerdert,53,59
2018,,,,3,nicht gefoerdert,nicht gefoerdert,53,59
2016,20,788,972.1107979441433,78,nicht gefoerdert,nicht gefoerdert,56,59
2017,18,804,388.8023774046521,56,nicht gefoerdert,nicht gefoerdert,56,59
2018,16,711,463.4093577655432,102,nicht gefoerdert,nicht gefoerdert,56,59
2016,,529,238.0474807873288,,nicht gefoerdert,nicht gefoerdert,54,59
2017,,451,42.20677032572972,,nicht gefoerdert,nicht gefoerdert,54,59
2018,,369,18.14023208400078,,nicht gefoerdert,nicht gefoerdert,54,59
2016,,27,0,,nicht gefoerdert,nicht gefoerdert,33,59
2017,0,24,0,,nicht gefoerdert,nicht gefoerdert,33,59
2018,0,31,0,,nicht gefoerdert,nicht gefoerdert,33,59
2016,11,89,257.0530839723704,108,nicht gefoerdert,nicht gefoerdert,32,59
2017,10,79,136.9588281191956,81,nicht gefoerdert,nicht gefoerdert,32,59
2018,10,71,362.502696461674,130,nicht gefoerdert,nicht gefoerdert,32,59
2016,21,138,1435.476746975383,54,nicht gefoerdert,nicht gefoerdert,25,59
2017,21,163,1525.342154148525,69,nicht gefoerdert,nicht gefoerdert,25,59
2018,20,234,1510.165524084244,116,nicht gefoerdert,nicht gefoerdert,25,59
2016,6,37,295.7271810128678,4757,nicht gefoerdert,nicht gefoerdert,37,59
2017,5,36,455.8142603247035,4390,nicht gefoerdert,nicht gefoerdert,37,59
2018,5,37,402.7208781189235,4803,nicht gefoerdert,nicht gefoerdert,37,59
2016,5,0,574.4934649897929,457,nicht gefoerdert,nicht gefoerdert,13,59
2017,4,0,734.0759109267615,579,nicht gefoerdert,nicht gefoerdert,13,59
2018,4,15,758.3923262517708,620,nicht gefoerdert,nicht gefoerdert,13,59
2016,,,,19,nicht gefoerdert,nicht gefoerdert,35,59
2017,,,0,31,nicht gefoerdert,nicht gefoerdert,35,59
2018,,,,37,nicht gefoerdert,nicht gefoerdert,35,59
2016,9,0,1495.693668416688,472,nicht gefoerdert,nicht gefoerdert,12,59
2017,8,0,3594.752026119923,510,nicht gefoerdert,nicht gefoerdert,12,59
2018,8,0,796.5086971493496,630,nicht gefoerdert,nicht gefoerdert,12,59
2016,,,,630,nicht gefoerdert,nicht gefoerdert,21,59
2017,,,,633,nicht gefoerdert,nicht gefoerdert,21,59
2018,,,,747,nicht gefoerdert,nicht gefoerdert,21,59
2016,,,,26,nicht gefoerdert,nicht gefoerdert,20,59
2017,,,,26,nicht gefoerdert,nicht gefoerdert,20,59
2018,,,,22,nicht gefoerdert,nicht gefoerdert,20,59
2016,,,0,,nicht gefoerdert,nicht gefoerdert,30,59
2017,,,0,,nicht gefoerdert,nicht gefoerdert,30,59
2018,,,0,,nicht gefoerdert,nicht gefoerdert,30,59
2016,,,,148,nicht gefoerdert,nicht gefoerdert,2,59
2017,,,,155,nicht gefoerdert,nicht gefoerdert,2,59
2018,,,,196,nicht gefoerdert,nicht gefoerdert,2,59
2016,,,,32,nicht gefoerdert,nicht gefoerdert,19,59
2017,,,,46,nicht gefoerdert,nicht gefoerdert,19,59
2018,,,,101,nicht gefoerdert,nicht gefoerdert,19,59
2016,,,,6,nicht gefoerdert,nicht gefoerdert,16,59
2017,,,,9,nicht gefoerdert,nicht gefoerdert,16,59
2018,,,,5,nicht gefoerdert,nicht gefoerdert,16,59
2016,11,,3398.53911134602,,nicht gefoerdert,nicht gefoerdert,26,59
2017,11,,2671.719089318152,,nicht gefoerdert,nicht gefoerdert,26,59
2018,10,,2315.822005453521,,nicht gefoerdert,nicht gefoerdert,26,59
2016,1,,3.709497176234895,12,nicht gefoerdert,nicht gefoerdert,55,59
2017,1,,.4913083261084747,22,nicht gefoerdert,nicht gefoerdert,55,59
2018,1,,0,24,nicht gefoerdert,nicht gefoerdert,55,59
2016,,,,3,nicht gefoerdert,nicht gefoerdert,9,59
2017,,,,14,nicht gefoerdert,nicht gefoerdert,9,59
2018,,,,13,nicht gefoerdert,nicht gefoerdert,9,59
2016,22,407,5261.911516132363,785,nicht gefoerdert,nicht gefoerdert,31,59
2017,22,344,7460.007397370518,958,nicht gefoerdert,nicht gefoerdert,31,59
2018,21,239,9196.044118279498,1151,nicht gefoerdert,nicht gefoerdert,31,59
2016,15,289,1856.304488229319,57,nicht gefoerdert,nicht gefoerdert,15,59
2017,15,255,2115.570989591449,58,nicht gefoerdert,nicht gefoerdert,15,59
2018,16,243,1867.79689436501,84,nicht gefoerdert,nicht gefoerdert,15,59
2016,8,,2240.693559247685,8,nicht gefoerdert,nicht gefoerdert,51,59
2017,6,,3666.387978267455,13,nicht gefoerdert,nicht gefoerdert,51,59
2018,6,,3089.352426047749,22,nicht gefoerdert,nicht gefoerdert,51,59
2016,21,636,1455.461839392704,,nicht gefoerdert,nicht gefoerdert,6,59
2017,19,692,1496.49402436169,1,nicht gefoerdert,nicht gefoerdert,6,59
2018,17,681,1640.198785629915,,nicht gefoerdert,nicht gefoerdert,6,59
2016,4,1282,9.310986963919932,21,nicht gefoerdert,nicht gefoerdert,40,59
2017,5,1297,29.08508775218952,7,nicht gefoerdert,nicht gefoerdert,40,59
2018,4,1356,0,16,nicht gefoerdert,nicht gefoerdert,40,59
2016,13,260,729.003735706062,4,nicht gefoerdert,nicht gefoerdert,8,59
2017,14,283,722.8188614508216,8,nicht gefoerdert,nicht gefoerdert,8,59
2018,14,329,679.2545152263511,12,nicht gefoerdert,nicht gefoerdert,8,59
2016,0,,3.4795158177613,,nicht gefoerdert,nicht gefoerdert,52,59
2017,0,,1.858188379467704,,nicht gefoerdert,nicht gefoerdert,52,59
2018,0,,4.08148460310807,,nicht gefoerdert,nicht gefoerdert,52,59
2016,1,,43.63128548122635,,nicht gefoerdert,nicht gefoerdert,29,59
2017,1,,15.48216000342236,,nicht gefoerdert,nicht gefoerdert,29,59
2018,1,,0,,nicht gefoerdert,nicht gefoerdert,29,59
2016,,,,,nicht gefoerdert,nicht gefoerdert,11,59
2017,,,,,nicht gefoerdert,nicht gefoerdert,11,59
2018,,,,,nicht gefoerdert,nicht gefoerdert,11,59
2016,,,,6,nicht gefoerdert,nicht gefoerdert,24,59
2017,,,,5,nicht gefoerdert,nicht gefoerdert,24,59
2018,,,,7,nicht gefoerdert,nicht gefoerdert,24,59
2016,4,0,.0744878940464253,,nicht gefoerdert,nicht gefoerdert,34,59
2017,5,0,0,,nicht gefoerdert,nicht gefoerdert,34,59
2018,4,0,5.391657553036196,,nicht gefoerdert,nicht gefoerdert,34,59
2016,1,33,217.6145272828746,,nicht gefoerdert,nicht gefoerdert,50,117
2017,1,30,244.3247914458228,,nicht gefoerdert,nicht gefoerdert,50,117
2018,1,25,333.49198745939,,nicht gefoerdert,nicht gefoerdert,50,117
2016,8,341,338.5139621359973,4,nicht gefoerdert,nicht gefoerdert,18,117
2017,9,339,396.8700747179195,1,nicht gefoerdert,nicht gefoerdert,18,117
2018,7,331,337.7406107591502,2,nicht gefoerdert,nicht gefoerdert,18,117
2016,,,,4,nicht gefoerdert,nicht gefoerdert,27,117
2017,,,,1,nicht gefoerdert,nicht gefoerdert,27,117
2018,,,,2,nicht gefoerdert,nicht gefoerdert,27,117
2016,3,156,202.4515816023457,11,nicht gefoerdert,nicht gefoerdert,36,117
2017,3,186,26.04940541622594,7,nicht gefoerdert,nicht gefoerdert,36,117
2018,2,165,79.73902082588342,9,nicht gefoerdert,nicht gefoerdert,36,117
2016,5,446,110.3538143707426,23,nicht gefoerdert,nicht gefoerdert,23,117
2017,6,438,90.33120059551329,15,nicht gefoerdert,nicht gefoerdert,23,117
2018,5,393,159.974075901743,18,nicht gefoerdert,nicht gefoerdert,23,117
2016,,,,1,nicht gefoerdert,nicht gefoerdert,10,117
2017,,,,3,nicht gefoerdert,nicht gefoerdert,10,117
2018,,,,3,nicht gefoerdert,nicht gefoerdert,10,117
2016,,,,,nicht gefoerdert,nicht gefoerdert,3,117
2017,,,,,nicht gefoerdert,nicht gefoerdert,3,117
2018,,,,,nicht gefoerdert,nicht gefoerdert,3,117
2016,,61,,,nicht gefoerdert,nicht gefoerdert,4,117
2017,,46,,1,nicht gefoerdert,nicht gefoerdert,4,117
2018,,22,,,nicht gefoerdert,nicht gefoerdert,4,117
2016,8,664,614.6322068760401,3,nicht gefoerdert,nicht gefoerdert,22,117
2017,9,666,594.4437234193642,11,nicht gefoerdert,nicht gefoerdert,22,117
2018,9,604,645.9736007176103,5,nicht gefoerdert,nicht gefoerdert,22,117
2016,4,441,137.6666702934461,3,nicht gefoerdert,nicht gefoerdert,5,117
2017,5,441,131.0622205574881,11,nicht gefoerdert,nicht gefoerdert,5,117
2018,5,395,140.32058353685,5,nicht gefoerdert,nicht gefoerdert,5,117
2016,4,140,39.25232913612625,3,nicht gefoerdert,nicht gefoerdert,44,117
2017,3,118,121.4647772890733,11,nicht gefoerdert,nicht gefoerdert,44,117
2018,3,100,89.20137873452641,5,nicht gefoerdert,nicht gefoerdert,44,117
2016,,,,3,nicht gefoerdert,nicht gefoerdert,45,117
2017,,,,11,nicht gefoerdert,nicht gefoerdert,45,117
2018,,,,5,nicht gefoerdert,nicht gefoerdert,45,117
2016,,,,3,nicht gefoerdert,nicht gefoerdert,7,117
2017,,,,11,nicht gefoerdert,nicht gefoerdert,7,117
2018,,,,5,nicht gefoerdert,nicht gefoerdert,7,117
2016,6,,72.05307460933581,,nicht gefoerdert,nicht gefoerdert,28,117
2017,6,,84.05946833895382,1,nicht gefoerdert,nicht gefoerdert,28,117
2018,6,,220.1485726906572,,nicht gefoerdert,nicht gefoerdert,28,117
2016,2,0,23.4590313714475,464,nicht gefoerdert,nicht gefoerdert,39,117
2017,2,0,37.70356732056904,518,nicht gefoerdert,nicht gefoerdert,39,117
2018,2,0,164.9487745453496,464,nicht gefoerdert,nicht gefoerdert,39,117
2016,11,1476,204.6992552193501,11,nicht gefoerdert,nicht gefoerdert,17,117
2017,11,1418,272.1015671703092,6,nicht gefoerdert,nicht gefoerdert,17,117
2018,13,1332,275.8623674053645,9,nicht gefoerdert,nicht gefoerdert,17,117
2016,,,,,nicht gefoerdert,nicht gefoerdert,46,117
2017,,,,,nicht gefoerdert,nicht gefoerdert,46,117
2018,,,,,nicht gefoerdert,nicht gefoerdert,46,117
2016,2,257,363.9497099591013,6,nicht gefoerdert,nicht gefoerdert,49,117
2017,2,255,222.5324764939891,10,nicht gefoerdert,nicht gefoerdert,49,117
2018,2,214,124.6686023185472,5,nicht gefoerdert,nicht gefoerdert,49,117
2016,23,0,0,,nicht gefoerdert,nicht gefoerdert,41,117
2017,0,,0,,nicht gefoerdert,nicht gefoerdert,41,117
2018,,,0,,nicht gefoerdert,nicht gefoerdert,41,117
2016,,,,,nicht gefoerdert,nicht gefoerdert,43,117
2017,,,,,nicht gefoerdert,nicht gefoerdert,43,117
2018,,,,,nicht gefoerdert,nicht gefoerdert,43,117
2016,,215,65.64804161900715,47,nicht gefoerdert,nicht gefoerdert,38,117
2017,3,182,108.9524236738714,36,nicht gefoerdert,nicht gefoerdert,38,117
2018,3,173,182.9623071468664,70,nicht gefoerdert,nicht gefoerdert,38,117
2016,,536,225.6126616750965,77,nicht gefoerdert,nicht gefoerdert,48,117
2017,6,435,237.0183024878707,99,nicht gefoerdert,nicht gefoerdert,48,117
2018,6,371,200.8751822011398,88,nicht gefoerdert,nicht gefoerdert,48,117
2016,,,,8,nicht gefoerdert,nicht gefoerdert,47,117
2017,,,,2,nicht gefoerdert,nicht gefoerdert,47,117
2018,,,,9,nicht gefoerdert,nicht gefoerdert,47,117
2016,9,285,148.4078206496223,6,nicht gefoerdert,nicht gefoerdert,42,117
2017,9,253,59.56266914053589,2,nicht gefoerdert,nicht gefoerdert,42,117
2018,9,248,2.715598254390407,12,nicht gefoerdert,nicht gefoerdert,42,117
2016,,,,5,nicht gefoerdert,nicht gefoerdert,53,117
2017,,,,2,nicht gefoerdert,nicht gefoerdert,53,117
2018,,,,5,nicht gefoerdert,nicht gefoerdert,53,117
2016,0,1081,574.6573620015357,163,nicht gefoerdert,nicht gefoerdert,56,117
2017,15,1057,546.2415298652541,177,nicht gefoerdert,nicht gefoerdert,56,117
2018,16,1003,835.9351930059267,146,nicht gefoerdert,nicht gefoerdert,56,117
2016,,248,,,nicht gefoerdert,nicht gefoerdert,54,117
2017,,239,,,nicht gefoerdert,nicht gefoerdert,54,117
2018,,230,,,nicht gefoerdert,nicht gefoerdert,54,117
2016,0,,1.089385434820211,,nicht gefoerdert,nicht gefoerdert,33,117
2017,,,1.601097895579828,,nicht gefoerdert,nicht gefoerdert,33,117
2018,,,.9884705728144916,,nicht gefoerdert,nicht gefoerdert,33,117
2016,11,323,451.1769043994285,243,nicht gefoerdert,nicht gefoerdert,32,117
2017,13,328,465.2488547601807,277,nicht gefoerdert,nicht gefoerdert,32,117
2018,12,311,880.312104095653,206,nicht gefoerdert,nicht gefoerdert,32,117
2016,14,431,2244.35475934634,291,nicht gefoerdert,nicht gefoerdert,25,117
2017,14,503,1962.563614903131,348,nicht gefoerdert,nicht gefoerdert,25,117
2018,14,601,2289.769567055059,375,nicht gefoerdert,nicht gefoerdert,25,117
2016,13,256,3650.715008964445,7116,nicht gefoerdert,nicht gefoerdert,37,117
2017,13,244,3183.215812032535,8571,nicht gefoerdert,nicht gefoerdert,37,117
2018,12,258,3278.524882910517,8377,nicht gefoerdert,nicht gefoerdert,37,117
2016,11,309,3536.755211705184,10714,nicht gefoerdert,nicht gefoerdert,13,117
2017,11,350,3237.132694319205,11295,nicht gefoerdert,nicht gefoerdert,13,117
2018,11,298,2998.193792089829,12116,nicht gefoerdert,nicht gefoerdert,13,117
2016,,,,223,nicht gefoerdert,nicht gefoerdert,35,117
2017,,,,210,nicht gefoerdert,nicht gefoerdert,35,117
2018,,,,286,nicht gefoerdert,nicht gefoerdert,35,117
2016,13,783,2521.037238303126,4510,nicht gefoerdert,nicht gefoerdert,12,117
2017,12,750,2389.865550484076,4348,nicht gefoerdert,nicht gefoerdert,12,117
2018,12,737,2147.445910668592,4884,nicht gefoerdert,nicht gefoerdert,12,117
2016,,,,1325,nicht gefoerdert,nicht gefoerdert,21,117
2017,,,,1657,nicht gefoerdert,nicht gefoerdert,21,117
2018,,,,1992,nicht gefoerdert,nicht gefoerdert,21,117
2016,,,,33,nicht gefoerdert,nicht gefoerdert,20,117
2017,,,,22,nicht gefoerdert,nicht gefoerdert,20,117
2018,,,,27,nicht gefoerdert,nicht gefoerdert,20,117
2016,15,,0,,nicht gefoerdert,nicht gefoerdert,1,117
2017,0,,0,,nicht gefoerdert,nicht gefoerdert,1,117
2018,,,0,,nicht gefoerdert,nicht gefoerdert,1,117
2016,0,,1450.556749629338,,nicht gefoerdert,nicht gefoerdert,30,117
2017,8,,1935.45105021795,,nicht gefoerdert,nicht gefoerdert,30,117
2018,8,,1674.649691582762,,nicht gefoerdert,nicht gefoerdert,30,117
2016,1,391,2710.757008496649,468,nicht gefoerdert,nicht gefoerdert,2,117
2017,9,349,2180.731072572038,497,nicht gefoerdert,nicht gefoerdert,2,117
2018,9,315,1397.342413264251,691,nicht gefoerdert,nicht gefoerdert,2,117
2016,,,,41,nicht gefoerdert,nicht gefoerdert,19,117
2017,,,,46,nicht gefoerdert,nicht gefoerdert,19,117
2018,,,,51,nicht gefoerdert,nicht gefoerdert,19,117
2016,,,,137,nicht gefoerdert,nicht gefoerdert,16,117
2017,,,,140,nicht gefoerdert,nicht gefoerdert,16,117
2018,,,,214,nicht gefoerdert,nicht gefoerdert,16,117
2016,0,109,0,,nicht gefoerdert,nicht gefoerdert,26,117
2017,0,135,0,,nicht gefoerdert,nicht gefoerdert,26,117
2018,0,153,0,,nicht gefoerdert,nicht gefoerdert,26,117
2016,,,,18,nicht gefoerdert,nicht gefoerdert,55,117
2017,,,,17,nicht gefoerdert,nicht gefoerdert,55,117
2018,,,,31,nicht gefoerdert,nicht gefoerdert,55,117
2016,,,,5,nicht gefoerdert,nicht gefoerdert,9,117
2017,,,,11,nicht gefoerdert,nicht gefoerdert,9,117
2018,,,,8,nicht gefoerdert,nicht gefoerdert,9,117
2016,18,722,6158.914178425423,2330,nicht gefoerdert,nicht gefoerdert,31,117
2017,18,696,7526.420795124001,2480,nicht gefoerdert,nicht gefoerdert,31,117
2018,18,663,8462.6382833178,3031,nicht gefoerdert,nicht gefoerdert,31,117
2016,15,535,4721.919736028542,149,nicht gefoerdert,nicht gefoerdert,15,117
2017,16,721,6140.007165167367,119,nicht gefoerdert,nicht gefoerdert,15,117
2018,17,695,5615.173964636922,190,nicht gefoerdert,nicht gefoerdert,15,117
2016,,36,,9,nicht gefoerdert,nicht gefoerdert,51,117
2017,,31,,21,nicht gefoerdert,nicht gefoerdert,51,117
2018,,34,,42,nicht gefoerdert,nicht gefoerdert,51,117
2016,,,,,nicht gefoerdert,nicht gefoerdert,6,117
2017,,,,,nicht gefoerdert,nicht gefoerdert,6,117
2018,,,,,nicht gefoerdert,nicht gefoerdert,6,117
2016,,192,,11,nicht gefoerdert,nicht gefoerdert,40,117
2017,,181,,16,nicht gefoerdert,nicht gefoerdert,40,117
2018,,174,,18,nicht gefoerdert,nicht gefoerdert,40,117
2016,,,,12,nicht gefoerdert,nicht gefoerdert,8,117
2017,,,7.326624312204705,23,nicht gefoerdert,nicht gefoerdert,8,117
2018,,,,11,nicht gefoerdert,nicht gefoerdert,8,117
2016,,,,,nicht gefoerdert,nicht gefoerdert,29,117
2017,,,,1,nicht gefoerdert,nicht gefoerdert,29,117
2018,,,,1,nicht gefoerdert,nicht gefoerdert,29,117
2016,,,,,nicht gefoerdert,nicht gefoerdert,11,117
2017,,,,1,nicht gefoerdert,nicht gefoerdert,11,117
2018,,,,1,nicht gefoerdert,nicht gefoerdert,11,117
2016,,,,3,nicht gefoerdert,nicht gefoerdert,24,117
2017,,,,15,nicht gefoerdert,nicht gefoerdert,24,117
2018,,,,7,nicht gefoerdert,nicht gefoerdert,24,117
2016,,0,,,nicht gefoerdert,nicht gefoerdert,34,117
2017,,0,,1,nicht gefoerdert,nicht gefoerdert,34,117
2018,,,,,nicht gefoerdert,nicht gefoerdert,34,117
2016,0,,0,,nicht gefoerdert,nicht gefoerdert,50,63
2017,0,,0,,nicht gefoerdert,nicht gefoerdert,50,63
2018,0,,0,,nicht gefoerdert,nicht gefoerdert,50,63
2016,7,188,538.7476631200925,,nicht gefoerdert,nicht gefoerdert,18,63
2017,8,160,693.3073861735576,,nicht gefoerdert,nicht gefoerdert,18,63
2018,6,165,453.7026026191854,2,nicht gefoerdert,nicht gefoerdert,18,63
2016,,,,,nicht gefoerdert,nicht gefoerdert,27,63
2017,,,,,nicht gefoerdert,nicht gefoerdert,27,63
2018,,,,2,nicht gefoerdert,nicht gefoerdert,27,63
2016,3,109,56.1387330196054,19,nicht gefoerdert,nicht gefoerdert,36,63
2017,3,101,61.10338802176039,17,nicht gefoerdert,nicht gefoerdert,36,63
2018,3,108,58.87689746258254,12,nicht gefoerdert,nicht gefoerdert,36,63
2016,5,429,870.7951664049541,24,nicht gefoerdert,nicht gefoerdert,23,63
2017,5,371,710.1107053232865,37,nicht gefoerdert,nicht gefoerdert,23,63
2018,5,363,614.2661305436015,38,nicht gefoerdert,nicht gefoerdert,23,63
2016,,,,8,nicht gefoerdert,nicht gefoerdert,10,63
2017,,,,8,nicht gefoerdert,nicht gefoerdert,10,63
2018,,,,5,nicht gefoerdert,nicht gefoerdert,10,63
2016,,4,0,,nicht gefoerdert,nicht gefoerdert,3,63
2017,,1,,,nicht gefoerdert,nicht gefoerdert,3,63
2018,,1,,1,nicht gefoerdert,nicht gefoerdert,3,63
2016,,0,,,nicht gefoerdert,nicht gefoerdert,4,63
2017,,0,,,nicht gefoerdert,nicht gefoerdert,4,63
2018,,0,,1,nicht gefoerdert,nicht gefoerdert,4,63
2016,9,795,134.5093085900268,1,nicht gefoerdert,nicht gefoerdert,22,63
2017,9,721,195.9130792217832,,nicht gefoerdert,nicht gefoerdert,22,63
2018,10,666,241.8113493026481,2,nicht gefoerdert,nicht gefoerdert,22,63
2016,2,330,0,1,nicht gefoerdert,nicht gefoerdert,5,63
2017,2,297,16.39249754396229,,nicht gefoerdert,nicht gefoerdert,5,63
2018,2,295,4.043743164777148,2,nicht gefoerdert,nicht gefoerdert,5,63
2016,,,0,1,nicht gefoerdert,nicht gefoerdert,44,63
2017,,,0,,nicht gefoerdert,nicht gefoerdert,44,63
2018,,,0,2,nicht gefoerdert,nicht gefoerdert,44,63
2016,4,109,298.5214147929917,1,nicht gefoerdert,nicht gefoerdert,45,63
2017,4,95,122.8023853541463,,nicht gefoerdert,nicht gefoerdert,45,63
2018,4,87,392.0004722659165,2,nicht gefoerdert,nicht gefoerdert,45,63
2016,,,,1,nicht gefoerdert,nicht gefoerdert,7,63
2017,,,,,nicht gefoerdert,nicht gefoerdert,7,63
2018,,,,2,nicht gefoerdert,nicht gefoerdert,7,63
2016,,,,1,nicht gefoerdert,nicht gefoerdert,28,63
2017,,,,1,nicht gefoerdert,nicht gefoerdert,28,63
2018,,,,1,nicht gefoerdert,nicht gefoerdert,28,63
2016,6,402,1015.667622239643,919,nicht gefoerdert,nicht gefoerdert,39,63
2017,6,367,1170.25257042487,1118,nicht gefoerdert,nicht gefoerdert,39,63
2018,7,379,1199.280719887701,1113,nicht gefoerdert,nicht gefoerdert,39,63
2016,3,0,131.0661074293214,17,nicht gefoerdert,nicht gefoerdert,17,63
2017,3,1,266.854526119339,25,nicht gefoerdert,nicht gefoerdert,17,63
2018,3,0,296.2158691833985,28,nicht gefoerdert,nicht gefoerdert,17,63
2016,,4,0,9,nicht gefoerdert,nicht gefoerdert,49,63
2017,,4,0,8,nicht gefoerdert,nicht gefoerdert,49,63
2018,,2,0,6,nicht gefoerdert,nicht gefoerdert,49,63
2016,,403,0,,nicht gefoerdert,nicht gefoerdert,41,63
2017,,392,0,,nicht gefoerdert,nicht gefoerdert,41,63
2018,,371,0,,nicht gefoerdert,nicht gefoerdert,41,63
2016,6,274,209.5148949492612,69,nicht gefoerdert,nicht gefoerdert,38,63
2017,7,238,164.1042976221417,55,nicht gefoerdert,nicht gefoerdert,38,63
2018,7,213,94.97045067087184,95,nicht gefoerdert,nicht gefoerdert,38,63
2016,,,,22,nicht gefoerdert,nicht gefoerdert,48,63
2017,,,,23,nicht gefoerdert,nicht gefoerdert,48,63
2018,,,,36,nicht gefoerdert,nicht gefoerdert,48,63
2016,,,,4,nicht gefoerdert,nicht gefoerdert,47,63
2017,,,,9,nicht gefoerdert,nicht gefoerdert,47,63
2018,,,,8,nicht gefoerdert,nicht gefoerdert,47,63
2016,14,1370,116.4059558972905,16,nicht gefoerdert,nicht gefoerdert,42,63
2017,14,1266,242.8600314587272,26,nicht gefoerdert,nicht gefoerdert,42,63
2018,14,1185,214.4459887595676,14,nicht gefoerdert,nicht gefoerdert,42,63
2016,,,,20,nicht gefoerdert,nicht gefoerdert,53,63
2017,,,,10,nicht gefoerdert,nicht gefoerdert,53,63
2018,,,,33,nicht gefoerdert,nicht gefoerdert,53,63
2016,12,835,576.1722727650686,83,nicht gefoerdert,nicht gefoerdert,56,63
2017,12,846,464.0960553406652,82,nicht gefoerdert,nicht gefoerdert,56,63
2018,12,868,629.572165716822,87,nicht gefoerdert,nicht gefoerdert,56,63
2016,,123,0,,nicht gefoerdert,nicht gefoerdert,33,63
2017,,144,0,,nicht gefoerdert,nicht gefoerdert,33,63
2018,,134,3.186469617272316,,nicht gefoerdert,nicht gefoerdert,33,63
2016,12,185,230.232778634931,111,nicht gefoerdert,nicht gefoerdert,32,63
2017,11,218,26.53339382297215,128,nicht gefoerdert,nicht gefoerdert,32,63
2018,11,209,155.6328849543273,137,nicht gefoerdert,nicht gefoerdert,32,63
2016,,,,58,nicht gefoerdert,nicht gefoerdert,25,63
2017,,,,76,nicht gefoerdert,nicht gefoerdert,25,63
2018,,,,69,nicht gefoerdert,nicht gefoerdert,25,63
2016,12,76,3350.438634525256,2130,nicht gefoerdert,nicht gefoerdert,37,63
2017,11,82,2835.932362335914,2600,nicht gefoerdert,nicht gefoerdert,37,63
2018,9,99,2707.860184878533,2758,nicht gefoerdert,nicht gefoerdert,37,63
2016,9,241,1632.419919934018,2392,nicht gefoerdert,nicht gefoerdert,13,63
2017,9,243,1550.262590660265,2375,nicht gefoerdert,nicht gefoerdert,13,63
2018,9,250,2407.395719818763,2706,nicht gefoerdert,nicht gefoerdert,13,63
2016,8,505,1089.111782681353,201,nicht gefoerdert,nicht gefoerdert,35,63
2017,8,486,1376.791406861518,198,nicht gefoerdert,nicht gefoerdert,35,63
2018,8,518,1788.786602095803,261,nicht gefoerdert,nicht gefoerdert,35,63
2016,16,802,7795.035533924224,7072,nicht gefoerdert,nicht gefoerdert,12,63
2017,16,762,7166.758544607746,7582,nicht gefoerdert,nicht gefoerdert,12,63
2018,15,741,5463.999135399818,8485,nicht gefoerdert,nicht gefoerdert,12,63
2016,7,123,279.7653510596015,993,nicht gefoerdert,nicht gefoerdert,21,63
2017,6,116,139.7666965948685,1081,nicht gefoerdert,nicht gefoerdert,21,63
2018,6,125,270.6684050595418,1276,nicht gefoerdert,nicht gefoerdert,21,63
2016,7,310,477.6359571954684,36,nicht gefoerdert,nicht gefoerdert,20,63
2017,7,347,616.8389908868064,43,nicht gefoerdert,nicht gefoerdert,20,63
2018,7,305,942.7906454222372,43,nicht gefoerdert,nicht gefoerdert,20,63
2016,,,,334,nicht gefoerdert,nicht gefoerdert,2,63
2017,,,,379,nicht gefoerdert,nicht gefoerdert,2,63
2018,,,,557,nicht gefoerdert,nicht gefoerdert,2,63
2016,,,,115,nicht gefoerdert,nicht gefoerdert,19,63
2017,,,,139,nicht gefoerdert,nicht gefoerdert,19,63
2018,,,,286,nicht gefoerdert,nicht gefoerdert,19,63
2016,,,,286,nicht gefoerdert,nicht gefoerdert,16,63
2017,,,,350,nicht gefoerdert,nicht gefoerdert,16,63
2018,,,,484,nicht gefoerdert,nicht gefoerdert,16,63
2016,,,,24,nicht gefoerdert,nicht gefoerdert,55,63
2017,,,,19,nicht gefoerdert,nicht gefoerdert,55,63
2018,,,,28,nicht gefoerdert,nicht gefoerdert,55,63
2016,,,,3,nicht gefoerdert,nicht gefoerdert,9,63
2017,,,,2,nicht gefoerdert,nicht gefoerdert,9,63
2018,,,,4,nicht gefoerdert,nicht gefoerdert,9,63
2016,,,,761,nicht gefoerdert,nicht gefoerdert,31,63
2017,,,,930,nicht gefoerdert,nicht gefoerdert,31,63
2018,,,,876,nicht gefoerdert,nicht gefoerdert,31,63
2016,,,,52,nicht gefoerdert,nicht gefoerdert,15,63
2017,,,,39,nicht gefoerdert,nicht gefoerdert,15,63
2018,,,,58,nicht gefoerdert,nicht gefoerdert,15,63
2016,,,,9,nicht gefoerdert,nicht gefoerdert,51,63
2017,,,,9,nicht gefoerdert,nicht gefoerdert,51,63
2018,,,,11,nicht gefoerdert,nicht gefoerdert,51,63
2016,,,,21,nicht gefoerdert,nicht gefoerdert,40,63
2017,,,,16,nicht gefoerdert,nicht gefoerdert,40,63
2018,,,,32,nicht gefoerdert,nicht gefoerdert,40,63
2016,,,,9,nicht gefoerdert,nicht gefoerdert,8,63
2017,,,,13,nicht gefoerdert,nicht gefoerdert,8,63
2018,,,,9,nicht gefoerdert,nicht gefoerdert,8,63
2016,4,124,159.8016749427331,,nicht gefoerdert,nicht gefoerdert,29,63
2017,5,118,98.60841657870998,,nicht gefoerdert,nicht gefoerdert,29,63
2018,4,110,61.96542230561415,,nicht gefoerdert,nicht gefoerdert,29,63
2016,,32,0,,nicht gefoerdert,nicht gefoerdert,11,63
2017,,33,,,nicht gefoerdert,nicht gefoerdert,11,63
2018,,30,,,nicht gefoerdert,nicht gefoerdert,11,63
2016,,,,,nicht gefoerdert,nicht gefoerdert,24,63
2017,,,,1,nicht gefoerdert,nicht gefoerdert,24,63
2018,,,,1,nicht gefoerdert,nicht gefoerdert,24,63
2016,3,27,2.801676036049192,,nicht gefoerdert,nicht gefoerdert,34,63
2017,3,32,27.47941431396114,,nicht gefoerdert,nicht gefoerdert,34,63
2018,2,38,49.0550977738246,1,nicht gefoerdert,nicht gefoerdert,34,63
2016,4,395,0,,nicht gefoerdert,nicht gefoerdert,50,103
2017,4,414,0,,nicht gefoerdert,nicht gefoerdert,50,103
2018,4,428,110.228844562537,,nicht gefoerdert,nicht gefoerdert,50,103
2016,11,139,656.9860589300096,5,nicht gefoerdert,nicht gefoerdert,18,103
2017,9,132,364.1463800350895,8,nicht gefoerdert,nicht gefoerdert,18,103
2018,10,157,388.4141237968134,3,nicht gefoerdert,nicht gefoerdert,18,103
2016,3,0,27.00186219536781,5,nicht gefoerdert,nicht gefoerdert,27,103
2017,3,0,42.08600182666977,8,nicht gefoerdert,nicht gefoerdert,27,103
2018,2,0,10.65930740055923,3,nicht gefoerdert,nicht gefoerdert,27,103
2016,7,79,780.4925729745177,14,nicht gefoerdert,nicht gefoerdert,36,103
2017,7,99,563.8051359795589,20,nicht gefoerdert,nicht gefoerdert,36,103
2018,7,96,511.8633040136044,23,nicht gefoerdert,nicht gefoerdert,36,103
2016,8,270,610.1554998014805,14,nicht gefoerdert,nicht gefoerdert,23,103
2017,7,260,579.5434391183888,20,nicht gefoerdert,nicht gefoerdert,23,103
2018,7,281,598.1333899026798,30,nicht gefoerdert,nicht gefoerdert,23,103
2016,,,130.1303486930671,11,nicht gefoerdert,nicht gefoerdert,10,103
2017,,,104.4364154315044,16,nicht gefoerdert,nicht gefoerdert,10,103
2018,,,,16,nicht gefoerdert,nicht gefoerdert,10,103
2016,0,322,0,2,nicht gefoerdert,nicht gefoerdert,3,103
2017,0,296,0,,nicht gefoerdert,nicht gefoerdert,3,103
2018,0,292,,1,nicht gefoerdert,nicht gefoerdert,3,103
2016,8,2,0,,nicht gefoerdert,nicht gefoerdert,4,103
2017,8,2,0,3,nicht gefoerdert,nicht gefoerdert,4,103
2018,8,2,0,,nicht gefoerdert,nicht gefoerdert,4,103
2016,7,228,801.7598014812734,4,nicht gefoerdert,nicht gefoerdert,22,103
2017,8,223,1138.926848861002,6,nicht gefoerdert,nicht gefoerdert,22,103
2018,8,216,847.9585388901627,2,nicht gefoerdert,nicht gefoerdert,22,103
2016,5,84,12.80446913781203,4,nicht gefoerdert,nicht gefoerdert,5,103
2017,6,81,9.05580948101229,6,nicht gefoerdert,nicht gefoerdert,5,103
2018,5,98,20.49369013970347,2,nicht gefoerdert,nicht gefoerdert,5,103
2016,6,69,10.59217914665244,4,nicht gefoerdert,nicht gefoerdert,44,103
2017,6,76,1.849954322264364,6,nicht gefoerdert,nicht gefoerdert,44,103
2018,6,76,75.92172629109182,2,nicht gefoerdert,nicht gefoerdert,44,103
2016,7,23,2.327746740979983,4,nicht gefoerdert,nicht gefoerdert,45,103
2017,7,29,2.287282707971183,6,nicht gefoerdert,nicht gefoerdert,45,103
2018,7,26,2.246523980431749,2,nicht gefoerdert,nicht gefoerdert,45,103
2016,9,280,408.0307319093567,4,nicht gefoerdert,nicht gefoerdert,7,103
2017,8,260,304.2717293862748,6,nicht gefoerdert,nicht gefoerdert,7,103
2018,8,211,519.3711696052387,2,nicht gefoerdert,nicht gefoerdert,7,103
2016,,94,0,3,nicht gefoerdert,nicht gefoerdert,28,103
2017,,105,0,2,nicht gefoerdert,nicht gefoerdert,28,103
2018,,104,0,9,nicht gefoerdert,nicht gefoerdert,28,103
2016,8,347,154.9227126589611,736,nicht gefoerdert,nicht gefoerdert,39,103
2017,5,315,334.8023745049252,619,nicht gefoerdert,nicht gefoerdert,39,103
2018,4,293,295.1096919641764,747,nicht gefoerdert,nicht gefoerdert,39,103
2016,20,3293,325.0642346470445,61,nicht gefoerdert,nicht gefoerdert,17,103
2017,14,3658,331.5635743725771,71,nicht gefoerdert,nicht gefoerdert,17,103
2018,18,3944,247.6208570252379,82,nicht gefoerdert,nicht gefoerdert,17,103
2016,,,,,nicht gefoerdert,nicht gefoerdert,46,103
2017,,,,,nicht gefoerdert,nicht gefoerdert,46,103
2018,,,,,nicht gefoerdert,nicht gefoerdert,46,103
2016,4,186,.7299813588800772,8,nicht gefoerdert,nicht gefoerdert,49,103
2017,4,194,41.49130692655069,5,nicht gefoerdert,nicht gefoerdert,49,103
2018,4,193,89.90589243921742,3,nicht gefoerdert,nicht gefoerdert,49,103
2016,,58,,,nicht gefoerdert,nicht gefoerdert,41,103
2017,,52,,,nicht gefoerdert,nicht gefoerdert,41,103
2018,,63,,,nicht gefoerdert,nicht gefoerdert,41,103
2016,,7,,,nicht gefoerdert,nicht gefoerdert,43,103
2017,,5,,,nicht gefoerdert,nicht gefoerdert,43,103
2018,,2,,,nicht gefoerdert,nicht gefoerdert,43,103
2016,6,596,67.8491645634235,82,nicht gefoerdert,nicht gefoerdert,38,103
2017,6,621,59.16651300403626,94,nicht gefoerdert,nicht gefoerdert,38,103
2018,4,649,82.09067922172021,126,nicht gefoerdert,nicht gefoerdert,38,103
2016,5,451,335.8277333041457,56,nicht gefoerdert,nicht gefoerdert,48,103
2017,5,487,362.9011902532609,62,nicht gefoerdert,nicht gefoerdert,48,103
2018,5,506,247.1958219279148,57,nicht gefoerdert,nicht gefoerdert,48,103
2016,,,,1,nicht gefoerdert,nicht gefoerdert,47,103
2017,,,,2,nicht gefoerdert,nicht gefoerdert,47,103
2018,,,,7,nicht gefoerdert,nicht gefoerdert,47,103
2016,17,1967,605.3659449288474,22,nicht gefoerdert,nicht gefoerdert,42,103
2017,18,2132,418.4775810241957,21,nicht gefoerdert,nicht gefoerdert,42,103
2018,17,2168,804.2807596651475,20,nicht gefoerdert,nicht gefoerdert,42,103
2016,,,,16,nicht gefoerdert,nicht gefoerdert,53,103
2017,,,,28,nicht gefoerdert,nicht gefoerdert,53,103
2018,,,,15,nicht gefoerdert,nicht gefoerdert,53,103
2016,24,2332,357.0549252489137,298,nicht gefoerdert,nicht gefoerdert,56,103
2017,24,2245,483.5004605474241,348,nicht gefoerdert,nicht gefoerdert,56,103
2018,23,2206,351.67355687353,383,nicht gefoerdert,nicht gefoerdert,56,103
2016,,,,,nicht gefoerdert,nicht gefoerdert,54,103
2017,,,,,nicht gefoerdert,nicht gefoerdert,54,103
2018,,,,,nicht gefoerdert,nicht gefoerdert,54,103
2016,,,,,nicht gefoerdert,nicht gefoerdert,33,103
2017,,,,,nicht gefoerdert,nicht gefoerdert,33,103
2018,,,,,nicht gefoerdert,nicht gefoerdert,33,103
2016,8,119,75.21508214517874,350,nicht gefoerdert,nicht gefoerdert,32,103
2017,9,114,12.15004550043478,438,nicht gefoerdert,nicht gefoerdert,32,103
2018,6,102,57.75903102404086,470,nicht gefoerdert,nicht gefoerdert,32,103
2016,7,452,601.2681786567501,116,nicht gefoerdert,nicht gefoerdert,25,103
2017,6,507,331.5370494876581,112,nicht gefoerdert,nicht gefoerdert,25,103
2018,6,569,418.3476846666448,122,nicht gefoerdert,nicht gefoerdert,25,103
2016,21,267,3247.60610318113,4260,nicht gefoerdert,nicht gefoerdert,37,103
2017,21,259,3410.994547791413,4756,nicht gefoerdert,nicht gefoerdert,37,103
2018,20,272,3484.117806605646,4859,nicht gefoerdert,nicht gefoerdert,37,103
2016,19,669,1190.729066556995,6866,nicht gefoerdert,nicht gefoerdert,13,103
2017,18,638,527.5480194952585,6773,nicht gefoerdert,nicht gefoerdert,13,103
2018,18,607,533.6447142039565,7152,nicht gefoerdert,nicht gefoerdert,13,103
2016,15,887,1640.790488121821,280,nicht gefoerdert,nicht gefoerdert,35,103
2017,13,832,1385.370503956026,364,nicht gefoerdert,nicht gefoerdert,35,103
2018,12,811,1394.642964600459,375,nicht gefoerdert,nicht gefoerdert,35,103
2016,36,421,4745.720491817026,9109,nicht gefoerdert,nicht gefoerdert,12,103
2017,30,396,3839.560966517848,10232,nicht gefoerdert,nicht gefoerdert,12,103
2018,30,386,2898.182230184413,11158,nicht gefoerdert,nicht gefoerdert,12,103
2016,8,182,372.6396613667363,1393,nicht gefoerdert,nicht gefoerdert,21,103
2017,8,184,340.3604826536677,1528,nicht gefoerdert,nicht gefoerdert,21,103
2018,7,161,308.4980644310536,1996,nicht gefoerdert,nicht gefoerdert,21,103
2016,4,509,673.8361379448364,62,nicht gefoerdert,nicht gefoerdert,20,103
2017,2,490,378.3028228001388,83,nicht gefoerdert,nicht gefoerdert,20,103
2018,3,529,403.2052300054273,71,nicht gefoerdert,nicht gefoerdert,20,103
2016,,,,,nicht gefoerdert,nicht gefoerdert,1,103
2017,,,,,nicht gefoerdert,nicht gefoerdert,1,103
2018,,,0,,nicht gefoerdert,nicht gefoerdert,1,103
2016,,250,,,nicht gefoerdert,nicht gefoerdert,30,103
2017,,261,,,nicht gefoerdert,nicht gefoerdert,30,103
2018,,248,,,nicht gefoerdert,nicht gefoerdert,30,103
2016,26,599,3108.079054047041,1520,nicht gefoerdert,nicht gefoerdert,2,103
2017,24,611,2342.434588899687,1551,nicht gefoerdert,nicht gefoerdert,2,103
2018,23,630,2704.281981155795,1898,nicht gefoerdert,nicht gefoerdert,2,103
2016,,,,176,nicht gefoerdert,nicht gefoerdert,19,103
2017,,,,187,nicht gefoerdert,nicht gefoerdert,19,103
2018,,,,281,nicht gefoerdert,nicht gefoerdert,19,103
2016,,267,,535,nicht gefoerdert,nicht gefoerdert,16,103
2017,,282,,541,nicht gefoerdert,nicht gefoerdert,16,103
2018,,289,,627,nicht gefoerdert,nicht gefoerdert,16,103
2016,,28,,,nicht gefoerdert,nicht gefoerdert,26,103
2017,,24,,,nicht gefoerdert,nicht gefoerdert,26,103
2018,,26,,,nicht gefoerdert,nicht gefoerdert,26,103
2016,,,,19,nicht gefoerdert,nicht gefoerdert,55,103
2017,,,,31,nicht gefoerdert,nicht gefoerdert,55,103
2018,,,,41,nicht gefoerdert,nicht gefoerdert,55,103
2016,,,,10,nicht gefoerdert,nicht gefoerdert,9,103
2017,,,,15,nicht gefoerdert,nicht gefoerdert,9,103
2018,,,,17,nicht gefoerdert,nicht gefoerdert,9,103
2016,2,0,316.0986873453571,2031,nicht gefoerdert,nicht gefoerdert,31,103
2017,0,0,200.963403349914,2050,nicht gefoerdert,nicht gefoerdert,31,103
2018,0,0,85.54943352029161,2338,nicht gefoerdert,nicht gefoerdert,31,103
2016,,,,63,nicht gefoerdert,nicht gefoerdert,15,103
2017,,,,95,nicht gefoerdert,nicht gefoerdert,15,103
2018,,,,98,nicht gefoerdert,nicht gefoerdert,15,103
2016,,,,7,nicht gefoerdert,nicht gefoerdert,51,103
2017,,,,7,nicht gefoerdert,nicht gefoerdert,51,103
2018,,,,11,nicht gefoerdert,nicht gefoerdert,51,103
2016,,,,,nicht gefoerdert,nicht gefoerdert,6,103
2017,,,,,nicht gefoerdert,nicht gefoerdert,6,103
2018,,,,2,nicht gefoerdert,nicht gefoerdert,6,103
2016,,,,21,nicht gefoerdert,nicht gefoerdert,40,103
2017,,,,38,nicht gefoerdert,nicht gefoerdert,40,103
2018,,,,58,nicht gefoerdert,nicht gefoerdert,40,103
2016,,,,20,nicht gefoerdert,nicht gefoerdert,8,103
2017,,,,35,nicht gefoerdert,nicht gefoerdert,8,103
2018,,,,37,nicht gefoerdert,nicht gefoerdert,8,103
2016,8,229,386.1880737242369,,nicht gefoerdert,nicht gefoerdert,29,103
2017,8,198,452.8069526353705,,nicht gefoerdert,nicht gefoerdert,29,103
2018,6,200,447.4904921310106,,nicht gefoerdert,nicht gefoerdert,29,103
2016,,,,,nicht gefoerdert,nicht gefoerdert,11,103
2017,,,,,nicht gefoerdert,nicht gefoerdert,11,103
2018,,,,,nicht gefoerdert,nicht gefoerdert,11,103
2016,,,,12,nicht gefoerdert,nicht gefoerdert,24,103
2017,,,,18,nicht gefoerdert,nicht gefoerdert,24,103
2018,,,,15,nicht gefoerdert,nicht gefoerdert,24,103
2016,,,,,nicht gefoerdert,nicht gefoerdert,14,103
2017,,,,,nicht gefoerdert,nicht gefoerdert,14,103
2018,,,,1,nicht gefoerdert,nicht gefoerdert,14,103
2016,10,206,447.3026211365818,,nicht gefoerdert,nicht gefoerdert,34,103
2017,9,219,432.5086867277694,1,nicht gefoerdert,nicht gefoerdert,34,103
2018,10,218,352.0114404424131,4,nicht gefoerdert,nicht gefoerdert,34,103
2016,,667,,,nicht gefoerdert,nicht gefoerdert,50,79
2017,,638,,,nicht gefoerdert,nicht gefoerdert,50,79
2018,,614,,,nicht gefoerdert,nicht gefoerdert,50,79
2016,,,,,nicht gefoerdert,nicht gefoerdert,18,79
2017,,,,,nicht gefoerdert,nicht gefoerdert,18,79
2018,,,,1,nicht gefoerdert,nicht gefoerdert,18,79
2016,,,,,nicht gefoerdert,nicht gefoerdert,27,79
2017,,,,,nicht gefoerdert,nicht gefoerdert,27,79
2018,,,,1,nicht gefoerdert,nicht gefoerdert,27,79
2016,4,233,3.698323913737279,17,nicht gefoerdert,nicht gefoerdert,36,79
2017,5,233,22.33119940001313,24,nicht gefoerdert,nicht gefoerdert,36,79
2018,4,218,1.598626503896353,39,nicht gefoerdert,nicht gefoerdert,36,79
2016,4,69,208.2346342417223,4,nicht gefoerdert,nicht gefoerdert,23,79
2017,3,38,127.8462876680335,,nicht gefoerdert,nicht gefoerdert,23,79
2018,2,16,27.93148211804435,2,nicht gefoerdert,nicht gefoerdert,23,79
2016,,,,18,nicht gefoerdert,nicht gefoerdert,10,79
2017,,,,12,nicht gefoerdert,nicht gefoerdert,10,79
2018,,,,15,nicht gefoerdert,nicht gefoerdert,10,79
2016,,,,1,nicht gefoerdert,nicht gefoerdert,3,79
2017,,,,1,nicht gefoerdert,nicht gefoerdert,3,79
2018,,,,,nicht gefoerdert,nicht gefoerdert,3,79
2016,4,189,13.73277429658839,8,nicht gefoerdert,nicht gefoerdert,22,79
2017,3,189,.756633139865037,9,nicht gefoerdert,nicht gefoerdert,22,79
2018,3,162,9.319480340945255,10,nicht gefoerdert,nicht gefoerdert,22,79
2016,3,33,0,8,nicht gefoerdert,nicht gefoerdert,5,79
2017,2,18,0,9,nicht gefoerdert,nicht gefoerdert,5,79
2018,2,4,0,10,nicht gefoerdert,nicht gefoerdert,5,79
2016,,,,8,nicht gefoerdert,nicht gefoerdert,44,79
2017,,,,9,nicht gefoerdert,nicht gefoerdert,44,79
2018,,,,10,nicht gefoerdert,nicht gefoerdert,44,79
2016,1,,50.53258785387384,8,nicht gefoerdert,nicht gefoerdert,45,79
2017,1,,-6.21225979994857,9,nicht gefoerdert,nicht gefoerdert,45,79
2018,1,,27.00321755920491,10,nicht gefoerdert,nicht gefoerdert,45,79
2016,,,,8,nicht gefoerdert,nicht gefoerdert,7,79
2017,,,,9,nicht gefoerdert,nicht gefoerdert,7,79
2018,,,,10,nicht gefoerdert,nicht gefoerdert,7,79
2016,,,,3,nicht gefoerdert,nicht gefoerdert,28,79
2017,,,,,nicht gefoerdert,nicht gefoerdert,28,79
2018,,,,1,nicht gefoerdert,nicht gefoerdert,28,79
2016,8,423,1363.421733050677,2498,nicht gefoerdert,nicht gefoerdert,39,79
2017,7,443,677.4601914019019,2701,nicht gefoerdert,nicht gefoerdert,39,79
2018,8,462,520.0541216707743,2551,nicht gefoerdert,nicht gefoerdert,39,79
2016,13,678,1075.755085500383,49,nicht gefoerdert,nicht gefoerdert,17,79
2017,10,631,889.1344689263399,76,nicht gefoerdert,nicht gefoerdert,17,79
2018,11,599,1790.765364111575,78,nicht gefoerdert,nicht gefoerdert,17,79
2016,,,,,nicht gefoerdert,nicht gefoerdert,46,79
2017,,,,,nicht gefoerdert,nicht gefoerdert,46,79
2018,,,,,nicht gefoerdert,nicht gefoerdert,46,79
2016,4,452,374.6229061364317,13,nicht gefoerdert,nicht gefoerdert,49,79
2017,4,450,297.8197605366901,37,nicht gefoerdert,nicht gefoerdert,49,79
2018,4,391,391.098270209859,80,nicht gefoerdert,nicht gefoerdert,49,79
2016,,2,,,nicht gefoerdert,nicht gefoerdert,41,79
2017,,52,,,nicht gefoerdert,nicht gefoerdert,41,79
2018,,96,,,nicht gefoerdert,nicht gefoerdert,41,79
2016,3,98,66.72532775492131,65,nicht gefoerdert,nicht gefoerdert,38,79
2017,3,88,123.7822564844551,71,nicht gefoerdert,nicht gefoerdert,38,79
2018,4,91,132.3714893370228,120,nicht gefoerdert,nicht gefoerdert,38,79
2016,4,605,350.1787806981753,34,nicht gefoerdert,nicht gefoerdert,48,79
2017,4,612,587.4382500238466,42,nicht gefoerdert,nicht gefoerdert,48,79
2018,5,552,651.0696341433388,66,nicht gefoerdert,nicht gefoerdert,48,79
2016,,,,,nicht gefoerdert,nicht gefoerdert,47,79
2017,,,,6,nicht gefoerdert,nicht gefoerdert,47,79
2018,,,,4,nicht gefoerdert,nicht gefoerdert,47,79
2016,1,,,8,nicht gefoerdert,nicht gefoerdert,42,79
2017,1,,,8,nicht gefoerdert,nicht gefoerdert,42,79
2018,1,,,12,nicht gefoerdert,nicht gefoerdert,42,79
2016,,,,14,nicht gefoerdert,nicht gefoerdert,53,79
2017,,,,8,nicht gefoerdert,nicht gefoerdert,53,79
2018,,,,20,nicht gefoerdert,nicht gefoerdert,53,79
2016,24,2715,197.3379834700185,881,nicht gefoerdert,nicht gefoerdert,56,79
2017,24,2556,387.589212931247,783,nicht gefoerdert,nicht gefoerdert,56,79
2018,24,2645,628.3213301236158,996,nicht gefoerdert,nicht gefoerdert,56,79
2016,,,,,nicht gefoerdert,nicht gefoerdert,54,79
2017,,,,,nicht gefoerdert,nicht gefoerdert,54,79
2018,,,,,nicht gefoerdert,nicht gefoerdert,54,79
2016,,32,,,nicht gefoerdert,nicht gefoerdert,33,79
2017,,48,,,nicht gefoerdert,nicht gefoerdert,33,79
2018,,63,,,nicht gefoerdert,nicht gefoerdert,33,79
2016,14,210,686.8687350363577,701,nicht gefoerdert,nicht gefoerdert,32,79
2017,14,220,1247.810663825961,723,nicht gefoerdert,nicht gefoerdert,32,79
2018,14,265,2377.965378126677,759,nicht gefoerdert,nicht gefoerdert,32,79
2016,19,1256,4896.302519418629,546,nicht gefoerdert,nicht gefoerdert,25,79
2017,18,1363,4478.944043436959,589,nicht gefoerdert,nicht gefoerdert,25,79
2018,19,1514,5252.598596195901,732,nicht gefoerdert,nicht gefoerdert,25,79
2016,8,64,1910.965505559659,2445,nicht gefoerdert,nicht gefoerdert,37,79
2017,8,56,1279.902089015114,2535,nicht gefoerdert,nicht gefoerdert,37,79
2018,8,71,1157.286956099579,2792,nicht gefoerdert,nicht gefoerdert,37,79
2016,4,0,634.0307025682537,1835,nicht gefoerdert,nicht gefoerdert,13,79
2017,4,0,506.5727547617276,1946,nicht gefoerdert,nicht gefoerdert,13,79
2018,4,0,384.169092960938,1940,nicht gefoerdert,nicht gefoerdert,13,79
2016,,,,203,nicht gefoerdert,nicht gefoerdert,35,79
2017,,,,259,nicht gefoerdert,nicht gefoerdert,35,79
2018,,,,260,nicht gefoerdert,nicht gefoerdert,35,79
2016,6,52,1501.895726835392,3365,nicht gefoerdert,nicht gefoerdert,12,79
2017,6,56,1341.201265588742,3560,nicht gefoerdert,nicht gefoerdert,12,79
2018,6,55,1623.064104069205,3842,nicht gefoerdert,nicht gefoerdert,12,79
2016,,,,157,nicht gefoerdert,nicht gefoerdert,21,79
2017,,,,205,nicht gefoerdert,nicht gefoerdert,21,79
2018,,,,408,nicht gefoerdert,nicht gefoerdert,21,79
2016,,,,6,nicht gefoerdert,nicht gefoerdert,20,79
2017,,,,12,nicht gefoerdert,nicht gefoerdert,20,79
2018,,,,7,nicht gefoerdert,nicht gefoerdert,20,79
2016,,,,154,nicht gefoerdert,nicht gefoerdert,2,79
2017,,,,172,nicht gefoerdert,nicht gefoerdert,2,79
2018,,,,218,nicht gefoerdert,nicht gefoerdert,2,79
2016,,,,6,nicht gefoerdert,nicht gefoerdert,19,79
2017,,,,8,nicht gefoerdert,nicht gefoerdert,19,79
2018,,,,12,nicht gefoerdert,nicht gefoerdert,19,79
2016,,,,187,nicht gefoerdert,nicht gefoerdert,16,79
2017,,,,203,nicht gefoerdert,nicht gefoerdert,16,79
2018,,,,236,nicht gefoerdert,nicht gefoerdert,16,79
2016,,1222,,,nicht gefoerdert,nicht gefoerdert,26,79
2017,,1159,,,nicht gefoerdert,nicht gefoerdert,26,79
2018,,1152,,,nicht gefoerdert,nicht gefoerdert,26,79
2016,,1161,,19,nicht gefoerdert,nicht gefoerdert,55,79
2017,,1003,,30,nicht gefoerdert,nicht gefoerdert,55,79
2018,,885,,49,nicht gefoerdert,nicht gefoerdert,55,79
2016,,,,28,nicht gefoerdert,nicht gefoerdert,9,79
2017,,,,28,nicht gefoerdert,nicht gefoerdert,9,79
2018,,,,30,nicht gefoerdert,nicht gefoerdert,9,79
2016,25,785,13704.44526782693,2295,nicht gefoerdert,nicht gefoerdert,31,79
2017,21,807,12321.57854579365,2621,nicht gefoerdert,nicht gefoerdert,31,79
2018,23,845,13075.01089193099,2891,nicht gefoerdert,nicht gefoerdert,31,79
2016,17,544,6874.569002626871,254,nicht gefoerdert,nicht gefoerdert,15,79
2017,19,583,8804.885849636992,224,nicht gefoerdert,nicht gefoerdert,15,79
2018,17,646,6392.690648973771,387,nicht gefoerdert,nicht gefoerdert,15,79
2016,,,,14,nicht gefoerdert,nicht gefoerdert,51,79
2017,,,,31,nicht gefoerdert,nicht gefoerdert,51,79
2018,0,,,21,nicht gefoerdert,nicht gefoerdert,51,79
2016,,,,,nicht gefoerdert,nicht gefoerdert,6,79
2017,,,,2,nicht gefoerdert,nicht gefoerdert,6,79
2018,,,,,nicht gefoerdert,nicht gefoerdert,6,79
2016,,,,6,nicht gefoerdert,nicht gefoerdert,40,79
2017,,,,14,nicht gefoerdert,nicht gefoerdert,40,79
2018,,,,18,nicht gefoerdert,nicht gefoerdert,40,79
2016,,15,,24,nicht gefoerdert,nicht gefoerdert,8,79
2017,,14,,31,nicht gefoerdert,nicht gefoerdert,8,79
2018,,13,,36,nicht gefoerdert,nicht gefoerdert,8,79
2016,,,,,nicht gefoerdert,nicht gefoerdert,29,79
2017,,,,,nicht gefoerdert,nicht gefoerdert,29,79
2018,,,,,nicht gefoerdert,nicht gefoerdert,29,79
2016,,,,,nicht gefoerdert,nicht gefoerdert,11,79
2017,,,,,nicht gefoerdert,nicht gefoerdert,11,79
2018,,,,,nicht gefoerdert,nicht gefoerdert,11,79
2016,,,,14,nicht gefoerdert,nicht gefoerdert,24,79
2017,,,,17,nicht gefoerdert,nicht gefoerdert,24,79
2018,,,,23,nicht gefoerdert,nicht gefoerdert,24,79
2016,,,,,nicht gefoerdert,nicht gefoerdert,14,79
2017,,,,,nicht gefoerdert,nicht gefoerdert,14,79
2018,,,,,nicht gefoerdert,nicht gefoerdert,14,79
2016,,,,1,nicht gefoerdert,nicht gefoerdert,34,79
2017,,,,,nicht gefoerdert,nicht gefoerdert,34,79
2018,,,,,nicht gefoerdert,nicht gefoerdert,34,79
2016,0,,.2793296200171594,,gefoerdert,nicht gefoerdert,50,109
2017,0,,1.37236962478271,,gefoerdert,nicht gefoerdert,50,109
2018,0,,0,,gefoerdert,nicht gefoerdert,50,109
2016,10,642,266.8491697200063,9,gefoerdert,nicht gefoerdert,18,109
2017,11,699,148.8490405586201,3,gefoerdert,nicht gefoerdert,18,109
2018,11,615,255.5519751939473,4,gefoerdert,nicht gefoerdert,18,109
2016,,,,9,gefoerdert,nicht gefoerdert,27,109
2017,,,,3,gefoerdert,nicht gefoerdert,27,109
2018,,,,4,gefoerdert,nicht gefoerdert,27,109
2016,10,448,1132.120086187206,39,gefoerdert,nicht gefoerdert,36,109
2017,9,444,1017.91395788769,40,gefoerdert,nicht gefoerdert,36,109
2018,9,432,1005.669952147381,42,gefoerdert,nicht gefoerdert,36,109
2016,11,777,325.9813816387268,29,gefoerdert,nicht gefoerdert,23,109
2017,12,801,761.7429294695457,38,gefoerdert,nicht gefoerdert,23,109
2018,9,746,1135.223414089029,38,gefoerdert,nicht gefoerdert,23,109
2016,,,0,46,gefoerdert,nicht gefoerdert,10,109
2017,,,0,69,gefoerdert,nicht gefoerdert,10,109
2018,,,0,59,gefoerdert,nicht gefoerdert,10,109
2016,12,530,1560.223513580319,2,gefoerdert,nicht gefoerdert,3,109
2017,12,523,1254.20589734275,3,gefoerdert,nicht gefoerdert,3,109
2018,13,519,1321.392790531275,4,gefoerdert,nicht gefoerdert,3,109
2016,3,60,52.14152699795162,,gefoerdert,nicht gefoerdert,4,109
2017,3,56,41.63586405924335,,gefoerdert,nicht gefoerdert,4,109
2018,3,59,126.315747009693,3,gefoerdert,nicht gefoerdert,4,109
2016,15,1312,966.6350237869073,47,gefoerdert,nicht gefoerdert,22,109
2017,16,1359,1192.186695787761,69,gefoerdert,nicht gefoerdert,22,109
2018,16,1443,1295.608991645903,80,gefoerdert,nicht gefoerdert,22,109
2016,9,946,122.8519489331163,47,gefoerdert,nicht gefoerdert,5,109
2017,8,990,548.0896721626909,69,gefoerdert,nicht gefoerdert,5,109
2018,8,998,186.0247729150395,80,gefoerdert,nicht gefoerdert,5,109
2016,5,456,119.5121068882594,47,gefoerdert,nicht gefoerdert,44,109
2017,6,463,141.1811570238781,69,gefoerdert,nicht gefoerdert,44,109
2018,5,446,264.1292158175266,80,gefoerdert,nicht gefoerdert,44,109
2016,6,212,200.1182513379941,47,gefoerdert,nicht gefoerdert,45,109
2017,6,237,275.3174721388323,69,gefoerdert,nicht gefoerdert,45,109
2018,6,219,248.315491454246,80,gefoerdert,nicht gefoerdert,45,109
2016,13,993,1346.013983655742,47,gefoerdert,nicht gefoerdert,7,109
2017,14,954,2076.776753904172,69,gefoerdert,nicht gefoerdert,7,109
2018,14,826,3099.861726656598,80,gefoerdert,nicht gefoerdert,7,109
2016,5,556,679.7737675162313,4,gefoerdert,nicht gefoerdert,28,109
2017,4,570,1060.617570719003,6,gefoerdert,nicht gefoerdert,28,109
2018,4,562,1364.754323240881,7,gefoerdert,nicht gefoerdert,28,109
2016,14,452,810.7365158297041,2831,gefoerdert,nicht gefoerdert,39,109
2017,10,434,932.2506972832674,3100,gefoerdert,nicht gefoerdert,39,109
2018,10,441,1317.134267388291,3205,gefoerdert,nicht gefoerdert,39,109
2016,18,2316,689.2579147418642,83,gefoerdert,nicht gefoerdert,17,109
2017,22,2526,1549.480357843535,97,gefoerdert,nicht gefoerdert,17,109
2018,24,2591,3590.542931210666,91,gefoerdert,nicht gefoerdert,17,109
2016,,,,,gefoerdert,nicht gefoerdert,46,109
2017,,,,,gefoerdert,nicht gefoerdert,46,109
2018,,,,,gefoerdert,nicht gefoerdert,46,109
2016,12,1115,1751.727169765037,9,gefoerdert,nicht gefoerdert,49,109
2017,10,1155,1558.475700184752,5,gefoerdert,nicht gefoerdert,49,109
2018,11,1164,2442.448733688045,7,gefoerdert,nicht gefoerdert,49,109
2016,13,822,532.170414662718,,gefoerdert,nicht gefoerdert,41,109
2017,13,769,667.1628401832666,,gefoerdert,nicht gefoerdert,41,109
2018,13,776,690.1995734774014,,gefoerdert,nicht gefoerdert,41,109
2016,,,,,gefoerdert,nicht gefoerdert,43,109
2017,,,,,gefoerdert,nicht gefoerdert,43,109
2018,,,,,gefoerdert,nicht gefoerdert,43,109
2016,4,279,170.593105424131,99,gefoerdert,nicht gefoerdert,38,109
2017,4,269,171.8060352863199,101,gefoerdert,nicht gefoerdert,38,109
2018,4,277,484.8205522120498,104,gefoerdert,nicht gefoerdert,38,109
2016,6,546,2666.231805185859,131,gefoerdert,nicht gefoerdert,48,109
2017,5,555,4024.766536037352,143,gefoerdert,nicht gefoerdert,48,109
2018,6,580,2917.990253343126,143,gefoerdert,nicht gefoerdert,48,109
2016,,,,12,gefoerdert,nicht gefoerdert,47,109
2017,,,,17,gefoerdert,nicht gefoerdert,47,109
2018,,,,22,gefoerdert,nicht gefoerdert,47,109
2016,19,2444,98.63407695463843,49,gefoerdert,nicht gefoerdert,42,109
2017,23,2510,127.0420810782179,42,gefoerdert,nicht gefoerdert,42,109
2018,25,2577,178.2005785378305,69,gefoerdert,nicht gefoerdert,42,109
2016,,,,29,gefoerdert,nicht gefoerdert,53,109
2017,,,,27,gefoerdert,nicht gefoerdert,53,109
2018,,,,25,gefoerdert,nicht gefoerdert,53,109
2016,23,1586,3364.346466664576,298,gefoerdert,nicht gefoerdert,56,109
2017,25,1537,3281.257147512373,282,gefoerdert,nicht gefoerdert,56,109
2018,26,1512,4416.021147432873,430,gefoerdert,nicht gefoerdert,56,109
2016,,0,,,gefoerdert,nicht gefoerdert,54,109
2017,,0,,,gefoerdert,nicht gefoerdert,54,109
2018,,0,,,gefoerdert,nicht gefoerdert,54,109
2016,0,,23.05772806062157,,gefoerdert,nicht gefoerdert,33,109
2017,0,,154.2836265064342,,gefoerdert,nicht gefoerdert,33,109
2018,0,,310.410297306487,,gefoerdert,nicht gefoerdert,33,109
2016,17,865,358.2150762704892,475,gefoerdert,nicht gefoerdert,32,109
2017,19,911,903.7676057547827,513,gefoerdert,nicht gefoerdert,32,109
2018,18,945,847.9262341385887,578,gefoerdert,nicht gefoerdert,32,109
2016,12,1297,4684.078393794415,500,gefoerdert,nicht gefoerdert,25,109
2017,12,1509,3712.7373946495,562,gefoerdert,nicht gefoerdert,25,109
2018,15,1429,4039.311983980589,650,gefoerdert,nicht gefoerdert,25,109
2016,14,643,4071.063107091089,5686,gefoerdert,nicht gefoerdert,37,109
2017,14,660,4947.236140125305,6444,gefoerdert,nicht gefoerdert,37,109
2018,15,677,4830.145904514719,6823,gefoerdert,nicht gefoerdert,37,109
2016,19,890,4815.587446537112,7001,gefoerdert,nicht gefoerdert,13,109
2017,19,925,5321.170230616473,7376,gefoerdert,nicht gefoerdert,13,109
2018,19,963,5438.832801528403,7737,gefoerdert,nicht gefoerdert,13,109
2016,4,190,116.3202992499433,447,gefoerdert,nicht gefoerdert,35,109
2017,,202,419.3998093914356,497,gefoerdert,nicht gefoerdert,35,109
2018,,225,27.52710711598192,699,gefoerdert,nicht gefoerdert,35,109
2016,17,494,4027.315562139761,10138,gefoerdert,nicht gefoerdert,12,109
2017,17,525,4512.368748946803,11329,gefoerdert,nicht gefoerdert,12,109
2018,17,593,7163.590618149506,12451,gefoerdert,nicht gefoerdert,12,109
2016,12,212,3951.486938862161,1671,gefoerdert,nicht gefoerdert,21,109
2017,11,211,4742.681588448057,2081,gefoerdert,nicht gefoerdert,21,109
2018,12,219,6937.86892734455,2629,gefoerdert,nicht gefoerdert,21,109
2016,8,357,474.9897649256046,62,gefoerdert,nicht gefoerdert,20,109
2017,7,362,499.7712716917036,77,gefoerdert,nicht gefoerdert,20,109
2018,6,360,764.4193288680228,69,gefoerdert,nicht gefoerdert,20,109
2016,,,,,gefoerdert,nicht gefoerdert,30,109
2017,,,,,gefoerdert,nicht gefoerdert,30,109
2018,,,,,gefoerdert,nicht gefoerdert,30,109
2016,,,,763,gefoerdert,nicht gefoerdert,2,109
2017,,,,910,gefoerdert,nicht gefoerdert,2,109
2018,,,,997,gefoerdert,nicht gefoerdert,2,109
2016,,,,121,gefoerdert,nicht gefoerdert,19,109
2017,,,,200,gefoerdert,nicht gefoerdert,19,109
2018,,,,281,gefoerdert,nicht gefoerdert,19,109
2016,,,,905,gefoerdert,nicht gefoerdert,16,109
2017,,,,1020,gefoerdert,nicht gefoerdert,16,109
2018,,,,1127,gefoerdert,nicht gefoerdert,16,109
2016,,,,20,gefoerdert,nicht gefoerdert,55,109
2017,,,,20,gefoerdert,nicht gefoerdert,55,109
2018,,,,35,gefoerdert,nicht gefoerdert,55,109
2016,,,,11,gefoerdert,nicht gefoerdert,9,109
2017,,,,16,gefoerdert,nicht gefoerdert,9,109
2018,,,,14,gefoerdert,nicht gefoerdert,9,109
2016,,,,2217,gefoerdert,nicht gefoerdert,31,109
2017,,,,2498,gefoerdert,nicht gefoerdert,31,109
2018,,,,2680,gefoerdert,nicht gefoerdert,31,109
2016,,,,143,gefoerdert,nicht gefoerdert,15,109
2017,,,,160,gefoerdert,nicht gefoerdert,15,109
2018,,,,214,gefoerdert,nicht gefoerdert,15,109
2016,,,,11,gefoerdert,nicht gefoerdert,51,109
2017,,,,19,gefoerdert,nicht gefoerdert,51,109
2018,,,,13,gefoerdert,nicht gefoerdert,51,109
2016,1,,18.72439535274053,22,gefoerdert,nicht gefoerdert,40,109
2017,,,,18,gefoerdert,nicht gefoerdert,40,109
2018,,,,39,gefoerdert,nicht gefoerdert,40,109
2016,1,12,34.74860306520042,45,gefoerdert,nicht gefoerdert,8,109
2017,1,10,8.558097063907775,51,gefoerdert,nicht gefoerdert,8,109
2018,1,10,0,58,gefoerdert,nicht gefoerdert,8,109
2016,6,436,17.31377962007438,,gefoerdert,nicht gefoerdert,29,109
2017,6,438,2.74473924956542,,gefoerdert,nicht gefoerdert,29,109
2018,6,445,20.3804658247107,2,gefoerdert,nicht gefoerdert,29,109
2016,,,122.2960828977108,,gefoerdert,nicht gefoerdert,11,109
2017,,,5.946935040725077,,gefoerdert,nicht gefoerdert,11,109
2018,,,27.80657543957912,2,gefoerdert,nicht gefoerdert,11,109
2016,,80,,5,gefoerdert,nicht gefoerdert,24,109
2017,,87,,11,gefoerdert,nicht gefoerdert,24,109
2018,,76,,2,gefoerdert,nicht gefoerdert,24,109
2016,4,211,245.8473077515075,,gefoerdert,nicht gefoerdert,14,109
2017,3,211,381.2671601759029,,gefoerdert,nicht gefoerdert,14,109
2018,3,207,506.9964204216222,1,gefoerdert,nicht gefoerdert,14,109
2016,3,165,47.56704077905552,1,gefoerdert,nicht gefoerdert,34,109
2017,3,159,0,3,gefoerdert,nicht gefoerdert,34,109
2018,2,157,125.3290809172619,2,gefoerdert,nicht gefoerdert,34,109
2016,0,999,255.1350229309931,,gefoerdert,in 3 Linien gefoerdert,50,91
2017,0,892,496.3595572306145,,gefoerdert,in 3 Linien gefoerdert,50,91
2018,0,803,479.7505710053327,,gefoerdert,in 3 Linien gefoerdert,50,91
2016,3,47,0,,gefoerdert,in 3 Linien gefoerdert,18,91
2017,3,59,11.16193944039355,3,gefoerdert,in 3 Linien gefoerdert,18,91
2018,3,47,.859070743550693,,gefoerdert,in 3 Linien gefoerdert,18,91
2016,3,15,23.34916169685837,,gefoerdert,in 3 Linien gefoerdert,27,91
2017,3,11,61.029278889343,3,gefoerdert,in 3 Linien gefoerdert,27,91
2018,3,10,78.30573742943244,,gefoerdert,in 3 Linien gefoerdert,27,91
2016,4,149,307.7299945394496,22,gefoerdert,in 3 Linien gefoerdert,36,91
2017,4,146,192.7511454138376,46,gefoerdert,in 3 Linien gefoerdert,36,91
2018,4,113,132.9897222058565,42,gefoerdert,in 3 Linien gefoerdert,36,91
2016,9,225,445.0065285688129,26,gefoerdert,in 3 Linien gefoerdert,23,91
2017,10,220,1013.482124273544,33,gefoerdert,in 3 Linien gefoerdert,23,91
2018,10,243,1953.20078510704,24,gefoerdert,in 3 Linien gefoerdert,23,91
2016,,,,37,gefoerdert,in 3 Linien gefoerdert,10,91
2017,,,,48,gefoerdert,in 3 Linien gefoerdert,10,91
2018,,,,52,gefoerdert,in 3 Linien gefoerdert,10,91
2016,1,0,109.3752344145339,2,gefoerdert,in 3 Linien gefoerdert,3,91
2017,1,0,218.9460188831462,1,gefoerdert,in 3 Linien gefoerdert,3,91
2018,1,0,153.821295914443,3,gefoerdert,in 3 Linien gefoerdert,3,91
2016,2,5,0,,gefoerdert,in 3 Linien gefoerdert,4,91
2017,2,3,78.1335787003422,,gefoerdert,in 3 Linien gefoerdert,4,91
2018,2,3,10.33401030998604,1,gefoerdert,in 3 Linien gefoerdert,4,91
2016,7,36,529.4776504091083,3,gefoerdert,in 3 Linien gefoerdert,22,91
2017,6,12,416.4894710971805,14,gefoerdert,in 3 Linien gefoerdert,22,91
2018,6,5,179.3984184328899,20,gefoerdert,in 3 Linien gefoerdert,22,91
2016,6,21,118.2076367053381,3,gefoerdert,in 3 Linien gefoerdert,5,91
2017,6,13,59.98993617495246,14,gefoerdert,in 3 Linien gefoerdert,5,91
2018,6,7,16.36997009048502,20,gefoerdert,in 3 Linien gefoerdert,5,91
2016,5,4,108.2411540427978,3,gefoerdert,in 3 Linien gefoerdert,44,91
2017,4,4,88.56175344349165,14,gefoerdert,in 3 Linien gefoerdert,44,91
2018,5,1,125.5330697921208,20,gefoerdert,in 3 Linien gefoerdert,44,91
2016,3,3,122.5893812602644,3,gefoerdert,in 3 Linien gefoerdert,45,91
2017,3,2,703.5965286383337,14,gefoerdert,in 3 Linien gefoerdert,45,91
2018,3,1,64.50759098089502,20,gefoerdert,in 3 Linien gefoerdert,45,91
2016,,,,3,gefoerdert,in 3 Linien gefoerdert,7,91
2017,,,,14,gefoerdert,in 3 Linien gefoerdert,7,91
2018,,,,20,gefoerdert,in 3 Linien gefoerdert,7,91
2016,,,,6,gefoerdert,in 3 Linien gefoerdert,28,91
2017,,,,4,gefoerdert,in 3 Linien gefoerdert,28,91
2018,,,,6,gefoerdert,in 3 Linien gefoerdert,28,91
2016,15,893,4863.231694089405,2897,gefoerdert,in 3 Linien gefoerdert,39,91
2017,18,854,5948.446344904972,3522,gefoerdert,in 3 Linien gefoerdert,39,91
2018,18,877,6153.035244199561,3471,gefoerdert,in 3 Linien gefoerdert,39,91
2016,18,3241,1322.163899640422,103,gefoerdert,in 3 Linien gefoerdert,17,91
2017,19,3364,2691.313775673041,120,gefoerdert,in 3 Linien gefoerdert,17,91
2018,18,3522,3878.275704262976,133,gefoerdert,in 3 Linien gefoerdert,17,91
2016,,,,8,gefoerdert,in 3 Linien gefoerdert,49,91
2017,,,,14,gefoerdert,in 3 Linien gefoerdert,49,91
2018,,,,9,gefoerdert,in 3 Linien gefoerdert,49,91
2016,3,298,330.5400372191577,,gefoerdert,in 3 Linien gefoerdert,41,91
2017,3,266,351.3805951049512,,gefoerdert,in 3 Linien gefoerdert,41,91
2018,3,276,566.0826885990435,,gefoerdert,in 3 Linien gefoerdert,41,91
2016,5,310,292.1955243394101,215,gefoerdert,in 3 Linien gefoerdert,38,91
2017,7,292,604.4775568865612,248,gefoerdert,in 3 Linien gefoerdert,38,91
2018,6,290,1427.524046105847,322,gefoerdert,in 3 Linien gefoerdert,38,91
2016,5,399,443.9441247248371,102,gefoerdert,in 3 Linien gefoerdert,48,91
2017,5,392,116.2342165679173,94,gefoerdert,in 3 Linien gefoerdert,48,91
2018,5,376,41.61011743979073,108,gefoerdert,in 3 Linien gefoerdert,48,91
2016,4,364,76.10707486681153,16,gefoerdert,in 3 Linien gefoerdert,47,91
2017,3,351,58.28911169230969,8,gefoerdert,in 3 Linien gefoerdert,47,91
2018,3,322,130.4143095279477,11,gefoerdert,in 3 Linien gefoerdert,47,91
2016,12,878,94.16014743432613,60,gefoerdert,in 3 Linien gefoerdert,42,91
2017,10,586,135.8408042198556,58,gefoerdert,in 3 Linien gefoerdert,42,91
2018,10,354,190.5160109322664,103,gefoerdert,in 3 Linien gefoerdert,42,91
2016,,,,22,gefoerdert,in 3 Linien gefoerdert,53,91
2017,,,,34,gefoerdert,in 3 Linien gefoerdert,53,91
2018,,,,39,gefoerdert,in 3 Linien gefoerdert,53,91
2016,34,2170,2484.986942609252,772,gefoerdert,in 3 Linien gefoerdert,56,91
2017,31,2006,3789.410952940868,846,gefoerdert,in 3 Linien gefoerdert,56,91
2018,29,1906,3601.760194015302,1018,gefoerdert,in 3 Linien gefoerdert,56,91
2016,,759,,,gefoerdert,in 3 Linien gefoerdert,54,91
2017,,748,,,gefoerdert,in 3 Linien gefoerdert,54,91
2018,,740,,,gefoerdert,in 3 Linien gefoerdert,54,91
2016,0,61,191.6266357732795,,gefoerdert,in 3 Linien gefoerdert,33,91
2017,0,41,195.0173896999282,,gefoerdert,in 3 Linien gefoerdert,33,91
2018,0,38,385.7694944864998,,gefoerdert,in 3 Linien gefoerdert,33,91
2016,23,289,2233.633257877754,832,gefoerdert,in 3 Linien gefoerdert,32,91
2017,23,278,1426.68164409188,830,gefoerdert,in 3 Linien gefoerdert,32,91
2018,24,274,1682.316722520861,1138,gefoerdert,in 3 Linien gefoerdert,32,91
2016,25,1542,13868.66961895521,540,gefoerdert,in 3 Linien gefoerdert,25,91
2017,26,1553,12634.3984079614,726,gefoerdert,in 3 Linien gefoerdert,25,91
2018,25,1698,13455.99503255931,831,gefoerdert,in 3 Linien gefoerdert,25,91
2016,27,582,9858.791244023168,21072,gefoerdert,in 3 Linien gefoerdert,37,91
2017,30,547,10084.32121236126,22731,gefoerdert,in 3 Linien gefoerdert,37,91
2018,30,519,10434.27899358141,26388,gefoerdert,in 3 Linien gefoerdert,37,91
2016,22,599,7451.020479975397,13943,gefoerdert,in 3 Linien gefoerdert,13,91
2017,21,549,7583.80210659042,15510,gefoerdert,in 3 Linien gefoerdert,13,91
2018,19,557,9283.785798038665,17352,gefoerdert,in 3 Linien gefoerdert,13,91
2016,,,,547,gefoerdert,in 3 Linien gefoerdert,35,91
2017,,,,556,gefoerdert,in 3 Linien gefoerdert,35,91
2018,,,,694,gefoerdert,in 3 Linien gefoerdert,35,91
2016,24,586,17046.88227293006,11717,gefoerdert,in 3 Linien gefoerdert,12,91
2017,26,678,15418.4762396945,12390,gefoerdert,in 3 Linien gefoerdert,12,91
2018,26,666,18103.60823101866,13980,gefoerdert,in 3 Linien gefoerdert,12,91
2016,2,0,1164.163884194579,3266,gefoerdert,in 3 Linien gefoerdert,21,91
2017,2,0,892.8591211876113,3590,gefoerdert,in 3 Linien gefoerdert,21,91
2018,2,0,977.5991523602502,4316,gefoerdert,in 3 Linien gefoerdert,21,91
2016,7,267,312.9683339827253,181,gefoerdert,in 3 Linien gefoerdert,20,91
2017,7,217,234.3604810980454,261,gefoerdert,in 3 Linien gefoerdert,20,91
2018,7,179,283.7224864214208,215,gefoerdert,in 3 Linien gefoerdert,20,91
2016,6,253,721.477657668917,,gefoerdert,in 3 Linien gefoerdert,30,91
2017,6,255,355.8673491913457,,gefoerdert,in 3 Linien gefoerdert,30,91
2018,5,287,491.2276429919833,,gefoerdert,in 3 Linien gefoerdert,30,91
2016,,,,1101,gefoerdert,in 3 Linien gefoerdert,2,91
2017,,,,992,gefoerdert,in 3 Linien gefoerdert,2,91
2018,,,,1382,gefoerdert,in 3 Linien gefoerdert,2,91
2016,15,710,2947.827784709665,371,gefoerdert,in 3 Linien gefoerdert,19,91
2017,14,691,4457.919358654683,371,gefoerdert,in 3 Linien gefoerdert,19,91
2018,15,744,3763.615226417971,475,gefoerdert,in 3 Linien gefoerdert,19,91
2016,,1,,538,gefoerdert,in 3 Linien gefoerdert,16,91
2017,,,,627,gefoerdert,in 3 Linien gefoerdert,16,91
2018,,,,700,gefoerdert,in 3 Linien gefoerdert,16,91
2016,3,399,449.2262514938922,,gefoerdert,in 3 Linien gefoerdert,26,91
2017,3,375,1168.387898935989,,gefoerdert,in 3 Linien gefoerdert,26,91
2018,3,349,437.7846145330824,,gefoerdert,in 3 Linien gefoerdert,26,91
2016,,,,177,gefoerdert,in 3 Linien gefoerdert,55,91
2017,,,,176,gefoerdert,in 3 Linien gefoerdert,55,91
2018,,,,237,gefoerdert,in 3 Linien gefoerdert,55,91
2016,,,,112,gefoerdert,in 3 Linien gefoerdert,9,91
2017,,,,119,gefoerdert,in 3 Linien gefoerdert,9,91
2018,,,,81,gefoerdert,in 3 Linien gefoerdert,9,91
2016,45,4836,46920.16555746799,8535,gefoerdert,in 3 Linien gefoerdert,31,91
2017,47,4593,45114.26406340515,9922,gefoerdert,in 3 Linien gefoerdert,31,91
2018,43,4329,54172.81967187996,11561,gefoerdert,in 3 Linien gefoerdert,31,91
2016,33,1580,30859.28770718278,1327,gefoerdert,in 3 Linien gefoerdert,15,91
2017,32,1485,31910.92463164149,1529,gefoerdert,in 3 Linien gefoerdert,15,91
2018,32,1392,32425.17227981817,1959,gefoerdert,in 3 Linien gefoerdert,15,91
2016,7,730,4239.902943554217,126,gefoerdert,in 3 Linien gefoerdert,51,91
2017,6,690,4590.144402246093,170,gefoerdert,in 3 Linien gefoerdert,51,91
2018,6,645,6289.794585379418,204,gefoerdert,in 3 Linien gefoerdert,51,91
2016,17,717,1968.782051833837,2,gefoerdert,in 3 Linien gefoerdert,6,91
2017,14,679,2484.05022353854,,gefoerdert,in 3 Linien gefoerdert,6,91
2018,16,710,3051.299951645219,2,gefoerdert,in 3 Linien gefoerdert,6,91
2016,2,97,647.7355956545454,70,gefoerdert,in 3 Linien gefoerdert,40,91
2017,2,88,2215.112460878586,79,gefoerdert,in 3 Linien gefoerdert,40,91
2018,2,95,3149.365111133214,91,gefoerdert,in 3 Linien gefoerdert,40,91
2016,25,2346,13118.31681989603,271,gefoerdert,in 3 Linien gefoerdert,8,91
2017,22,2375,13598.27721049662,331,gefoerdert,in 3 Linien gefoerdert,8,91
2018,23,2284,14276.47473292506,474,gefoerdert,in 3 Linien gefoerdert,8,91
2016,8,233,1859.993534907639,,gefoerdert,in 3 Linien gefoerdert,52,91
2017,9,234,1725.64680500124,,gefoerdert,in 3 Linien gefoerdert,52,91
2018,9,217,2598.857919922134,,gefoerdert,in 3 Linien gefoerdert,52,91
2016,4,210,551.468321689611,,gefoerdert,in 3 Linien gefoerdert,29,91
2017,4,188,322.6715394778873,,gefoerdert,in 3 Linien gefoerdert,29,91
2018,4,179,366.5976665160439,1,gefoerdert,in 3 Linien gefoerdert,29,91
2016,,,,,gefoerdert,in 3 Linien gefoerdert,11,91
2017,,,,,gefoerdert,in 3 Linien gefoerdert,11,91
2018,,,,1,gefoerdert,in 3 Linien gefoerdert,11,91
2016,,,,102,gefoerdert,in 3 Linien gefoerdert,24,91
2017,,,,149,gefoerdert,in 3 Linien gefoerdert,24,91
2018,,,,146,gefoerdert,in 3 Linien gefoerdert,24,91
2016,,,0,,gefoerdert,in 3 Linien gefoerdert,14,91
2017,,,0,,gefoerdert,in 3 Linien gefoerdert,14,91
2018,,,0,,gefoerdert,in 3 Linien gefoerdert,14,91
2016,2,119,1.862197392783987,,gefoerdert,in 3 Linien gefoerdert,34,91
2017,1,78,0,1,gefoerdert,in 3 Linien gefoerdert,34,91
2018,1,43,0,4,gefoerdert,in 3 Linien gefoerdert,34,91
2016,4,344,653.9450419413236,,gefoerdert,nicht gefoerdert,50,87
2017,4,366,671.5023113560312,,gefoerdert,nicht gefoerdert,50,87
2018,3,442,305.0509993518017,,gefoerdert,nicht gefoerdert,50,87
2016,,,,,gefoerdert,nicht gefoerdert,18,87
2017,,,,,gefoerdert,nicht gefoerdert,18,87
2018,,,,1,gefoerdert,nicht gefoerdert,18,87
2016,,,,,gefoerdert,nicht gefoerdert,27,87
2017,,,,,gefoerdert,nicht gefoerdert,27,87
2018,,,,1,gefoerdert,nicht gefoerdert,27,87
2016,,,,3,gefoerdert,nicht gefoerdert,36,87
2017,,,,11,gefoerdert,nicht gefoerdert,36,87
2018,,,,16,gefoerdert,nicht gefoerdert,36,87
2016,4,107,70.65269711211411,4,gefoerdert,nicht gefoerdert,23,87
2017,3,86,197.7566285259894,3,gefoerdert,nicht gefoerdert,23,87
2018,3,75,95.85558166762971,4,gefoerdert,nicht gefoerdert,23,87
2016,,,,35,gefoerdert,nicht gefoerdert,10,87
2017,,,,28,gefoerdert,nicht gefoerdert,10,87
2018,,,,23,gefoerdert,nicht gefoerdert,10,87
2016,,269,,,gefoerdert,nicht gefoerdert,3,87
2017,,283,,1,gefoerdert,nicht gefoerdert,3,87
2018,,173,,,gefoerdert,nicht gefoerdert,3,87
2016,7,136,279.2150969624448,3,gefoerdert,nicht gefoerdert,22,87
2017,7,127,479.8490169685294,5,gefoerdert,nicht gefoerdert,22,87
2018,7,105,322.1353589947373,4,gefoerdert,nicht gefoerdert,22,87
2016,4,139,33.62476625669823,3,gefoerdert,nicht gefoerdert,5,87
2017,3,147,36.06221442200804,5,gefoerdert,nicht gefoerdert,5,87
2018,3,149,100.7898513808389,4,gefoerdert,nicht gefoerdert,5,87
2016,,,,3,gefoerdert,nicht gefoerdert,44,87
2017,,,,5,gefoerdert,nicht gefoerdert,44,87
2018,,,,4,gefoerdert,nicht gefoerdert,44,87
2016,,,,3,gefoerdert,nicht gefoerdert,45,87
2017,,,,5,gefoerdert,nicht gefoerdert,45,87
2018,,,,4,gefoerdert,nicht gefoerdert,45,87
2016,,,,3,gefoerdert,nicht gefoerdert,7,87
2017,,,,5,gefoerdert,nicht gefoerdert,7,87
2018,,,,4,gefoerdert,nicht gefoerdert,7,87
2016,,,,2,gefoerdert,nicht gefoerdert,28,87
2017,,,,3,gefoerdert,nicht gefoerdert,28,87
2018,,,,4,gefoerdert,nicht gefoerdert,28,87
2016,9,560,965.3343043677777,420,gefoerdert,nicht gefoerdert,39,87
2017,9,540,1303.332106203716,428,gefoerdert,nicht gefoerdert,39,87
2018,9,565,1447.266472519428,496,gefoerdert,nicht gefoerdert,39,87
2016,5,880,55.69832373402027,60,gefoerdert,nicht gefoerdert,17,87
2017,4,875,44.52881808352711,74,gefoerdert,nicht gefoerdert,17,87
2018,4,913,155.2860339374267,67,gefoerdert,nicht gefoerdert,17,87
2016,,,,,gefoerdert,nicht gefoerdert,46,87
2017,,,,,gefoerdert,nicht gefoerdert,46,87
2018,,,,,gefoerdert,nicht gefoerdert,46,87
2016,6,382,620.7337334591776,8,gefoerdert,nicht gefoerdert,49,87
2017,5,350,988.5169025876878,3,gefoerdert,nicht gefoerdert,49,87
2018,5,327,1182.652932238786,9,gefoerdert,nicht gefoerdert,49,87
2016,,24,,,gefoerdert,nicht gefoerdert,41,87
2017,,27,,,gefoerdert,nicht gefoerdert,41,87
2018,,23,,,gefoerdert,nicht gefoerdert,41,87
2016,5,234,163.5931146310762,,gefoerdert,nicht gefoerdert,43,87
2017,5,184,115.5178422483483,,gefoerdert,nicht gefoerdert,43,87
2018,4,154,295.6793854354836,,gefoerdert,nicht gefoerdert,43,87
2016,4,214,213.2588391703492,10,gefoerdert,nicht gefoerdert,38,87
2017,5,188,51.74839965208839,16,gefoerdert,nicht gefoerdert,38,87
2018,5,172,31.69665507519548,23,gefoerdert,nicht gefoerdert,38,87
2016,6,314,315.4962635336443,83,gefoerdert,nicht gefoerdert,48,87
2017,6,291,183.4208635784212,84,gefoerdert,nicht gefoerdert,48,87
2018,5,264,180.4192403556143,84,gefoerdert,nicht gefoerdert,48,87
2016,,,,2,gefoerdert,nicht gefoerdert,47,87
2017,,,,1,gefoerdert,nicht gefoerdert,47,87
2018,,,,3,gefoerdert,nicht gefoerdert,47,87
2016,,,,16,gefoerdert,nicht gefoerdert,42,87
2017,,,,15,gefoerdert,nicht gefoerdert,42,87
2018,,,,21,gefoerdert,nicht gefoerdert,42,87
2016,,,,6,gefoerdert,nicht gefoerdert,53,87
2017,,,,1,gefoerdert,nicht gefoerdert,53,87
2018,,,,5,gefoerdert,nicht gefoerdert,53,87
2016,21,1493,754.4236280276833,287,gefoerdert,nicht gefoerdert,56,87
2017,20,1387,864.9963210731926,315,gefoerdert,nicht gefoerdert,56,87
2018,20,1287,826.8565157248499,433,gefoerdert,nicht gefoerdert,56,87
2016,,98,,,gefoerdert,nicht gefoerdert,54,87
2017,,44,,,gefoerdert,nicht gefoerdert,54,87
2018,,15,,,gefoerdert,nicht gefoerdert,54,87
2016,,329,,,gefoerdert,nicht gefoerdert,33,87
2017,,333,,,gefoerdert,nicht gefoerdert,33,87
2018,,351,,,gefoerdert,nicht gefoerdert,33,87
2016,17,135,966.0763873009739,591,gefoerdert,nicht gefoerdert,32,87
2017,15,129,1266.284492306963,631,gefoerdert,nicht gefoerdert,32,87
2018,16,130,1316.97257909009,635,gefoerdert,nicht gefoerdert,32,87
2016,13,936,3732.237518996738,100,gefoerdert,nicht gefoerdert,25,87
2017,11,1006,3069.021882632362,156,gefoerdert,nicht gefoerdert,25,87
2018,10,1126,2306.170069660641,186,gefoerdert,nicht gefoerdert,25,87
2016,9,153,2005.73844113216,3779,gefoerdert,nicht gefoerdert,37,87
2017,12,158,1314.986303009223,4118,gefoerdert,nicht gefoerdert,37,87
2018,12,132,1988.523206344287,4262,gefoerdert,nicht gefoerdert,37,87
2016,9,162,2248.868633080289,3637,gefoerdert,nicht gefoerdert,13,87
2017,8,155,2207.839840010536,3920,gefoerdert,nicht gefoerdert,13,87
2018,8,148,1586.99401156972,3992,gefoerdert,nicht gefoerdert,13,87
2016,,,,9,gefoerdert,nicht gefoerdert,35,87
2017,,,,3,gefoerdert,nicht gefoerdert,35,87
2018,,,,18,gefoerdert,nicht gefoerdert,35,87
2016,,,,91,gefoerdert,nicht gefoerdert,12,87
2017,,,,109,gefoerdert,nicht gefoerdert,12,87
2018,,,,122,gefoerdert,nicht gefoerdert,12,87
2016,,,,55,gefoerdert,nicht gefoerdert,21,87
2017,,,,101,gefoerdert,nicht gefoerdert,21,87
2018,,,,155,gefoerdert,nicht gefoerdert,21,87
2016,,,,1,gefoerdert,nicht gefoerdert,20,87
2017,,,,3,gefoerdert,nicht gefoerdert,20,87
2018,,,,4,gefoerdert,nicht gefoerdert,20,87
2016,,,,7,gefoerdert,nicht gefoerdert,2,87
2017,,,,15,gefoerdert,nicht gefoerdert,2,87
2018,,,,17,gefoerdert,nicht gefoerdert,2,87
2016,,,,4,gefoerdert,nicht gefoerdert,19,87
2017,,,,4,gefoerdert,nicht gefoerdert,19,87
2018,,,,3,gefoerdert,nicht gefoerdert,19,87
2016,,,,2,gefoerdert,nicht gefoerdert,16,87
2017,,,,3,gefoerdert,nicht gefoerdert,16,87
2018,,,,6,gefoerdert,nicht gefoerdert,16,87
2016,,160,,,gefoerdert,nicht gefoerdert,26,87
2017,,177,,,gefoerdert,nicht gefoerdert,26,87
2018,,280,,,gefoerdert,nicht gefoerdert,26,87
2016,,261,,10,gefoerdert,nicht gefoerdert,55,87
2017,,277,,11,gefoerdert,nicht gefoerdert,55,87
2018,,283,,15,gefoerdert,nicht gefoerdert,55,87
2016,,,,36,gefoerdert,nicht gefoerdert,9,87
2017,,,,33,gefoerdert,nicht gefoerdert,9,87
2018,,,,32,gefoerdert,nicht gefoerdert,9,87
2016,27,1477,34164.09886848055,1958,gefoerdert,nicht gefoerdert,31,87
2017,26,1325,34005.8468638723,2193,gefoerdert,nicht gefoerdert,31,87
2018,23,1215,35048.85253462721,2601,gefoerdert,nicht gefoerdert,31,87
2016,17,1393,7548.298016484629,116,gefoerdert,nicht gefoerdert,15,87
2017,17,1318,9635.986104034862,152,gefoerdert,nicht gefoerdert,15,87
2018,15,1319,8588.824482240534,157,gefoerdert,nicht gefoerdert,15,87
2016,,,,7,gefoerdert,nicht gefoerdert,51,87
2017,,,,8,gefoerdert,nicht gefoerdert,51,87
2018,,,,13,gefoerdert,nicht gefoerdert,51,87
2016,,,,1,gefoerdert,nicht gefoerdert,40,87
2017,,,,3,gefoerdert,nicht gefoerdert,40,87
2018,,,,7,gefoerdert,nicht gefoerdert,40,87
2016,,,,9,gefoerdert,nicht gefoerdert,8,87
2017,,,,7,gefoerdert,nicht gefoerdert,8,87
2018,,,,22,gefoerdert,nicht gefoerdert,8,87
2016,,,,19,gefoerdert,nicht gefoerdert,24,87
2017,,,,14,gefoerdert,nicht gefoerdert,24,87
2018,,,,32,gefoerdert,nicht gefoerdert,24,87
2016,,,,1,gefoerdert,nicht gefoerdert,34,87
2017,,,,,gefoerdert,nicht gefoerdert,34,87
2018,,,,2,gefoerdert,nicht gefoerdert,34,87
2016,,,,,nicht gefoerdert,nicht gefoerdert,50,84
2017,,,,,nicht gefoerdert,nicht gefoerdert,50,84
2018,,,,,nicht gefoerdert,nicht gefoerdert,50,84
2016,,,,1,nicht gefoerdert,nicht gefoerdert,36,84
2017,,,,1,nicht gefoerdert,nicht gefoerdert,36,84
2018,,,,,nicht gefoerdert,nicht gefoerdert,36,84
2016,,,,24,nicht gefoerdert,nicht gefoerdert,23,84
2017,,,,14,nicht gefoerdert,nicht gefoerdert,23,84
2018,,,,24,nicht gefoerdert,nicht gefoerdert,23,84
2016,,,,1,nicht gefoerdert,nicht gefoerdert,10,84
2017,,,,1,nicht gefoerdert,nicht gefoerdert,10,84
2018,,,,4,nicht gefoerdert,nicht gefoerdert,10,84
2016,,,,,nicht gefoerdert,nicht gefoerdert,4,84
2017,,,,,nicht gefoerdert,nicht gefoerdert,4,84
2018,,,,,nicht gefoerdert,nicht gefoerdert,4,84
2016,,,,,nicht gefoerdert,nicht gefoerdert,22,84
2017,,,,,nicht gefoerdert,nicht gefoerdert,22,84
2018,,,,,nicht gefoerdert,nicht gefoerdert,22,84
2016,,,,,nicht gefoerdert,nicht gefoerdert,5,84
2017,,,,,nicht gefoerdert,nicht gefoerdert,5,84
2018,,,,,nicht gefoerdert,nicht gefoerdert,5,84
2016,,,,,nicht gefoerdert,nicht gefoerdert,44,84
2017,,,,,nicht gefoerdert,nicht gefoerdert,44,84
2018,,,,,nicht gefoerdert,nicht gefoerdert,44,84
2016,,,,,nicht gefoerdert,nicht gefoerdert,45,84
2017,,,,,nicht gefoerdert,nicht gefoerdert,45,84
2018,,,,,nicht gefoerdert,nicht gefoerdert,45,84
2016,,,,,nicht gefoerdert,nicht gefoerdert,7,84
2017,,,,,nicht gefoerdert,nicht gefoerdert,7,84
2018,,,,,nicht gefoerdert,nicht gefoerdert,7,84
2016,,,,1,nicht gefoerdert,nicht gefoerdert,28,84
2017,,,,,nicht gefoerdert,nicht gefoerdert,28,84
2018,,,,,nicht gefoerdert,nicht gefoerdert,28,84
2016,,,,2,nicht gefoerdert,nicht gefoerdert,39,84
2017,,,,3,nicht gefoerdert,nicht gefoerdert,39,84
2018,,,,6,nicht gefoerdert,nicht gefoerdert,39,84
2016,,,,10,nicht gefoerdert,nicht gefoerdert,17,84
2017,,,,5,nicht gefoerdert,nicht gefoerdert,17,84
2018,,,,5,nicht gefoerdert,nicht gefoerdert,17,84
2016,,,,3,nicht gefoerdert,nicht gefoerdert,49,84
2017,,,,2,nicht gefoerdert,nicht gefoerdert,49,84
2018,,,,3,nicht gefoerdert,nicht gefoerdert,49,84
2016,,162,,,nicht gefoerdert,nicht gefoerdert,41,84
2017,,99,,,nicht gefoerdert,nicht gefoerdert,41,84
2018,,100,,,nicht gefoerdert,nicht gefoerdert,41,84
2016,,,,26,nicht gefoerdert,nicht gefoerdert,38,84
2017,,,,33,nicht gefoerdert,nicht gefoerdert,38,84
2018,,,,67,nicht gefoerdert,nicht gefoerdert,38,84
2016,,,,16,nicht gefoerdert,nicht gefoerdert,48,84
2017,,,,17,nicht gefoerdert,nicht gefoerdert,48,84
2018,,,,18,nicht gefoerdert,nicht gefoerdert,48,84
2016,,,,,nicht gefoerdert,nicht gefoerdert,42,84
2017,,5,,2,nicht gefoerdert,nicht gefoerdert,42,84
2018,,2,,,nicht gefoerdert,nicht gefoerdert,42,84
2016,,,,2,nicht gefoerdert,nicht gefoerdert,53,84
2017,,,,,nicht gefoerdert,nicht gefoerdert,53,84
2018,,,,1,nicht gefoerdert,nicht gefoerdert,53,84
2016,16,810,728.9208779241198,174,nicht gefoerdert,nicht gefoerdert,56,84
2017,15,741,927.8252296415019,146,nicht gefoerdert,nicht gefoerdert,56,84
2018,12,610,955.1680272511433,181,nicht gefoerdert,nicht gefoerdert,56,84
2016,,0,,,nicht gefoerdert,nicht gefoerdert,54,84
2017,,,,,nicht gefoerdert,nicht gefoerdert,54,84
2018,,,,,nicht gefoerdert,nicht gefoerdert,54,84
2016,,106,,,nicht gefoerdert,nicht gefoerdert,33,84
2017,,94,,,nicht gefoerdert,nicht gefoerdert,33,84
2018,,109,,,nicht gefoerdert,nicht gefoerdert,33,84
2016,7,162,444.1024240057697,243,nicht gefoerdert,nicht gefoerdert,32,84
2017,7,116,442.9588212835388,285,nicht gefoerdert,nicht gefoerdert,32,84
2018,7,102,336.3109198265839,278,nicht gefoerdert,nicht gefoerdert,32,84
2016,4,28,188.9515881956097,116,nicht gefoerdert,nicht gefoerdert,25,84
2017,4,85,254.1555280573339,119,nicht gefoerdert,nicht gefoerdert,25,84
2018,4,114,285.6014821500734,122,nicht gefoerdert,nicht gefoerdert,25,84
2016,5,8,2535.551102943565,927,nicht gefoerdert,nicht gefoerdert,37,84
2017,5,6,2424.178364982874,1115,nicht gefoerdert,nicht gefoerdert,37,84
2018,4,2,2325.831761618676,1350,nicht gefoerdert,nicht gefoerdert,37,84
2016,7,177,4895.230028293244,1395,nicht gefoerdert,nicht gefoerdert,13,84
2017,7,174,5305.8378419797,1515,nicht gefoerdert,nicht gefoerdert,13,84
2018,8,166,3585.099937074483,1665,nicht gefoerdert,nicht gefoerdert,13,84
2016,,,,74,nicht gefoerdert,nicht gefoerdert,35,84
2017,,,,60,nicht gefoerdert,nicht gefoerdert,35,84
2018,,,,58,nicht gefoerdert,nicht gefoerdert,35,84
2016,,,,427,nicht gefoerdert,nicht gefoerdert,12,84
2017,,,,426,nicht gefoerdert,nicht gefoerdert,12,84
2018,,,,495,nicht gefoerdert,nicht gefoerdert,12,84
2016,8,695,3216.950542414691,2162,nicht gefoerdert,nicht gefoerdert,21,84
2017,8,660,2738.012762117388,2694,nicht gefoerdert,nicht gefoerdert,21,84
2018,9,591,2902.566462139975,3066,nicht gefoerdert,nicht gefoerdert,21,84
2016,,,,29,nicht gefoerdert,nicht gefoerdert,20,84
2017,,,,54,nicht gefoerdert,nicht gefoerdert,20,84
2018,,,,59,nicht gefoerdert,nicht gefoerdert,20,84
2016,,,,,nicht gefoerdert,nicht gefoerdert,30,84
2017,,,,,nicht gefoerdert,nicht gefoerdert,30,84
2018,,,,,nicht gefoerdert,nicht gefoerdert,30,84
2016,,,,67,nicht gefoerdert,nicht gefoerdert,2,84
2017,,,,49,nicht gefoerdert,nicht gefoerdert,2,84
2018,,,,91,nicht gefoerdert,nicht gefoerdert,2,84
2016,,,,28,nicht gefoerdert,nicht gefoerdert,19,84
2017,,,,31,nicht gefoerdert,nicht gefoerdert,19,84
2018,,,,29,nicht gefoerdert,nicht gefoerdert,19,84
2016,,,,3,nicht gefoerdert,nicht gefoerdert,16,84
2017,,,,5,nicht gefoerdert,nicht gefoerdert,16,84
2018,,,,5,nicht gefoerdert,nicht gefoerdert,16,84
2016,,5,,,nicht gefoerdert,nicht gefoerdert,26,84
2017,,1,0,,nicht gefoerdert,nicht gefoerdert,26,84
2018,,1,,,nicht gefoerdert,nicht gefoerdert,26,84
2016,,234,,25,nicht gefoerdert,nicht gefoerdert,55,84
2017,,188,,47,nicht gefoerdert,nicht gefoerdert,55,84
2018,,183,,42,nicht gefoerdert,nicht gefoerdert,55,84
2016,14,409,11333.29968926873,262,nicht gefoerdert,nicht gefoerdert,9,84
2017,15,456,15552.20901358658,161,nicht gefoerdert,nicht gefoerdert,9,84
2018,16,448,9628.040149135366,242,nicht gefoerdert,nicht gefoerdert,9,84
2016,15,667,19404.32597037896,2608,nicht gefoerdert,nicht gefoerdert,31,84
2017,16,653,18879.77827511653,2919,nicht gefoerdert,nicht gefoerdert,31,84
2018,17,701,17785.87427102065,3265,nicht gefoerdert,nicht gefoerdert,31,84
2016,1,,152.353823062545,36,nicht gefoerdert,nicht gefoerdert,15,84
2017,1,,151.3275397659265,58,nicht gefoerdert,nicht gefoerdert,15,84
2018,1,,165.340572495892,54,nicht gefoerdert,nicht gefoerdert,15,84
2016,,103,,7,nicht gefoerdert,nicht gefoerdert,51,84
2017,,51,,6,nicht gefoerdert,nicht gefoerdert,51,84
2018,,39,,11,nicht gefoerdert,nicht gefoerdert,51,84
2016,,,,,nicht gefoerdert,nicht gefoerdert,6,84
2017,,,,,nicht gefoerdert,nicht gefoerdert,6,84
2018,,,,,nicht gefoerdert,nicht gefoerdert,6,84
2016,,,,23,nicht gefoerdert,nicht gefoerdert,40,84
2017,,,,26,nicht gefoerdert,nicht gefoerdert,40,84
2018,,,,15,nicht gefoerdert,nicht gefoerdert,40,84
2016,,,,42,nicht gefoerdert,nicht gefoerdert,8,84
2017,,,,65,nicht gefoerdert,nicht gefoerdert,8,84
2018,,,,81,nicht gefoerdert,nicht gefoerdert,8,84
2016,,,,,nicht gefoerdert,nicht gefoerdert,29,84
2017,,,,,nicht gefoerdert,nicht gefoerdert,29,84
2018,,,,,nicht gefoerdert,nicht gefoerdert,29,84
2016,,,,,nicht gefoerdert,nicht gefoerdert,11,84
2017,,,,,nicht gefoerdert,nicht gefoerdert,11,84
2018,,,,,nicht gefoerdert,nicht gefoerdert,11,84
2016,,,,2,nicht gefoerdert,nicht gefoerdert,24,84
2017,,,,5,nicht gefoerdert,nicht gefoerdert,24,84
2018,,,,3,nicht gefoerdert,nicht gefoerdert,24,84
2016,1,17,0,,gefoerdert,nicht gefoerdert,50,67
2017,2,13,0,,gefoerdert,nicht gefoerdert,50,67
2018,1,10,0,,gefoerdert,nicht gefoerdert,50,67
2016,11,110,615.8920088719883,6,gefoerdert,nicht gefoerdert,18,67
2017,12,108,458.1390687646024,4,gefoerdert,nicht gefoerdert,18,67
2018,11,103,410.0211760835084,6,gefoerdert,nicht gefoerdert,18,67
2016,,,,6,gefoerdert,nicht gefoerdert,27,67
2017,,,,4,gefoerdert,nicht gefoerdert,27,67
2018,,,,6,gefoerdert,nicht gefoerdert,27,67
2016,6,231,181.1862142700471,16,gefoerdert,nicht gefoerdert,36,67
2017,6,252,45.24794261484826,28,gefoerdert,nicht gefoerdert,36,67
2018,8,249,179.9807129511821,22,gefoerdert,nicht gefoerdert,36,67
2016,18,430,3071.925555519143,14,gefoerdert,nicht gefoerdert,23,67
2017,17,422,1942.35600826009,30,gefoerdert,nicht gefoerdert,23,67
2018,16,417,2257.184219370533,39,gefoerdert,nicht gefoerdert,23,67
2016,,,,32,gefoerdert,nicht gefoerdert,10,67
2017,,,,24,gefoerdert,nicht gefoerdert,10,67
2018,,,,32,gefoerdert,nicht gefoerdert,10,67
2016,2,61,24.03910688223529,2,gefoerdert,nicht gefoerdert,3,67
2017,2,59,148.7959768283162,1,gefoerdert,nicht gefoerdert,3,67
2018,2,61,227.0355042096972,2,gefoerdert,nicht gefoerdert,3,67
2016,3,66,52.51396789725229,1,gefoerdert,nicht gefoerdert,4,67
2017,3,50,51.7017367953294,,gefoerdert,nicht gefoerdert,4,67
2018,3,48,37.41810286960343,,gefoerdert,nicht gefoerdert,4,67
2016,15,1039,2098.714192550932,33,gefoerdert,nicht gefoerdert,22,67
2017,14,1024,2210.411692852292,46,gefoerdert,nicht gefoerdert,22,67
2018,15,1055,1922.838486982447,27,gefoerdert,nicht gefoerdert,22,67
2016,6,524,258.9078082524484,33,gefoerdert,nicht gefoerdert,5,67
2017,5,585,185.587374297216,46,gefoerdert,nicht gefoerdert,5,67
2018,6,595,252.3726995027437,27,gefoerdert,nicht gefoerdert,5,67
2016,5,177,332.3184391390516,33,gefoerdert,nicht gefoerdert,44,67
2017,6,179,314.1756746801627,46,gefoerdert,nicht gefoerdert,44,67
2018,6,173,245.0930787730373,27,gefoerdert,nicht gefoerdert,44,67
2016,4,92,85.09963050928624,33,gefoerdert,nicht gefoerdert,45,67
2017,3,76,170.9322916166191,46,gefoerdert,nicht gefoerdert,45,67
2018,3,57,117.8733197636503,27,gefoerdert,nicht gefoerdert,45,67
2016,1,41,88.9348220048123,33,gefoerdert,nicht gefoerdert,7,67
2017,1,36,0,46,gefoerdert,nicht gefoerdert,7,67
2018,1,18,124.7503788628544,27,gefoerdert,nicht gefoerdert,7,67
2016,2,105,73.89199311396614,4,gefoerdert,nicht gefoerdert,28,67
2017,2,77,199.1308269717849,10,gefoerdert,nicht gefoerdert,28,67
2018,2,70,53.51220052829954,10,gefoerdert,nicht gefoerdert,28,67
2016,12,789,2316.320323237591,2625,gefoerdert,nicht gefoerdert,39,67
2017,13,798,2494.384318703021,2779,gefoerdert,nicht gefoerdert,39,67
2018,13,820,2629.153743753165,2933,gefoerdert,nicht gefoerdert,39,67
2016,8,563,741.2951591404581,111,gefoerdert,nicht gefoerdert,17,67
2017,8,525,1233.935971180615,138,gefoerdert,nicht gefoerdert,17,67
2018,7,481,1071.542466873211,144,gefoerdert,nicht gefoerdert,17,67
2016,4,737,437.1024190052763,10,gefoerdert,nicht gefoerdert,49,67
2017,4,764,484.427267947429,15,gefoerdert,nicht gefoerdert,49,67
2018,4,779,318.9704531590726,18,gefoerdert,nicht gefoerdert,49,67
2016,5,408,356.3538165686532,,gefoerdert,nicht gefoerdert,41,67
2017,7,434,392.5013703298808,,gefoerdert,nicht gefoerdert,41,67
2018,7,444,603.4388283224827,,gefoerdert,nicht gefoerdert,41,67
2016,5,371,96.09683442771411,142,gefoerdert,nicht gefoerdert,38,67
2017,3,365,62.93137838689162,189,gefoerdert,nicht gefoerdert,38,67
2018,3,309,64.12029046605569,213,gefoerdert,nicht gefoerdert,38,67
2016,7,726,1692.404066701225,202,gefoerdert,nicht gefoerdert,48,67
2017,8,696,1792.440932576571,202,gefoerdert,nicht gefoerdert,48,67
2018,7,686,2488.53757722409,193,gefoerdert,nicht gefoerdert,48,67
2016,1,,0,8,gefoerdert,nicht gefoerdert,47,67
2017,1,,55.09332026481142,13,gefoerdert,nicht gefoerdert,47,67
2018,1,,15.10293070263846,11,gefoerdert,nicht gefoerdert,47,67
2016,18,1207,103.5158310000962,29,gefoerdert,nicht gefoerdert,42,67
2017,18,1211,181.3559012874693,19,gefoerdert,nicht gefoerdert,42,67
2018,18,1226,199.43741508068,24,gefoerdert,nicht gefoerdert,42,67
2016,0,,,37,gefoerdert,nicht gefoerdert,53,67
2017,,,,53,gefoerdert,nicht gefoerdert,53,67
2018,,,,45,gefoerdert,nicht gefoerdert,53,67
2016,18,1614,570.0074378355088,664,gefoerdert,nicht gefoerdert,56,67
2017,18,1469,695.8371342506208,720,gefoerdert,nicht gefoerdert,56,67
2018,19,1406,812.7896886281402,819,gefoerdert,nicht gefoerdert,56,67
2016,,125,,,gefoerdert,nicht gefoerdert,54,67
2017,,106,,,gefoerdert,nicht gefoerdert,54,67
2018,,81,,,gefoerdert,nicht gefoerdert,54,67
2016,1,4,360.6145137466681,,gefoerdert,nicht gefoerdert,33,67
2017,0,1,383.3860796669665,,gefoerdert,nicht gefoerdert,33,67
2018,0,2,510.4686601714555,,gefoerdert,nicht gefoerdert,33,67
2016,18,354,468.9962717056166,696,gefoerdert,nicht gefoerdert,32,67
2017,19,334,640.0969592955435,785,gefoerdert,nicht gefoerdert,32,67
2018,19,329,460.8959493688815,640,gefoerdert,nicht gefoerdert,32,67
2016,14,384,3431.368751197492,342,gefoerdert,nicht gefoerdert,25,67
2017,14,445,2807.330383481128,403,gefoerdert,nicht gefoerdert,25,67
2018,12,475,4852.71381748533,373,gefoerdert,nicht gefoerdert,25,67
2016,27,489,13849.77213437794,16704,gefoerdert,nicht gefoerdert,37,67
2017,27,524,15763.33592917001,18028,gefoerdert,nicht gefoerdert,37,67
2018,28,578,15788.23531097412,19656,gefoerdert,nicht gefoerdert,37,67
2016,22,634,10894.60580982072,13904,gefoerdert,nicht gefoerdert,13,67
2017,23,648,8827.326237329728,15040,gefoerdert,nicht gefoerdert,13,67
2018,21,674,10578.85070965806,16044,gefoerdert,nicht gefoerdert,13,67
2016,6,348,551.6070999499009,427,gefoerdert,nicht gefoerdert,35,67
2017,5,356,1253.606602469167,503,gefoerdert,nicht gefoerdert,35,67
2018,6,341,1247.216144707271,584,gefoerdert,nicht gefoerdert,35,67
2016,23,787,5124.438521641974,12572,gefoerdert,nicht gefoerdert,12,67
2017,22,773,9638.931873991183,13439,gefoerdert,nicht gefoerdert,12,67
2018,23,800,6707.734923034279,14821,gefoerdert,nicht gefoerdert,12,67
2016,9,278,2113.82022323241,2225,gefoerdert,nicht gefoerdert,21,67
2017,9,252,2100.016573707438,2594,gefoerdert,nicht gefoerdert,21,67
2018,8,229,2029.508886373612,3192,gefoerdert,nicht gefoerdert,21,67
2016,7,327,2197.006481155059,88,gefoerdert,nicht gefoerdert,20,67
2017,7,331,2077.725618840057,108,gefoerdert,nicht gefoerdert,20,67
2018,7,339,1576.878291431661,84,gefoerdert,nicht gefoerdert,20,67
2016,,,,,gefoerdert,nicht gefoerdert,30,67
2017,,,,,gefoerdert,nicht gefoerdert,30,67
2018,,,,,gefoerdert,nicht gefoerdert,30,67
2016,,,,1058,gefoerdert,nicht gefoerdert,2,67
2017,,,,1133,gefoerdert,nicht gefoerdert,2,67
2018,,,,1288,gefoerdert,nicht gefoerdert,2,67
2016,,,,194,gefoerdert,nicht gefoerdert,19,67
2017,,,,183,gefoerdert,nicht gefoerdert,19,67
2018,,,,240,gefoerdert,nicht gefoerdert,19,67
2016,4,290,686.1452354328565,605,gefoerdert,nicht gefoerdert,16,67
2017,3,295,815.397969260667,710,gefoerdert,nicht gefoerdert,16,67
2018,3,279,1547.806537966725,732,gefoerdert,nicht gefoerdert,16,67
2016,,,,,gefoerdert,nicht gefoerdert,26,67
2017,,,,,gefoerdert,nicht gefoerdert,26,67
2018,,,,,gefoerdert,nicht gefoerdert,26,67
2016,,,,17,gefoerdert,nicht gefoerdert,55,67
2017,,,,19,gefoerdert,nicht gefoerdert,55,67
2018,,,,23,gefoerdert,nicht gefoerdert,55,67
2016,,,,26,gefoerdert,nicht gefoerdert,9,67
2017,,,,40,gefoerdert,nicht gefoerdert,9,67
2018,,,,32,gefoerdert,nicht gefoerdert,9,67
2016,,,,4433,gefoerdert,nicht gefoerdert,31,67
2017,,,,5497,gefoerdert,nicht gefoerdert,31,67
2018,,,,6363,gefoerdert,nicht gefoerdert,31,67
2016,,0,,907,gefoerdert,nicht gefoerdert,15,67
2017,,0,,889,gefoerdert,nicht gefoerdert,15,67
2018,,0,,1109,gefoerdert,nicht gefoerdert,15,67
2016,,,,27,gefoerdert,nicht gefoerdert,51,67
2017,,,,8,gefoerdert,nicht gefoerdert,51,67
2018,,,,16,gefoerdert,nicht gefoerdert,51,67
2016,,,,1,gefoerdert,nicht gefoerdert,6,67
2017,,,,,gefoerdert,nicht gefoerdert,6,67
2018,,,,2,gefoerdert,nicht gefoerdert,6,67
2016,,,,57,gefoerdert,nicht gefoerdert,40,67
2017,,,,91,gefoerdert,nicht gefoerdert,40,67
2018,,,,109,gefoerdert,nicht gefoerdert,40,67
2016,,,,42,gefoerdert,nicht gefoerdert,8,67
2017,,,,54,gefoerdert,nicht gefoerdert,8,67
2018,,,,43,gefoerdert,nicht gefoerdert,8,67
2016,3,244,167.5512075742515,,gefoerdert,nicht gefoerdert,29,67
2017,3,232,213.3531631351596,1,gefoerdert,nicht gefoerdert,29,67
2018,3,197,142.2624748068737,,gefoerdert,nicht gefoerdert,29,67
2016,,,,,gefoerdert,nicht gefoerdert,11,67
2017,,,,1,gefoerdert,nicht gefoerdert,11,67
2018,,,,,gefoerdert,nicht gefoerdert,11,67
2016,,,,9,gefoerdert,nicht gefoerdert,24,67
2017,,,,7,gefoerdert,nicht gefoerdert,24,67
2018,,,,11,gefoerdert,nicht gefoerdert,24,67
2016,,,,,gefoerdert,nicht gefoerdert,14,67
2017,,,,,gefoerdert,nicht gefoerdert,14,67
2018,,,,,gefoerdert,nicht gefoerdert,14,67
2016,1,,0,,gefoerdert,nicht gefoerdert,34,67
2017,1,,76.68252789060999,2,gefoerdert,nicht gefoerdert,34,67
2018,1,,80.79758418693874,4,gefoerdert,nicht gefoerdert,34,67
2016,,,5.14245787995768,,gefoerdert,nicht gefoerdert,50,78
2017,,,4.068618505369956,,gefoerdert,nicht gefoerdert,50,78
2018,,,72.16194545769132,,gefoerdert,nicht gefoerdert,50,78
2016,2,98,17.55028019494644,4,gefoerdert,nicht gefoerdert,18,78
2017,2,104,41.38700828695564,2,gefoerdert,nicht gefoerdert,18,78
2018,2,99,64.6873101569907,,gefoerdert,nicht gefoerdert,18,78
2016,6,109,15.29702127864062,4,gefoerdert,nicht gefoerdert,27,78
2017,6,109,48.75663345124811,2,gefoerdert,nicht gefoerdert,27,78
2018,6,115,64.47613635436235,,gefoerdert,nicht gefoerdert,27,78
2016,3,162,115.3165721274045,3,gefoerdert,nicht gefoerdert,36,78
2017,3,170,43.29734794941137,5,gefoerdert,nicht gefoerdert,36,78
2018,3,151,7.674125882875616,5,gefoerdert,nicht gefoerdert,36,78
2016,12,485,831.8557028261998,4,gefoerdert,nicht gefoerdert,23,78
2017,12,490,359.3247981382216,11,gefoerdert,nicht gefoerdert,23,78
2018,11,480,1120.706349801026,13,gefoerdert,nicht gefoerdert,23,78
2016,,,,13,gefoerdert,nicht gefoerdert,10,78
2017,,,,21,gefoerdert,nicht gefoerdert,10,78
2018,,,,15,gefoerdert,nicht gefoerdert,10,78
2016,,6,142.1368703611246,1,gefoerdert,nicht gefoerdert,3,78
2017,2,6,52.74474064186206,,gefoerdert,nicht gefoerdert,3,78
2018,2,9,181.8201778654086,1,gefoerdert,nicht gefoerdert,3,78
2016,2,64,53.07262569434362,,gefoerdert,nicht gefoerdert,4,78
2017,2,57,45.74565415942367,,gefoerdert,nicht gefoerdert,4,78
2018,2,43,11.82031082910603,,gefoerdert,nicht gefoerdert,4,78
2016,10,1147,109.872437935941,2,gefoerdert,nicht gefoerdert,22,78
2017,9,1090,136.8838045762718,11,gefoerdert,nicht gefoerdert,22,78
2018,8,1039,235.172421196902,14,gefoerdert,nicht gefoerdert,22,78
2016,5,575,47.92365103989098,2,gefoerdert,nicht gefoerdert,5,78
2017,5,553,73.94144628307025,11,gefoerdert,nicht gefoerdert,5,78
2018,5,579,86.7643513304977,14,gefoerdert,nicht gefoerdert,5,78
2016,4,145,97.38640811125842,2,gefoerdert,nicht gefoerdert,44,78
2017,4,115,43.89387167054329,11,gefoerdert,nicht gefoerdert,44,78
2018,5,121,5.436588204041009,14,gefoerdert,nicht gefoerdert,44,78
2016,3,57,.9310986963919934,2,gefoerdert,nicht gefoerdert,45,78
2017,3,48,2.862762990180161,11,gefoerdert,nicht gefoerdert,45,78
2018,3,33,3.163105747308284,14,gefoerdert,nicht gefoerdert,45,78
2016,7,112,417.3016823112889,2,gefoerdert,nicht gefoerdert,7,78
2017,7,95,385.1381460391332,11,gefoerdert,nicht gefoerdert,7,78
2018,7,121,563.8191072710066,14,gefoerdert,nicht gefoerdert,7,78
2016,1,18,2.3780259782368,2,gefoerdert,nicht gefoerdert,28,78
2017,1,21,19.21317474695794,1,gefoerdert,nicht gefoerdert,28,78
2018,1,18,0,3,gefoerdert,nicht gefoerdert,28,78
2016,11,635,747.7197628774644,421,gefoerdert,nicht gefoerdert,39,78
2017,11,635,781.8426496332945,444,gefoerdert,nicht gefoerdert,39,78
2018,11,637,1180.704665030952,518,gefoerdert,nicht gefoerdert,39,78
2016,11,1168,561.7206935354726,130,gefoerdert,nicht gefoerdert,17,78
2017,11,1127,757.0814182729317,186,gefoerdert,nicht gefoerdert,17,78
2018,10,1059,1377.09857761656,228,gefoerdert,nicht gefoerdert,17,78
2016,0,,11.3752327809247,6,gefoerdert,nicht gefoerdert,49,78
2017,0,0,7.139981610459819,2,gefoerdert,nicht gefoerdert,49,78
2018,0,,6.299253446806036,10,gefoerdert,nicht gefoerdert,49,78
2016,4,475,115.4180629650766,,gefoerdert,nicht gefoerdert,41,78
2017,4,748,46.72552528973244,,gefoerdert,nicht gefoerdert,41,78
2018,4,665,70.92725538442505,,gefoerdert,nicht gefoerdert,41,78
2016,8,472,520.1647880632926,104,gefoerdert,nicht gefoerdert,38,78
2017,9,481,252.847209049398,96,gefoerdert,nicht gefoerdert,38,78
2018,9,509,461.9787892845471,135,gefoerdert,nicht gefoerdert,38,78
2016,10,652,674.4487626974675,154,gefoerdert,nicht gefoerdert,48,78
2017,10,634,344.6477696054705,152,gefoerdert,nicht gefoerdert,48,78
2018,8,620,1075.46401141913,161,gefoerdert,nicht gefoerdert,48,78
2016,,356,,1,gefoerdert,nicht gefoerdert,47,78
2017,,424,,4,gefoerdert,nicht gefoerdert,47,78
2018,,462,,7,gefoerdert,nicht gefoerdert,47,78
2016,,,0,3,gefoerdert,nicht gefoerdert,42,78
2017,,,0,8,gefoerdert,nicht gefoerdert,42,78
2018,,,0,8,gefoerdert,nicht gefoerdert,42,78
2016,,,,75,gefoerdert,nicht gefoerdert,53,78
2017,,,,73,gefoerdert,nicht gefoerdert,53,78
2018,,,,113,gefoerdert,nicht gefoerdert,53,78
2016,21,3139,1332.389163693426,286,gefoerdert,nicht gefoerdert,56,78
2017,22,2911,564.6376823148407,283,gefoerdert,nicht gefoerdert,56,78
2018,22,2629,2061.680031199246,433,gefoerdert,nicht gefoerdert,56,78
2016,1,,13.9664804458799,,gefoerdert,nicht gefoerdert,33,78
2017,1,,4.923147339028456,,gefoerdert,nicht gefoerdert,33,78
2018,1,,48.65971078732109,,gefoerdert,nicht gefoerdert,33,78
2016,1,70,.2243947827225932,7,gefoerdert,nicht gefoerdert,32,78
2017,1,94,.2351326617250408,4,gefoerdert,nicht gefoerdert,32,78
2018,1,98,.2354357082216071,10,gefoerdert,nicht gefoerdert,32,78
2016,15,1427,2574.836148258938,67,gefoerdert,nicht gefoerdert,25,78
2017,16,1575,1077.086006216395,109,gefoerdert,nicht gefoerdert,25,78
2018,16,1788,1457.490789275682,115,gefoerdert,nicht gefoerdert,25,78
2016,,,,51,gefoerdert,nicht gefoerdert,37,78
2017,,,,39,gefoerdert,nicht gefoerdert,37,78
2018,,,,74,gefoerdert,nicht gefoerdert,37,78
2016,,,,4,gefoerdert,nicht gefoerdert,13,78
2017,,,,7,gefoerdert,nicht gefoerdert,13,78
2018,,,,9,gefoerdert,nicht gefoerdert,13,78
2016,,,,2,gefoerdert,nicht gefoerdert,35,78
2017,,,,9,gefoerdert,nicht gefoerdert,35,78
2018,,,,8,gefoerdert,nicht gefoerdert,35,78
2016,,,,36,gefoerdert,nicht gefoerdert,12,78
2017,,,,70,gefoerdert,nicht gefoerdert,12,78
2018,,,,59,gefoerdert,nicht gefoerdert,12,78
2016,,,,49,gefoerdert,nicht gefoerdert,21,78
2017,,,,59,gefoerdert,nicht gefoerdert,21,78
2018,,,,92,gefoerdert,nicht gefoerdert,21,78
2016,4,304,35.17038995063455,11,gefoerdert,nicht gefoerdert,20,78
2017,4,327,34.46385975794748,14,gefoerdert,nicht gefoerdert,20,78
2018,4,325,49.19527927964701,12,gefoerdert,nicht gefoerdert,20,78
2016,,,,,gefoerdert,nicht gefoerdert,30,78
2017,,,,,gefoerdert,nicht gefoerdert,30,78
2018,,,,,gefoerdert,nicht gefoerdert,30,78
2016,,,,2,gefoerdert,nicht gefoerdert,2,78
2017,,,,5,gefoerdert,nicht gefoerdert,2,78
2018,,,,5,gefoerdert,nicht gefoerdert,2,78
2016,,,,3,gefoerdert,nicht gefoerdert,19,78
2017,,,,3,gefoerdert,nicht gefoerdert,19,78
2018,,,,1,gefoerdert,nicht gefoerdert,19,78
2016,,,,15,gefoerdert,nicht gefoerdert,16,78
2017,,,,5,gefoerdert,nicht gefoerdert,16,78
2018,,,,9,gefoerdert,nicht gefoerdert,16,78
2016,,,,2,gefoerdert,nicht gefoerdert,55,78
2017,,,,1,gefoerdert,nicht gefoerdert,55,78
2018,,,,2,gefoerdert,nicht gefoerdert,55,78
2016,,,,17,gefoerdert,nicht gefoerdert,31,78
2017,,,,23,gefoerdert,nicht gefoerdert,31,78
2018,,,,24,gefoerdert,nicht gefoerdert,31,78
2016,,,,6,gefoerdert,nicht gefoerdert,15,78
2017,,,,9,gefoerdert,nicht gefoerdert,15,78
2018,,,,13,gefoerdert,nicht gefoerdert,15,78
2016,,,,2,gefoerdert,nicht gefoerdert,51,78
2017,,,,,gefoerdert,nicht gefoerdert,51,78
2018,,,,,gefoerdert,nicht gefoerdert,51,78
2016,4,138,288.4078212074199,,gefoerdert,nicht gefoerdert,6,78
2017,5,130,400.8252421896036,,gefoerdert,nicht gefoerdert,6,78
2018,5,135,170.9568824469713,,gefoerdert,nicht gefoerdert,6,78
2016,,,,7,gefoerdert,nicht gefoerdert,40,78
2017,,,,10,gefoerdert,nicht gefoerdert,40,78
2018,,,,17,gefoerdert,nicht gefoerdert,40,78
2016,,,,2,gefoerdert,nicht gefoerdert,8,78
2017,,,,2,gefoerdert,nicht gefoerdert,8,78
2018,,,,5,gefoerdert,nicht gefoerdert,8,78
2016,2,117,505.2858490804699,,gefoerdert,nicht gefoerdert,29,78
2017,2,114,354.7063130970394,1,gefoerdert,nicht gefoerdert,29,78
2018,2,123,118.9633308953912,2,gefoerdert,nicht gefoerdert,29,78
2016,,,,,gefoerdert,nicht gefoerdert,11,78
2017,,,,1,gefoerdert,nicht gefoerdert,11,78
2018,,,,2,gefoerdert,nicht gefoerdert,11,78
2016,,,,2,gefoerdert,nicht gefoerdert,24,78
2017,,,,,gefoerdert,nicht gefoerdert,24,78
2018,,,,3,gefoerdert,nicht gefoerdert,24,78
2016,1,47,.7104283160026699,,gefoerdert,nicht gefoerdert,34,78
2017,1,46,.9441902521163453,,gefoerdert,nicht gefoerdert,34,78
2018,1,47,2.71919264648213,3,gefoerdert,nicht gefoerdert,34,78
2016,4,351,88.68435906965155,,gefoerdert,nicht gefoerdert,50,97
2017,5,358,226.9387066139554,,gefoerdert,nicht gefoerdert,50,97
2018,4,365,162.6672034745005,,gefoerdert,nicht gefoerdert,50,97
2016,,,,1,gefoerdert,nicht gefoerdert,18,97
2017,,,,4,gefoerdert,nicht gefoerdert,18,97
2018,,,,,gefoerdert,nicht gefoerdert,18,97
2016,,,,1,gefoerdert,nicht gefoerdert,27,97
2017,,,,4,gefoerdert,nicht gefoerdert,27,97
2018,,,,,gefoerdert,nicht gefoerdert,27,97
2016,12,488,465.4013066857366,10,gefoerdert,nicht gefoerdert,36,97
2017,11,444,401.8408102308271,10,gefoerdert,nicht gefoerdert,36,97
2018,11,422,163.4400082722368,21,gefoerdert,nicht gefoerdert,36,97
2016,8,173,976.7336711470671,17,gefoerdert,nicht gefoerdert,23,97
2017,8,162,835.5480587848305,28,gefoerdert,nicht gefoerdert,23,97
2018,9,159,947.995385159714,54,gefoerdert,nicht gefoerdert,23,97
2016,,,,4,gefoerdert,nicht gefoerdert,10,97
2017,,,,8,gefoerdert,nicht gefoerdert,10,97
2018,,,,2,gefoerdert,nicht gefoerdert,10,97
2016,0,93,,5,gefoerdert,nicht gefoerdert,3,97
2017,0,94,,5,gefoerdert,nicht gefoerdert,3,97
2018,0,89,,3,gefoerdert,nicht gefoerdert,3,97
2016,,,,,gefoerdert,nicht gefoerdert,4,97
2017,,,,,gefoerdert,nicht gefoerdert,4,97
2018,,,,,gefoerdert,nicht gefoerdert,4,97
2016,6,260,237.9813735755015,4,gefoerdert,nicht gefoerdert,22,97
2017,6,273,83.77584751683993,12,gefoerdert,nicht gefoerdert,22,97
2018,5,325,55.22405413237654,7,gefoerdert,nicht gefoerdert,22,97
2016,6,291,216.2793264102515,4,gefoerdert,nicht gefoerdert,5,97
2017,6,270,81.88837858739406,12,gefoerdert,nicht gefoerdert,5,97
2018,6,269,18.07373550893607,7,gefoerdert,nicht gefoerdert,5,97
2016,2,7,11.63873370489992,4,gefoerdert,nicht gefoerdert,44,97
2017,2,16,3.952424676429445,12,gefoerdert,nicht gefoerdert,44,97
2018,2,19,67.47299852155666,7,gefoerdert,nicht gefoerdert,44,97
2016,,,,4,gefoerdert,nicht gefoerdert,45,97
2017,,,,12,gefoerdert,nicht gefoerdert,45,97
2018,,,,7,gefoerdert,nicht gefoerdert,45,97
2016,6,101,1791.056769607874,4,gefoerdert,nicht gefoerdert,7,97
2017,6,106,1635.856328145268,12,gefoerdert,nicht gefoerdert,7,97
2018,6,109,1477.41300342383,7,gefoerdert,nicht gefoerdert,7,97
2016,2,86,,4,gefoerdert,nicht gefoerdert,28,97
2017,3,100,,5,gefoerdert,nicht gefoerdert,28,97
2018,3,90,,3,gefoerdert,nicht gefoerdert,28,97
2016,1,,0,181,gefoerdert,nicht gefoerdert,39,97
2017,1,,0,170,gefoerdert,nicht gefoerdert,39,97
2018,1,,3.662732889659642,183,gefoerdert,nicht gefoerdert,39,97
2016,2,99,6.41713240023032,73,gefoerdert,nicht gefoerdert,17,97
2017,2,117,30.32937010374447,54,gefoerdert,nicht gefoerdert,17,97
2018,2,90,.4564936873924064,51,gefoerdert,nicht gefoerdert,17,97
2016,4,72,424.9962889851618,7,gefoerdert,nicht gefoerdert,49,97
2017,4,91,208.8316614495212,11,gefoerdert,nicht gefoerdert,49,97
2018,4,110,243.2554100907532,12,gefoerdert,nicht gefoerdert,49,97
2016,0,33,2.083798804384369,,gefoerdert,nicht gefoerdert,41,97
2017,0,46,2.929551603371523,,gefoerdert,nicht gefoerdert,41,97
2018,0,49,0,,gefoerdert,nicht gefoerdert,41,97
2016,,46,,,gefoerdert,nicht gefoerdert,43,97
2017,,44,,,gefoerdert,nicht gefoerdert,43,97
2018,,39,,,gefoerdert,nicht gefoerdert,43,97
2016,,0,,99,gefoerdert,nicht gefoerdert,38,97
2017,,0,,111,gefoerdert,nicht gefoerdert,38,97
2018,,0,,172,gefoerdert,nicht gefoerdert,38,97
2016,4,0,129.1620123000924,23,gefoerdert,nicht gefoerdert,48,97
2017,4,4,303.2653194105812,27,gefoerdert,nicht gefoerdert,48,97
2018,4,6,57.83361578473151,36,gefoerdert,nicht gefoerdert,48,97
2016,1,,394.1843611494402,1,gefoerdert,nicht gefoerdert,47,97
2017,1,,243.0503126068573,,gefoerdert,nicht gefoerdert,47,97
2018,1,,.9884705728144916,1,gefoerdert,nicht gefoerdert,47,97
2016,20,1753,360.2188081666524,3,gefoerdert,nicht gefoerdert,42,97
2017,20,1778,643.9450779158805,6,gefoerdert,nicht gefoerdert,42,97
2018,20,1877,145.0131229368693,2,gefoerdert,nicht gefoerdert,42,97
2016,,,,8,gefoerdert,nicht gefoerdert,53,97
2017,,,,8,gefoerdert,nicht gefoerdert,53,97
2018,,,,10,gefoerdert,nicht gefoerdert,53,97
2016,39,3539,859.6191973902837,320,gefoerdert,nicht gefoerdert,56,97
2017,33,3589,1157.784087573278,281,gefoerdert,nicht gefoerdert,56,97
2018,34,3488,1698.555427134688,390,gefoerdert,nicht gefoerdert,56,97
2016,,396,,,gefoerdert,nicht gefoerdert,54,97
2017,,386,,,gefoerdert,nicht gefoerdert,54,97
2018,,402,,,gefoerdert,nicht gefoerdert,54,97
2016,1,78,0,,gefoerdert,nicht gefoerdert,33,97
2017,1,101,0,,gefoerdert,nicht gefoerdert,33,97
2018,1,123,0,,gefoerdert,nicht gefoerdert,33,97
2016,15,431,1821.473872724774,453,gefoerdert,nicht gefoerdert,32,97
2017,15,406,1627.292755088671,434,gefoerdert,nicht gefoerdert,32,97
2018,15,403,1704.356022256037,475,gefoerdert,nicht gefoerdert,32,97
2016,8,423,398.8687241466448,85,gefoerdert,nicht gefoerdert,25,97
2017,9,512,575.6880052140006,105,gefoerdert,nicht gefoerdert,25,97
2018,9,531,583.4132828467191,154,gefoerdert,nicht gefoerdert,25,97
2016,18,253,2940.735658677259,6062,gefoerdert,nicht gefoerdert,37,97
2017,20,250,2278.276308941095,6635,gefoerdert,nicht gefoerdert,37,97
2018,18,247,3610.047322612649,7157,gefoerdert,nicht gefoerdert,37,97
2016,19,714,4583.732959822658,8733,gefoerdert,nicht gefoerdert,13,97
2017,20,687,5357.269984730874,8934,gefoerdert,nicht gefoerdert,13,97
2018,20,710,3473.042487259539,8858,gefoerdert,nicht gefoerdert,13,97
2016,,,,107,gefoerdert,nicht gefoerdert,35,97
2017,,,,153,gefoerdert,nicht gefoerdert,35,97
2018,,,,141,gefoerdert,nicht gefoerdert,35,97
2016,17,634,2729.901361527103,7340,gefoerdert,nicht gefoerdert,12,97
2017,16,618,3128.222298627465,8185,gefoerdert,nicht gefoerdert,12,97
2018,17,605,1544.119518238684,8339,gefoerdert,nicht gefoerdert,12,97
2016,15,229,3607.079986926865,6820,gefoerdert,nicht gefoerdert,21,97
2017,16,222,5739.411488876505,7474,gefoerdert,nicht gefoerdert,21,97
2018,16,240,15031.70431978885,8274,gefoerdert,nicht gefoerdert,21,97
2016,10,270,256.5549427600155,149,gefoerdert,nicht gefoerdert,20,97
2017,10,279,98.581884713558,129,gefoerdert,nicht gefoerdert,20,97
2018,10,296,60.74061836387796,153,gefoerdert,nicht gefoerdert,20,97
2016,,,,,gefoerdert,nicht gefoerdert,30,97
2017,,,,,gefoerdert,nicht gefoerdert,30,97
2018,,,,,gefoerdert,nicht gefoerdert,30,97
2016,1,,,2284,gefoerdert,nicht gefoerdert,2,97
2017,1,,,2435,gefoerdert,nicht gefoerdert,2,97
2018,1,,,2563,gefoerdert,nicht gefoerdert,2,97
2016,,,,518,gefoerdert,nicht gefoerdert,19,97
2017,,,,532,gefoerdert,nicht gefoerdert,19,97
2018,,,,581,gefoerdert,nicht gefoerdert,19,97
2016,,48,,77,gefoerdert,nicht gefoerdert,16,97
2017,,68,,80,gefoerdert,nicht gefoerdert,16,97
2018,,90,,129,gefoerdert,nicht gefoerdert,16,97
2016,0,113,8867.62213329676,,gefoerdert,nicht gefoerdert,26,97
2017,0,88,9251.689550712816,,gefoerdert,nicht gefoerdert,26,97
2018,0,62,6527.662862776227,,gefoerdert,nicht gefoerdert,26,97
2016,,,,20,gefoerdert,nicht gefoerdert,55,97
2017,,,,35,gefoerdert,nicht gefoerdert,55,97
2018,,,,54,gefoerdert,nicht gefoerdert,55,97
2016,,,,37,gefoerdert,nicht gefoerdert,9,97
2017,,,,26,gefoerdert,nicht gefoerdert,9,97
2018,,,,29,gefoerdert,nicht gefoerdert,9,97
2016,10,465,,3398,gefoerdert,nicht gefoerdert,31,97
2017,11,514,,3918,gefoerdert,nicht gefoerdert,31,97
2018,10,522,,4335,gefoerdert,nicht gefoerdert,31,97
2016,,,,87,gefoerdert,nicht gefoerdert,15,97
2017,,,,92,gefoerdert,nicht gefoerdert,15,97
2018,,0,,127,gefoerdert,nicht gefoerdert,15,97
2016,,,,12,gefoerdert,nicht gefoerdert,51,97
2017,,,,12,gefoerdert,nicht gefoerdert,51,97
2018,,,,13,gefoerdert,nicht gefoerdert,51,97
2016,,,,,gefoerdert,nicht gefoerdert,6,97
2017,,,,,gefoerdert,nicht gefoerdert,6,97
2018,,,,1,gefoerdert,nicht gefoerdert,6,97
2016,,,,35,gefoerdert,nicht gefoerdert,40,97
2017,,,,65,gefoerdert,nicht gefoerdert,40,97
2018,,,,65,gefoerdert,nicht gefoerdert,40,97
2016,,,,21,gefoerdert,nicht gefoerdert,8,97
2017,,,,17,gefoerdert,nicht gefoerdert,8,97
2018,,,,35,gefoerdert,nicht gefoerdert,8,97
2016,,,,,gefoerdert,nicht gefoerdert,52,97
2017,,,,,gefoerdert,nicht gefoerdert,52,97
2018,,,,,gefoerdert,nicht gefoerdert,52,97
2016,,,,,gefoerdert,nicht gefoerdert,29,97
2017,,,,,gefoerdert,nicht gefoerdert,29,97
2018,,,,,gefoerdert,nicht gefoerdert,29,97
2016,,,,2,gefoerdert,nicht gefoerdert,24,97
2017,,,,6,gefoerdert,nicht gefoerdert,24,97
2018,,,,4,gefoerdert,nicht gefoerdert,24,97
2016,2,110,15.35474787762099,,gefoerdert,nicht gefoerdert,14,97
2017,2,115,.0274473918821572,,gefoerdert,nicht gefoerdert,14,97
2018,2,114,18.42149663954034,,gefoerdert,nicht gefoerdert,14,97
2016,1,33,2.560521415077981,1,gefoerdert,nicht gefoerdert,34,97
2017,1,41,12.06404379625925,,gefoerdert,nicht gefoerdert,34,97
2018,1,33,3.119972399471944,,gefoerdert,nicht gefoerdert,34,97
2016,,112,,,gefoerdert,nicht gefoerdert,50,60
2017,,110,,,gefoerdert,nicht gefoerdert,50,60
2018,,110,,,gefoerdert,nicht gefoerdert,50,60
2016,5,192,15.60986907671422,1,gefoerdert,nicht gefoerdert,18,60
2017,5,183,34.72552774767439,1,gefoerdert,nicht gefoerdert,18,60
2018,5,209,17.45818670424529,,gefoerdert,nicht gefoerdert,18,60
2016,,,,1,gefoerdert,nicht gefoerdert,27,60
2017,,,,1,gefoerdert,nicht gefoerdert,27,60
2018,,,,,gefoerdert,nicht gefoerdert,27,60
2016,2,277,307.0809987439908,25,gefoerdert,nicht gefoerdert,36,60
2017,3,303,264.4885622264183,27,gefoerdert,nicht gefoerdert,36,60
2018,4,305,257.6996652824665,19,gefoerdert,nicht gefoerdert,36,60
2016,5,298,258.9022389365154,6,gefoerdert,nicht gefoerdert,23,60
2017,6,308,200.2451932290993,10,gefoerdert,nicht gefoerdert,23,60
2018,7,288,416.1461076198548,17,gefoerdert,nicht gefoerdert,23,60
2016,,,,3,gefoerdert,nicht gefoerdert,10,60
2017,,,,3,gefoerdert,nicht gefoerdert,10,60
2018,,,,3,gefoerdert,nicht gefoerdert,10,60
2016,,19,,,gefoerdert,nicht gefoerdert,3,60
2017,,21,,,gefoerdert,nicht gefoerdert,3,60
2018,,16,,2,gefoerdert,nicht gefoerdert,3,60
2016,,,,,gefoerdert,nicht gefoerdert,4,60
2017,,,,,gefoerdert,nicht gefoerdert,4,60
2018,,,,,gefoerdert,nicht gefoerdert,4,60
2016,10,1078,162.1843618487971,14,gefoerdert,nicht gefoerdert,22,60
2017,10,1040,198.4547076551971,17,gefoerdert,nicht gefoerdert,22,60
2018,8,1049,175.3313105411679,13,gefoerdert,nicht gefoerdert,22,60
2016,5,796,94.64897567067578,14,gefoerdert,nicht gefoerdert,5,60
2017,5,853,310.77585453589,17,gefoerdert,nicht gefoerdert,5,60
2018,5,896,601.2407888928004,13,gefoerdert,nicht gefoerdert,5,60
2016,,3,,14,gefoerdert,nicht gefoerdert,44,60
2017,,6,,17,gefoerdert,nicht gefoerdert,44,60
2018,,2,,13,gefoerdert,nicht gefoerdert,44,60
2016,2,45,242.1238222420102,14,gefoerdert,nicht gefoerdert,45,60
2017,2,40,244.6642262099928,17,gefoerdert,nicht gefoerdert,45,60
2018,2,37,147.9695424619721,13,gefoerdert,nicht gefoerdert,45,60
2016,,,,14,gefoerdert,nicht gefoerdert,7,60
2017,,,,17,gefoerdert,nicht gefoerdert,7,60
2018,,,,13,gefoerdert,nicht gefoerdert,7,60
2016,,,,,gefoerdert,nicht gefoerdert,28,60
2017,,1,,1,gefoerdert,nicht gefoerdert,28,60
2018,,,,,gefoerdert,nicht gefoerdert,28,60
2016,5,1,251.5093130139728,803,gefoerdert,nicht gefoerdert,39,60
2017,4,1,612.0173810690069,886,gefoerdert,nicht gefoerdert,39,60
2018,5,1,509.7425985393033,857,gefoerdert,nicht gefoerdert,39,60
2016,16,1588,4443.608061672086,132,gefoerdert,nicht gefoerdert,17,60
2017,18,1753,2764.334829390117,135,gefoerdert,nicht gefoerdert,17,60
2018,18,1777,2075.187914792914,170,gefoerdert,nicht gefoerdert,17,60
2016,,,,,gefoerdert,nicht gefoerdert,46,60
2017,,,,,gefoerdert,nicht gefoerdert,46,60
2018,,,,,gefoerdert,nicht gefoerdert,46,60
2016,3,417,750.7532783385674,11,gefoerdert,nicht gefoerdert,49,60
2017,4,409,781.3879293429867,10,gefoerdert,nicht gefoerdert,49,60
2018,4,399,510.3662063922698,6,gefoerdert,nicht gefoerdert,49,60
2016,,308,,,gefoerdert,nicht gefoerdert,41,60
2017,,315,,,gefoerdert,nicht gefoerdert,41,60
2018,,314,,,gefoerdert,nicht gefoerdert,41,60
2016,,5,,78,gefoerdert,nicht gefoerdert,38,60
2017,,4,,69,gefoerdert,nicht gefoerdert,38,60
2018,,2,,103,gefoerdert,nicht gefoerdert,38,60
2016,7,668,472.6741229223157,38,gefoerdert,nicht gefoerdert,48,60
2017,7,655,368.4117211347381,43,gefoerdert,nicht gefoerdert,48,60
2018,9,643,707.953365455375,38,gefoerdert,nicht gefoerdert,48,60
2016,,,,3,gefoerdert,nicht gefoerdert,47,60
2017,,,,7,gefoerdert,nicht gefoerdert,47,60
2018,,,,9,gefoerdert,nicht gefoerdert,47,60
2016,,181,,3,gefoerdert,nicht gefoerdert,42,60
2017,,181,,6,gefoerdert,nicht gefoerdert,42,60
2018,,201,,7,gefoerdert,nicht gefoerdert,42,60
2016,,,,24,gefoerdert,nicht gefoerdert,53,60
2017,,,,25,gefoerdert,nicht gefoerdert,53,60
2018,,,,39,gefoerdert,nicht gefoerdert,53,60
2016,19,1980,1558.596818689845,495,gefoerdert,nicht gefoerdert,56,60
2017,21,1986,1910.576404033859,488,gefoerdert,nicht gefoerdert,56,60
2018,21,1990,1810.373964389604,570,gefoerdert,nicht gefoerdert,56,60
2016,12,199,4481.010223564068,,gefoerdert,nicht gefoerdert,33,60
2017,12,219,4092.858316824789,,gefoerdert,nicht gefoerdert,33,60
2018,11,239,4886.05144356135,,gefoerdert,nicht gefoerdert,33,60
2016,11,822,237.9767277430778,232,gefoerdert,nicht gefoerdert,32,60
2017,11,859,187.8343950219731,278,gefoerdert,nicht gefoerdert,32,60
2018,11,909,294.2362296191967,265,gefoerdert,nicht gefoerdert,32,60
2016,18,1218,2471.748564976981,163,gefoerdert,nicht gefoerdert,25,60
2017,16,1350,2058.283715822301,209,gefoerdert,nicht gefoerdert,25,60
2018,15,1299,2561.519989328614,267,gefoerdert,nicht gefoerdert,25,60
2016,17,735,19873.8052097525,2835,gefoerdert,nicht gefoerdert,37,60
2017,19,746,7004.454839936707,2979,gefoerdert,nicht gefoerdert,37,60
2018,22,764,8255.025243137141,3388,gefoerdert,nicht gefoerdert,37,60
2016,11,488,2641.488812069116,2455,gefoerdert,nicht gefoerdert,13,60
2017,12,463,2068.002657024111,2628,gefoerdert,nicht gefoerdert,13,60
2018,12,469,2342.703946505305,2759,gefoerdert,nicht gefoerdert,13,60
2016,,,,61,gefoerdert,nicht gefoerdert,35,60
2017,,,,73,gefoerdert,nicht gefoerdert,35,60
2018,,,,126,gefoerdert,nicht gefoerdert,35,60
2016,22,1200,2941.95999890645,4238,gefoerdert,nicht gefoerdert,12,60
2017,22,1262,3846.435323219071,5042,gefoerdert,nicht gefoerdert,12,60
2018,21,1272,4050.459481685051,5401,gefoerdert,nicht gefoerdert,12,60
2016,,11,,2175,gefoerdert,nicht gefoerdert,21,60
2017,,17,,2657,gefoerdert,nicht gefoerdert,21,60
2018,,17,,3008,gefoerdert,nicht gefoerdert,21,60
2016,,2,,44,gefoerdert,nicht gefoerdert,20,60
2017,,1,,63,gefoerdert,nicht gefoerdert,20,60
2018,,1,,73,gefoerdert,nicht gefoerdert,20,60
2016,,38,,,gefoerdert,nicht gefoerdert,30,60
2017,,42,,,gefoerdert,nicht gefoerdert,30,60
2018,,42,,,gefoerdert,nicht gefoerdert,30,60
2016,,,,290,gefoerdert,nicht gefoerdert,2,60
2017,,,,360,gefoerdert,nicht gefoerdert,2,60
2018,,,,401,gefoerdert,nicht gefoerdert,2,60
2016,,,,82,gefoerdert,nicht gefoerdert,19,60
2017,,,,85,gefoerdert,nicht gefoerdert,19,60
2018,,,,110,gefoerdert,nicht gefoerdert,19,60
2016,,,,100,gefoerdert,nicht gefoerdert,16,60
2017,,,,126,gefoerdert,nicht gefoerdert,16,60
2018,,,,184,gefoerdert,nicht gefoerdert,16,60
2016,1,163,45.01024171289195,,gefoerdert,nicht gefoerdert,26,60
2017,1,169,50.21225980362887,,gefoerdert,nicht gefoerdert,26,60
2018,1,185,54.94368769280817,,gefoerdert,nicht gefoerdert,26,60
2016,,,,19,gefoerdert,nicht gefoerdert,55,60
2017,,,,20,gefoerdert,nicht gefoerdert,55,60
2018,,,,29,gefoerdert,nicht gefoerdert,55,60
2016,,,,3,gefoerdert,nicht gefoerdert,9,60
2017,,,,1,gefoerdert,nicht gefoerdert,9,60
2018,,,,8,gefoerdert,nicht gefoerdert,9,60
2016,,,,1930,gefoerdert,nicht gefoerdert,31,60
2017,,19,,2038,gefoerdert,nicht gefoerdert,31,60
2018,,47,,2206,gefoerdert,nicht gefoerdert,31,60
2016,,,,166,gefoerdert,nicht gefoerdert,15,60
2017,,,,182,gefoerdert,nicht gefoerdert,15,60
2018,,,,218,gefoerdert,nicht gefoerdert,15,60
2016,,,,7,gefoerdert,nicht gefoerdert,51,60
2017,,,,13,gefoerdert,nicht gefoerdert,51,60
2018,,,,21,gefoerdert,nicht gefoerdert,51,60
2016,,,,36,gefoerdert,nicht gefoerdert,40,60
2017,,,,40,gefoerdert,nicht gefoerdert,40,60
2018,,,,57,gefoerdert,nicht gefoerdert,40,60
2016,,,,16,gefoerdert,nicht gefoerdert,8,60
2017,,,,28,gefoerdert,nicht gefoerdert,8,60
2018,,,,24,gefoerdert,nicht gefoerdert,8,60
2016,,273,,,gefoerdert,nicht gefoerdert,29,60
2017,,276,,,gefoerdert,nicht gefoerdert,29,60
2018,,283,,,gefoerdert,nicht gefoerdert,29,60
2016,0,5,5.446927285096669,,gefoerdert,nicht gefoerdert,11,60
2017,1,2,.9039341039407194,,gefoerdert,nicht gefoerdert,11,60
2018,1,3,0,,gefoerdert,nicht gefoerdert,11,60
2016,1,114,304.6666718721543,7,gefoerdert,nicht gefoerdert,24,60
2017,1,101,95.03842533721551,14,gefoerdert,nicht gefoerdert,24,60
2018,1,84,30.65876209317155,28,gefoerdert,nicht gefoerdert,24,60
2016,,,,,gefoerdert,nicht gefoerdert,14,60
2017,,,,,gefoerdert,nicht gefoerdert,14,60
2018,,,,,gefoerdert,nicht gefoerdert,14,60
2016,4,284,226.2476773509684,3,gefoerdert,nicht gefoerdert,34,60
2017,4,274,343.7209622054656,,gefoerdert,nicht gefoerdert,34,60
2018,4,279,313.6147476682721,4,gefoerdert,nicht gefoerdert,34,60
2016,8,597,716.4375972388073,,nicht gefoerdert,nicht gefoerdert,50,112
2017,9,648,603.4693320503205,,nicht gefoerdert,nicht gefoerdert,50,112
2018,10,697,737.4807859425135,,nicht gefoerdert,nicht gefoerdert,50,112
2016,5,62,6.143389244968548,1,nicht gefoerdert,nicht gefoerdert,18,112
2017,5,66,18.49588252676607,1,nicht gefoerdert,nicht gefoerdert,18,112
2018,5,60,9.614224348880525,,nicht gefoerdert,nicht gefoerdert,18,112
2016,5,45,132.7178784489325,1,nicht gefoerdert,nicht gefoerdert,27,112
2017,6,37,129.7337565974794,1,nicht gefoerdert,nicht gefoerdert,27,112
2018,6,42,228.577521341285,,nicht gefoerdert,nicht gefoerdert,27,112
2016,2,99,0,27,nicht gefoerdert,nicht gefoerdert,36,112
2017,2,73,24.14272688591234,39,nicht gefoerdert,nicht gefoerdert,36,112
2018,2,70,50.07412003668307,38,nicht gefoerdert,nicht gefoerdert,36,112
2016,7,215,504.193694860056,6,nicht gefoerdert,nicht gefoerdert,23,112
2017,6,192,462.6084281106761,9,nicht gefoerdert,nicht gefoerdert,23,112
2018,6,182,723.8542687704842,12,nicht gefoerdert,nicht gefoerdert,23,112
2016,,,,7,nicht gefoerdert,nicht gefoerdert,10,112
2017,,,,10,nicht gefoerdert,nicht gefoerdert,10,112
2018,,,,11,nicht gefoerdert,nicht gefoerdert,10,112
2016,0,33,198.2365045096901,2,nicht gefoerdert,nicht gefoerdert,3,112
2017,0,32,0,1,nicht gefoerdert,nicht gefoerdert,3,112
2018,,32,0,,nicht gefoerdert,nicht gefoerdert,3,112
2016,2,134,47.77653656499986,,nicht gefoerdert,nicht gefoerdert,4,112
2017,2,132,0,,nicht gefoerdert,nicht gefoerdert,4,112
2018,2,125,.7826889474980836,,nicht gefoerdert,nicht gefoerdert,4,112
2016,9,1002,601.9534318355279,14,nicht gefoerdert,nicht gefoerdert,22,112
2017,9,1023,579.5123352007049,19,nicht gefoerdert,nicht gefoerdert,22,112
2018,9,1042,602.5033616962561,21,nicht gefoerdert,nicht gefoerdert,22,112
2016,4,829,115.4255147666247,14,nicht gefoerdert,nicht gefoerdert,5,112
2017,5,801,236.2799613754489,19,nicht gefoerdert,nicht gefoerdert,5,112
2018,5,779,138.0066665793441,21,nicht gefoerdert,nicht gefoerdert,5,112
2016,5,307,0,14,nicht gefoerdert,nicht gefoerdert,44,112
2017,6,278,6.143641493215257,19,nicht gefoerdert,nicht gefoerdert,44,112
2018,6,262,37.71374756445255,21,nicht gefoerdert,nicht gefoerdert,44,112
2016,,,,14,nicht gefoerdert,nicht gefoerdert,45,112
2017,,,,19,nicht gefoerdert,nicht gefoerdert,45,112
2018,,,,21,nicht gefoerdert,nicht gefoerdert,45,112
2016,6,268,,14,nicht gefoerdert,nicht gefoerdert,7,112
2017,6,263,,19,nicht gefoerdert,nicht gefoerdert,7,112
2018,7,242,,21,nicht gefoerdert,nicht gefoerdert,7,112
2016,,,,3,nicht gefoerdert,nicht gefoerdert,28,112
2017,,,,1,nicht gefoerdert,nicht gefoerdert,28,112
2018,,,,1,nicht gefoerdert,nicht gefoerdert,28,112
2016,10,584,1259.156409938153,891,nicht gefoerdert,nicht gefoerdert,39,112
2017,10,576,1369.335736366595,978,nicht gefoerdert,nicht gefoerdert,39,112
2018,10,608,1585.019746989651,1077,nicht gefoerdert,nicht gefoerdert,39,112
2016,11,328,557.3118980174432,56,nicht gefoerdert,nicht gefoerdert,17,112
2017,12,293,606.1098145416881,60,nicht gefoerdert,nicht gefoerdert,17,112
2018,13,302,821.6724532222515,74,nicht gefoerdert,nicht gefoerdert,17,112
2016,4,79,155.7104298849553,5,nicht gefoerdert,nicht gefoerdert,49,112
2017,5,72,56.8828914282072,6,nicht gefoerdert,nicht gefoerdert,49,112
2018,4,65,118.0880860301634,8,nicht gefoerdert,nicht gefoerdert,49,112
2016,,123,,,nicht gefoerdert,nicht gefoerdert,41,112
2017,,119,,,nicht gefoerdert,nicht gefoerdert,41,112
2018,,138,,,nicht gefoerdert,nicht gefoerdert,41,112
2016,,,,,nicht gefoerdert,nicht gefoerdert,43,112
2017,,,,,nicht gefoerdert,nicht gefoerdert,43,112
2018,,,,,nicht gefoerdert,nicht gefoerdert,43,112
2016,4,178,,79,nicht gefoerdert,nicht gefoerdert,38,112
2017,4,183,,83,nicht gefoerdert,nicht gefoerdert,38,112
2018,4,161,,64,nicht gefoerdert,nicht gefoerdert,38,112
2016,7,580,574.9850991952669,51,nicht gefoerdert,nicht gefoerdert,48,112
2017,7,581,567.5251533662024,60,nicht gefoerdert,nicht gefoerdert,48,112
2018,7,597,902.6389654819377,58,nicht gefoerdert,nicht gefoerdert,48,112
2016,,,,1,nicht gefoerdert,nicht gefoerdert,47,112
2017,,,,6,nicht gefoerdert,nicht gefoerdert,47,112
2018,,,,7,nicht gefoerdert,nicht gefoerdert,47,112
2016,20,1988,493.7718566865185,12,nicht gefoerdert,nicht gefoerdert,42,112
2017,21,2124,804.2954900614768,20,nicht gefoerdert,nicht gefoerdert,42,112
2018,19,2050,422.5729706628485,23,nicht gefoerdert,nicht gefoerdert,42,112
2016,,3,,37,nicht gefoerdert,nicht gefoerdert,53,112
2017,,6,,37,nicht gefoerdert,nicht gefoerdert,53,112
2018,,10,,33,nicht gefoerdert,nicht gefoerdert,53,112
2016,16,1374,792.7104018769417,329,nicht gefoerdert,nicht gefoerdert,56,112
2017,16,1250,815.4812294783815,351,nicht gefoerdert,nicht gefoerdert,56,112
2018,14,1135,874.073063840037,372,nicht gefoerdert,nicht gefoerdert,56,112
2016,7,,845.4264208623096,,nicht gefoerdert,nicht gefoerdert,33,112
2017,6,,908.5471108078896,,nicht gefoerdert,nicht gefoerdert,33,112
2018,7,,1149.089776216293,,nicht gefoerdert,nicht gefoerdert,33,112
2016,12,584,900.4255184016844,298,nicht gefoerdert,nicht gefoerdert,32,112
2017,12,556,1014.80334275183,307,nicht gefoerdert,nicht gefoerdert,32,112
2018,12,547,777.5848588804935,320,nicht gefoerdert,nicht gefoerdert,32,112
2016,8,510,1025.497237542386,140,nicht gefoerdert,nicht gefoerdert,25,112
2017,9,574,726.6496132517694,176,nicht gefoerdert,nicht gefoerdert,25,112
2018,10,627,856.6741853551634,187,nicht gefoerdert,nicht gefoerdert,25,112
2016,9,231,1240.537277498034,1842,nicht gefoerdert,nicht gefoerdert,37,112
2017,9,244,1637.78867997209,2001,nicht gefoerdert,nicht gefoerdert,37,112
2018,9,270,1741.276239796945,2015,nicht gefoerdert,nicht gefoerdert,37,112
2016,6,129,421.5838043067196,1820,nicht gefoerdert,nicht gefoerdert,13,112
2017,6,133,1094.676081373756,1905,nicht gefoerdert,nicht gefoerdert,13,112
2018,5,143,564.0095901270621,1807,nicht gefoerdert,nicht gefoerdert,13,112
2016,,,,69,nicht gefoerdert,nicht gefoerdert,35,112
2017,,,,77,nicht gefoerdert,nicht gefoerdert,35,112
2018,,,,92,nicht gefoerdert,nicht gefoerdert,35,112
2016,15,728,4489.910672382069,3848,nicht gefoerdert,nicht gefoerdert,12,112
2017,15,746,4971.527797259805,3814,nicht gefoerdert,nicht gefoerdert,12,112
2018,15,745,4822.723599894996,4162,nicht gefoerdert,nicht gefoerdert,12,112
2016,,93,,635,nicht gefoerdert,nicht gefoerdert,21,112
2017,,98,,744,nicht gefoerdert,nicht gefoerdert,21,112
2018,,109,,949,nicht gefoerdert,nicht gefoerdert,21,112
2016,8,281,534.78770900246,36,nicht gefoerdert,nicht gefoerdert,20,112
2017,7,269,539.0622207502561,39,nicht gefoerdert,nicht gefoerdert,20,112
2018,5,276,525.9732406769309,40,nicht gefoerdert,nicht gefoerdert,20,112
2016,,,,,nicht gefoerdert,nicht gefoerdert,30,112
2017,,,,,nicht gefoerdert,nicht gefoerdert,30,112
2018,,,,,nicht gefoerdert,nicht gefoerdert,30,112
2016,,,,146,nicht gefoerdert,nicht gefoerdert,2,112
2017,,,,149,nicht gefoerdert,nicht gefoerdert,2,112
2018,,,,172,nicht gefoerdert,nicht gefoerdert,2,112
2016,,,,24,nicht gefoerdert,nicht gefoerdert,19,112
2017,,,,55,nicht gefoerdert,nicht gefoerdert,19,112
2018,,,,48,nicht gefoerdert,nicht gefoerdert,19,112
2016,,101,,29,nicht gefoerdert,nicht gefoerdert,16,112
2017,,124,,54,nicht gefoerdert,nicht gefoerdert,16,112
2018,,135,,49,nicht gefoerdert,nicht gefoerdert,16,112
2016,,181,,,nicht gefoerdert,nicht gefoerdert,26,112
2017,,189,,,nicht gefoerdert,nicht gefoerdert,26,112
2018,,191,,,nicht gefoerdert,nicht gefoerdert,26,112
2016,,,,2,nicht gefoerdert,nicht gefoerdert,55,112
2017,,,,6,nicht gefoerdert,nicht gefoerdert,55,112
2018,,1,,3,nicht gefoerdert,nicht gefoerdert,55,112
2016,,,,1,nicht gefoerdert,nicht gefoerdert,9,112
2017,,,,1,nicht gefoerdert,nicht gefoerdert,9,112
2018,,,,1,nicht gefoerdert,nicht gefoerdert,9,112
2016,,106,,736,nicht gefoerdert,nicht gefoerdert,31,112
2017,,108,,868,nicht gefoerdert,nicht gefoerdert,31,112
2018,,107,,891,nicht gefoerdert,nicht gefoerdert,31,112
2016,,28,,85,nicht gefoerdert,nicht gefoerdert,15,112
2017,,35,,80,nicht gefoerdert,nicht gefoerdert,15,112
2018,,35,,80,nicht gefoerdert,nicht gefoerdert,15,112
2016,,,,8,nicht gefoerdert,nicht gefoerdert,51,112
2017,,,,7,nicht gefoerdert,nicht gefoerdert,51,112
2018,,,,4,nicht gefoerdert,nicht gefoerdert,51,112
2016,,,,,nicht gefoerdert,nicht gefoerdert,6,112
2017,,,,,nicht gefoerdert,nicht gefoerdert,6,112
2018,,,,1,nicht gefoerdert,nicht gefoerdert,6,112
2016,,,,76,nicht gefoerdert,nicht gefoerdert,40,112
2017,,,,71,nicht gefoerdert,nicht gefoerdert,40,112
2018,,,,70,nicht gefoerdert,nicht gefoerdert,40,112
2016,,,,7,nicht gefoerdert,nicht gefoerdert,8,112
2017,,,,10,nicht gefoerdert,nicht gefoerdert,8,112
2018,,,,12,nicht gefoerdert,nicht gefoerdert,8,112
2016,,75,,,nicht gefoerdert,nicht gefoerdert,52,112
2017,,69,,,nicht gefoerdert,nicht gefoerdert,52,112
2018,,60,,,nicht gefoerdert,nicht gefoerdert,52,112
2016,7,306,61.76815352163097,,nicht gefoerdert,nicht gefoerdert,29,112
2017,6,315,76.17292202921823,,nicht gefoerdert,nicht gefoerdert,29,112
2018,7,314,19.84669185036537,1,nicht gefoerdert,nicht gefoerdert,29,112
2016,,,,,nicht gefoerdert,nicht gefoerdert,11,112
2017,,,,,nicht gefoerdert,nicht gefoerdert,11,112
2018,,,,1,nicht gefoerdert,nicht gefoerdert,11,112
2016,2,11,8.599627616706206,1,nicht gefoerdert,nicht gefoerdert,24,112
2017,2,11,55.58737416736114,3,nicht gefoerdert,nicht gefoerdert,24,112
2018,2,14,50.95116456177676,3,nicht gefoerdert,nicht gefoerdert,24,112
2016,4,156,36.83612688239393,,nicht gefoerdert,nicht gefoerdert,34,112
2017,5,168,70.03934254169005,1,nicht gefoerdert,nicht gefoerdert,34,112
2018,5,159,24.73063450391469,,nicht gefoerdert,nicht gefoerdert,34,112
2016,7,1206,574.8519470806644,,nicht gefoerdert,nicht gefoerdert,50,114
2017,7,1334,1165.321175504437,,nicht gefoerdert,nicht gefoerdert,50,114
2018,7,1262,1092.266211818479,,nicht gefoerdert,nicht gefoerdert,50,114
2016,,,,,nicht gefoerdert,nicht gefoerdert,18,114
2017,,,,,nicht gefoerdert,nicht gefoerdert,18,114
2018,,,,1,nicht gefoerdert,nicht gefoerdert,18,114
2016,5,291,12.21601479010716,,nicht gefoerdert,nicht gefoerdert,27,114
2017,5,308,21.22964361507977,,nicht gefoerdert,nicht gefoerdert,27,114
2018,5,305,35.92012084399187,1,nicht gefoerdert,nicht gefoerdert,27,114
2016,2,6,21.01210375580289,1,nicht gefoerdert,nicht gefoerdert,36,114
2017,2,6,38.10247017870437,4,nicht gefoerdert,nicht gefoerdert,36,114
2018,2,9,9.23141612785888,1,nicht gefoerdert,nicht gefoerdert,36,114
2016,4,276,85.93482189137779,2,nicht gefoerdert,nicht gefoerdert,23,114
2017,5,313,107.7319299559492,,nicht gefoerdert,nicht gefoerdert,23,114
2018,4,300,184.9446342031345,4,nicht gefoerdert,nicht gefoerdert,23,114
2016,,,,2,nicht gefoerdert,nicht gefoerdert,10,114
2017,,,,4,nicht gefoerdert,nicht gefoerdert,10,114
2018,,,,6,nicht gefoerdert,nicht gefoerdert,10,114
2016,,263,,,nicht gefoerdert,nicht gefoerdert,3,114
2017,,236,,,nicht gefoerdert,nicht gefoerdert,3,114
2018,,218,,,nicht gefoerdert,nicht gefoerdert,3,114
2016,,,,,nicht gefoerdert,nicht gefoerdert,4,114
2017,,,,,nicht gefoerdert,nicht gefoerdert,4,114
2018,,,,,nicht gefoerdert,nicht gefoerdert,4,114
2016,5,410,135.558655797925,3,nicht gefoerdert,nicht gefoerdert,22,114
2017,5,466,188.4711737460862,,nicht gefoerdert,nicht gefoerdert,22,114
2018,6,464,155.6607471169752,3,nicht gefoerdert,nicht gefoerdert,22,114
2016,4,517,79.76350126609502,3,nicht gefoerdert,nicht gefoerdert,5,114
2017,4,573,52.88563664241259,,nicht gefoerdert,nicht gefoerdert,5,114
2018,4,578,44.58451642393484,3,nicht gefoerdert,nicht gefoerdert,5,114
2016,4,13,4.691806363085991,3,nicht gefoerdert,nicht gefoerdert,44,114
2017,4,18,0,,nicht gefoerdert,nicht gefoerdert,44,114
2018,4,15,9.953898150839718,3,nicht gefoerdert,nicht gefoerdert,44,114
2016,1,0,0,3,nicht gefoerdert,nicht gefoerdert,45,114
2017,1,0,0,,nicht gefoerdert,nicht gefoerdert,45,114
2018,1,0,1.347914388259049,3,nicht gefoerdert,nicht gefoerdert,45,114
2016,2,4,486.5577171713763,3,nicht gefoerdert,nicht gefoerdert,7,114
2017,3,0,565.4711779617933,,nicht gefoerdert,nicht gefoerdert,7,114
2018,2,0,500.0205137188113,3,nicht gefoerdert,nicht gefoerdert,7,114
2016,,859,,1,nicht gefoerdert,nicht gefoerdert,28,114
2017,,830,,,nicht gefoerdert,nicht gefoerdert,28,114
2018,,822,,,nicht gefoerdert,nicht gefoerdert,28,114
2016,4,0,7.076350003782657,13,nicht gefoerdert,nicht gefoerdert,39,114
2017,4,0,0,21,nicht gefoerdert,nicht gefoerdert,39,114
2018,3,,10.24414900797642,30,nicht gefoerdert,nicht gefoerdert,39,114
2016,4,35,171.682489194017,10,nicht gefoerdert,nicht gefoerdert,17,114
2017,4,32,202.2625782527858,18,nicht gefoerdert,nicht gefoerdert,17,114
2018,4,25,122.4813814156018,26,nicht gefoerdert,nicht gefoerdert,17,114
2016,,,,,nicht gefoerdert,nicht gefoerdert,46,114
2017,,,,,nicht gefoerdert,nicht gefoerdert,46,114
2018,,,,,nicht gefoerdert,nicht gefoerdert,46,114
2016,0,60,3.729981416816781,6,nicht gefoerdert,nicht gefoerdert,49,114
2017,0,73,1.360475744230911,3,nicht gefoerdert,nicht gefoerdert,49,114
2018,0,72,.7090029455142662,5,nicht gefoerdert,nicht gefoerdert,49,114
2016,,47,,,nicht gefoerdert,nicht gefoerdert,41,114
2017,,74,,,nicht gefoerdert,nicht gefoerdert,41,114
2018,,198,,,nicht gefoerdert,nicht gefoerdert,41,114
2016,,15,,,nicht gefoerdert,nicht gefoerdert,43,114
2017,,20,,,nicht gefoerdert,nicht gefoerdert,43,114
2018,,20,,,nicht gefoerdert,nicht gefoerdert,43,114
2016,3,0,309.9478609502615,13,nicht gefoerdert,nicht gefoerdert,38,114
2017,3,0,333.9002771292924,16,nicht gefoerdert,nicht gefoerdert,38,114
2018,3,0,311.8885276365797,16,nicht gefoerdert,nicht gefoerdert,38,114
2016,3,81,54.17504478914935,16,nicht gefoerdert,nicht gefoerdert,48,114
2017,4,110,45.93687065875888,17,nicht gefoerdert,nicht gefoerdert,48,114
2018,4,120,6.139300534904316,18,nicht gefoerdert,nicht gefoerdert,48,114
2016,,,,1,nicht gefoerdert,nicht gefoerdert,47,114
2017,,,,1,nicht gefoerdert,nicht gefoerdert,47,114
2018,,,,,nicht gefoerdert,nicht gefoerdert,47,114
2016,22,2320,1070.698373952229,5,nicht gefoerdert,nicht gefoerdert,42,114
2017,24,2374,854.9158038085379,5,nicht gefoerdert,nicht gefoerdert,42,114
2018,21,2299,771.2065078116377,,nicht gefoerdert,nicht gefoerdert,42,114
2016,,869,,5,nicht gefoerdert,nicht gefoerdert,53,114
2017,,939,,9,nicht gefoerdert,nicht gefoerdert,53,114
2018,,946,,6,nicht gefoerdert,nicht gefoerdert,53,114
2016,21,1492,921.700191606269,149,nicht gefoerdert,nicht gefoerdert,56,114
2017,20,1564,1798.808803580497,213,nicht gefoerdert,nicht gefoerdert,56,114
2018,20,1309,940.4048106285658,227,nicht gefoerdert,nicht gefoerdert,56,114
2016,0,,36.02886377273941,,nicht gefoerdert,nicht gefoerdert,33,114
2017,,,17.15278974371282,,nicht gefoerdert,nicht gefoerdert,33,114
2018,,,2.875550737801682,,nicht gefoerdert,nicht gefoerdert,33,114
2016,7,281,193.3435763137699,87,nicht gefoerdert,nicht gefoerdert,32,114
2017,8,317,163.5910271384914,97,nicht gefoerdert,nicht gefoerdert,32,114
2018,8,322,113.4728257387482,121,nicht gefoerdert,nicht gefoerdert,32,114
2016,15,1245,7054.814798120802,230,nicht gefoerdert,nicht gefoerdert,25,114
2017,15,1432,3947.155727917601,284,nicht gefoerdert,nicht gefoerdert,25,114
2018,13,1614,3906.975486887206,410,nicht gefoerdert,nicht gefoerdert,25,114
2016,,,,19,nicht gefoerdert,nicht gefoerdert,37,114
2017,,,,40,nicht gefoerdert,nicht gefoerdert,37,114
2018,,,,44,nicht gefoerdert,nicht gefoerdert,37,114
2016,,,,15,nicht gefoerdert,nicht gefoerdert,13,114
2017,,,,29,nicht gefoerdert,nicht gefoerdert,13,114
2018,,,,51,nicht gefoerdert,nicht gefoerdert,13,114
2016,,,,,nicht gefoerdert,nicht gefoerdert,35,114
2017,,,,,nicht gefoerdert,nicht gefoerdert,35,114
2018,,,,2,nicht gefoerdert,nicht gefoerdert,35,114
2016,,,,21,nicht gefoerdert,nicht gefoerdert,12,114
2017,,,,27,nicht gefoerdert,nicht gefoerdert,12,114
2018,,,,24,nicht gefoerdert,nicht gefoerdert,12,114
2016,,,,25,nicht gefoerdert,nicht gefoerdert,21,114
2017,,,,29,nicht gefoerdert,nicht gefoerdert,21,114
2018,,,,56,nicht gefoerdert,nicht gefoerdert,21,114
2016,3,300,136.8510212431552,4,nicht gefoerdert,nicht gefoerdert,20,114
2017,3,321,143.6239732807354,9,nicht gefoerdert,nicht gefoerdert,20,114
2018,3,323,82.55436758503966,5,nicht gefoerdert,nicht gefoerdert,20,114
2016,,,,,nicht gefoerdert,nicht gefoerdert,1,114
2017,,,,,nicht gefoerdert,nicht gefoerdert,1,114
2018,,,,,nicht gefoerdert,nicht gefoerdert,1,114
2016,,,,,nicht gefoerdert,nicht gefoerdert,2,114
2017,,,,3,nicht gefoerdert,nicht gefoerdert,2,114
2018,,,,6,nicht gefoerdert,nicht gefoerdert,2,114
2016,,,,7,nicht gefoerdert,nicht gefoerdert,19,114
2017,,,,8,nicht gefoerdert,nicht gefoerdert,19,114
2018,,,,7,nicht gefoerdert,nicht gefoerdert,19,114
2016,,,,2,nicht gefoerdert,nicht gefoerdert,16,114
2017,,,,,nicht gefoerdert,nicht gefoerdert,16,114
2018,,,,2,nicht gefoerdert,nicht gefoerdert,16,114
2016,,612,,,nicht gefoerdert,nicht gefoerdert,26,114
2017,,860,,,nicht gefoerdert,nicht gefoerdert,26,114
2018,,798,,,nicht gefoerdert,nicht gefoerdert,26,114
2016,,,,1,nicht gefoerdert,nicht gefoerdert,55,114
2017,,,,2,nicht gefoerdert,nicht gefoerdert,55,114
2018,,,,1,nicht gefoerdert,nicht gefoerdert,55,114
2016,,,,59,nicht gefoerdert,nicht gefoerdert,31,114
2017,,,,75,nicht gefoerdert,nicht gefoerdert,31,114
2018,,,,96,nicht gefoerdert,nicht gefoerdert,31,114
2016,,,,99,nicht gefoerdert,nicht gefoerdert,15,114
2017,,,,97,nicht gefoerdert,nicht gefoerdert,15,114
2018,,,,172,nicht gefoerdert,nicht gefoerdert,15,114
2016,,,,1,nicht gefoerdert,nicht gefoerdert,51,114
2017,,,,7,nicht gefoerdert,nicht gefoerdert,51,114
2018,,,,4,nicht gefoerdert,nicht gefoerdert,51,114
2016,,,,8,nicht gefoerdert,nicht gefoerdert,40,114
2017,,,,8,nicht gefoerdert,nicht gefoerdert,40,114
2018,,,,7,nicht gefoerdert,nicht gefoerdert,40,114
2016,,,,,nicht gefoerdert,nicht gefoerdert,8,114
2017,,,,1,nicht gefoerdert,nicht gefoerdert,8,114
2018,,,,,nicht gefoerdert,nicht gefoerdert,8,114
2016,2,61,3.851955385114589,,nicht gefoerdert,nicht gefoerdert,29,114
2017,2,51,9.657822282770072,,nicht gefoerdert,nicht gefoerdert,29,114
2018,2,55,1.062156574798309,,nicht gefoerdert,nicht gefoerdert,29,114
2016,,,,,nicht gefoerdert,nicht gefoerdert,11,114
2017,,,,,nicht gefoerdert,nicht gefoerdert,11,114
2018,,,,,nicht gefoerdert,nicht gefoerdert,11,114
2016,,,,3,nicht gefoerdert,nicht gefoerdert,24,114
2017,,,,9,nicht gefoerdert,nicht gefoerdert,24,114
2018,,,,7,nicht gefoerdert,nicht gefoerdert,24,114
2016,,,,,nicht gefoerdert,nicht gefoerdert,14,114
2017,,,,,nicht gefoerdert,nicht gefoerdert,14,114
2018,,,,,nicht gefoerdert,nicht gefoerdert,14,114
2016,1,0,.9310986963919934,,nicht gefoerdert,nicht gefoerdert,34,114
2017,1,0,0,,nicht gefoerdert,nicht gefoerdert,34,114
2018,1,0,0,2,nicht gefoerdert,nicht gefoerdert,34,114
2016,2,804,27.622904855372,,nicht gefoerdert,nicht gefoerdert,50,93
2017,2,717,48.83714694732689,,nicht gefoerdert,nicht gefoerdert,50,93
2018,2,716,88.72511674761043,,nicht gefoerdert,nicht gefoerdert,50,93
2016,,,,,nicht gefoerdert,nicht gefoerdert,18,93
2017,,,,2,nicht gefoerdert,nicht gefoerdert,18,93
2018,,,,,nicht gefoerdert,nicht gefoerdert,18,93
2016,,,,,nicht gefoerdert,nicht gefoerdert,27,93
2017,,,,2,nicht gefoerdert,nicht gefoerdert,27,93
2018,,,,,nicht gefoerdert,nicht gefoerdert,27,93
2016,,,,,nicht gefoerdert,nicht gefoerdert,36,93
2017,,,,,nicht gefoerdert,nicht gefoerdert,36,93
2018,,,,1,nicht gefoerdert,nicht gefoerdert,36,93
2016,,,,,nicht gefoerdert,nicht gefoerdert,23,93
2017,,,,,nicht gefoerdert,nicht gefoerdert,23,93
2018,,,,,nicht gefoerdert,nicht gefoerdert,23,93
2016,,,,7,nicht gefoerdert,nicht gefoerdert,10,93
2017,,,,5,nicht gefoerdert,nicht gefoerdert,10,93
2018,,,,9,nicht gefoerdert,nicht gefoerdert,10,93
2016,,,,,nicht gefoerdert,nicht gefoerdert,22,93
2017,,,,,nicht gefoerdert,nicht gefoerdert,22,93
2018,,,,,nicht gefoerdert,nicht gefoerdert,22,93
2016,,,,,nicht gefoerdert,nicht gefoerdert,5,93
2017,,,,,nicht gefoerdert,nicht gefoerdert,5,93
2018,,,,,nicht gefoerdert,nicht gefoerdert,5,93
2016,,,,,nicht gefoerdert,nicht gefoerdert,44,93
2017,,,,,nicht gefoerdert,nicht gefoerdert,44,93
2018,,,,,nicht gefoerdert,nicht gefoerdert,44,93
2016,,,,,nicht gefoerdert,nicht gefoerdert,45,93
2017,,,,,nicht gefoerdert,nicht gefoerdert,45,93
2018,,,,,nicht gefoerdert,nicht gefoerdert,45,93
2016,,,,,nicht gefoerdert,nicht gefoerdert,7,93
2017,,,,,nicht gefoerdert,nicht gefoerdert,7,93
2018,,,,,nicht gefoerdert,nicht gefoerdert,7,93
2016,,,,4,nicht gefoerdert,nicht gefoerdert,28,93
2017,,,,2,nicht gefoerdert,nicht gefoerdert,28,93
2018,,,,2,nicht gefoerdert,nicht gefoerdert,28,93
2016,,,,49,nicht gefoerdert,nicht gefoerdert,39,93
2017,,,,84,nicht gefoerdert,nicht gefoerdert,39,93
2018,,,,100,nicht gefoerdert,nicht gefoerdert,39,93
2016,,,,8,nicht gefoerdert,nicht gefoerdert,17,93
2017,,,,8,nicht gefoerdert,nicht gefoerdert,17,93
2018,,,,6,nicht gefoerdert,nicht gefoerdert,17,93
2016,,,,4,nicht gefoerdert,nicht gefoerdert,49,93
2017,,,,,nicht gefoerdert,nicht gefoerdert,49,93
2018,,,,5,nicht gefoerdert,nicht gefoerdert,49,93
2016,2,0,1.862197392783987,,nicht gefoerdert,nicht gefoerdert,41,93
2017,3,0,38.1994500441316,,nicht gefoerdert,nicht gefoerdert,41,93
2018,2,0,47.74492482389648,,nicht gefoerdert,nicht gefoerdert,41,93
2016,,,,,nicht gefoerdert,nicht gefoerdert,43,93
2017,,,,,nicht gefoerdert,nicht gefoerdert,43,93
2018,,,,,nicht gefoerdert,nicht gefoerdert,43,93
2016,1,,0,7,nicht gefoerdert,nicht gefoerdert,38,93
2017,1,,0,6,nicht gefoerdert,nicht gefoerdert,38,93
2018,1,,0,11,nicht gefoerdert,nicht gefoerdert,38,93
2016,,,,9,nicht gefoerdert,nicht gefoerdert,48,93
2017,,,,26,nicht gefoerdert,nicht gefoerdert,48,93
2018,,,,8,nicht gefoerdert,nicht gefoerdert,48,93
2016,,,,,nicht gefoerdert,nicht gefoerdert,47,93
2017,,,,,nicht gefoerdert,nicht gefoerdert,47,93
2018,,,,,nicht gefoerdert,nicht gefoerdert,47,93
2016,2,,12.85381778784024,,nicht gefoerdert,nicht gefoerdert,42,93
2017,2,,30.25526097132708,2,nicht gefoerdert,nicht gefoerdert,42,93
2018,2,,3.542318933502539,1,nicht gefoerdert,nicht gefoerdert,42,93
2016,,,,2,nicht gefoerdert,nicht gefoerdert,53,93
2017,,,,,nicht gefoerdert,nicht gefoerdert,53,93
2018,,,,1,nicht gefoerdert,nicht gefoerdert,53,93
2016,13,535,127.84543737948,113,nicht gefoerdert,nicht gefoerdert,56,93
2017,13,435,207.5114341643031,110,nicht gefoerdert,nicht gefoerdert,56,93
2018,12,406,240.1695933073294,127,nicht gefoerdert,nicht gefoerdert,56,93
2016,,,,,nicht gefoerdert,nicht gefoerdert,54,93
2017,,,,,nicht gefoerdert,nicht gefoerdert,54,93
2018,,,,,nicht gefoerdert,nicht gefoerdert,54,93
2016,0,0,0,,nicht gefoerdert,nicht gefoerdert,33,93
2017,0,0,0,,nicht gefoerdert,nicht gefoerdert,33,93
2018,0,0,0,,nicht gefoerdert,nicht gefoerdert,33,93
2016,10,72,259.6890184715617,124,nicht gefoerdert,nicht gefoerdert,32,93
2017,10,72,172.2845442102605,110,nicht gefoerdert,nicht gefoerdert,32,93
2018,10,56,418.4995553917868,152,nicht gefoerdert,nicht gefoerdert,32,93
2016,12,583,1574.888318048493,146,nicht gefoerdert,nicht gefoerdert,25,93
2017,11,568,1790.718211103404,236,nicht gefoerdert,nicht gefoerdert,25,93
2018,11,553,1588.432642526916,238,nicht gefoerdert,nicht gefoerdert,25,93
2016,7,0,1845.768138100628,2799,nicht gefoerdert,nicht gefoerdert,37,93
2017,7,0,974.337648421608,3133,nicht gefoerdert,nicht gefoerdert,37,93
2018,7,0,846.7796074214278,3368,nicht gefoerdert,nicht gefoerdert,37,93
2016,1,0,558.0390915549817,1985,nicht gefoerdert,nicht gefoerdert,13,93
2017,1,0,149.8014654132705,2085,nicht gefoerdert,nicht gefoerdert,13,93
2018,1,0,190.7658242891969,2282,nicht gefoerdert,nicht gefoerdert,13,93
2016,,,,3,nicht gefoerdert,nicht gefoerdert,35,93
2017,,,,4,nicht gefoerdert,nicht gefoerdert,35,93
2018,,,,14,nicht gefoerdert,nicht gefoerdert,35,93
2016,,,,96,nicht gefoerdert,nicht gefoerdert,12,93
2017,,,,129,nicht gefoerdert,nicht gefoerdert,12,93
2018,,,,151,nicht gefoerdert,nicht gefoerdert,12,93
2016,,,,55,nicht gefoerdert,nicht gefoerdert,21,93
2017,,,,35,nicht gefoerdert,nicht gefoerdert,21,93
2018,,,,79,nicht gefoerdert,nicht gefoerdert,21,93
2016,,,,3,nicht gefoerdert,nicht gefoerdert,20,93
2017,,,,5,nicht gefoerdert,nicht gefoerdert,20,93
2018,,,,5,nicht gefoerdert,nicht gefoerdert,20,93
2016,,,,5,nicht gefoerdert,nicht gefoerdert,2,93
2017,,,,15,nicht gefoerdert,nicht gefoerdert,2,93
2018,,,,17,nicht gefoerdert,nicht gefoerdert,2,93
2016,,,,,nicht gefoerdert,nicht gefoerdert,19,93
2017,,,,,nicht gefoerdert,nicht gefoerdert,19,93
2018,,,,1,nicht gefoerdert,nicht gefoerdert,19,93
2016,,,,1,nicht gefoerdert,nicht gefoerdert,16,93
2017,,,,,nicht gefoerdert,nicht gefoerdert,16,93
2018,,,,,nicht gefoerdert,nicht gefoerdert,16,93
2016,6,1447,1835.874305175393,,nicht gefoerdert,nicht gefoerdert,26,93
2017,6,1305,2613.247968053667,,nicht gefoerdert,nicht gefoerdert,26,93
2018,6,1303,2153.954687372835,,nicht gefoerdert,nicht gefoerdert,26,93
2016,,667,,4,nicht gefoerdert,nicht gefoerdert,55,93
2017,,603,0,8,nicht gefoerdert,nicht gefoerdert,55,93
2018,,544,0,10,nicht gefoerdert,nicht gefoerdert,55,93
2016,,,,10,nicht gefoerdert,nicht gefoerdert,9,93
2017,,,,7,nicht gefoerdert,nicht gefoerdert,9,93
2018,,,,7,nicht gefoerdert,nicht gefoerdert,9,93
2016,16,668,8865.457146972436,1345,nicht gefoerdert,nicht gefoerdert,31,93
2017,15,648,13915.02744634889,1496,nicht gefoerdert,nicht gefoerdert,31,93
2018,15,632,10152.61051895362,1727,nicht gefoerdert,nicht gefoerdert,31,93
2016,21,434,11354.17303074761,342,nicht gefoerdert,nicht gefoerdert,15,93
2017,23,430,10691.84762328321,471,nicht gefoerdert,nicht gefoerdert,15,93
2018,22,438,8974.610567877036,516,nicht gefoerdert,nicht gefoerdert,15,93
2016,2,353,1845.182450651592,24,nicht gefoerdert,nicht gefoerdert,51,93
2017,1,338,1206.261637353779,54,nicht gefoerdert,nicht gefoerdert,51,93
2018,1,317,2494.17450956327,64,nicht gefoerdert,nicht gefoerdert,51,93
2016,,,,4,nicht gefoerdert,nicht gefoerdert,40,93
2017,,,,4,nicht gefoerdert,nicht gefoerdert,40,93
2018,,,,8,nicht gefoerdert,nicht gefoerdert,40,93
2016,,,,20,nicht gefoerdert,nicht gefoerdert,8,93
2017,,,,10,nicht gefoerdert,nicht gefoerdert,8,93
2018,,,,11,nicht gefoerdert,nicht gefoerdert,8,93
2016,,,,25,nicht gefoerdert,nicht gefoerdert,24,93
2017,,,,48,nicht gefoerdert,nicht gefoerdert,24,93
2018,,,,55,nicht gefoerdert,nicht gefoerdert,24,93
2016,,,,,nicht gefoerdert,nicht gefoerdert,34,93
2017,,,,,nicht gefoerdert,nicht gefoerdert,34,93
2018,,,,,nicht gefoerdert,nicht gefoerdert,34,93
2016,3,307,77.43017100174342,,nicht gefoerdert,nicht gefoerdert,50,102
2017,3,340,26.78316575082449,,nicht gefoerdert,nicht gefoerdert,50,102
2018,3,360,13.96439302808451,,nicht gefoerdert,nicht gefoerdert,50,102
2016,2,0,1.117318480068638,2,nicht gefoerdert,nicht gefoerdert,18,102
2017,2,,10.06404391507321,2,nicht gefoerdert,nicht gefoerdert,18,102
2018,2,0,6.290267145208896,4,nicht gefoerdert,nicht gefoerdert,18,102
2016,13,65,282.6471026615299,2,nicht gefoerdert,nicht gefoerdert,27,102
2017,13,52,373.5215028864849,2,nicht gefoerdert,nicht gefoerdert,27,102
2018,11,53,440.4112541005841,4,nicht gefoerdert,nicht gefoerdert,27,102
2016,5,124,1208.209444378077,6,nicht gefoerdert,nicht gefoerdert,36,102
2017,5,127,635.446504787801,10,nicht gefoerdert,nicht gefoerdert,36,102
2018,5,125,459.9209656399229,8,nicht gefoerdert,nicht gefoerdert,36,102
2016,7,245,712.5428268494928,4,nicht gefoerdert,nicht gefoerdert,23,102
2017,7,235,713.372372698528,14,nicht gefoerdert,nicht gefoerdert,23,102
2018,7,221,834.217940422252,11,nicht gefoerdert,nicht gefoerdert,23,102
2016,,,,47,nicht gefoerdert,nicht gefoerdert,10,102
2017,,,,36,nicht gefoerdert,nicht gefoerdert,10,102
2018,,,,49,nicht gefoerdert,nicht gefoerdert,10,102
2016,4,224,127.0903120176448,,nicht gefoerdert,nicht gefoerdert,3,102
2017,3,193,125.6431865685161,2,nicht gefoerdert,nicht gefoerdert,3,102
2018,3,188,39.78773729655805,1,nicht gefoerdert,nicht gefoerdert,3,102
2016,,,,1,nicht gefoerdert,nicht gefoerdert,4,102
2017,,,,,nicht gefoerdert,nicht gefoerdert,4,102
2018,,,,1,nicht gefoerdert,nicht gefoerdert,4,102
2016,4,146,57.18249670413199,14,nicht gefoerdert,nicht gefoerdert,22,102
2017,4,137,66.5580979809486,15,nicht gefoerdert,nicht gefoerdert,22,102
2018,4,110,106.1392700598412,13,nicht gefoerdert,nicht gefoerdert,22,102
2016,4,130,0,14,nicht gefoerdert,nicht gefoerdert,5,102
2017,3,129,.0274473918821572,15,nicht gefoerdert,nicht gefoerdert,5,102
2018,3,129,.1114275876083303,13,nicht gefoerdert,nicht gefoerdert,5,102
2016,1,0,52.90782295838975,14,nicht gefoerdert,nicht gefoerdert,44,102
2017,1,0,44.06587507889434,15,nicht gefoerdert,nicht gefoerdert,44,102
2018,1,0,26.9439093398332,13,nicht gefoerdert,nicht gefoerdert,44,102
2016,1,0,0,14,nicht gefoerdert,nicht gefoerdert,45,102
2017,1,0,0,15,nicht gefoerdert,nicht gefoerdert,45,102
2018,1,,0,13,nicht gefoerdert,nicht gefoerdert,45,102
2016,3,0,178.3687087054889,14,nicht gefoerdert,nicht gefoerdert,7,102
2017,3,0,231.5526126223726,15,nicht gefoerdert,nicht gefoerdert,7,102
2018,3,,55.79287348317749,13,nicht gefoerdert,nicht gefoerdert,7,102
2016,,,,3,nicht gefoerdert,nicht gefoerdert,28,102
2017,,,,1,nicht gefoerdert,nicht gefoerdert,28,102
2018,,,,1,nicht gefoerdert,nicht gefoerdert,28,102
2016,4,323,153.281185202584,360,nicht gefoerdert,nicht gefoerdert,39,102
2017,4,412,96.99085231378169,367,nicht gefoerdert,nicht gefoerdert,39,102
2018,4,448,153.1482299804376,498,nicht gefoerdert,nicht gefoerdert,39,102
2016,14,2279,956.2988280532785,93,nicht gefoerdert,nicht gefoerdert,17,102
2017,16,2358,1162.453807523751,96,nicht gefoerdert,nicht gefoerdert,17,102
2018,17,2438,1085.703685272907,86,nicht gefoerdert,nicht gefoerdert,17,102
2016,,,,,nicht gefoerdert,nicht gefoerdert,46,102
2017,,,,,nicht gefoerdert,nicht gefoerdert,46,102
2018,,,,,nicht gefoerdert,nicht gefoerdert,46,102
2016,1,0,0,2,nicht gefoerdert,nicht gefoerdert,49,102
2017,2,0,0,1,nicht gefoerdert,nicht gefoerdert,49,102
2018,1,0,0,,nicht gefoerdert,nicht gefoerdert,49,102
2016,5,95,384.5204898254589,,nicht gefoerdert,nicht gefoerdert,41,102
2017,6,93,640.5892053177789,,nicht gefoerdert,nicht gefoerdert,41,102
2018,6,84,601.7521253935223,,nicht gefoerdert,nicht gefoerdert,41,102
2016,,0,,,nicht gefoerdert,nicht gefoerdert,43,102
2017,,,,,nicht gefoerdert,nicht gefoerdert,43,102
2018,,0,,,nicht gefoerdert,nicht gefoerdert,43,102
2016,7,455,222.9776506594145,21,nicht gefoerdert,nicht gefoerdert,38,102
2017,7,478,316.2937007014185,21,nicht gefoerdert,nicht gefoerdert,38,102
2018,7,517,398.7903661249863,46,nicht gefoerdert,nicht gefoerdert,38,102
2016,2,321,255.7001948386847,28,nicht gefoerdert,nicht gefoerdert,48,102
2017,2,315,294.8380563415369,27,nicht gefoerdert,nicht gefoerdert,48,102
2018,2,258,1002.274059110945,34,nicht gefoerdert,nicht gefoerdert,48,102
2016,,,,,nicht gefoerdert,nicht gefoerdert,47,102
2017,,,,1,nicht gefoerdert,nicht gefoerdert,47,102
2018,,,,,nicht gefoerdert,nicht gefoerdert,47,102
2016,4,164,19.80912441055369,6,nicht gefoerdert,nicht gefoerdert,42,102
2017,4,157,-.1546203108407197,3,nicht gefoerdert,nicht gefoerdert,42,102
2018,5,123,21.56663021214478,22,nicht gefoerdert,nicht gefoerdert,42,102
2016,,,,8,nicht gefoerdert,nicht gefoerdert,53,102
2017,,,,10,nicht gefoerdert,nicht gefoerdert,53,102
2018,,,,30,nicht gefoerdert,nicht gefoerdert,53,102
2016,6,310,5.772811740037376,139,nicht gefoerdert,nicht gefoerdert,56,102
2017,6,253,4.931381396231796,129,nicht gefoerdert,nicht gefoerdert,56,102
2018,6,210,4.127313798574508,164,nicht gefoerdert,nicht gefoerdert,56,102
2016,,,,,nicht gefoerdert,nicht gefoerdert,33,102
2017,,,,,nicht gefoerdert,nicht gefoerdert,33,102
2018,,,,,nicht gefoerdert,nicht gefoerdert,33,102
2016,,0,,16,nicht gefoerdert,nicht gefoerdert,32,102
2017,,0,,21,nicht gefoerdert,nicht gefoerdert,32,102
2018,,0,,7,nicht gefoerdert,nicht gefoerdert,32,102
2016,,,,13,nicht gefoerdert,nicht gefoerdert,25,102
2017,,,,20,nicht gefoerdert,nicht gefoerdert,25,102
2018,,,,17,nicht gefoerdert,nicht gefoerdert,25,102
2016,,,,10,nicht gefoerdert,nicht gefoerdert,37,102
2017,,,,8,nicht gefoerdert,nicht gefoerdert,37,102
2018,,,,18,nicht gefoerdert,nicht gefoerdert,37,102
2016,,,,3,nicht gefoerdert,nicht gefoerdert,13,102
2017,,,,1,nicht gefoerdert,nicht gefoerdert,13,102
2018,,,,3,nicht gefoerdert,nicht gefoerdert,13,102
2016,,,,1,nicht gefoerdert,nicht gefoerdert,35,102
2017,,,,4,nicht gefoerdert,nicht gefoerdert,35,102
2018,,,,3,nicht gefoerdert,nicht gefoerdert,35,102
2016,,,,44,nicht gefoerdert,nicht gefoerdert,12,102
2017,,,,23,nicht gefoerdert,nicht gefoerdert,12,102
2018,,,,27,nicht gefoerdert,nicht gefoerdert,12,102
2016,,,,11,nicht gefoerdert,nicht gefoerdert,21,102
2017,,,,11,nicht gefoerdert,nicht gefoerdert,21,102
2018,,,,24,nicht gefoerdert,nicht gefoerdert,21,102
2016,,,,1,nicht gefoerdert,nicht gefoerdert,20,102
2017,,,,3,nicht gefoerdert,nicht gefoerdert,20,102
2018,,,,5,nicht gefoerdert,nicht gefoerdert,20,102
2016,,,,1,nicht gefoerdert,nicht gefoerdert,2,102
2017,,,,1,nicht gefoerdert,nicht gefoerdert,2,102
2018,,,,2,nicht gefoerdert,nicht gefoerdert,2,102
2016,,,,,nicht gefoerdert,nicht gefoerdert,19,102
2017,,,,,nicht gefoerdert,nicht gefoerdert,19,102
2018,,,,1,nicht gefoerdert,nicht gefoerdert,19,102
2016,,,,5,nicht gefoerdert,nicht gefoerdert,16,102
2017,,,,,nicht gefoerdert,nicht gefoerdert,16,102
2018,,,,,nicht gefoerdert,nicht gefoerdert,16,102
2016,,23,,,nicht gefoerdert,nicht gefoerdert,26,102
2017,,28,,,nicht gefoerdert,nicht gefoerdert,26,102
2018,,41,,,nicht gefoerdert,nicht gefoerdert,26,102
2016,,,,,nicht gefoerdert,nicht gefoerdert,55,102
2017,,,,,nicht gefoerdert,nicht gefoerdert,55,102
2018,,,,1,nicht gefoerdert,nicht gefoerdert,55,102
2016,,,,19,nicht gefoerdert,nicht gefoerdert,31,102
2017,,,,12,nicht gefoerdert,nicht gefoerdert,31,102
2018,,,,33,nicht gefoerdert,nicht gefoerdert,31,102
2016,,,,,nicht gefoerdert,nicht gefoerdert,15,102
2017,,,,4,nicht gefoerdert,nicht gefoerdert,15,102
2018,,,,2,nicht gefoerdert,nicht gefoerdert,15,102
2016,,,,,nicht gefoerdert,nicht gefoerdert,51,102
2017,,,,1,nicht gefoerdert,nicht gefoerdert,51,102
2018,,,,,nicht gefoerdert,nicht gefoerdert,51,102
2016,,,,,nicht gefoerdert,nicht gefoerdert,6,102
2017,,,,,nicht gefoerdert,nicht gefoerdert,6,102
2018,,,,,nicht gefoerdert,nicht gefoerdert,6,102
2016,,,,,nicht gefoerdert,nicht gefoerdert,40,102
2017,,,,2,nicht gefoerdert,nicht gefoerdert,40,102
2018,,,,7,nicht gefoerdert,nicht gefoerdert,40,102
2016,,,,1,nicht gefoerdert,nicht gefoerdert,8,102
2017,,,,,nicht gefoerdert,nicht gefoerdert,8,102
2018,,,,2,nicht gefoerdert,nicht gefoerdert,8,102
2016,1,41,100.5800769240317,,nicht gefoerdert,nicht gefoerdert,29,102
2017,1,37,73.75663065727998,,nicht gefoerdert,nicht gefoerdert,29,102
2018,1,25,-.226449620869689,,nicht gefoerdert,nicht gefoerdert,29,102
2016,,,,,nicht gefoerdert,nicht gefoerdert,11,102
2017,,,,,nicht gefoerdert,nicht gefoerdert,11,102
2018,,,,,nicht gefoerdert,nicht gefoerdert,11,102
2016,,,,1,nicht gefoerdert,nicht gefoerdert,24,102
2017,,,,,nicht gefoerdert,nicht gefoerdert,24,102
2018,,,,1,nicht gefoerdert,nicht gefoerdert,24,102
2016,,,,,nicht gefoerdert,nicht gefoerdert,14,102
2017,,,,,nicht gefoerdert,nicht gefoerdert,14,102
2018,,,,,nicht gefoerdert,nicht gefoerdert,14,102
2016,1,27,1.39664804458799,1,nicht gefoerdert,nicht gefoerdert,34,102
2017,1,27,0,,nicht gefoerdert,nicht gefoerdert,34,102
2018,1,21,111.5075628859325,,nicht gefoerdert,nicht gefoerdert,34,102
2016,20,1252,1688.945066868791,,nicht gefoerdert,nicht gefoerdert,50,110
2017,19,1268,2308.062135291217,,nicht gefoerdert,nicht gefoerdert,50,110
2018,18,1261,3070.238104922837,,nicht gefoerdert,nicht gefoerdert,50,110
2016,2,13,2.462756034197524,1,nicht gefoerdert,nicht gefoerdert,18,110
2017,2,7,0,4,nicht gefoerdert,nicht gefoerdert,18,110
2018,2,21,0,1,nicht gefoerdert,nicht gefoerdert,18,110
2016,,,,1,nicht gefoerdert,nicht gefoerdert,27,110
2017,,,,4,nicht gefoerdert,nicht gefoerdert,27,110
2018,,,,1,nicht gefoerdert,nicht gefoerdert,27,110
2016,,,,22,nicht gefoerdert,nicht gefoerdert,36,110
2017,,,,25,nicht gefoerdert,nicht gefoerdert,36,110
2018,,,,44,nicht gefoerdert,nicht gefoerdert,36,110
2016,,,,3,nicht gefoerdert,nicht gefoerdert,23,110
2017,,,,14,nicht gefoerdert,nicht gefoerdert,23,110
2018,,,,4,nicht gefoerdert,nicht gefoerdert,23,110
2016,,,,7,nicht gefoerdert,nicht gefoerdert,10,110
2017,,,,7,nicht gefoerdert,nicht gefoerdert,10,110
2018,,,,13,nicht gefoerdert,nicht gefoerdert,10,110
2016,,,,,nicht gefoerdert,nicht gefoerdert,3,110
2017,,,,,nicht gefoerdert,nicht gefoerdert,3,110
2018,,,,,nicht gefoerdert,nicht gefoerdert,3,110
2016,4,582,245.6731813839694,7,nicht gefoerdert,nicht gefoerdert,22,110
2017,4,578,228.4391635119659,6,nicht gefoerdert,nicht gefoerdert,22,110
2018,4,564,149.6283832282845,9,nicht gefoerdert,nicht gefoerdert,22,110
2016,3,152,,7,nicht gefoerdert,nicht gefoerdert,5,110
2017,3,156,,6,nicht gefoerdert,nicht gefoerdert,5,110
2018,3,137,,9,nicht gefoerdert,nicht gefoerdert,5,110
2016,,,,7,nicht gefoerdert,nicht gefoerdert,44,110
2017,,,,6,nicht gefoerdert,nicht gefoerdert,44,110
2018,,,,9,nicht gefoerdert,nicht gefoerdert,44,110
2016,,,,7,nicht gefoerdert,nicht gefoerdert,45,110
2017,,,,6,nicht gefoerdert,nicht gefoerdert,45,110
2018,,,,9,nicht gefoerdert,nicht gefoerdert,45,110
2016,,,,7,nicht gefoerdert,nicht gefoerdert,7,110
2017,,,,6,nicht gefoerdert,nicht gefoerdert,7,110
2018,,,,9,nicht gefoerdert,nicht gefoerdert,7,110
2016,,,,1,nicht gefoerdert,nicht gefoerdert,28,110
2017,,,,5,nicht gefoerdert,nicht gefoerdert,28,110
2018,,,,2,nicht gefoerdert,nicht gefoerdert,28,110
2016,14,241,260.5270016153391,332,nicht gefoerdert,nicht gefoerdert,39,110
2017,14,308,487.0676945969336,386,nicht gefoerdert,nicht gefoerdert,39,110
2018,13,349,718.2909956526341,519,nicht gefoerdert,nicht gefoerdert,39,110
2016,14,72,1676.820325104105,44,nicht gefoerdert,nicht gefoerdert,17,110
2017,13,78,2316.312882231357,74,nicht gefoerdert,nicht gefoerdert,17,110
2018,11,67,1948.088626728913,59,nicht gefoerdert,nicht gefoerdert,17,110
2016,,,,,nicht gefoerdert,nicht gefoerdert,46,110
2017,,,,,nicht gefoerdert,nicht gefoerdert,46,110
2018,,,,,nicht gefoerdert,nicht gefoerdert,46,110
2016,2,43,0,23,nicht gefoerdert,nicht gefoerdert,49,110
2017,1,50,1.829826166376947,22,nicht gefoerdert,nicht gefoerdert,49,110
2018,2,49,0,19,nicht gefoerdert,nicht gefoerdert,49,110
2016,,328,,,nicht gefoerdert,nicht gefoerdert,41,110
2017,,338,,,nicht gefoerdert,nicht gefoerdert,41,110
2018,,356,,,nicht gefoerdert,nicht gefoerdert,41,110
2016,,215,,81,nicht gefoerdert,nicht gefoerdert,38,110
2017,,238,,93,nicht gefoerdert,nicht gefoerdert,38,110
2018,,258,,102,nicht gefoerdert,nicht gefoerdert,38,110
2016,11,,120.5111739709359,86,nicht gefoerdert,nicht gefoerdert,48,110
2017,12,,187.4272659593964,89,nicht gefoerdert,nicht gefoerdert,48,110
2018,13,,539.5117287720904,94,nicht gefoerdert,nicht gefoerdert,48,110
2016,4,561,526.1136130963077,4,nicht gefoerdert,nicht gefoerdert,47,110
2017,4,577,559.5132420740597,7,nicht gefoerdert,nicht gefoerdert,47,110
2018,5,628,446.225259258877,6,nicht gefoerdert,nicht gefoerdert,47,110
2016,12,462,428.5409596723815,6,nicht gefoerdert,nicht gefoerdert,42,110
2017,12,495,519.5095833181966,5,nicht gefoerdert,nicht gefoerdert,42,110
2018,13,563,494.0456703873588,7,nicht gefoerdert,nicht gefoerdert,42,110
2016,,170,,28,nicht gefoerdert,nicht gefoerdert,53,110
2017,,179,,41,nicht gefoerdert,nicht gefoerdert,53,110
2018,,172,,40,nicht gefoerdert,nicht gefoerdert,53,110
2016,26,2025,291.0251439620392,651,nicht gefoerdert,nicht gefoerdert,56,110
2017,26,1954,450.1610255623616,731,nicht gefoerdert,nicht gefoerdert,56,110
2018,25,1824,527.1495395003762,825,nicht gefoerdert,nicht gefoerdert,56,110
2016,,86,,,nicht gefoerdert,nicht gefoerdert,54,110
2017,,91,,,nicht gefoerdert,nicht gefoerdert,54,110
2018,,89,,,nicht gefoerdert,nicht gefoerdert,54,110
2016,,,,,nicht gefoerdert,nicht gefoerdert,33,110
2017,,,,,nicht gefoerdert,nicht gefoerdert,33,110
2018,1,,,,nicht gefoerdert,nicht gefoerdert,33,110
2016,4,330,74.9283049969446,1,nicht gefoerdert,nicht gefoerdert,32,110
2017,4,337,158.4876532405224,4,nicht gefoerdert,nicht gefoerdert,32,110
2018,4,322,82.14190611131306,10,nicht gefoerdert,nicht gefoerdert,32,110
2016,13,525,96.94040819858239,12,nicht gefoerdert,nicht gefoerdert,25,110
2017,12,567,313.1811590212854,19,nicht gefoerdert,nicht gefoerdert,25,110
2018,10,571,213.4557164915576,19,nicht gefoerdert,nicht gefoerdert,25,110
2016,,,,37,nicht gefoerdert,nicht gefoerdert,37,110
2017,,,,50,nicht gefoerdert,nicht gefoerdert,37,110
2018,,,,44,nicht gefoerdert,nicht gefoerdert,37,110
2016,,25,,136,nicht gefoerdert,nicht gefoerdert,13,110
2017,,22,,149,nicht gefoerdert,nicht gefoerdert,13,110
2018,,19,,184,nicht gefoerdert,nicht gefoerdert,13,110
2016,,,,32,nicht gefoerdert,nicht gefoerdert,35,110
2017,,,,51,nicht gefoerdert,nicht gefoerdert,35,110
2018,,,,64,nicht gefoerdert,nicht gefoerdert,35,110
2016,,871,,1132,nicht gefoerdert,nicht gefoerdert,12,110
2017,,897,,1748,nicht gefoerdert,nicht gefoerdert,12,110
2018,,836,,1822,nicht gefoerdert,nicht gefoerdert,12,110
2016,,,,960,nicht gefoerdert,nicht gefoerdert,21,110
2017,,,,1326,nicht gefoerdert,nicht gefoerdert,21,110
2018,,,,1996,nicht gefoerdert,nicht gefoerdert,21,110
2016,,,,50,nicht gefoerdert,nicht gefoerdert,20,110
2017,,,,61,nicht gefoerdert,nicht gefoerdert,20,110
2018,,,,51,nicht gefoerdert,nicht gefoerdert,20,110
2016,23,,2657.55685683339,,nicht gefoerdert,nicht gefoerdert,30,110
2017,25,,2419.703644817954,,nicht gefoerdert,nicht gefoerdert,30,110
2018,27,,2983.9463545569,,nicht gefoerdert,nicht gefoerdert,30,110
2016,,,,204,nicht gefoerdert,nicht gefoerdert,2,110
2017,,,,170,nicht gefoerdert,nicht gefoerdert,2,110
2018,,,,241,nicht gefoerdert,nicht gefoerdert,2,110
2016,,,,101,nicht gefoerdert,nicht gefoerdert,19,110
2017,,,,117,nicht gefoerdert,nicht gefoerdert,19,110
2018,,,,160,nicht gefoerdert,nicht gefoerdert,19,110
2016,,,,2,nicht gefoerdert,nicht gefoerdert,16,110
2017,,,,5,nicht gefoerdert,nicht gefoerdert,16,110
2018,,,,15,nicht gefoerdert,nicht gefoerdert,16,110
2016,,,,,nicht gefoerdert,nicht gefoerdert,26,110
2017,,,,,nicht gefoerdert,nicht gefoerdert,26,110
2018,,,,,nicht gefoerdert,nicht gefoerdert,26,110
2016,,20,,2,nicht gefoerdert,nicht gefoerdert,55,110
2017,,23,,4,nicht gefoerdert,nicht gefoerdert,55,110
2018,,30,,7,nicht gefoerdert,nicht gefoerdert,55,110
2016,,,,,nicht gefoerdert,nicht gefoerdert,9,110
2017,,,,1,nicht gefoerdert,nicht gefoerdert,9,110
2018,,,,1,nicht gefoerdert,nicht gefoerdert,9,110
2016,10,504,355.2309174510989,330,nicht gefoerdert,nicht gefoerdert,31,110
2017,11,481,579.2845562415785,368,nicht gefoerdert,nicht gefoerdert,31,110
2018,13,452,359.6118873933972,506,nicht gefoerdert,nicht gefoerdert,31,110
2016,,,,16,nicht gefoerdert,nicht gefoerdert,15,110
2017,,,,24,nicht gefoerdert,nicht gefoerdert,15,110
2018,,,,17,nicht gefoerdert,nicht gefoerdert,15,110
2016,,,,,nicht gefoerdert,nicht gefoerdert,51,110
2017,,,,,nicht gefoerdert,nicht gefoerdert,51,110
2018,,,,1,nicht gefoerdert,nicht gefoerdert,51,110
2016,,,,97,nicht gefoerdert,nicht gefoerdert,40,110
2017,,,,114,nicht gefoerdert,nicht gefoerdert,40,110
2018,,,,199,nicht gefoerdert,nicht gefoerdert,40,110
2016,2,,,9,nicht gefoerdert,nicht gefoerdert,8,110
2017,2,,,11,nicht gefoerdert,nicht gefoerdert,8,110
2018,2,,,19,nicht gefoerdert,nicht gefoerdert,8,110
2016,3,40,,,nicht gefoerdert,nicht gefoerdert,29,110
2017,3,58,,,nicht gefoerdert,nicht gefoerdert,29,110
2018,3,64,,,nicht gefoerdert,nicht gefoerdert,29,110
2016,,,,,nicht gefoerdert,nicht gefoerdert,11,110
2017,,,,,nicht gefoerdert,nicht gefoerdert,11,110
2018,,,,,nicht gefoerdert,nicht gefoerdert,11,110
2016,,,,4,nicht gefoerdert,nicht gefoerdert,24,110
2017,,,,,nicht gefoerdert,nicht gefoerdert,24,110
2018,,,,2,nicht gefoerdert,nicht gefoerdert,24,110
2016,,,,,nicht gefoerdert,nicht gefoerdert,14,110
2017,,,,,nicht gefoerdert,nicht gefoerdert,14,110
2018,,,,,nicht gefoerdert,nicht gefoerdert,14,110
2016,0,97,,,nicht gefoerdert,nicht gefoerdert,34,110
2017,0,104,,1,nicht gefoerdert,nicht gefoerdert,34,110
2018,0,120,,1,nicht gefoerdert,nicht gefoerdert,34,110
2016,0,,378.6098828022901,,gefoerdert,nicht gefoerdert,50,61
2017,0,,294.037507393747,,gefoerdert,nicht gefoerdert,50,61
2018,0,,254.7414495254214,,gefoerdert,nicht gefoerdert,50,61
2016,10,236,54.14990827839814,1,gefoerdert,nicht gefoerdert,18,61
2017,10,246,0,4,gefoerdert,nicht gefoerdert,18,61
2018,9,233,46.94875529921526,1,gefoerdert,nicht gefoerdert,18,61
2016,,,,1,gefoerdert,nicht gefoerdert,27,61
2017,,,,4,gefoerdert,nicht gefoerdert,27,61
2018,,,,1,gefoerdert,nicht gefoerdert,27,61
2016,6,285,213.4841691466183,22,gefoerdert,nicht gefoerdert,36,61
2017,5,347,503.3485572765508,45,gefoerdert,nicht gefoerdert,36,61
2018,6,419,220.1180093242486,34,gefoerdert,nicht gefoerdert,36,61
2016,14,791,1826.291444666335,283,gefoerdert,nicht gefoerdert,23,61
2017,14,849,1320.23141751592,268,gefoerdert,nicht gefoerdert,23,61
2018,15,894,2002.610710675876,330,gefoerdert,nicht gefoerdert,23,61
2016,,,,28,gefoerdert,nicht gefoerdert,10,61
2017,,,,17,gefoerdert,nicht gefoerdert,10,61
2018,,,,25,gefoerdert,nicht gefoerdert,10,61
2016,,149,0,2,gefoerdert,nicht gefoerdert,3,61
2017,,139,22.00732008480162,1,gefoerdert,nicht gefoerdert,3,61
2018,,128,174.4929089982998,,gefoerdert,nicht gefoerdert,3,61
2016,8,161,174.3892051523364,,gefoerdert,nicht gefoerdert,4,61
2017,8,145,148.9890221486642,1,gefoerdert,nicht gefoerdert,4,61
2018,8,118,73.57904905496684,2,gefoerdert,nicht gefoerdert,4,61
2016,16,1613,244.2765333393814,46,gefoerdert,nicht gefoerdert,22,61
2017,16,1700,125.9048475780101,42,gefoerdert,nicht gefoerdert,22,61
2018,16,1753,117.0816476746721,31,gefoerdert,nicht gefoerdert,22,61
2016,6,760,4.086592121634705,46,gefoerdert,nicht gefoerdert,5,61
2017,6,780,3.1619396975171,42,gefoerdert,nicht gefoerdert,5,61
2018,6,846,2.950135284247125,31,gefoerdert,nicht gefoerdert,5,61
2016,4,347,45.61731846074781,46,gefoerdert,nicht gefoerdert,44,61
2017,4,323,58.54711854989448,42,gefoerdert,nicht gefoerdert,44,61
2018,4,314,61.96272795770061,31,gefoerdert,nicht gefoerdert,44,61
2016,2,56,32.5251389235783,46,gefoerdert,nicht gefoerdert,45,61
2017,2,57,15.46935127609958,42,gefoerdert,nicht gefoerdert,45,61
2018,2,50,13.28863874503174,31,gefoerdert,nicht gefoerdert,45,61
2016,2,226,0,46,gefoerdert,nicht gefoerdert,7,61
2017,2,226,45.05764052601947,42,gefoerdert,nicht gefoerdert,7,61
2018,2,208,2.560138707532479,31,gefoerdert,nicht gefoerdert,7,61
2016,2,129,57.82402293874438,6,gefoerdert,nicht gefoerdert,28,61
2017,2,105,0,2,gefoerdert,nicht gefoerdert,28,61
2018,2,113,.6739571941295245,14,gefoerdert,nicht gefoerdert,28,61
2016,9,690,708.6359517224872,1651,gefoerdert,nicht gefoerdert,39,61
2017,7,703,626.5343109805725,2015,gefoerdert,nicht gefoerdert,39,61
2018,8,737,587.3995465893406,2280,gefoerdert,nicht gefoerdert,39,61
2016,7,856,173.9255169785977,400,gefoerdert,nicht gefoerdert,17,61
2017,8,848,253.6340208988929,555,gefoerdert,nicht gefoerdert,17,61
2018,9,889,450.8369133747132,684,gefoerdert,nicht gefoerdert,17,61
2016,,,,,gefoerdert,nicht gefoerdert,46,61
2017,,,,,gefoerdert,nicht gefoerdert,46,61
2018,,,,,gefoerdert,nicht gefoerdert,46,61
2016,4,507,54.00372439073561,16,gefoerdert,nicht gefoerdert,49,61
2017,4,519,63.76852469563702,29,gefoerdert,nicht gefoerdert,49,61
2018,4,539,71.39633244357159,33,gefoerdert,nicht gefoerdert,49,61
2016,0,224,0,,gefoerdert,nicht gefoerdert,41,61
2017,2,249,0,,gefoerdert,nicht gefoerdert,41,61
2018,4,265,0,,gefoerdert,nicht gefoerdert,41,61
2016,5,671,32.84543852320003,124,gefoerdert,nicht gefoerdert,38,61
2017,4,733,19.71454742367547,133,gefoerdert,nicht gefoerdert,38,61
2018,3,757,4.705119879463031,188,gefoerdert,nicht gefoerdert,38,61
2016,3,297,.9310986963919934,134,gefoerdert,nicht gefoerdert,48,61
2017,3,295,0,141,gefoerdert,nicht gefoerdert,48,61
2018,3,311,51.44360291994467,155,gefoerdert,nicht gefoerdert,48,61
2016,,,,9,gefoerdert,nicht gefoerdert,47,61
2017,,,,13,gefoerdert,nicht gefoerdert,47,61
2018,,,,8,gefoerdert,nicht gefoerdert,47,61
2016,20,1920,172.3538190829622,44,gefoerdert,nicht gefoerdert,42,61
2017,21,2017,70.59469684933438,64,gefoerdert,nicht gefoerdert,42,61
2018,21,2045,103.6186698795629,71,gefoerdert,nicht gefoerdert,42,61
2016,,,,26,gefoerdert,nicht gefoerdert,53,61
2017,,,,31,gefoerdert,nicht gefoerdert,53,61
2018,,,,28,gefoerdert,nicht gefoerdert,53,61
2016,24,2550,669.0651664018982,1137,gefoerdert,nicht gefoerdert,56,61
2017,24,2719,928.2442669813607,1212,gefoerdert,nicht gefoerdert,56,61
2018,24,2747,1396.470788286296,1401,gefoerdert,nicht gefoerdert,56,61
2016,,,,,gefoerdert,nicht gefoerdert,54,61
2017,,,,,gefoerdert,nicht gefoerdert,54,61
2018,,,,,gefoerdert,nicht gefoerdert,54,61
2016,0,,63.53165894214801,,gefoerdert,nicht gefoerdert,33,61
2017,,,79.56175528694813,,gefoerdert,nicht gefoerdert,33,61
2018,,,87.91816297542793,,gefoerdert,nicht gefoerdert,33,61
2016,12,584,117.9906891178457,589,gefoerdert,nicht gefoerdert,32,61
2017,12,640,101.5526090024013,597,gefoerdert,nicht gefoerdert,32,61
2018,14,662,228.7896001157317,568,gefoerdert,nicht gefoerdert,32,61
2016,16,1032,1085.83054632074,288,gefoerdert,nicht gefoerdert,25,61
2017,16,1034,1715.544341884431,402,gefoerdert,nicht gefoerdert,25,61
2018,13,1249,1847.98426407704,370,gefoerdert,nicht gefoerdert,25,61
2016,13,640,4819.908781063092,8640,gefoerdert,nicht gefoerdert,37,61
2017,13,644,4417.695347907471,9360,gefoerdert,nicht gefoerdert,37,61
2018,13,606,2924.043363025167,10264,gefoerdert,nicht gefoerdert,37,61
2016,12,682,1165.974821148877,7070,gefoerdert,nicht gefoerdert,13,61
2017,12,699,597.0375221132742,7315,gefoerdert,nicht gefoerdert,13,61
2018,12,678,758.1165018109116,7801,gefoerdert,nicht gefoerdert,13,61
2016,6,505,229.9683355801833,541,gefoerdert,nicht gefoerdert,35,61
2017,6,521,329.1912165863444,587,gefoerdert,nicht gefoerdert,35,61
2018,6,540,231.5752953361447,627,gefoerdert,nicht gefoerdert,35,61
2016,19,850,2416.347283265587,14592,gefoerdert,nicht gefoerdert,12,61
2017,19,840,2141.447438797537,15540,gefoerdert,nicht gefoerdert,12,61
2018,20,867,2208.140670271163,16188,gefoerdert,nicht gefoerdert,12,61
2016,15,718,3872.511311103885,7623,gefoerdert,nicht gefoerdert,21,61
2017,13,745,4875.422610853472,7992,gefoerdert,nicht gefoerdert,21,61
2018,15,707,5943.756178324821,9153,gefoerdert,nicht gefoerdert,21,61
2016,11,710,689.6070767530111,192,gefoerdert,nicht gefoerdert,20,61
2017,12,757,1073.249781912875,180,gefoerdert,nicht gefoerdert,20,61
2018,12,843,1131.557016749089,237,gefoerdert,nicht gefoerdert,20,61
2016,,,0,,gefoerdert,nicht gefoerdert,1,61
2017,,,0,,gefoerdert,nicht gefoerdert,1,61
2018,,,0,,gefoerdert,nicht gefoerdert,1,61
2016,2,,1896.587577691789,,gefoerdert,nicht gefoerdert,30,61
2017,2,,119.4382481603227,,gefoerdert,nicht gefoerdert,30,61
2018,2,,857.3166604993719,,gefoerdert,nicht gefoerdert,30,61
2016,18,1372,3657.035386931847,2103,gefoerdert,nicht gefoerdert,2,61
2017,19,1357,3584.38330900039,2113,gefoerdert,nicht gefoerdert,2,61
2018,19,1264,3509.186293827132,2380,gefoerdert,nicht gefoerdert,2,61
2016,,,,127,gefoerdert,nicht gefoerdert,19,61
2017,,,,157,gefoerdert,nicht gefoerdert,19,61
2018,,,,183,gefoerdert,nicht gefoerdert,19,61
2016,6,684,920.6284960974457,1310,gefoerdert,nicht gefoerdert,16,61
2017,6,721,669.8078458655361,1430,gefoerdert,nicht gefoerdert,16,61
2018,6,755,651.0094123823399,1438,gefoerdert,nicht gefoerdert,16,61
2016,0,,98.72067129293356,,gefoerdert,nicht gefoerdert,26,61
2017,0,,73.15370606260312,,gefoerdert,nicht gefoerdert,26,61
2018,0,,67.34090691532198,,gefoerdert,nicht gefoerdert,26,61
2016,,417,,72,gefoerdert,nicht gefoerdert,55,61
2017,,395,,90,gefoerdert,nicht gefoerdert,55,61
2018,,360,,72,gefoerdert,nicht gefoerdert,55,61
2016,,,,18,gefoerdert,nicht gefoerdert,9,61
2017,,,,9,gefoerdert,nicht gefoerdert,9,61
2018,,,,14,gefoerdert,nicht gefoerdert,9,61
2016,,,,3061,gefoerdert,nicht gefoerdert,31,61
2017,,,,3541,gefoerdert,nicht gefoerdert,31,61
2018,,,,3879,gefoerdert,nicht gefoerdert,31,61
2016,12,318,2309.339810842863,455,gefoerdert,nicht gefoerdert,15,61
2017,12,294,2492.269028933051,659,gefoerdert,nicht gefoerdert,15,61
2018,11,270,2726.706853732339,859,gefoerdert,nicht gefoerdert,15,61
2016,,,,66,gefoerdert,nicht gefoerdert,51,61
2017,,,,49,gefoerdert,nicht gefoerdert,51,61
2018,,,,55,gefoerdert,nicht gefoerdert,51,61
2016,,,,,gefoerdert,nicht gefoerdert,6,61
2017,,,,,gefoerdert,nicht gefoerdert,6,61
2018,,,,1,gefoerdert,nicht gefoerdert,6,61
2016,,,,92,gefoerdert,nicht gefoerdert,40,61
2017,,,,155,gefoerdert,nicht gefoerdert,40,61
2018,,,,193,gefoerdert,nicht gefoerdert,40,61
2016,,,,35,gefoerdert,nicht gefoerdert,8,61
2017,,,,31,gefoerdert,nicht gefoerdert,8,61
2018,,,,54,gefoerdert,nicht gefoerdert,8,61
2016,2,168,92.55772595270821,,gefoerdert,nicht gefoerdert,29,61
2017,2,176,49.9926791280124,,gefoerdert,nicht gefoerdert,29,61
2018,2,215,39.24947102839503,,gefoerdert,nicht gefoerdert,29,61
2016,,,,,gefoerdert,nicht gefoerdert,11,61
2017,,,,,gefoerdert,nicht gefoerdert,11,61
2018,,,,,gefoerdert,nicht gefoerdert,11,61
2016,,,,16,gefoerdert,nicht gefoerdert,24,61
2017,,,,15,gefoerdert,nicht gefoerdert,24,61
2018,,,,17,gefoerdert,nicht gefoerdert,24,61
2016,,,,,gefoerdert,nicht gefoerdert,14,61
2017,,,,,gefoerdert,nicht gefoerdert,14,61
2018,,,,,gefoerdert,nicht gefoerdert,14,61
2016,3,84,408.9115362730884,5,gefoerdert,nicht gefoerdert,34,61
2017,2,101,341.6468558094496,3,gefoerdert,nicht gefoerdert,34,61
2018,3,90,338.6356278874381,6,gefoerdert,nicht gefoerdert,34,61
2016,3,373,14.22253223220173,,gefoerdert,nicht gefoerdert,50,104
2017,3,353,0,,gefoerdert,nicht gefoerdert,50,104
2018,6,341,0,,gefoerdert,nicht gefoerdert,50,104
2016,12,228,789.5931193578261,3,gefoerdert,nicht gefoerdert,18,104
2017,12,246,873.1829615546234,3,gefoerdert,nicht gefoerdert,18,104
2018,12,230,869.1073463561423,9,gefoerdert,nicht gefoerdert,18,104
2016,1,0,10.18621934782385,3,gefoerdert,nicht gefoerdert,27,104
2017,1,0,1.829826166376947,3,gefoerdert,nicht gefoerdert,27,104
2018,1,0,6.739571941295245,9,gefoerdert,nicht gefoerdert,27,104
2016,9,425,1736.737412761099,101,gefoerdert,nicht gefoerdert,36,104
2017,10,444,1922.474741464348,131,gefoerdert,nicht gefoerdert,36,104
2018,7,502,1932.819284049416,147,gefoerdert,nicht gefoerdert,36,104
2016,24,735,974.5149238750616,65,gefoerdert,nicht gefoerdert,23,104
2017,22,716,873.1363335990288,90,gefoerdert,nicht gefoerdert,23,104
2018,24,741,1006.555069432445,76,gefoerdert,nicht gefoerdert,23,104
2016,,,,41,gefoerdert,nicht gefoerdert,10,104
2017,,,,67,gefoerdert,nicht gefoerdert,10,104
2018,,,,73,gefoerdert,nicht gefoerdert,10,104
2016,8,255,5.121042830155963,10,gefoerdert,nicht gefoerdert,3,104
2017,7,292,0,6,gefoerdert,nicht gefoerdert,3,104
2018,6,337,28.67642989501803,4,gefoerdert,nicht gefoerdert,3,104
2016,4,69,140.3696496954125,,gefoerdert,nicht gefoerdert,4,104
2017,3,73,90.56450091884251,,gefoerdert,nicht gefoerdert,4,104
2018,3,63,150.1576683367358,,gefoerdert,nicht gefoerdert,4,104
2016,17,487,1558.128541513437,69,gefoerdert,nicht gefoerdert,22,104
2017,17,487,1773.110713284791,89,gefoerdert,nicht gefoerdert,22,104
2018,16,532,2188.337254241706,95,gefoerdert,nicht gefoerdert,22,104
2016,9,431,477.7420583469677,69,gefoerdert,nicht gefoerdert,5,104
2017,9,456,60.01829686111728,89,gefoerdert,nicht gefoerdert,5,104
2018,7,438,59.12851390730246,95,gefoerdert,nicht gefoerdert,5,104
2016,11,347,389.6024337845749,69,gefoerdert,nicht gefoerdert,44,104
2017,11,319,394.0073136909298,89,gefoerdert,nicht gefoerdert,44,104
2018,9,341,376.8534927456075,95,gefoerdert,nicht gefoerdert,44,104
2016,3,230,646.7485764798056,69,gefoerdert,nicht gefoerdert,45,104
2017,4,204,656.5507642248333,89,gefoerdert,nicht gefoerdert,45,104
2018,4,184,569.2314420589212,95,gefoerdert,nicht gefoerdert,45,104
2016,29,1151,4970.986818761258,69,gefoerdert,nicht gefoerdert,7,104
2017,30,1208,6958.905749134999,89,gefoerdert,nicht gefoerdert,7,104
2018,26,1247,4856.70359142167,95,gefoerdert,nicht gefoerdert,7,104
2016,10,362,276.9320184084378,28,gefoerdert,nicht gefoerdert,28,104
2017,13,381,460.2616738186232,18,gefoerdert,nicht gefoerdert,28,104
2018,10,379,3006.991215099137,29,gefoerdert,nicht gefoerdert,28,104
2016,9,931,1308.942229955951,4228,gefoerdert,nicht gefoerdert,39,104
2017,9,872,1964.887529873222,4837,gefoerdert,nicht gefoerdert,39,104
2018,8,905,1191.551821785296,4863,gefoerdert,nicht gefoerdert,39,104
2016,42,6670,4538.427370324193,137,gefoerdert,nicht gefoerdert,17,104
2017,47,6756,6158.980890005834,174,gefoerdert,nicht gefoerdert,17,104
2018,39,6732,7073.477363758651,181,gefoerdert,nicht gefoerdert,17,104
2016,,,,,gefoerdert,nicht gefoerdert,46,104
2017,,,,,gefoerdert,nicht gefoerdert,46,104
2018,,,,,gefoerdert,nicht gefoerdert,46,104
2016,5,297,538.5930861880743,49,gefoerdert,nicht gefoerdert,49,104
2017,5,307,631.7483774114487,73,gefoerdert,nicht gefoerdert,49,104
2018,3,319,503.6374392660172,78,gefoerdert,nicht gefoerdert,49,104
2016,3,3253,1014.12287585504,,gefoerdert,nicht gefoerdert,41,104
2017,4,3175,1010.232351215119,,gefoerdert,nicht gefoerdert,41,104
2018,3,3011,1187.577295252924,,gefoerdert,nicht gefoerdert,41,104
2016,,,,,gefoerdert,nicht gefoerdert,43,104
2017,,2,,,gefoerdert,nicht gefoerdert,43,104
2018,,20,,,gefoerdert,nicht gefoerdert,43,104
2016,10,656,1590.393861903534,280,gefoerdert,nicht gefoerdert,38,104
2017,9,664,148.8700789805007,295,gefoerdert,nicht gefoerdert,38,104
2018,9,680,554.8572536246544,365,gefoerdert,nicht gefoerdert,38,104
2016,17,782,774.166682520936,186,gefoerdert,nicht gefoerdert,48,104
2017,20,883,758.8847195543897,228,gefoerdert,nicht gefoerdert,48,104
2018,17,908,1244.334385357177,235,gefoerdert,nicht gefoerdert,48,104
2016,6,,,24,gefoerdert,nicht gefoerdert,47,104
2017,6,,,24,gefoerdert,nicht gefoerdert,47,104
2018,6,,,47,gefoerdert,nicht gefoerdert,47,104
2016,35,3783,3117.968340591923,111,gefoerdert,nicht gefoerdert,42,104
2017,37,3796,1931.38978320659,91,gefoerdert,nicht gefoerdert,42,104
2018,35,3826,476.4302019806414,136,gefoerdert,nicht gefoerdert,42,104
2016,,,,105,gefoerdert,nicht gefoerdert,53,104
2017,,,,96,gefoerdert,nicht gefoerdert,53,104
2018,,,,133,gefoerdert,nicht gefoerdert,53,104
2016,70,3023,5654.169575926036,1133,gefoerdert,nicht gefoerdert,56,104
2017,67,2972,3652.773955438535,1268,gefoerdert,nicht gefoerdert,56,104
2018,66,3061,3857.546694027129,1441,gefoerdert,nicht gefoerdert,56,104
2016,,763,,,gefoerdert,nicht gefoerdert,54,104
2017,0,760,,,gefoerdert,nicht gefoerdert,54,104
2018,,759,,,gefoerdert,nicht gefoerdert,54,104
2016,7,173,254.5605309435769,,gefoerdert,nicht gefoerdert,33,104
2017,5,162,286.462949572523,,gefoerdert,nicht gefoerdert,33,104
2018,4,215,432.6230117856107,,gefoerdert,nicht gefoerdert,33,104
2016,26,731,1187.79892441918,626,gefoerdert,nicht gefoerdert,32,104
2017,25,805,2103.443700522711,690,gefoerdert,nicht gefoerdert,32,104
2018,26,807,1549.151710016141,787,gefoerdert,nicht gefoerdert,32,104
2016,23,2080,4383.573563742464,410,gefoerdert,nicht gefoerdert,25,104
2017,23,2128,4458.147193455673,521,gefoerdert,nicht gefoerdert,25,104
2018,21,2106,4686.019105492005,670,gefoerdert,nicht gefoerdert,25,104
2016,46,1161,22273.67209155575,30082,gefoerdert,nicht gefoerdert,37,104
2017,52,1185,19004.67820648868,30530,gefoerdert,nicht gefoerdert,37,104
2018,49,1149,18153.72326675089,35170,gefoerdert,nicht gefoerdert,37,104
2016,30,1185,5154.612848047999,9476,gefoerdert,nicht gefoerdert,13,104
2017,26,1151,12427.21794851903,9850,gefoerdert,nicht gefoerdert,13,104
2018,24,1160,6678.677539424882,10037,gefoerdert,nicht gefoerdert,13,104
2016,4,327,176.4432029662827,585,gefoerdert,nicht gefoerdert,35,104
2017,5,313,80.7987223544517,740,gefoerdert,nicht gefoerdert,35,104
2018,6,304,165.1752231753352,954,gefoerdert,nicht gefoerdert,35,104
2016,28,1028,9186.64255197628,18787,gefoerdert,nicht gefoerdert,12,104
2017,32,1069,5655.937731877963,19243,gefoerdert,nicht gefoerdert,12,104
2018,28,1170,5820.765133235192,21329,gefoerdert,nicht gefoerdert,12,104
2016,27,742,7742.606675687933,7495,gefoerdert,nicht gefoerdert,21,104
2017,26,731,9649.630281469796,7928,gefoerdert,nicht gefoerdert,21,104
2018,22,698,8970.360600831244,9632,gefoerdert,nicht gefoerdert,21,104
2016,5,393,894.7150941884546,189,gefoerdert,nicht gefoerdert,20,104
2017,6,408,1081.489472164144,217,gefoerdert,nicht gefoerdert,20,104
2018,4,412,1068.360585960106,224,gefoerdert,nicht gefoerdert,20,104
2016,,,,899,gefoerdert,nicht gefoerdert,2,104
2017,,,,996,gefoerdert,nicht gefoerdert,2,104
2018,,,,1181,gefoerdert,nicht gefoerdert,2,104
2016,4,258,631.2374064790777,354,gefoerdert,nicht gefoerdert,19,104
2017,4,220,542.5159841341748,382,gefoerdert,nicht gefoerdert,19,104
2018,4,174,320.7838521425934,411,gefoerdert,nicht gefoerdert,19,104
2016,,,,584,gefoerdert,nicht gefoerdert,16,104
2017,,,,724,gefoerdert,nicht gefoerdert,16,104
2018,,,,815,gefoerdert,nicht gefoerdert,16,104
2016,,,,,gefoerdert,nicht gefoerdert,26,104
2017,,,,,gefoerdert,nicht gefoerdert,26,104
2018,,,,,gefoerdert,nicht gefoerdert,26,104
2016,,,,59,gefoerdert,nicht gefoerdert,55,104
2017,,,,71,gefoerdert,nicht gefoerdert,55,104
2018,,,,84,gefoerdert,nicht gefoerdert,55,104
2016,,0,,24,gefoerdert,nicht gefoerdert,9,104
2017,,0,,56,gefoerdert,nicht gefoerdert,9,104
2018,,0,,54,gefoerdert,nicht gefoerdert,9,104
2016,,,,3187,gefoerdert,nicht gefoerdert,31,104
2017,,,,3563,gefoerdert,nicht gefoerdert,31,104
2018,,,,3766,gefoerdert,nicht gefoerdert,31,104
2016,,,,495,gefoerdert,nicht gefoerdert,15,104
2017,,,,521,gefoerdert,nicht gefoerdert,15,104
2018,,,,698,gefoerdert,nicht gefoerdert,15,104
2016,,,,30,gefoerdert,nicht gefoerdert,51,104
2017,,,,32,gefoerdert,nicht gefoerdert,51,104
2018,,,,117,gefoerdert,nicht gefoerdert,51,104
2016,,,,,gefoerdert,nicht gefoerdert,6,104
2017,,,,3,gefoerdert,nicht gefoerdert,6,104
2018,,,,3,gefoerdert,nicht gefoerdert,6,104
2016,,,,91,gefoerdert,nicht gefoerdert,40,104
2017,,,,106,gefoerdert,nicht gefoerdert,40,104
2018,,,,150,gefoerdert,nicht gefoerdert,40,104
2016,,,,93,gefoerdert,nicht gefoerdert,8,104
2017,,,,74,gefoerdert,nicht gefoerdert,8,104
2018,,,,95,gefoerdert,nicht gefoerdert,8,104
2016,6,363,794.6619924734259,,gefoerdert,nicht gefoerdert,29,104
2017,6,409,350.3348445367829,,gefoerdert,nicht gefoerdert,29,104
2018,4,408,266.3397877357227,5,gefoerdert,nicht gefoerdert,29,104
2016,,,,,gefoerdert,nicht gefoerdert,11,104
2017,,,,,gefoerdert,nicht gefoerdert,11,104
2018,,,,5,gefoerdert,nicht gefoerdert,11,104
2016,,,,7,gefoerdert,nicht gefoerdert,24,104
2017,,,,12,gefoerdert,nicht gefoerdert,24,104
2018,,,,19,gefoerdert,nicht gefoerdert,24,104
2016,0,,0,,gefoerdert,nicht gefoerdert,14,104
2017,,,.9149130831884733,2,gefoerdert,nicht gefoerdert,14,104
2018,0,,0,2,gefoerdert,nicht gefoerdert,14,104
2016,4,285,326.4162145046595,3,gefoerdert,nicht gefoerdert,34,104
2017,4,306,742.1884492560077,3,gefoerdert,nicht gefoerdert,34,104
2018,4,317,320.8584437591313,3,gefoerdert,nicht gefoerdert,34,104
2016,1,159,310.0055999807507,,gefoerdert,in 3 Linien gefoerdert,50,68
2017,1,160,250.6742904768253,,gefoerdert,in 3 Linien gefoerdert,50,68
2018,1,166,47.65236746001153,,gefoerdert,in 3 Linien gefoerdert,50,68
2016,13,364,2037.025039491661,8,gefoerdert,in 3 Linien gefoerdert,18,68
2017,14,412,2261.123475570927,7,gefoerdert,in 3 Linien gefoerdert,18,68
2018,13,414,2378.651840385933,13,gefoerdert,in 3 Linien gefoerdert,18,68
2016,0,,,8,gefoerdert,in 3 Linien gefoerdert,27,68
2017,0,,,7,gefoerdert,in 3 Linien gefoerdert,27,68
2018,0,,,13,gefoerdert,in 3 Linien gefoerdert,27,68
2016,8,196,33.66852871946009,87,gefoerdert,in 3 Linien gefoerdert,36,68
2017,9,217,.4757547858074239,83,gefoerdert,in 3 Linien gefoerdert,36,68
2018,9,243,5.719649848503818,90,gefoerdert,in 3 Linien gefoerdert,36,68
2016,19,527,1858.997195653174,100,gefoerdert,in 3 Linien gefoerdert,23,68
2017,21,555,2068.650422634767,131,gefoerdert,in 3 Linien gefoerdert,23,68
2018,19,611,1471.959369012935,110,gefoerdert,in 3 Linien gefoerdert,23,68
2016,,,0,17,gefoerdert,in 3 Linien gefoerdert,10,68
2017,,,,27,gefoerdert,in 3 Linien gefoerdert,10,68
2018,,,,24,gefoerdert,in 3 Linien gefoerdert,10,68
2016,1,151,0,7,gefoerdert,in 3 Linien gefoerdert,3,68
2017,1,165,0,11,gefoerdert,in 3 Linien gefoerdert,3,68
2018,1,195,43.0173383334597,2,gefoerdert,in 3 Linien gefoerdert,3,68
2016,4,193,89.8696430501187,,gefoerdert,in 3 Linien gefoerdert,4,68
2017,4,179,143.616657996684,3,gefoerdert,in 3 Linien gefoerdert,4,68
2018,4,172,127.2601947956315,2,gefoerdert,in 3 Linien gefoerdert,4,68
2016,18,933,2146.407768330059,41,gefoerdert,in 3 Linien gefoerdert,22,68
2017,19,955,1536.555311920156,37,gefoerdert,in 3 Linien gefoerdert,22,68
2018,18,958,903.1125125533987,38,gefoerdert,in 3 Linien gefoerdert,22,68
2016,8,740,46.69366690571407,41,gefoerdert,in 3 Linien gefoerdert,5,68
2017,10,834,146.4830766656994,37,gefoerdert,in 3 Linien gefoerdert,5,68
2018,11,826,396.7307325367255,38,gefoerdert,in 3 Linien gefoerdert,5,68
2016,7,277,349.6908688416157,41,gefoerdert,in 3 Linien gefoerdert,44,68
2017,7,293,416.9652437698347,37,gefoerdert,in 3 Linien gefoerdert,44,68
2018,7,283,437.1717566483817,38,gefoerdert,in 3 Linien gefoerdert,44,68
2016,3,71,13.85102458402442,41,gefoerdert,in 3 Linien gefoerdert,45,68
2017,3,63,23.32479366815111,37,gefoerdert,in 3 Linien gefoerdert,45,68
2018,3,57,26.19536738501301,38,gefoerdert,in 3 Linien gefoerdert,45,68
2016,16,453,842.7532628739742,41,gefoerdert,in 3 Linien gefoerdert,7,68
2017,16,436,975.3156628099725,37,gefoerdert,in 3 Linien gefoerdert,7,68
2018,17,458,1089.057346291156,38,gefoerdert,in 3 Linien gefoerdert,7,68
2016,9,497,726.8147103956176,20,gefoerdert,in 3 Linien gefoerdert,28,68
2017,8,443,963.7347305287047,18,gefoerdert,in 3 Linien gefoerdert,28,68
2018,9,426,896.8258652954629,17,gefoerdert,in 3 Linien gefoerdert,28,68
2016,7,505,594.3668301099273,3926,gefoerdert,in 3 Linien gefoerdert,39,68
2017,9,497,628.0805163248356,3935,gefoerdert,in 3 Linien gefoerdert,39,68
2018,9,505,761.0126858633213,4000,gefoerdert,in 3 Linien gefoerdert,39,68
2016,6,33,152.7104297715208,113,gefoerdert,in 3 Linien gefoerdert,17,68
2017,6,34,287.3055753640741,125,gefoerdert,in 3 Linien gefoerdert,17,68
2018,6,41,366.8025466510269,160,gefoerdert,in 3 Linien gefoerdert,17,68
2016,2,569,50.70856474029024,10,gefoerdert,in 3 Linien gefoerdert,49,68
2017,2,531,57.74656960210457,19,gefoerdert,in 3 Linien gefoerdert,49,68
2018,3,496,105.4545286182104,29,gefoerdert,in 3 Linien gefoerdert,49,68
2016,,,6.459031468622697,,gefoerdert,in 3 Linien gefoerdert,41,68
2017,,,12.58279987041899,,gefoerdert,in 3 Linien gefoerdert,41,68
2018,0,,33.97283402229397,,gefoerdert,in 3 Linien gefoerdert,41,68
2016,,,,,gefoerdert,in 3 Linien gefoerdert,43,68
2017,,,,,gefoerdert,in 3 Linien gefoerdert,43,68
2018,,,,,gefoerdert,in 3 Linien gefoerdert,43,68
2016,10,743,551.4534322939534,230,gefoerdert,in 3 Linien gefoerdert,38,68
2017,9,733,632.1180505444264,230,gefoerdert,in 3 Linien gefoerdert,38,68
2018,9,736,1666.921671028787,396,gefoerdert,in 3 Linien gefoerdert,38,68
2016,13,1575,679.9972221106045,169,gefoerdert,in 3 Linien gefoerdert,48,68
2017,16,1506,1007.320198060317,191,gefoerdert,in 3 Linien gefoerdert,48,68
2018,15,1547,1542.085031897617,198,gefoerdert,in 3 Linien gefoerdert,48,68
2016,,,,6,gefoerdert,in 3 Linien gefoerdert,47,68
2017,,,,13,gefoerdert,in 3 Linien gefoerdert,47,68
2018,,,,14,gefoerdert,in 3 Linien gefoerdert,47,68
2016,27,2669,784.0679601440005,38,gefoerdert,in 3 Linien gefoerdert,42,68
2017,26,2655,936.6742663016914,50,gefoerdert,in 3 Linien gefoerdert,42,68
2018,27,2634,1046.932279319218,68,gefoerdert,in 3 Linien gefoerdert,42,68
2016,,73,,64,gefoerdert,in 3 Linien gefoerdert,53,68
2017,,67,,67,gefoerdert,in 3 Linien gefoerdert,53,68
2018,,59,,77,gefoerdert,in 3 Linien gefoerdert,53,68
2016,29,3582,3148.00559363029,1102,gefoerdert,in 3 Linien gefoerdert,56,68
2017,27,3670,3049.548931538786,1375,gefoerdert,in 3 Linien gefoerdert,56,68
2018,34,3563,2636.900741291935,1562,gefoerdert,in 3 Linien gefoerdert,56,68
2016,,,0,,gefoerdert,in 3 Linien gefoerdert,33,68
2017,,,0,,gefoerdert,in 3 Linien gefoerdert,33,68
2018,,,0,,gefoerdert,in 3 Linien gefoerdert,33,68
2016,31,514,2479.967511379996,1397,gefoerdert,in 3 Linien gefoerdert,32,68
2017,32,553,2871.028303121251,1521,gefoerdert,in 3 Linien gefoerdert,32,68
2018,32,601,2783.359625266993,1843,gefoerdert,in 3 Linien gefoerdert,32,68
2016,8,1017,1252.001884835396,288,gefoerdert,in 3 Linien gefoerdert,25,68
2017,7,1063,828.8709913855429,445,gefoerdert,in 3 Linien gefoerdert,25,68
2018,9,1094,646.8425382034985,500,gefoerdert,in 3 Linien gefoerdert,25,68
2016,27,846,12572.110137849,19999,gefoerdert,in 3 Linien gefoerdert,37,68
2017,26,833,13209.54547304864,20247,gefoerdert,in 3 Linien gefoerdert,37,68
2018,28,824,12225.37903272542,21633,gefoerdert,in 3 Linien gefoerdert,37,68
2016,18,651,4407.067893495126,21780,gefoerdert,in 3 Linien gefoerdert,13,68
2017,18,650,5231.92421192463,23410,gefoerdert,in 3 Linien gefoerdert,13,68
2018,17,639,6603.453210469183,23618,gefoerdert,in 3 Linien gefoerdert,13,68
2016,,,,651,gefoerdert,in 3 Linien gefoerdert,35,68
2017,,,,699,gefoerdert,in 3 Linien gefoerdert,35,68
2018,,,,774,gefoerdert,in 3 Linien gefoerdert,35,68
2016,33,1484,11590.52479690772,26924,gefoerdert,in 3 Linien gefoerdert,12,68
2017,34,1546,12975.00518115178,28163,gefoerdert,in 3 Linien gefoerdert,12,68
2018,33,1550,12473.41721887583,29929,gefoerdert,in 3 Linien gefoerdert,12,68
2016,15,610,2664.529867700535,6687,gefoerdert,in 3 Linien gefoerdert,21,68
2017,16,590,3083.19119694683,7433,gefoerdert,in 3 Linien gefoerdert,21,68
2018,14,538,2808.944769126556,8970,gefoerdert,in 3 Linien gefoerdert,21,68
2016,4,640,477.9571589674416,191,gefoerdert,in 3 Linien gefoerdert,20,68
2017,3,648,368.7200240602925,264,gefoerdert,in 3 Linien gefoerdert,20,68
2018,3,630,381.4867290681405,226,gefoerdert,in 3 Linien gefoerdert,20,68
2016,3,,0,,gefoerdert,in 3 Linien gefoerdert,1,68
2017,3,,,,gefoerdert,in 3 Linien gefoerdert,1,68
2018,3,,,,gefoerdert,in 3 Linien gefoerdert,1,68
2016,0,,,,gefoerdert,in 3 Linien gefoerdert,30,68
2017,0,,0,,gefoerdert,in 3 Linien gefoerdert,30,68
2018,0,,,,gefoerdert,in 3 Linien gefoerdert,30,68
2016,31,2110,6954.776699460939,3923,gefoerdert,in 3 Linien gefoerdert,2,68
2017,32,2010,8016.776681981095,4562,gefoerdert,in 3 Linien gefoerdert,2,68
2018,31,1842,8518.337159709199,4876,gefoerdert,in 3 Linien gefoerdert,2,68
2016,14,1152,6085.052319288738,1601,gefoerdert,in 3 Linien gefoerdert,19,68
2017,16,1196,6108.17640979464,1723,gefoerdert,in 3 Linien gefoerdert,19,68
2018,18,1225,6171.06754811046,2029,gefoerdert,in 3 Linien gefoerdert,19,68
2016,,,,848,gefoerdert,in 3 Linien gefoerdert,16,68
2017,,,,1008,gefoerdert,in 3 Linien gefoerdert,16,68
2018,,,,1025,gefoerdert,in 3 Linien gefoerdert,16,68
2016,,,,32,gefoerdert,in 3 Linien gefoerdert,55,68
2017,,,,45,gefoerdert,in 3 Linien gefoerdert,55,68
2018,,,,43,gefoerdert,in 3 Linien gefoerdert,55,68
2016,,,,37,gefoerdert,in 3 Linien gefoerdert,9,68
2017,,,,32,gefoerdert,in 3 Linien gefoerdert,9,68
2018,,,,30,gefoerdert,in 3 Linien gefoerdert,9,68
2016,,,,3912,gefoerdert,in 3 Linien gefoerdert,31,68
2017,,,,4496,gefoerdert,in 3 Linien gefoerdert,31,68
2018,,,,4923,gefoerdert,in 3 Linien gefoerdert,31,68
2016,,,,348,gefoerdert,in 3 Linien gefoerdert,15,68
2017,,,,452,gefoerdert,in 3 Linien gefoerdert,15,68
2018,,,,640,gefoerdert,in 3 Linien gefoerdert,15,68
2016,,,,43,gefoerdert,in 3 Linien gefoerdert,51,68
2017,,,,48,gefoerdert,in 3 Linien gefoerdert,51,68
2018,,,,63,gefoerdert,in 3 Linien gefoerdert,51,68
2016,,,,,gefoerdert,in 3 Linien gefoerdert,6,68
2017,,,,2,gefoerdert,in 3 Linien gefoerdert,6,68
2018,,,,,gefoerdert,in 3 Linien gefoerdert,6,68
2016,,,,155,gefoerdert,in 3 Linien gefoerdert,40,68
2017,,,,217,gefoerdert,in 3 Linien gefoerdert,40,68
2018,,,,303,gefoerdert,in 3 Linien gefoerdert,40,68
2016,,,,56,gefoerdert,in 3 Linien gefoerdert,8,68
2017,,,,52,gefoerdert,in 3 Linien gefoerdert,8,68
2018,,,,87,gefoerdert,in 3 Linien gefoerdert,8,68
2016,,,,,gefoerdert,in 3 Linien gefoerdert,52,68
2017,,,,,gefoerdert,in 3 Linien gefoerdert,52,68
2018,,,,,gefoerdert,in 3 Linien gefoerdert,52,68
2016,1,119,227.2998092168331,,gefoerdert,in 3 Linien gefoerdert,29,68
2017,2,146,85.45379777635641,1,gefoerdert,in 3 Linien gefoerdert,29,68
2018,2,148,172.8790014539348,1,gefoerdert,in 3 Linien gefoerdert,29,68
2016,,,,,gefoerdert,in 3 Linien gefoerdert,11,68
2017,,,,1,gefoerdert,in 3 Linien gefoerdert,11,68
2018,,,,1,gefoerdert,in 3 Linien gefoerdert,11,68
2016,,,,16,gefoerdert,in 3 Linien gefoerdert,24,68
2017,,,,43,gefoerdert,in 3 Linien gefoerdert,24,68
2018,,,,32,gefoerdert,in 3 Linien gefoerdert,24,68
2016,,,,1,gefoerdert,in 3 Linien gefoerdert,14,68
2017,,,,1,gefoerdert,in 3 Linien gefoerdert,14,68
2018,,,,,gefoerdert,in 3 Linien gefoerdert,14,68
2016,2,66,35.67132292467534,3,gefoerdert,in 3 Linien gefoerdert,34,68
2017,1,62,48.69716535728278,1,gefoerdert,in 3 Linien gefoerdert,34,68
2018,2,55,100.480728090575,3,gefoerdert,in 3 Linien gefoerdert,34,68
2016,,,,7,nicht gefoerdert,nicht gefoerdert,36,92
2017,,,,6,nicht gefoerdert,nicht gefoerdert,36,92
2018,,,,15,nicht gefoerdert,nicht gefoerdert,36,92
2016,,,,,nicht gefoerdert,nicht gefoerdert,23,92
2017,,,,1,nicht gefoerdert,nicht gefoerdert,23,92
2018,,,,2,nicht gefoerdert,nicht gefoerdert,23,92
2016,,,,9,nicht gefoerdert,nicht gefoerdert,10,92
2017,,,,6,nicht gefoerdert,nicht gefoerdert,10,92
2018,,,,9,nicht gefoerdert,nicht gefoerdert,10,92
2016,,,,,nicht gefoerdert,nicht gefoerdert,22,92
2017,,,,1,nicht gefoerdert,nicht gefoerdert,22,92
2018,,,,,nicht gefoerdert,nicht gefoerdert,22,92
2016,,,,,nicht gefoerdert,nicht gefoerdert,5,92
2017,,,,1,nicht gefoerdert,nicht gefoerdert,5,92
2018,,,,,nicht gefoerdert,nicht gefoerdert,5,92
2016,,,,,nicht gefoerdert,nicht gefoerdert,44,92
2017,,,,1,nicht gefoerdert,nicht gefoerdert,44,92
2018,,,,,nicht gefoerdert,nicht gefoerdert,44,92
2016,,,,,nicht gefoerdert,nicht gefoerdert,45,92
2017,,,,1,nicht gefoerdert,nicht gefoerdert,45,92
2018,,,,,nicht gefoerdert,nicht gefoerdert,45,92
2016,,,,,nicht gefoerdert,nicht gefoerdert,7,92
2017,,,,1,nicht gefoerdert,nicht gefoerdert,7,92
2018,,,,,nicht gefoerdert,nicht gefoerdert,7,92
2016,,,,5,nicht gefoerdert,nicht gefoerdert,28,92
2017,,,,1,nicht gefoerdert,nicht gefoerdert,28,92
2018,,,,,nicht gefoerdert,nicht gefoerdert,28,92
2016,,,,20,nicht gefoerdert,nicht gefoerdert,39,92
2017,,,,31,nicht gefoerdert,nicht gefoerdert,39,92
2018,,,,38,nicht gefoerdert,nicht gefoerdert,39,92
2016,,,,27,nicht gefoerdert,nicht gefoerdert,17,92
2017,,,,60,nicht gefoerdert,nicht gefoerdert,17,92
2018,,,,61,nicht gefoerdert,nicht gefoerdert,17,92
2016,,,,32,nicht gefoerdert,nicht gefoerdert,49,92
2017,,,,46,nicht gefoerdert,nicht gefoerdert,49,92
2018,,,,109,nicht gefoerdert,nicht gefoerdert,49,92
2016,,,,59,nicht gefoerdert,nicht gefoerdert,38,92
2017,,,,55,nicht gefoerdert,nicht gefoerdert,38,92
2018,,,,57,nicht gefoerdert,nicht gefoerdert,38,92
2016,,,,31,nicht gefoerdert,nicht gefoerdert,48,92
2017,,,,52,nicht gefoerdert,nicht gefoerdert,48,92
2018,,,,57,nicht gefoerdert,nicht gefoerdert,48,92
2016,,,,,nicht gefoerdert,nicht gefoerdert,47,92
2017,,,,2,nicht gefoerdert,nicht gefoerdert,47,92
2018,,,,2,nicht gefoerdert,nicht gefoerdert,47,92
2016,,,,,nicht gefoerdert,nicht gefoerdert,42,92
2017,,,,2,nicht gefoerdert,nicht gefoerdert,42,92
2018,,,,2,nicht gefoerdert,nicht gefoerdert,42,92
2016,,,,6,nicht gefoerdert,nicht gefoerdert,53,92
2017,,,,3,nicht gefoerdert,nicht gefoerdert,53,92
2018,,,,3,nicht gefoerdert,nicht gefoerdert,53,92
2016,,11,149.8361228674213,612,nicht gefoerdert,nicht gefoerdert,56,92
2017,,14,43.85544199845853,513,nicht gefoerdert,nicht gefoerdert,56,92
2018,,19,56.2583512225922,653,nicht gefoerdert,nicht gefoerdert,56,92
2016,12,741,2896.831490922754,,nicht gefoerdert,nicht gefoerdert,54,92
2017,12,761,3006.100611622671,,nicht gefoerdert,nicht gefoerdert,54,92
2018,12,770,3058.044788877093,,nicht gefoerdert,nicht gefoerdert,54,92
2016,4,147,407.8873504389589,280,nicht gefoerdert,nicht gefoerdert,32,92
2017,4,154,586.0695101201582,309,nicht gefoerdert,nicht gefoerdert,32,92
2018,4,126,618.8427649924089,319,nicht gefoerdert,nicht gefoerdert,32,92
2016,9,647,2488.944112068918,102,nicht gefoerdert,nicht gefoerdert,25,92
2017,9,723,2583.493189779366,142,nicht gefoerdert,nicht gefoerdert,25,92
2018,8,846,2905.343244759147,168,nicht gefoerdert,nicht gefoerdert,25,92
2016,,,,1273,nicht gefoerdert,nicht gefoerdert,37,92
2017,,,,1464,nicht gefoerdert,nicht gefoerdert,37,92
2018,,,,1525,nicht gefoerdert,nicht gefoerdert,37,92
2016,,,,1610,nicht gefoerdert,nicht gefoerdert,13,92
2017,,,,1545,nicht gefoerdert,nicht gefoerdert,13,92
2018,,,,1863,nicht gefoerdert,nicht gefoerdert,13,92
2016,,,,15,nicht gefoerdert,nicht gefoerdert,35,92
2017,,,,20,nicht gefoerdert,nicht gefoerdert,35,92
2018,,,,36,nicht gefoerdert,nicht gefoerdert,35,92
2016,,177,799.1256855342236,835,nicht gefoerdert,nicht gefoerdert,12,92
2017,,168,709.6633003170301,924,nicht gefoerdert,nicht gefoerdert,12,92
2018,,161,675.1011333546188,996,nicht gefoerdert,nicht gefoerdert,12,92
2016,,,,587,nicht gefoerdert,nicht gefoerdert,21,92
2017,,,,577,nicht gefoerdert,nicht gefoerdert,21,92
2018,,,,760,nicht gefoerdert,nicht gefoerdert,21,92
2016,,,,4,nicht gefoerdert,nicht gefoerdert,20,92
2017,,,,6,nicht gefoerdert,nicht gefoerdert,20,92
2018,,,,8,nicht gefoerdert,nicht gefoerdert,20,92
2016,,,,,nicht gefoerdert,nicht gefoerdert,1,92
2017,,,,,nicht gefoerdert,nicht gefoerdert,1,92
2018,,,,,nicht gefoerdert,nicht gefoerdert,1,92
2016,,,,97,nicht gefoerdert,nicht gefoerdert,2,92
2017,,,,127,nicht gefoerdert,nicht gefoerdert,2,92
2018,,,,179,nicht gefoerdert,nicht gefoerdert,2,92
2016,,,,6,nicht gefoerdert,nicht gefoerdert,19,92
2017,,,,5,nicht gefoerdert,nicht gefoerdert,19,92
2018,,,,12,nicht gefoerdert,nicht gefoerdert,19,92
2016,,,,22,nicht gefoerdert,nicht gefoerdert,16,92
2017,,,,23,nicht gefoerdert,nicht gefoerdert,16,92
2018,,,,25,nicht gefoerdert,nicht gefoerdert,16,92
2016,,1293,5194.31729695098,,nicht gefoerdert,nicht gefoerdert,26,92
2017,,1361,5334.43468338309,,nicht gefoerdert,nicht gefoerdert,26,92
2018,,1385,5565.560886606575,,nicht gefoerdert,nicht gefoerdert,26,92
2016,1,0,58.27001929956078,123,nicht gefoerdert,nicht gefoerdert,55,92
2017,1,0,39.86916711897386,133,nicht gefoerdert,nicht gefoerdert,55,92
2018,1,9,32.14775953114774,186,nicht gefoerdert,nicht gefoerdert,55,92
2016,,,,33,nicht gefoerdert,nicht gefoerdert,9,92
2017,,,,28,nicht gefoerdert,nicht gefoerdert,9,92
2018,,,,31,nicht gefoerdert,nicht gefoerdert,9,92
2016,28,2406,9959.937295575173,3452,nicht gefoerdert,nicht gefoerdert,31,92
2017,30,2385,9935.284194131355,3726,nicht gefoerdert,nicht gefoerdert,31,92
2018,31,2346,9853.25330062522,4268,nicht gefoerdert,nicht gefoerdert,31,92
2016,13,496,2164.298911616078,184,nicht gefoerdert,nicht gefoerdert,15,92
2017,13,537,2085.133600383988,235,nicht gefoerdert,nicht gefoerdert,15,92
2018,13,542,2230.243043799735,281,nicht gefoerdert,nicht gefoerdert,15,92
2016,6,332,1490.036266364331,16,nicht gefoerdert,nicht gefoerdert,51,92
2017,6,274,1331.615786439472,19,nicht gefoerdert,nicht gefoerdert,51,92
2018,6,255,1101.056395053241,30,nicht gefoerdert,nicht gefoerdert,51,92
2016,,,,,nicht gefoerdert,nicht gefoerdert,6,92
2017,,,,1,nicht gefoerdert,nicht gefoerdert,6,92
2018,,,,,nicht gefoerdert,nicht gefoerdert,6,92
2016,,,,9,nicht gefoerdert,nicht gefoerdert,40,92
2017,,,,8,nicht gefoerdert,nicht gefoerdert,40,92
2018,,,,12,nicht gefoerdert,nicht gefoerdert,40,92
2016,9,868,3433.743098337095,77,nicht gefoerdert,nicht gefoerdert,8,92
2017,10,924,3552.302828816382,60,nicht gefoerdert,nicht gefoerdert,8,92
2018,9,914,3777.347543022575,61,nicht gefoerdert,nicht gefoerdert,8,92
2016,1,,,,nicht gefoerdert,nicht gefoerdert,29,92
2017,1,,,,nicht gefoerdert,nicht gefoerdert,29,92
2018,1,,,,nicht gefoerdert,nicht gefoerdert,29,92
2016,,,,17,nicht gefoerdert,nicht gefoerdert,24,92
2017,,,,26,nicht gefoerdert,nicht gefoerdert,24,92
2018,,,,46,nicht gefoerdert,nicht gefoerdert,24,92
2016,,456,,,gefoerdert,in 3 Linien gefoerdert,50,100
2017,,440,,,gefoerdert,in 3 Linien gefoerdert,50,100
2018,1,453,,,gefoerdert,in 3 Linien gefoerdert,50,100
2016,,,,1,gefoerdert,in 3 Linien gefoerdert,18,100
2017,,,,2,gefoerdert,in 3 Linien gefoerdert,18,100
2018,,,,,gefoerdert,in 3 Linien gefoerdert,18,100
2016,,,,1,gefoerdert,in 3 Linien gefoerdert,27,100
2017,,,,2,gefoerdert,in 3 Linien gefoerdert,27,100
2018,,,,,gefoerdert,in 3 Linien gefoerdert,27,100
2016,6,234,199.7141491617631,10,gefoerdert,in 3 Linien gefoerdert,36,100
2017,5,247,123.7877429474936,15,gefoerdert,in 3 Linien gefoerdert,36,100
2018,5,233,203.4847507093419,11,gefoerdert,in 3 Linien gefoerdert,36,100
2016,7,221,95.21880761822965,33,gefoerdert,in 3 Linien gefoerdert,23,100
2017,8,219,349.8810735581458,47,gefoerdert,in 3 Linien gefoerdert,23,100
2018,11,209,486.7687097263304,31,gefoerdert,in 3 Linien gefoerdert,23,100
2016,,,,37,gefoerdert,in 3 Linien gefoerdert,10,100
2017,,,,39,gefoerdert,in 3 Linien gefoerdert,10,100
2018,,,,59,gefoerdert,in 3 Linien gefoerdert,10,100
2016,2,170,45.23277637561567,3,gefoerdert,in 3 Linien gefoerdert,3,100
2017,3,166,106.4702668245393,3,gefoerdert,in 3 Linien gefoerdert,3,100
2018,4,156,104.0068685103734,6,gefoerdert,in 3 Linien gefoerdert,3,100
2016,,,,1,gefoerdert,in 3 Linien gefoerdert,4,100
2017,,,,,gefoerdert,in 3 Linien gefoerdert,4,100
2018,,,,1,gefoerdert,in 3 Linien gefoerdert,4,100
2016,6,1025,155.663872108648,11,gefoerdert,in 3 Linien gefoerdert,22,100
2017,7,1049,216.4400734001814,21,gefoerdert,in 3 Linien gefoerdert,22,100
2018,5,1048,239.3689400586394,19,gefoerdert,in 3 Linien gefoerdert,22,100
2016,6,419,126.6675980968417,11,gefoerdert,in 3 Linien gefoerdert,5,100
2017,6,449,24.43549879332333,21,gefoerdert,in 3 Linien gefoerdert,5,100
2018,5,496,15.461476080744,19,gefoerdert,in 3 Linien gefoerdert,5,100
2016,6,236,168.9599603565306,11,gefoerdert,in 3 Linien gefoerdert,44,100
2017,5,234,240.7117949895951,21,gefoerdert,in 3 Linien gefoerdert,44,100
2018,5,353,145.8614106112675,19,gefoerdert,in 3 Linien gefoerdert,44,100
2016,5,2,47.38640740463646,11,gefoerdert,in 3 Linien gefoerdert,45,100
2017,3,3,65.01555027871125,21,gefoerdert,in 3 Linien gefoerdert,45,100
2018,1,3,38.44072102427018,19,gefoerdert,in 3 Linien gefoerdert,45,100
2016,0,,,11,gefoerdert,in 3 Linien gefoerdert,7,100
2017,,,,21,gefoerdert,in 3 Linien gefoerdert,7,100
2018,0,,,19,gefoerdert,in 3 Linien gefoerdert,7,100
2016,6,,232.0502794258649,3,gefoerdert,in 3 Linien gefoerdert,28,100
2017,8,,265.5754682476085,7,gefoerdert,in 3 Linien gefoerdert,28,100
2018,8,,142.2076691650904,10,gefoerdert,in 3 Linien gefoerdert,28,100
2016,7,901,1140.566124288877,1072,gefoerdert,in 3 Linien gefoerdert,39,100
2017,7,862,1538.209459585574,917,gefoerdert,in 3 Linien gefoerdert,39,100
2018,7,829,1306.745519994992,971,gefoerdert,in 3 Linien gefoerdert,39,100
2016,17,626,487.5102406851841,140,gefoerdert,in 3 Linien gefoerdert,17,100
2017,15,627,593.1317746903341,130,gefoerdert,in 3 Linien gefoerdert,17,100
2018,15,586,650.2240065376186,135,gefoerdert,in 3 Linien gefoerdert,17,100
2016,,,,,gefoerdert,in 3 Linien gefoerdert,46,100
2017,,,,,gefoerdert,in 3 Linien gefoerdert,46,100
2018,,,,,gefoerdert,in 3 Linien gefoerdert,46,100
2016,0,,0,5,gefoerdert,in 3 Linien gefoerdert,49,100
2017,0,,2.347666957501157,6,gefoerdert,in 3 Linien gefoerdert,49,100
2018,0,,0,14,gefoerdert,in 3 Linien gefoerdert,49,100
2016,,765,,,gefoerdert,in 3 Linien gefoerdert,41,100
2017,,749,,,gefoerdert,in 3 Linien gefoerdert,41,100
2018,,777,,,gefoerdert,in 3 Linien gefoerdert,41,100
2016,,,,,gefoerdert,in 3 Linien gefoerdert,43,100
2017,,,,,gefoerdert,in 3 Linien gefoerdert,43,100
2018,,,,,gefoerdert,in 3 Linien gefoerdert,43,100
2016,8,737,317.7439371506487,332,gefoerdert,in 3 Linien gefoerdert,38,100
2017,9,703,395.2021899542065,352,gefoerdert,in 3 Linien gefoerdert,38,100
2018,10,686,224.6164596926334,456,gefoerdert,in 3 Linien gefoerdert,38,100
2016,11,587,956.6499222760757,199,gefoerdert,in 3 Linien gefoerdert,48,100
2017,12,618,390.2955050581455,238,gefoerdert,in 3 Linien gefoerdert,48,100
2018,11,620,104.4678556699322,252,gefoerdert,in 3 Linien gefoerdert,48,100
2016,0,,1303.711392040258,12,gefoerdert,in 3 Linien gefoerdert,47,100
2017,,,1386.709926881646,15,gefoerdert,in 3 Linien gefoerdert,47,100
2018,,,1493.3884435087,15,gefoerdert,in 3 Linien gefoerdert,47,100
2016,17,1221,473.6238333632799,21,gefoerdert,in 3 Linien gefoerdert,42,100
2017,15,1247,855.3064734819991,35,gefoerdert,in 3 Linien gefoerdert,42,100
2018,17,1253,807.3476817339409,36,gefoerdert,in 3 Linien gefoerdert,42,100
2016,,,,151,gefoerdert,in 3 Linien gefoerdert,53,100
2017,,,,137,gefoerdert,in 3 Linien gefoerdert,53,100
2018,,,,189,gefoerdert,in 3 Linien gefoerdert,53,100
2016,22,2004,1135.77935407421,372,gefoerdert,in 3 Linien gefoerdert,56,100
2017,21,1996,2885.264404303852,447,gefoerdert,in 3 Linien gefoerdert,56,100
2018,21,1890,6307.729042640388,563,gefoerdert,in 3 Linien gefoerdert,56,100
2016,,,,,gefoerdert,in 3 Linien gefoerdert,54,100
2017,,,,,gefoerdert,in 3 Linien gefoerdert,54,100
2018,,,,,gefoerdert,in 3 Linien gefoerdert,54,100
2016,,47,,,gefoerdert,in 3 Linien gefoerdert,33,100
2017,,47,,,gefoerdert,in 3 Linien gefoerdert,33,100
2018,,54,,,gefoerdert,in 3 Linien gefoerdert,33,100
2016,20,788,1022.576301824786,577,gefoerdert,in 3 Linien gefoerdert,32,100
2017,19,780,2032.893760926561,570,gefoerdert,in 3 Linien gefoerdert,32,100
2018,18,751,1974.178799709859,564,gefoerdert,in 3 Linien gefoerdert,32,100
2016,21,1601,5621.066925934337,368,gefoerdert,in 3 Linien gefoerdert,25,100
2017,20,1687,6152.240553775781,478,gefoerdert,in 3 Linien gefoerdert,25,100
2018,20,1680,6138.787806666631,547,gefoerdert,in 3 Linien gefoerdert,25,100
2016,17,377,7330.644148804258,4606,gefoerdert,in 3 Linien gefoerdert,37,100
2017,18,357,7385.539816034612,4966,gefoerdert,in 3 Linien gefoerdert,37,100
2018,22,360,7273.097254065964,5994,gefoerdert,in 3 Linien gefoerdert,37,100
2016,11,333,1628.536288176569,4077,gefoerdert,in 3 Linien gefoerdert,13,100
2017,11,334,1864.711806706272,4427,gefoerdert,in 3 Linien gefoerdert,13,100
2018,11,332,1750.60293420301,4891,gefoerdert,in 3 Linien gefoerdert,13,100
2016,,,,500,gefoerdert,in 3 Linien gefoerdert,35,100
2017,,,,456,gefoerdert,in 3 Linien gefoerdert,35,100
2018,,,,477,gefoerdert,in 3 Linien gefoerdert,35,100
2016,24,747,1927.702095554912,5565,gefoerdert,in 3 Linien gefoerdert,12,100
2017,25,760,2054.931417103431,5826,gefoerdert,in 3 Linien gefoerdert,12,100
2018,23,767,2211.519451113216,6020,gefoerdert,in 3 Linien gefoerdert,12,100
2016,30,506,24589.1854322806,11684,gefoerdert,in 3 Linien gefoerdert,21,100
2017,28,506,21075.71262993811,12617,gefoerdert,in 3 Linien gefoerdert,21,100
2018,28,535,19820.49487699817,14191,gefoerdert,in 3 Linien gefoerdert,21,100
2016,4,225,82.99534546639893,144,gefoerdert,in 3 Linien gefoerdert,20,100
2017,4,234,236.5205839630624,182,gefoerdert,in 3 Linien gefoerdert,20,100
2018,4,282,269.9908554015276,218,gefoerdert,in 3 Linien gefoerdert,20,100
2016,,,,353,gefoerdert,in 3 Linien gefoerdert,2,100
2017,,,,443,gefoerdert,in 3 Linien gefoerdert,2,100
2018,,,,505,gefoerdert,in 3 Linien gefoerdert,2,100
2016,,,,46,gefoerdert,in 3 Linien gefoerdert,19,100
2017,,,,54,gefoerdert,in 3 Linien gefoerdert,19,100
2018,,,,62,gefoerdert,in 3 Linien gefoerdert,19,100
2016,,,,164,gefoerdert,in 3 Linien gefoerdert,16,100
2017,,,,233,gefoerdert,in 3 Linien gefoerdert,16,100
2018,,,,291,gefoerdert,in 3 Linien gefoerdert,16,100
2016,,264,,,gefoerdert,in 3 Linien gefoerdert,26,100
2017,,270,,,gefoerdert,in 3 Linien gefoerdert,26,100
2018,,262,,,gefoerdert,in 3 Linien gefoerdert,26,100
2016,,949,,44,gefoerdert,in 3 Linien gefoerdert,55,100
2017,,933,,21,gefoerdert,in 3 Linien gefoerdert,55,100
2018,,927,,31,gefoerdert,in 3 Linien gefoerdert,55,100
2016,,,,23,gefoerdert,in 3 Linien gefoerdert,9,100
2017,,,,21,gefoerdert,in 3 Linien gefoerdert,9,100
2018,,,,18,gefoerdert,in 3 Linien gefoerdert,9,100
2016,23,707,18700.33352106025,2421,gefoerdert,in 3 Linien gefoerdert,31,100
2017,23,659,17899.75268621473,2993,gefoerdert,in 3 Linien gefoerdert,31,100
2018,24,576,19297.44091086671,3176,gefoerdert,in 3 Linien gefoerdert,31,100
2016,15,552,4690.105984867054,400,gefoerdert,in 3 Linien gefoerdert,15,100
2017,15,493,4997.436634746426,493,gefoerdert,in 3 Linien gefoerdert,15,100
2018,12,456,3966.174465191087,711,gefoerdert,in 3 Linien gefoerdert,15,100
2016,,,,74,gefoerdert,in 3 Linien gefoerdert,51,100
2017,,,,56,gefoerdert,in 3 Linien gefoerdert,51,100
2018,,61,,78,gefoerdert,in 3 Linien gefoerdert,51,100
2016,,,,,gefoerdert,in 3 Linien gefoerdert,6,100
2017,,,,,gefoerdert,in 3 Linien gefoerdert,6,100
2018,,,,,gefoerdert,in 3 Linien gefoerdert,6,100
2016,,68,,24,gefoerdert,in 3 Linien gefoerdert,40,100
2017,,60,,32,gefoerdert,in 3 Linien gefoerdert,40,100
2018,,61,,38,gefoerdert,in 3 Linien gefoerdert,40,100
2016,,,,27,gefoerdert,in 3 Linien gefoerdert,8,100
2017,,,,31,gefoerdert,in 3 Linien gefoerdert,8,100
2018,,,,49,gefoerdert,in 3 Linien gefoerdert,8,100
2016,3,185,249.6676027476567,,gefoerdert,in 3 Linien gefoerdert,29,100
2017,3,183,227.3595588143613,,gefoerdert,in 3 Linien gefoerdert,29,100
2018,4,187,217.6881737038364,,gefoerdert,in 3 Linien gefoerdert,29,100
2016,,,,,gefoerdert,in 3 Linien gefoerdert,11,100
2017,,,,,gefoerdert,in 3 Linien gefoerdert,11,100
2018,,,,,gefoerdert,in 3 Linien gefoerdert,11,100
2016,,,,25,gefoerdert,in 3 Linien gefoerdert,24,100
2017,,,,34,gefoerdert,in 3 Linien gefoerdert,24,100
2018,,,,25,gefoerdert,in 3 Linien gefoerdert,24,100
2016,,,,,gefoerdert,in 3 Linien gefoerdert,14,100
2017,,,,,gefoerdert,in 3 Linien gefoerdert,14,100
2018,,,,,gefoerdert,in 3 Linien gefoerdert,14,100
2016,4,103,350.4403964726407,2,gefoerdert,in 3 Linien gefoerdert,34,100
2017,3,121,256.3568142963042,,gefoerdert,in 3 Linien gefoerdert,34,100
2018,3,117,553.1202562013078,2,gefoerdert,in 3 Linien gefoerdert,34,100
2016,10,386,,,gefoerdert,nicht gefoerdert,50,99
2017,8,372,,,gefoerdert,nicht gefoerdert,50,99
2018,8,397,,,gefoerdert,nicht gefoerdert,50,99
2016,11,505,1464.885462929881,4,gefoerdert,nicht gefoerdert,18,99
2017,12,469,1950.19665255845,2,gefoerdert,nicht gefoerdert,18,99
2018,12,422,1225.070003450759,3,gefoerdert,nicht gefoerdert,18,99
2016,15,385,985.190847880604,4,gefoerdert,nicht gefoerdert,27,99
2017,14,323,1344.871862926641,2,gefoerdert,nicht gefoerdert,27,99
2018,15,276,853.0653771309337,3,gefoerdert,nicht gefoerdert,27,99
2016,14,943,1355.454428800228,74,gefoerdert,nicht gefoerdert,36,99
2017,15,875,1346.797848781082,81,gefoerdert,nicht gefoerdert,36,99
2018,14,838,1875.179928692497,79,gefoerdert,nicht gefoerdert,36,99
2016,21,2424,1633.205761778116,51,gefoerdert,nicht gefoerdert,23,99
2017,23,2648,2433.633955958835,57,gefoerdert,nicht gefoerdert,23,99
2018,25,2622,1977.171239855668,46,gefoerdert,nicht gefoerdert,23,99
2016,,,,9,gefoerdert,nicht gefoerdert,10,99
2017,,,,6,gefoerdert,nicht gefoerdert,10,99
2018,,,,5,gefoerdert,nicht gefoerdert,10,99
2016,6,574,499.2271721321638,,gefoerdert,nicht gefoerdert,3,99
2017,7,576,598.3467345910179,4,gefoerdert,nicht gefoerdert,3,99
2018,7,538,669.7777600387809,2,gefoerdert,nicht gefoerdert,3,99
2016,3,113,38.93389071096173,,gefoerdert,nicht gefoerdert,4,99
2017,3,103,86.80695082003851,2,gefoerdert,nicht gefoerdert,4,99
2018,3,78,201.1582464165452,1,gefoerdert,nicht gefoerdert,4,99
2016,11,1781,879.63406859892,21,gefoerdert,nicht gefoerdert,22,99
2017,12,1803,1211.802378683133,30,gefoerdert,nicht gefoerdert,22,99
2018,13,1796,937.5930357657529,33,gefoerdert,nicht gefoerdert,22,99
2016,9,1336,47.33147079141206,21,gefoerdert,nicht gefoerdert,5,99
2017,9,1322,227.7438206340446,30,gefoerdert,nicht gefoerdert,5,99
2018,9,1298,281.8614804355802,33,gefoerdert,nicht gefoerdert,5,99
2016,8,904,260.4404214844826,21,gefoerdert,nicht gefoerdert,44,99
2017,8,810,275.6440911954467,30,gefoerdert,nicht gefoerdert,44,99
2018,8,766,170.007950937024,33,gefoerdert,nicht gefoerdert,44,99
2016,4,592,355.3258799707322,21,gefoerdert,nicht gefoerdert,45,99
2017,4,510,270.5059417773022,30,gefoerdert,nicht gefoerdert,45,99
2018,4,399,262.8864427005197,33,gefoerdert,nicht gefoerdert,45,99
2016,11,1531,1397.878977068694,21,gefoerdert,nicht gefoerdert,7,99
2017,12,1621,1123.657784896857,30,gefoerdert,nicht gefoerdert,7,99
2018,12,1582,851.2321784609643,33,gefoerdert,nicht gefoerdert,7,99
2016,,,,8,gefoerdert,nicht gefoerdert,28,99
2017,,,,7,gefoerdert,nicht gefoerdert,28,99
2018,,,,12,gefoerdert,nicht gefoerdert,28,99
2016,12,933,3612.285819750613,2779,gefoerdert,nicht gefoerdert,39,99
2017,11,1005,4767.734481858804,3124,gefoerdert,nicht gefoerdert,39,99
2018,11,1108,6132.068857113438,3070,gefoerdert,nicht gefoerdert,39,99
2016,11,526,932.8752513448687,95,gefoerdert,nicht gefoerdert,17,99
2017,12,485,1156.466554657949,124,gefoerdert,nicht gefoerdert,17,99
2018,13,436,1661.346715547465,161,gefoerdert,nicht gefoerdert,17,99
2016,6,901,1106.718777195279,11,gefoerdert,nicht gefoerdert,49,99
2017,6,929,770.2104545218041,19,gefoerdert,nicht gefoerdert,49,99
2018,6,898,567.8853376142987,34,gefoerdert,nicht gefoerdert,49,99
2016,,43,,,gefoerdert,nicht gefoerdert,41,99
2017,,43,,,gefoerdert,nicht gefoerdert,41,99
2018,,152,,,gefoerdert,nicht gefoerdert,41,99
2016,,,,,gefoerdert,nicht gefoerdert,43,99
2017,,,,,gefoerdert,nicht gefoerdert,43,99
2018,,,,,gefoerdert,nicht gefoerdert,43,99
2016,,10,,191,gefoerdert,nicht gefoerdert,38,99
2017,,9,,250,gefoerdert,nicht gefoerdert,38,99
2018,,6,,256,gefoerdert,nicht gefoerdert,38,99
2016,19,1813,2088.248652296246,70,gefoerdert,nicht gefoerdert,48,99
2017,19,1820,2297.112439429161,75,gefoerdert,nicht gefoerdert,48,99
2018,19,1860,1898.089866163644,65,gefoerdert,nicht gefoerdert,48,99
2016,,,,8,gefoerdert,nicht gefoerdert,47,99
2017,,,,4,gefoerdert,nicht gefoerdert,47,99
2018,,,,11,gefoerdert,nicht gefoerdert,47,99
2016,29,3759,1118.826811012167,21,gefoerdert,nicht gefoerdert,42,99
2017,29,3948,1316.77949691348,15,gefoerdert,nicht gefoerdert,42,99
2018,28,4123,1488.580026580857,33,gefoerdert,nicht gefoerdert,42,99
2016,,,,31,gefoerdert,nicht gefoerdert,53,99
2017,,,,58,gefoerdert,nicht gefoerdert,53,99
2018,,,,31,gefoerdert,nicht gefoerdert,53,99
2016,22,3561,776.5502929105094,464,gefoerdert,nicht gefoerdert,56,99
2017,24,3578,695.1427406843703,593,gefoerdert,nicht gefoerdert,56,99
2018,24,3638,1075.352672462092,592,gefoerdert,nicht gefoerdert,56,99
2016,24,697,2937.22539840634,1189,gefoerdert,nicht gefoerdert,32,99
2017,23,772,4000.419037039864,1312,gefoerdert,nicht gefoerdert,32,99
2018,28,809,3855.640658837481,1348,gefoerdert,nicht gefoerdert,32,99
2016,,616,,424,gefoerdert,nicht gefoerdert,25,99
2017,,603,,487,gefoerdert,nicht gefoerdert,25,99
2018,,597,,545,gefoerdert,nicht gefoerdert,25,99
2016,19,577,4818.423478601611,19974,gefoerdert,nicht gefoerdert,37,99
2017,17,705,5714.838835487451,21247,gefoerdert,nicht gefoerdert,37,99
2018,17,709,8088.008470870059,21845,gefoerdert,nicht gefoerdert,37,99
2016,26,1025,11531.36547719614,10946,gefoerdert,nicht gefoerdert,13,99
2017,27,1001,11544.86826594568,11303,gefoerdert,nicht gefoerdert,13,99
2018,26,992,11916.59694426037,12324,gefoerdert,nicht gefoerdert,13,99
2016,,,,771,gefoerdert,nicht gefoerdert,35,99
2017,,,,928,gefoerdert,nicht gefoerdert,35,99
2018,,,,821,gefoerdert,nicht gefoerdert,35,99
2016,24,1351,3203.9935857263,9350,gefoerdert,nicht gefoerdert,12,99
2017,23,1324,5067.64593897835,9489,gefoerdert,nicht gefoerdert,12,99
2018,23,1324,5253.493695594354,10269,gefoerdert,nicht gefoerdert,12,99
2016,12,647,1890.105234924293,4147,gefoerdert,nicht gefoerdert,21,99
2017,13,600,1965.203148082828,4579,gefoerdert,nicht gefoerdert,21,99
2018,12,584,2011.595929049173,5317,gefoerdert,nicht gefoerdert,21,99
2016,11,1073,1172.378056898222,40,gefoerdert,nicht gefoerdert,20,99
2017,11,1044,1280.787740962097,41,gefoerdert,nicht gefoerdert,20,99
2018,10,1063,1381.458567296747,41,gefoerdert,nicht gefoerdert,20,99
2016,,,,,gefoerdert,nicht gefoerdert,1,99
2017,,,,,gefoerdert,nicht gefoerdert,1,99
2018,,,,,gefoerdert,nicht gefoerdert,1,99
2016,,,,490,gefoerdert,nicht gefoerdert,2,99
2017,,,,537,gefoerdert,nicht gefoerdert,2,99
2018,,,,612,gefoerdert,nicht gefoerdert,2,99
2016,,,,50,gefoerdert,nicht gefoerdert,19,99
2017,,,,34,gefoerdert,nicht gefoerdert,19,99
2018,,,,39,gefoerdert,nicht gefoerdert,19,99
2016,,,,328,gefoerdert,nicht gefoerdert,16,99
2017,,,,408,gefoerdert,nicht gefoerdert,16,99
2018,,,,412,gefoerdert,nicht gefoerdert,16,99
2016,,,,,gefoerdert,nicht gefoerdert,26,99
2017,,,,,gefoerdert,nicht gefoerdert,26,99
2018,,,,,gefoerdert,nicht gefoerdert,26,99
2016,,,,144,gefoerdert,nicht gefoerdert,55,99
2017,,,,194,gefoerdert,nicht gefoerdert,55,99
2018,,,,222,gefoerdert,nicht gefoerdert,55,99
2016,,,,107,gefoerdert,nicht gefoerdert,9,99
2017,,,,96,gefoerdert,nicht gefoerdert,9,99
2018,,,,117,gefoerdert,nicht gefoerdert,9,99
2016,24,3307,15112.19830106632,6833,gefoerdert,nicht gefoerdert,31,99
2017,26,3323,16425.60970256499,7634,gefoerdert,nicht gefoerdert,31,99
2018,25,3535,16734.21496739046,8982,gefoerdert,nicht gefoerdert,31,99
2016,22,1606,9811.837137008535,507,gefoerdert,nicht gefoerdert,15,99
2017,21,1578,12900.53983349039,643,gefoerdert,nicht gefoerdert,15,99
2018,23,1681,13101.43650779924,797,gefoerdert,nicht gefoerdert,15,99
2016,,,,77,gefoerdert,nicht gefoerdert,51,99
2017,,,,114,gefoerdert,nicht gefoerdert,51,99
2018,,,,209,gefoerdert,nicht gefoerdert,51,99
2016,,,,1,gefoerdert,nicht gefoerdert,6,99
2017,,,,,gefoerdert,nicht gefoerdert,6,99
2018,,,,1,gefoerdert,nicht gefoerdert,6,99
2016,,,,37,gefoerdert,nicht gefoerdert,40,99
2017,,,,22,gefoerdert,nicht gefoerdert,40,99
2018,,,,28,gefoerdert,nicht gefoerdert,40,99
2016,16,1251,5476.364277405851,116,gefoerdert,nicht gefoerdert,8,99
2017,16,1372,7608.596787226712,126,gefoerdert,nicht gefoerdert,8,99
2018,17,1349,8504.037508044694,156,gefoerdert,nicht gefoerdert,8,99
2016,,,,,gefoerdert,nicht gefoerdert,52,99
2017,,,,,gefoerdert,nicht gefoerdert,52,99
2018,,,,,gefoerdert,nicht gefoerdert,52,99
2016,7,418,305.6880730483172,,gefoerdert,nicht gefoerdert,29,99
2017,5,484,509.8499461748795,,gefoerdert,nicht gefoerdert,29,99
2018,7,452,517.6431670532983,,gefoerdert,nicht gefoerdert,29,99
2016,,,,,gefoerdert,nicht gefoerdert,11,99
2017,,,,,gefoerdert,nicht gefoerdert,11,99
2018,,,,,gefoerdert,nicht gefoerdert,11,99
2016,,,,34,gefoerdert,nicht gefoerdert,24,99
2017,,,,41,gefoerdert,nicht gefoerdert,24,99
2018,,,,76,gefoerdert,nicht gefoerdert,24,99
2016,3,217,556.7541708075804,,gefoerdert,nicht gefoerdert,14,99
2017,3,228,981.1811804144617,,gefoerdert,nicht gefoerdert,14,99
2018,3,243,930.9479099742209,,gefoerdert,nicht gefoerdert,14,99
2016,,0,,1,gefoerdert,nicht gefoerdert,34,99
2017,,0,,3,gefoerdert,nicht gefoerdert,34,99
2018,,0,,2,gefoerdert,nicht gefoerdert,34,99
2016,3,525,226.9599672854107,,gefoerdert,nicht gefoerdert,50,82
2017,4,570,182.7721905374917,,gefoerdert,nicht gefoerdert,50,82
2018,3,578,614.7253626063007,,gefoerdert,nicht gefoerdert,50,82
2016,10,1013,309.4320172694052,4,gefoerdert,nicht gefoerdert,18,82
2017,11,863,304.6285588907655,4,gefoerdert,nicht gefoerdert,18,82
2018,11,764,265.0592800362319,4,gefoerdert,nicht gefoerdert,18,82
2016,12,349,115.0027937421023,4,gefoerdert,nicht gefoerdert,27,82
2017,12,314,146.0192122703274,4,gefoerdert,nicht gefoerdert,27,82
2018,13,283,163.4121598212831,4,gefoerdert,nicht gefoerdert,27,82
2016,7,699,597.3398787123286,65,gefoerdert,nicht gefoerdert,36,82
2017,8,913,607.3485545883415,88,gefoerdert,nicht gefoerdert,36,82
2018,9,1069,690.8762181635974,72,gefoerdert,nicht gefoerdert,36,82
2016,16,1096,2912.263497075577,93,gefoerdert,nicht gefoerdert,23,82
2017,15,1190,3589.171190332944,120,gefoerdert,nicht gefoerdert,23,82
2018,16,1305,3396.840349965873,96,gefoerdert,nicht gefoerdert,23,82
2016,,,,22,gefoerdert,nicht gefoerdert,10,82
2017,,,0,22,gefoerdert,nicht gefoerdert,10,82
2018,,,,22,gefoerdert,nicht gefoerdert,10,82
2016,5,250,220.0139647590534,4,gefoerdert,nicht gefoerdert,3,82
2017,5,235,195.6678915618705,2,gefoerdert,nicht gefoerdert,3,82
2018,5,222,267.9590839759147,2,gefoerdert,nicht gefoerdert,3,82
2016,3,123,123.9785846070236,,gefoerdert,nicht gefoerdert,4,82
2017,3,111,69.99085086391823,2,gefoerdert,nicht gefoerdert,4,82
2018,3,122,97.33200205408582,1,gefoerdert,nicht gefoerdert,4,82
2016,7,1213,92.84916314080468,5,gefoerdert,nicht gefoerdert,22,82
2017,7,1336,225.9231525331976,20,gefoerdert,nicht gefoerdert,22,82
2018,7,1196,615.8171425465955,13,gefoerdert,nicht gefoerdert,22,82
2016,10,1178,1159.950639861503,5,gefoerdert,nicht gefoerdert,5,82
2017,10,1243,887.2049650345301,20,gefoerdert,nicht gefoerdert,5,82
2018,10,1240,1120.52217432431,13,gefoerdert,nicht gefoerdert,5,82
2016,6,669,80.45624176501741,5,gefoerdert,nicht gefoerdert,44,82
2017,6,633,81.32113694316624,20,gefoerdert,nicht gefoerdert,44,82
2018,6,634,98.552308560119,13,gefoerdert,nicht gefoerdert,44,82
2016,,0,,5,gefoerdert,nicht gefoerdert,45,82
2017,,0,,20,gefoerdert,nicht gefoerdert,45,82
2018,,0,,13,gefoerdert,nicht gefoerdert,45,82
2016,17,1199,1809.77001212131,5,gefoerdert,nicht gefoerdert,7,82
2017,19,1217,2021.435457376414,20,gefoerdert,nicht gefoerdert,7,82
2018,12,1207,600.5057323892422,13,gefoerdert,nicht gefoerdert,7,82
2016,1,153,,19,gefoerdert,nicht gefoerdert,28,82
2017,1,157,86.82525299063271,9,gefoerdert,nicht gefoerdert,28,82
2018,1,161,76.38181533467944,13,gefoerdert,nicht gefoerdert,28,82
2016,8,731,884.2392677482196,2543,gefoerdert,nicht gefoerdert,39,82
2017,8,780,844.3513051173701,2656,gefoerdert,nicht gefoerdert,39,82
2018,8,787,0,2620,gefoerdert,nicht gefoerdert,39,82
2016,4,0,23.88175062004006,58,gefoerdert,nicht gefoerdert,17,82
2017,4,0,16.64226947181463,81,gefoerdert,nicht gefoerdert,17,82
2018,5,0,0,76,gefoerdert,nicht gefoerdert,17,82
2016,,,,16,gefoerdert,nicht gefoerdert,49,82
2017,,,,27,gefoerdert,nicht gefoerdert,49,82
2018,,,,21,gefoerdert,nicht gefoerdert,49,82
2016,,4,,,gefoerdert,nicht gefoerdert,41,82
2017,,0,,,gefoerdert,nicht gefoerdert,41,82
2018,,0,184.6507925960749,,gefoerdert,nicht gefoerdert,41,82
2016,,,,,gefoerdert,nicht gefoerdert,43,82
2017,,,,,gefoerdert,nicht gefoerdert,43,82
2018,,,1179.312763527646,,gefoerdert,nicht gefoerdert,43,82
2016,6,806,200.8202977092025,239,gefoerdert,nicht gefoerdert,38,82
2017,5,945,237.6569100329966,248,gefoerdert,nicht gefoerdert,38,82
2018,5,1026,,344,gefoerdert,nicht gefoerdert,38,82
2016,4,7,1545.151808070509,114,gefoerdert,nicht gefoerdert,48,82
2017,5,16,1151.940571662805,124,gefoerdert,nicht gefoerdert,48,82
2018,4,78,529.6252133145541,178,gefoerdert,nicht gefoerdert,48,82
2016,,,,2,gefoerdert,nicht gefoerdert,47,82
2017,,,,6,gefoerdert,nicht gefoerdert,47,82
2018,,,,10,gefoerdert,nicht gefoerdert,47,82
2016,30,4022,1006.681587811488,41,gefoerdert,nicht gefoerdert,42,82
2017,30,4121,973.1793764995198,55,gefoerdert,nicht gefoerdert,42,82
2018,32,4251,3736.07380772115,64,gefoerdert,nicht gefoerdert,42,82
2016,,,,39,gefoerdert,nicht gefoerdert,53,82
2017,,,,43,gefoerdert,nicht gefoerdert,53,82
2018,,,,52,gefoerdert,nicht gefoerdert,53,82
2016,36,1347,2849.866927233306,1993,gefoerdert,nicht gefoerdert,56,82
2017,37,1419,1790.872781380154,2297,gefoerdert,nicht gefoerdert,56,82
2018,34,1411,741.4248176669482,2477,gefoerdert,nicht gefoerdert,56,82
2016,,,,,gefoerdert,nicht gefoerdert,54,82
2017,,,,,gefoerdert,nicht gefoerdert,54,82
2018,,,49.23571849381504,,gefoerdert,nicht gefoerdert,54,82
2016,,145,,,gefoerdert,nicht gefoerdert,33,82
2017,,146,,,gefoerdert,nicht gefoerdert,33,82
2018,,158,,,gefoerdert,nicht gefoerdert,33,82
2016,42,1115,7940.548802069736,2738,gefoerdert,nicht gefoerdert,32,82
2017,34,1178,7402.739109834786,2889,gefoerdert,nicht gefoerdert,32,82
2018,37,1153,8158.03595802415,3265,gefoerdert,nicht gefoerdert,32,82
2016,22,1745,4941.388973384056,875,gefoerdert,nicht gefoerdert,25,82
2017,19,1867,6830.48197284088,992,gefoerdert,nicht gefoerdert,25,82
2018,20,2072,6081.729607757384,1166,gefoerdert,nicht gefoerdert,25,82
2016,31,1579,13180.73316649284,31073,gefoerdert,nicht gefoerdert,37,82
2017,30,1972,13651.35021054982,32217,gefoerdert,nicht gefoerdert,37,82
2018,32,2240,12492.46440754586,36330,gefoerdert,nicht gefoerdert,37,82
2016,17,1168,3424.24298195047,11835,gefoerdert,nicht gefoerdert,13,82
2017,17,1118,3019.644943806582,12547,gefoerdert,nicht gefoerdert,13,82
2018,16,1119,1777.690550668041,13003,gefoerdert,nicht gefoerdert,13,82
2016,11,1197,4246.413360220396,608,gefoerdert,nicht gefoerdert,35,82
2017,10,1215,2928.581830893123,679,gefoerdert,nicht gefoerdert,35,82
2018,10,1219,2645.908337150193,781,gefoerdert,nicht gefoerdert,35,82
2016,31,1253,10616.87834533968,20702,gefoerdert,nicht gefoerdert,12,82
2017,31,1259,8967.919965875908,21975,gefoerdert,nicht gefoerdert,12,82
2018,32,1317,6812.71779679483,23825,gefoerdert,nicht gefoerdert,12,82
2016,16,1000,4944.788756612385,6630,gefoerdert,nicht gefoerdert,21,82
2017,16,884,5254.621025452206,7177,gefoerdert,nicht gefoerdert,21,82
2018,16,800,4954.254068755556,8468,gefoerdert,nicht gefoerdert,21,82
2016,12,1089,1644.540001658842,319,gefoerdert,nicht gefoerdert,20,82
2017,13,1125,1812.520549669644,460,gefoerdert,nicht gefoerdert,20,82
2018,13,1091,3205.141869947764,415,gefoerdert,nicht gefoerdert,20,82
2016,0,,201.5111770336677,,gefoerdert,nicht gefoerdert,1,82
2017,0,,198.8444698983846,,gefoerdert,nicht gefoerdert,1,82
2018,0,,227.567490521909,,gefoerdert,nicht gefoerdert,1,82
2016,,63,,,gefoerdert,nicht gefoerdert,30,82
2017,,66,,,gefoerdert,nicht gefoerdert,30,82
2018,,77,,,gefoerdert,nicht gefoerdert,30,82
2016,25,1940,8191.073454343777,2647,gefoerdert,nicht gefoerdert,2,82
2017,26,1947,7928.654648307466,3060,gefoerdert,nicht gefoerdert,2,82
2018,26,1948,10444.59194272908,3662,gefoerdert,nicht gefoerdert,2,82
2016,,,,222,gefoerdert,nicht gefoerdert,19,82
2017,,,,267,gefoerdert,nicht gefoerdert,19,82
2018,,,,318,gefoerdert,nicht gefoerdert,19,82
2016,8,791,996.7913919905349,1455,gefoerdert,nicht gefoerdert,16,82
2017,6,789,1053.235164748319,1766,gefoerdert,nicht gefoerdert,16,82
2018,5,780,875.5063198130995,2131,gefoerdert,nicht gefoerdert,16,82
2016,,,,30,gefoerdert,nicht gefoerdert,55,82
2017,,,,29,gefoerdert,nicht gefoerdert,55,82
2018,,,,34,gefoerdert,nicht gefoerdert,55,82
2016,,,,11,gefoerdert,nicht gefoerdert,9,82
2017,,,,10,gefoerdert,nicht gefoerdert,9,82
2018,,,,13,gefoerdert,nicht gefoerdert,9,82
2016,,26,,3282,gefoerdert,nicht gefoerdert,31,82
2017,,13,,3530,gefoerdert,nicht gefoerdert,31,82
2018,,8,,3945,gefoerdert,nicht gefoerdert,31,82
2016,,,,375,gefoerdert,nicht gefoerdert,15,82
2017,,,,335,gefoerdert,nicht gefoerdert,15,82
2018,,,,527,gefoerdert,nicht gefoerdert,15,82
2016,,,,55,gefoerdert,nicht gefoerdert,51,82
2017,,,,84,gefoerdert,nicht gefoerdert,51,82
2018,,,,177,gefoerdert,nicht gefoerdert,51,82
2016,,,,1,gefoerdert,nicht gefoerdert,6,82
2017,,,,,gefoerdert,nicht gefoerdert,6,82
2018,,,,,gefoerdert,nicht gefoerdert,6,82
2016,,,,185,gefoerdert,nicht gefoerdert,40,82
2017,,,,191,gefoerdert,nicht gefoerdert,40,82
2018,,,,218,gefoerdert,nicht gefoerdert,40,82
2016,,,,43,gefoerdert,nicht gefoerdert,8,82
2017,,,,38,gefoerdert,nicht gefoerdert,8,82
2018,,,,74,gefoerdert,nicht gefoerdert,8,82
2016,8,550,1947.929169066547,,gefoerdert,nicht gefoerdert,52,82
2017,8,498,1382.044785963938,,gefoerdert,nicht gefoerdert,52,82
2018,8,455,1786.210339292853,,gefoerdert,nicht gefoerdert,52,82
2016,5,365,202.3351942652967,,gefoerdert,nicht gefoerdert,29,82
2017,6,493,169.3211282252357,2,gefoerdert,nicht gefoerdert,29,82
2018,8,406,310.4363769488868,2,gefoerdert,nicht gefoerdert,29,82
2016,,,,,gefoerdert,nicht gefoerdert,11,82
2017,,,,2,gefoerdert,nicht gefoerdert,11,82
2018,,,,2,gefoerdert,nicht gefoerdert,11,82
2016,,,,26,gefoerdert,nicht gefoerdert,24,82
2017,,,,28,gefoerdert,nicht gefoerdert,24,82
2018,,,,30,gefoerdert,nicht gefoerdert,24,82
2016,,,,1,gefoerdert,nicht gefoerdert,14,82
2017,,,,,gefoerdert,nicht gefoerdert,14,82
2018,,,,1,gefoerdert,nicht gefoerdert,14,82
2016,1,144,27.6806332302822,1,gefoerdert,nicht gefoerdert,34,82
2017,1,165,0,1,gefoerdert,nicht gefoerdert,34,82
2018,1,156,6.920192661285677,1,gefoerdert,nicht gefoerdert,34,82
2016,6,843,68.01955437460865,,gefoerdert,nicht gefoerdert,50,71
2017,6,797,17.05123433563703,,gefoerdert,nicht gefoerdert,50,71
2018,7,1187,15.96290074050905,,gefoerdert,nicht gefoerdert,50,71
2016,,,,1,gefoerdert,nicht gefoerdert,18,71
2017,,,,4,gefoerdert,nicht gefoerdert,18,71
2018,,,,1,gefoerdert,nicht gefoerdert,18,71
2016,,,,1,gefoerdert,nicht gefoerdert,27,71
2017,,,,4,gefoerdert,nicht gefoerdert,27,71
2018,,,,1,gefoerdert,nicht gefoerdert,27,71
2016,7,549,494.6992614488733,56,gefoerdert,nicht gefoerdert,36,71
2017,7,524,642.7392287265267,59,gefoerdert,nicht gefoerdert,36,71
2018,6,547,633.5341323372919,62,gefoerdert,nicht gefoerdert,36,71
2016,9,1693,470.3463761813358,25,gefoerdert,nicht gefoerdert,23,71
2017,9,1678,510.3046664651874,10,gefoerdert,nicht gefoerdert,23,71
2018,8,1358,597.2105380351323,17,gefoerdert,nicht gefoerdert,23,71
2016,,,,44,gefoerdert,nicht gefoerdert,10,71
2017,,,,44,gefoerdert,nicht gefoerdert,10,71
2018,,,,45,gefoerdert,nicht gefoerdert,10,71
2016,7,515,1852.198311153568,1,gefoerdert,nicht gefoerdert,3,71
2017,7,518,1934.012787194842,2,gefoerdert,nicht gefoerdert,3,71
2018,6,870,2023.195144807904,2,gefoerdert,nicht gefoerdert,3,71
2016,2,0,96.19832526538617,,gefoerdert,nicht gefoerdert,4,71
2017,2,0,101.5864561516046,1,gefoerdert,nicht gefoerdert,4,71
2018,2,0,113.0936082676495,,gefoerdert,nicht gefoerdert,4,71
2016,8,1786,409.516773157645,56,gefoerdert,nicht gefoerdert,22,71
2017,8,1523,293.9139851928185,79,gefoerdert,nicht gefoerdert,22,71
2018,7,1425,303.3921585854894,60,gefoerdert,nicht gefoerdert,22,71
2016,7,1124,423.1098821169955,56,gefoerdert,nicht gefoerdert,5,71
2017,8,1340,419.0622174087442,79,gefoerdert,nicht gefoerdert,5,71
2018,8,1185,442.6002712354718,60,gefoerdert,nicht gefoerdert,5,71
2016,5,768,124.4953375639506,56,gefoerdert,nicht gefoerdert,44,71
2017,5,669,56.73101552134674,79,gefoerdert,nicht gefoerdert,44,71
2018,4,489,87.15704054116411,60,gefoerdert,nicht gefoerdert,44,71
2016,,,,56,gefoerdert,nicht gefoerdert,45,71
2017,,,,79,gefoerdert,nicht gefoerdert,45,71
2018,,,,60,gefoerdert,nicht gefoerdert,45,71
2016,7,654,128.1098662267891,56,gefoerdert,nicht gefoerdert,7,71
2017,7,658,144.0420892298549,79,gefoerdert,nicht gefoerdert,7,71
2018,7,599,150.7309816953162,60,gefoerdert,nicht gefoerdert,7,71
2016,,27,54.5446939267642,6,gefoerdert,nicht gefoerdert,28,71
2017,,25,106.7172902856977,4,gefoerdert,nicht gefoerdert,28,71
2018,,17,38.36523814760834,6,gefoerdert,nicht gefoerdert,28,71
2016,9,887,848.7905150048645,4126,gefoerdert,nicht gefoerdert,39,71
2017,9,969,762.0393380782838,4522,gefoerdert,nicht gefoerdert,39,71
2018,10,924,828.5261064594281,4878,gefoerdert,nicht gefoerdert,39,71
2016,,0,,121,gefoerdert,nicht gefoerdert,17,71
2017,,0,55.06953512129515,91,gefoerdert,nicht gefoerdert,17,71
2018,,0,29.69455232794354,142,gefoerdert,nicht gefoerdert,17,71
2016,,,,12,gefoerdert,nicht gefoerdert,49,71
2017,,,,13,gefoerdert,nicht gefoerdert,49,71
2018,,,,15,gefoerdert,nicht gefoerdert,49,71
2016,,0,,,gefoerdert,nicht gefoerdert,41,71
2017,,32,,,gefoerdert,nicht gefoerdert,41,71
2018,,473,,,gefoerdert,nicht gefoerdert,41,71
2016,2,113,,133,gefoerdert,nicht gefoerdert,38,71
2017,3,110,,147,gefoerdert,nicht gefoerdert,38,71
2018,3,112,,147,gefoerdert,nicht gefoerdert,38,71
2016,9,829,634.1126510741251,125,gefoerdert,nicht gefoerdert,48,71
2017,7,880,705.9222305480404,145,gefoerdert,nicht gefoerdert,48,71
2018,6,921,746.5469033116881,120,gefoerdert,nicht gefoerdert,48,71
2016,,,,16,gefoerdert,nicht gefoerdert,47,71
2017,,,,16,gefoerdert,nicht gefoerdert,47,71
2018,,,,8,gefoerdert,nicht gefoerdert,47,71
2016,16,1772,1252.744877044662,32,gefoerdert,nicht gefoerdert,42,71
2017,16,1773,377.4016468152453,42,gefoerdert,nicht gefoerdert,42,71
2018,16,1823,661.2760160035576,70,gefoerdert,nicht gefoerdert,42,71
2016,,,,57,gefoerdert,nicht gefoerdert,53,71
2017,,,,73,gefoerdert,nicht gefoerdert,53,71
2018,,,,65,gefoerdert,nicht gefoerdert,53,71
2016,24,1941,2268.2439422327,401,gefoerdert,nicht gefoerdert,56,71
2017,25,2050,2400.214164532933,438,gefoerdert,nicht gefoerdert,56,71
2018,25,2155,2795.851307778887,561,gefoerdert,nicht gefoerdert,56,71
2016,0,44,0,,gefoerdert,nicht gefoerdert,33,71
2017,0,42,4.574565415942367,,gefoerdert,nicht gefoerdert,33,71
2018,0,82,2.246523980431749,,gefoerdert,nicht gefoerdert,33,71
2016,14,2706,332.8212403912689,429,gefoerdert,nicht gefoerdert,32,71
2017,13,2760,264.9542554428032,494,gefoerdert,nicht gefoerdert,32,71
2018,14,2577,422.8200828160183,495,gefoerdert,nicht gefoerdert,32,71
2016,8,4506,529.9310950196132,181,gefoerdert,nicht gefoerdert,25,71
2017,11,5236,364.762120337322,224,gefoerdert,nicht gefoerdert,25,71
2018,11,5542,631.4898284231651,272,gefoerdert,nicht gefoerdert,25,71
2016,14,2823,2303.510214634618,6453,gefoerdert,nicht gefoerdert,37,71
2017,14,2921,2510.318459255348,6821,gefoerdert,nicht gefoerdert,37,71
2018,16,2935,2182.398225855547,7862,gefoerdert,nicht gefoerdert,37,71
2016,15,1522,5363.439463634059,7642,gefoerdert,nicht gefoerdert,13,71
2017,16,1948,3724.987089081907,7929,gefoerdert,nicht gefoerdert,13,71
2018,16,2254,3541.641544956932,8791,gefoerdert,nicht gefoerdert,13,71
2016,9,794,2053.99076705673,1251,gefoerdert,nicht gefoerdert,35,71
2017,9,826,1736.246149014912,1332,gefoerdert,nicht gefoerdert,35,71
2018,9,876,1997.858127766882,1451,gefoerdert,nicht gefoerdert,35,71
2016,30,1822,12462.55691974735,16497,gefoerdert,nicht gefoerdert,12,71
2017,31,1815,13784.81583696936,16978,gefoerdert,nicht gefoerdert,12,71
2018,31,1804,13604.91324600904,17847,gefoerdert,nicht gefoerdert,12,71
2016,,,,752,gefoerdert,nicht gefoerdert,21,71
2017,,,,894,gefoerdert,nicht gefoerdert,21,71
2018,,,,1142,gefoerdert,nicht gefoerdert,21,71
2016,,0,,14,gefoerdert,nicht gefoerdert,20,71
2017,,0,,11,gefoerdert,nicht gefoerdert,20,71
2018,,0,,21,gefoerdert,nicht gefoerdert,20,71
2016,,,,500,gefoerdert,nicht gefoerdert,2,71
2017,,,,597,gefoerdert,nicht gefoerdert,2,71
2018,,,,668,gefoerdert,nicht gefoerdert,2,71
2016,,,,24,gefoerdert,nicht gefoerdert,19,71
2017,,,,39,gefoerdert,nicht gefoerdert,19,71
2018,,,,43,gefoerdert,nicht gefoerdert,19,71
2016,,,,882,gefoerdert,nicht gefoerdert,16,71
2017,,,,934,gefoerdert,nicht gefoerdert,16,71
2018,,,,1097,gefoerdert,nicht gefoerdert,16,71
2016,,,,11,gefoerdert,nicht gefoerdert,55,71
2017,,,,6,gefoerdert,nicht gefoerdert,55,71
2018,,,,6,gefoerdert,nicht gefoerdert,55,71
2016,,,,9,gefoerdert,nicht gefoerdert,9,71
2017,,,,4,gefoerdert,nicht gefoerdert,9,71
2018,,,,14,gefoerdert,nicht gefoerdert,9,71
2016,,,,1559,gefoerdert,nicht gefoerdert,31,71
2017,,,,1806,gefoerdert,nicht gefoerdert,31,71
2018,,,,1897,gefoerdert,nicht gefoerdert,31,71
2016,,,,189,gefoerdert,nicht gefoerdert,15,71
2017,,,,230,gefoerdert,nicht gefoerdert,15,71
2018,,,,224,gefoerdert,nicht gefoerdert,15,71
2016,,,,13,gefoerdert,nicht gefoerdert,51,71
2017,,,,5,gefoerdert,nicht gefoerdert,51,71
2018,,,,10,gefoerdert,nicht gefoerdert,51,71
2016,,,,13,gefoerdert,nicht gefoerdert,40,71
2017,,,,7,gefoerdert,nicht gefoerdert,40,71
2018,,,,21,gefoerdert,nicht gefoerdert,40,71
2016,,,,16,gefoerdert,nicht gefoerdert,8,71
2017,,,,45,gefoerdert,nicht gefoerdert,8,71
2018,,,,36,gefoerdert,nicht gefoerdert,8,71
2016,5,577,538.2523349805813,,gefoerdert,nicht gefoerdert,29,71
2017,4,577,227.7859114382715,,gefoerdert,nicht gefoerdert,29,71
2018,5,563,254.5473467820926,2,gefoerdert,nicht gefoerdert,29,71
2016,,,,,gefoerdert,nicht gefoerdert,11,71
2017,,,,,gefoerdert,nicht gefoerdert,11,71
2018,,,,2,gefoerdert,nicht gefoerdert,11,71
2016,,,,12,gefoerdert,nicht gefoerdert,24,71
2017,,,,7,gefoerdert,nicht gefoerdert,24,71
2018,,,,7,gefoerdert,nicht gefoerdert,24,71
2016,,,,,gefoerdert,nicht gefoerdert,14,71
2017,,,,,gefoerdert,nicht gefoerdert,14,71
2018,,,,,gefoerdert,nicht gefoerdert,14,71
2016,,0,,3,gefoerdert,nicht gefoerdert,34,71
2017,,,,3,gefoerdert,nicht gefoerdert,34,71
2018,,0,,5,gefoerdert,nicht gefoerdert,34,71
2016,4,1557,170.4031661774259,,gefoerdert,in 3 Linien gefoerdert,50,123
2017,6,2505,85.98353462935518,,gefoerdert,in 3 Linien gefoerdert,50,123
2018,5,2417,422.1353482302346,,gefoerdert,in 3 Linien gefoerdert,50,123
2016,3,241,0,3,gefoerdert,in 3 Linien gefoerdert,18,123
2017,3,228,0,7,gefoerdert,in 3 Linien gefoerdert,18,123
2018,3,194,0,3,gefoerdert,in 3 Linien gefoerdert,18,123
2016,4,247,78.65922099683209,3,gefoerdert,in 3 Linien gefoerdert,27,123
2017,4,228,163.0677051195033,7,gefoerdert,in 3 Linien gefoerdert,27,123
2018,4,200,144.4074636916322,3,gefoerdert,in 3 Linien gefoerdert,27,123
2016,14,222,4481.786745328442,83,gefoerdert,in 3 Linien gefoerdert,36,123
2017,20,203,4854.873698743851,75,gefoerdert,in 3 Linien gefoerdert,36,123
2018,33,218,4326.293136802727,104,gefoerdert,in 3 Linien gefoerdert,36,123
2016,34,2484,6921.813623346093,147,gefoerdert,in 3 Linien gefoerdert,23,123
2017,35,2455,5930.72839188137,149,gefoerdert,in 3 Linien gefoerdert,23,123
2018,33,2466,6165.525829775918,190,gefoerdert,in 3 Linien gefoerdert,23,123
2016,,,,34,gefoerdert,in 3 Linien gefoerdert,10,123
2017,,,,37,gefoerdert,in 3 Linien gefoerdert,10,123
2018,,,,57,gefoerdert,in 3 Linien gefoerdert,10,123
2016,7,374,1223.353778314034,7,gefoerdert,in 3 Linien gefoerdert,3,123
2017,8,393,1254.346730521205,10,gefoerdert,in 3 Linien gefoerdert,3,123
2018,8,424,1127.190664842786,8,gefoerdert,in 3 Linien gefoerdert,3,123
2016,8,570,857.462735529121,2,gefoerdert,in 3 Linien gefoerdert,4,123
2017,9,483,594.9862829601516,,gefoerdert,in 3 Linien gefoerdert,4,123
2018,7,413,1082.975496898038,3,gefoerdert,in 3 Linien gefoerdert,4,123
2016,25,3879,4583.425624510763,52,gefoerdert,in 3 Linien gefoerdert,22,123
2017,27,5525,6286.621093278512,73,gefoerdert,in 3 Linien gefoerdert,22,123
2018,29,5177,6812.113165926659,64,gefoerdert,in 3 Linien gefoerdert,22,123
2016,8,2175,43.02793463414455,52,gefoerdert,in 3 Linien gefoerdert,5,123
2017,9,2224,23.52424509721877,73,gefoerdert,in 3 Linien gefoerdert,5,123
2018,9,2090,52.55608066265928,64,gefoerdert,in 3 Linien gefoerdert,5,123
2016,9,954,296.8007519035869,52,gefoerdert,in 3 Linien gefoerdert,44,123
2017,8,846,633.6056777744154,73,gefoerdert,in 3 Linien gefoerdert,44,123
2018,8,773,120.1180475121397,64,gefoerdert,in 3 Linien gefoerdert,44,123
2016,2,35,5.565177128550242,52,gefoerdert,in 3 Linien gefoerdert,45,123
2017,2,30,69.86916446423541,73,gefoerdert,in 3 Linien gefoerdert,45,123
2018,2,25,159.1284757194113,64,gefoerdert,in 3 Linien gefoerdert,45,123
2016,17,578,670.2160257586263,52,gefoerdert,in 3 Linien gefoerdert,7,123
2017,17,586,781.7548103828151,73,gefoerdert,in 3 Linien gefoerdert,7,123
2018,16,594,1802.891218621774,64,gefoerdert,in 3 Linien gefoerdert,7,123
2016,5,361,754.6787936250222,15,gefoerdert,in 3 Linien gefoerdert,28,123
2017,5,405,639.4299840840199,17,gefoerdert,in 3 Linien gefoerdert,28,123
2018,5,374,1454.806697709414,18,gefoerdert,in 3 Linien gefoerdert,28,123
2016,17,911,1315.420821959655,2671,gefoerdert,in 3 Linien gefoerdert,39,123
2017,18,865,1075.846316858071,2976,gefoerdert,in 3 Linien gefoerdert,39,123
2018,17,921,1311.875668115931,3372,gefoerdert,in 3 Linien gefoerdert,39,123
2016,47,6626,2153.170281786838,191,gefoerdert,in 3 Linien gefoerdert,17,123
2017,46,2645,2704.775908634634,184,gefoerdert,in 3 Linien gefoerdert,17,123
2018,46,2552,2949.877291864595,223,gefoerdert,in 3 Linien gefoerdert,17,123
2016,,,,,gefoerdert,in 3 Linien gefoerdert,46,123
2017,,,,,gefoerdert,in 3 Linien gefoerdert,46,123
2018,,,,,gefoerdert,in 3 Linien gefoerdert,46,123
2016,,,,34,gefoerdert,in 3 Linien gefoerdert,49,123
2017,,,,34,gefoerdert,in 3 Linien gefoerdert,49,123
2018,,,,61,gefoerdert,in 3 Linien gefoerdert,49,123
2016,,7,,,gefoerdert,in 3 Linien gefoerdert,41,123
2017,,4,,,gefoerdert,in 3 Linien gefoerdert,41,123
2018,,,,,gefoerdert,in 3 Linien gefoerdert,41,123
2016,,532,,,gefoerdert,in 3 Linien gefoerdert,43,123
2017,,491,,,gefoerdert,in 3 Linien gefoerdert,43,123
2018,,432,,,gefoerdert,in 3 Linien gefoerdert,43,123
2016,,262,,273,gefoerdert,in 3 Linien gefoerdert,38,123
2017,,279,,269,gefoerdert,in 3 Linien gefoerdert,38,123
2018,,333,,343,gefoerdert,in 3 Linien gefoerdert,38,123
2016,,1662,,263,gefoerdert,in 3 Linien gefoerdert,48,123
2017,,1620,,298,gefoerdert,in 3 Linien gefoerdert,48,123
2018,,1576,,368,gefoerdert,in 3 Linien gefoerdert,48,123
2016,,,,23,gefoerdert,in 3 Linien gefoerdert,47,123
2017,,,,22,gefoerdert,in 3 Linien gefoerdert,47,123
2018,,,,15,gefoerdert,in 3 Linien gefoerdert,47,123
2016,41,5091,1686.665739078576,62,gefoerdert,in 3 Linien gefoerdert,42,123
2017,40,5289,1169.819795986716,52,gefoerdert,in 3 Linien gefoerdert,42,123
2018,39,5541,1428.5969587549,95,gefoerdert,in 3 Linien gefoerdert,42,123
2016,,,,131,gefoerdert,in 3 Linien gefoerdert,53,123
2017,,,,135,gefoerdert,in 3 Linien gefoerdert,53,123
2018,,,,159,gefoerdert,in 3 Linien gefoerdert,53,123
2016,97,5758,5499.651746852429,1606,gefoerdert,in 3 Linien gefoerdert,56,123
2017,98,5839,5937.690755358661,1827,gefoerdert,in 3 Linien gefoerdert,56,123
2018,98,6055,4382.159624944228,2046,gefoerdert,in 3 Linien gefoerdert,56,123
2016,2,4,20.86592164407018,,gefoerdert,in 3 Linien gefoerdert,33,123
2017,3,1462,26.42543405123498,,gefoerdert,in 3 Linien gefoerdert,33,123
2018,2,1631,16.5595771120726,,gefoerdert,in 3 Linien gefoerdert,33,123
2016,23,1990,322.7355786299938,960,gefoerdert,in 3 Linien gefoerdert,32,123
2017,23,2229,2075.010140726697,1149,gefoerdert,in 3 Linien gefoerdert,32,123
2018,22,2134,1819.81386254312,1189,gefoerdert,in 3 Linien gefoerdert,32,123
2016,2,768,328.6741174774593,303,gefoerdert,in 3 Linien gefoerdert,25,123
2017,3,767,223.6752104177012,331,gefoerdert,in 3 Linien gefoerdert,25,123
2018,3,801,192.6996393713271,357,gefoerdert,in 3 Linien gefoerdert,25,123
2016,32,1667,11542.4595545347,14728,gefoerdert,in 3 Linien gefoerdert,37,123
2017,36,1549,14192.05937536517,15649,gefoerdert,in 3 Linien gefoerdert,37,123
2018,37,1682,14283.53724268854,16976,gefoerdert,in 3 Linien gefoerdert,37,123
2016,20,1218,3361.155589613489,6621,gefoerdert,in 3 Linien gefoerdert,13,123
2017,23,1223,2887.937889336245,6852,gefoerdert,in 3 Linien gefoerdert,13,123
2018,24,1238,6021.324000362451,6971,gefoerdert,in 3 Linien gefoerdert,13,123
2016,,0,,550,gefoerdert,in 3 Linien gefoerdert,35,123
2017,,0,,638,gefoerdert,in 3 Linien gefoerdert,35,123
2018,,0,,712,gefoerdert,in 3 Linien gefoerdert,35,123
2016,46,1797,10920.45107285416,18090,gefoerdert,in 3 Linien gefoerdert,12,123
2017,46,1839,8760.130160024613,18289,gefoerdert,in 3 Linien gefoerdert,12,123
2018,41,1746,10421.77392845596,21156,gefoerdert,in 3 Linien gefoerdert,12,123
2016,13,1414,5078.867878168903,5027,gefoerdert,in 3 Linien gefoerdert,21,123
2017,13,1224,7412.18129876363,5256,gefoerdert,in 3 Linien gefoerdert,21,123
2018,14,1174,5918.848282465999,5989,gefoerdert,in 3 Linien gefoerdert,21,123
2016,11,889,1047.149942273362,150,gefoerdert,in 3 Linien gefoerdert,20,123
2017,12,826,870.7365295371376,197,gefoerdert,in 3 Linien gefoerdert,20,123
2018,11,788,1003.18890334907,207,gefoerdert,in 3 Linien gefoerdert,20,123
2016,,,,,gefoerdert,in 3 Linien gefoerdert,1,123
2017,,,,,gefoerdert,in 3 Linien gefoerdert,1,123
2018,,,,,gefoerdert,in 3 Linien gefoerdert,1,123
2016,,,,620,gefoerdert,in 3 Linien gefoerdert,2,123
2017,,,,640,gefoerdert,in 3 Linien gefoerdert,2,123
2018,,,,782,gefoerdert,in 3 Linien gefoerdert,2,123
2016,,,,61,gefoerdert,in 3 Linien gefoerdert,19,123
2017,,,,71,gefoerdert,in 3 Linien gefoerdert,19,123
2018,,,,78,gefoerdert,in 3 Linien gefoerdert,19,123
2016,,,,358,gefoerdert,in 3 Linien gefoerdert,16,123
2017,,,,334,gefoerdert,in 3 Linien gefoerdert,16,123
2018,,,,490,gefoerdert,in 3 Linien gefoerdert,16,123
2016,,,,33,gefoerdert,in 3 Linien gefoerdert,55,123
2017,,,,26,gefoerdert,in 3 Linien gefoerdert,55,123
2018,,,,34,gefoerdert,in 3 Linien gefoerdert,55,123
2016,,,,9,gefoerdert,in 3 Linien gefoerdert,9,123
2017,,,,6,gefoerdert,in 3 Linien gefoerdert,9,123
2018,,,,6,gefoerdert,in 3 Linien gefoerdert,9,123
2016,,,,1894,gefoerdert,in 3 Linien gefoerdert,31,123
2017,,,,2212,gefoerdert,in 3 Linien gefoerdert,31,123
2018,,,,2424,gefoerdert,in 3 Linien gefoerdert,31,123
2016,,,,230,gefoerdert,in 3 Linien gefoerdert,15,123
2017,,,,206,gefoerdert,in 3 Linien gefoerdert,15,123
2018,,,,303,gefoerdert,in 3 Linien gefoerdert,15,123
2016,,,,38,gefoerdert,in 3 Linien gefoerdert,51,123
2017,,,,43,gefoerdert,in 3 Linien gefoerdert,51,123
2018,,,,71,gefoerdert,in 3 Linien gefoerdert,51,123
2016,,,,,gefoerdert,in 3 Linien gefoerdert,6,123
2017,,,,,gefoerdert,in 3 Linien gefoerdert,6,123
2018,,,,,gefoerdert,in 3 Linien gefoerdert,6,123
2016,,73,,79,gefoerdert,in 3 Linien gefoerdert,40,123
2017,,79,,46,gefoerdert,in 3 Linien gefoerdert,40,123
2018,,84,,80,gefoerdert,in 3 Linien gefoerdert,40,123
2016,,,,25,gefoerdert,in 3 Linien gefoerdert,8,123
2017,,,,36,gefoerdert,in 3 Linien gefoerdert,8,123
2018,,,,50,gefoerdert,in 3 Linien gefoerdert,8,123
2016,12,420,146.4636889584055,,gefoerdert,in 3 Linien gefoerdert,29,123
2017,12,371,191.1555339812963,1,gefoerdert,in 3 Linien gefoerdert,29,123
2018,12,371,405.8579217919403,1,gefoerdert,in 3 Linien gefoerdert,29,123
2016,,,,,gefoerdert,in 3 Linien gefoerdert,11,123
2017,,,,1,gefoerdert,in 3 Linien gefoerdert,11,123
2018,,,,1,gefoerdert,in 3 Linien gefoerdert,11,123
2016,,,,6,gefoerdert,in 3 Linien gefoerdert,24,123
2017,,,,5,gefoerdert,in 3 Linien gefoerdert,24,123
2018,,,,7,gefoerdert,in 3 Linien gefoerdert,24,123
2016,,0,0,1,gefoerdert,in 3 Linien gefoerdert,14,123
2017,,0,0,,gefoerdert,in 3 Linien gefoerdert,14,123
2018,,0,0,1,gefoerdert,in 3 Linien gefoerdert,14,123
2016,9,224,190.2616419019026,,gefoerdert,in 3 Linien gefoerdert,34,123
2017,9,185,380.6276312400376,3,gefoerdert,in 3 Linien gefoerdert,34,123
2018,8,166,484.4431515404348,,gefoerdert,in 3 Linien gefoerdert,34,123
2016,,1050,,,gefoerdert,nicht gefoerdert,50,124
2017,,1091,,,gefoerdert,nicht gefoerdert,50,124
2018,,1132,,,gefoerdert,nicht gefoerdert,50,124
2016,17,1102,1047.269057438623,3,gefoerdert,nicht gefoerdert,18,124
2017,16,1075,1569.548918247737,5,gefoerdert,nicht gefoerdert,18,124
2018,15,1083,1077.092302530729,3,gefoerdert,nicht gefoerdert,18,124
2016,23,1627,1403.98794834966,3,gefoerdert,nicht gefoerdert,27,124
2017,22,1618,1474.10702148997,5,gefoerdert,nicht gefoerdert,27,124
2018,26,1602,2129.386622143475,3,gefoerdert,nicht gefoerdert,27,124
2016,8,545,371.3119193993807,24,gefoerdert,nicht gefoerdert,36,124
2017,6,560,438.3403362423567,64,gefoerdert,nicht gefoerdert,36,124
2018,8,606,430.6397797575243,56,gefoerdert,nicht gefoerdert,36,124
2016,32,1563,2457.244020416268,41,gefoerdert,nicht gefoerdert,23,124
2017,30,1640,2561.382492445709,51,gefoerdert,nicht gefoerdert,23,124
2018,27,1601,2395.550351725457,40,gefoerdert,nicht gefoerdert,23,124
2016,,,,50,gefoerdert,nicht gefoerdert,10,124
2017,,,,88,gefoerdert,nicht gefoerdert,10,124
2018,,,,107,gefoerdert,nicht gefoerdert,10,124
2016,1,108,0,2,gefoerdert,nicht gefoerdert,3,124
2017,2,127,0,2,gefoerdert,nicht gefoerdert,3,124
2018,2,130,4.656595050611717,3,gefoerdert,nicht gefoerdert,3,124
2016,5,268,66.03444843045614,1,gefoerdert,nicht gefoerdert,4,124
2017,5,231,83.41994638332147,,gefoerdert,nicht gefoerdert,4,124
2018,5,205,180.513590523518,,gefoerdert,nicht gefoerdert,4,124
2016,22,1787,1023.5707088676,38,gefoerdert,nicht gefoerdert,22,124
2017,21,1789,1005.953300938107,50,gefoerdert,nicht gefoerdert,22,124
2018,21,1795,1169.776664127507,63,gefoerdert,nicht gefoerdert,22,124
2016,8,1078,573.4655283918718,38,gefoerdert,nicht gefoerdert,5,124
2017,8,1071,819.1061481723571,50,gefoerdert,nicht gefoerdert,5,124
2018,8,1071,736.9568895298895,63,gefoerdert,nicht gefoerdert,5,124
2016,7,700,113.4767230355456,38,gefoerdert,nicht gefoerdert,44,124
2017,8,759,102.2845352808123,50,gefoerdert,nicht gefoerdert,44,124
2018,8,779,135.8086682847446,63,gefoerdert,nicht gefoerdert,44,124
2016,0,8,.1806331524278362,38,gefoerdert,nicht gefoerdert,45,124
2017,0,5,.0759377830143906,50,gefoerdert,nicht gefoerdert,45,124
2018,0,5,0,63,gefoerdert,nicht gefoerdert,45,124
2016,13,923,1307.257000418426,38,gefoerdert,nicht gefoerdert,7,124
2017,13,899,1384.163761296864,50,gefoerdert,nicht gefoerdert,7,124
2018,14,884,1674.607459564575,63,gefoerdert,nicht gefoerdert,7,124
2016,4,356,354.9944204280865,9,gefoerdert,nicht gefoerdert,28,124
2017,3,384,286.0210449897708,7,gefoerdert,nicht gefoerdert,28,124
2018,4,384,197.442500689121,6,gefoerdert,nicht gefoerdert,28,124
2016,16,869,1486.761622255231,2784,gefoerdert,nicht gefoerdert,39,124
2017,15,864,1367.958787709047,2968,gefoerdert,nicht gefoerdert,39,124
2018,15,890,1613.047327516612,3059,gefoerdert,nicht gefoerdert,39,124
2016,20,1129,1307.912474805888,385,gefoerdert,nicht gefoerdert,17,124
2017,20,1217,1016.252550780084,372,gefoerdert,nicht gefoerdert,17,124
2018,20,1230,1652.590647007914,345,gefoerdert,nicht gefoerdert,17,124
2016,7,762,915.2700185533295,26,gefoerdert,nicht gefoerdert,49,124
2017,7,780,794.8801610687302,66,gefoerdert,nicht gefoerdert,49,124
2018,6,822,545.7435840999369,52,gefoerdert,nicht gefoerdert,49,124
2016,7,1308,836.1349833339094,,gefoerdert,nicht gefoerdert,41,124
2017,8,1304,1013.89568911083,,gefoerdert,nicht gefoerdert,41,124
2018,7,1263,1191.24358289931,,gefoerdert,nicht gefoerdert,41,124
2016,,,,,gefoerdert,nicht gefoerdert,43,124
2017,,,,,gefoerdert,nicht gefoerdert,43,124
2018,,,,,gefoerdert,nicht gefoerdert,43,124
2016,14,536,1205.539127877463,127,gefoerdert,nicht gefoerdert,38,124
2017,12,426,717.1372311011505,170,gefoerdert,nicht gefoerdert,38,124
2018,12,467,996.2129417994827,164,gefoerdert,nicht gefoerdert,38,124
2016,7,303,367.2094930874212,106,gefoerdert,nicht gefoerdert,48,124
2017,6,531,198.4162884534616,131,gefoerdert,nicht gefoerdert,48,124
2018,7,513,340.7078213876013,147,gefoerdert,nicht gefoerdert,48,124
2016,,,,6,gefoerdert,nicht gefoerdert,47,124
2017,,,,6,gefoerdert,nicht gefoerdert,47,124
2018,,,,9,gefoerdert,nicht gefoerdert,47,124
2016,35,4461,2433.608980191667,29,gefoerdert,nicht gefoerdert,42,124
2017,33,4530,2501.336630644974,26,gefoerdert,nicht gefoerdert,42,124
2018,32,4422,2711.000053160559,35,gefoerdert,nicht gefoerdert,42,124
2016,,,,28,gefoerdert,nicht gefoerdert,53,124
2017,,,,41,gefoerdert,nicht gefoerdert,53,124
2018,,,,42,gefoerdert,nicht gefoerdert,53,124
2016,32,3816,1353.607120803101,758,gefoerdert,nicht gefoerdert,56,124
2017,33,3950,1698.682556304154,901,gefoerdert,nicht gefoerdert,56,124
2018,31,3897,1700.763338984206,950,gefoerdert,nicht gefoerdert,56,124
2016,,438,0,,gefoerdert,nicht gefoerdert,33,124
2017,,570,0,,gefoerdert,nicht gefoerdert,33,124
2018,,691,0,,gefoerdert,nicht gefoerdert,33,124
2016,40,1540,5203.331405277818,1098,gefoerdert,nicht gefoerdert,32,124
2017,43,1512,4333.68238187992,1264,gefoerdert,nicht gefoerdert,32,124
2018,42,1481,4062.736384218739,1386,gefoerdert,nicht gefoerdert,32,124
2016,13,1571,2916.139740964951,384,gefoerdert,nicht gefoerdert,25,124
2017,14,1613,2416.924060245884,476,gefoerdert,nicht gefoerdert,25,124
2018,17,1651,1944.531922942706,563,gefoerdert,nicht gefoerdert,25,124
2016,26,1863,7033.981464789032,14262,gefoerdert,nicht gefoerdert,37,124
2017,27,2000,6068.405388239983,15646,gefoerdert,nicht gefoerdert,37,124
2018,26,2028,8156.622227503651,17043,gefoerdert,nicht gefoerdert,37,124
2016,26,1388,10435.6041586098,22876,gefoerdert,nicht gefoerdert,13,124
2017,30,1391,9452.420945082482,24046,gefoerdert,nicht gefoerdert,13,124
2018,31,1375,10317.15260464851,24402,gefoerdert,nicht gefoerdert,13,124
2016,8,786,560.3035299495397,736,gefoerdert,nicht gefoerdert,35,124
2017,8,768,881.9249493634657,833,gefoerdert,nicht gefoerdert,35,124
2018,8,789,683.9614107702153,942,gefoerdert,nicht gefoerdert,35,124
2016,30,1417,6682.468520361251,17060,gefoerdert,nicht gefoerdert,12,124
2017,30,1448,6056.448528537083,17871,gefoerdert,nicht gefoerdert,12,124
2018,33,1529,8405.314187234306,19461,gefoerdert,nicht gefoerdert,12,124
2016,16,862,4405.697614456588,5441,gefoerdert,nicht gefoerdert,21,124
2017,16,909,4649.912171569149,6055,gefoerdert,nicht gefoerdert,21,124
2018,16,920,4460.463271340293,6347,gefoerdert,nicht gefoerdert,21,124
2016,14,1069,2422.919076066537,81,gefoerdert,nicht gefoerdert,20,124
2017,15,1088,2681.39894121587,105,gefoerdert,nicht gefoerdert,20,124
2018,17,1122,2818.37753719908,75,gefoerdert,nicht gefoerdert,20,124
2016,,,,,gefoerdert,nicht gefoerdert,30,124
2017,,,,,gefoerdert,nicht gefoerdert,30,124
2018,,,,,gefoerdert,nicht gefoerdert,30,124
2016,,,,834,gefoerdert,nicht gefoerdert,2,124
2017,,,,835,gefoerdert,nicht gefoerdert,2,124
2018,,,,1049,gefoerdert,nicht gefoerdert,2,124
2016,,,,42,gefoerdert,nicht gefoerdert,19,124
2017,,,,77,gefoerdert,nicht gefoerdert,19,124
2018,,,,99,gefoerdert,nicht gefoerdert,19,124
2016,,,,591,gefoerdert,nicht gefoerdert,16,124
2017,,,,692,gefoerdert,nicht gefoerdert,16,124
2018,,,,796,gefoerdert,nicht gefoerdert,16,124
2016,2,4,403.8230853070914,,gefoerdert,nicht gefoerdert,26,124
2017,1,2,131.8234149523375,,gefoerdert,nicht gefoerdert,26,124
2018,2,1,69.57664664825246,,gefoerdert,nicht gefoerdert,26,124
2016,,,,23,gefoerdert,nicht gefoerdert,55,124
2017,,,,18,gefoerdert,nicht gefoerdert,55,124
2018,,,,30,gefoerdert,nicht gefoerdert,55,124
2016,,,,26,gefoerdert,nicht gefoerdert,9,124
2017,,,,27,gefoerdert,nicht gefoerdert,9,124
2018,,,,42,gefoerdert,nicht gefoerdert,9,124
2016,,,,5075,gefoerdert,nicht gefoerdert,31,124
2017,,,,5991,gefoerdert,nicht gefoerdert,31,124
2018,,,,6637,gefoerdert,nicht gefoerdert,31,124
2016,,,,234,gefoerdert,nicht gefoerdert,15,124
2017,,,,234,gefoerdert,nicht gefoerdert,15,124
2018,,,,389,gefoerdert,nicht gefoerdert,15,124
2016,,,,30,gefoerdert,nicht gefoerdert,51,124
2017,,,,18,gefoerdert,nicht gefoerdert,51,124
2018,,,,51,gefoerdert,nicht gefoerdert,51,124
2016,,,,,gefoerdert,nicht gefoerdert,6,124
2017,,,,,gefoerdert,nicht gefoerdert,6,124
2018,,,,1,gefoerdert,nicht gefoerdert,6,124
2016,,,,21,gefoerdert,nicht gefoerdert,40,124
2017,,,,27,gefoerdert,nicht gefoerdert,40,124
2018,,,,37,gefoerdert,nicht gefoerdert,40,124
2016,,,,33,gefoerdert,nicht gefoerdert,8,124
2017,,,,30,gefoerdert,nicht gefoerdert,8,124
2018,,,,35,gefoerdert,nicht gefoerdert,8,124
2016,4,221,3.824953260081607,,gefoerdert,nicht gefoerdert,29,124
2017,4,205,42.32936764580251,,gefoerdert,nicht gefoerdert,29,124
2018,3,243,42.37573388183402,,gefoerdert,nicht gefoerdert,29,124
2016,,,,,gefoerdert,nicht gefoerdert,11,124
2017,,,,,gefoerdert,nicht gefoerdert,11,124
2018,,,,,gefoerdert,nicht gefoerdert,11,124
2016,,,,7,gefoerdert,nicht gefoerdert,24,124
2017,,,,6,gefoerdert,nicht gefoerdert,24,124
2018,,,,8,gefoerdert,nicht gefoerdert,24,124
2016,,,,,gefoerdert,nicht gefoerdert,14,124
2017,,,,,gefoerdert,nicht gefoerdert,14,124
2018,,,,,gefoerdert,nicht gefoerdert,14,124
2016,5,261,533.3407666252117,,gefoerdert,nicht gefoerdert,34,124
2017,5,236,389.3266208143795,,gefoerdert,nicht gefoerdert,34,124
2018,5,231,457.9871505577927,1,gefoerdert,nicht gefoerdert,34,124
2016,,450,,,nicht gefoerdert,nicht gefoerdert,50,90
2017,,446,,,nicht gefoerdert,nicht gefoerdert,50,90
2018,,419,,,nicht gefoerdert,nicht gefoerdert,50,90
2016,4,203,17.256053021094,1,nicht gefoerdert,nicht gefoerdert,18,90
2017,5,199,9.572735861630079,1,nicht gefoerdert,nicht gefoerdert,18,90
2018,5,174,15.4650702585905,3,nicht gefoerdert,nicht gefoerdert,18,90
2016,5,231,30.65921918187991,1,nicht gefoerdert,nicht gefoerdert,27,90
2017,4,197,47.55992836695857,1,nicht gefoerdert,nicht gefoerdert,27,90
2018,5,188,44.92239313697079,3,nicht gefoerdert,nicht gefoerdert,27,90
2016,3,112,65.77374193206147,4,nicht gefoerdert,nicht gefoerdert,36,90
2017,4,155,139.0192113773825,26,nicht gefoerdert,nicht gefoerdert,36,90
2018,4,182,124.9570552297798,17,nicht gefoerdert,nicht gefoerdert,36,90
2016,1,5,0,5,nicht gefoerdert,nicht gefoerdert,23,90
2017,1,2,0,3,nicht gefoerdert,nicht gefoerdert,23,90
2018,1,,5.30718837477721,7,nicht gefoerdert,nicht gefoerdert,23,90
2016,,,,10,nicht gefoerdert,nicht gefoerdert,10,90
2017,,,,16,nicht gefoerdert,nicht gefoerdert,10,90
2018,,,,15,nicht gefoerdert,nicht gefoerdert,10,90
2016,,454,,,nicht gefoerdert,nicht gefoerdert,3,90
2017,,525,,1,nicht gefoerdert,nicht gefoerdert,3,90
2018,,534,,1,nicht gefoerdert,nicht gefoerdert,3,90
2016,,,,,nicht gefoerdert,nicht gefoerdert,4,90
2017,,,,,nicht gefoerdert,nicht gefoerdert,4,90
2018,,,,,nicht gefoerdert,nicht gefoerdert,4,90
2016,9,1397,168.3026105871723,6,nicht gefoerdert,nicht gefoerdert,22,90
2017,9,1464,306.6239841018321,10,nicht gefoerdert,nicht gefoerdert,22,90
2018,9,1477,281.5820086840595,8,nicht gefoerdert,nicht gefoerdert,22,90
2016,6,991,96.03631073925845,6,nicht gefoerdert,nicht gefoerdert,5,90
2017,6,1029,69.70540122079147,10,nicht gefoerdert,nicht gefoerdert,5,90
2018,6,1078,53.14287261665449,8,nicht gefoerdert,nicht gefoerdert,5,90
2016,,,,6,nicht gefoerdert,nicht gefoerdert,44,90
2017,,,,10,nicht gefoerdert,nicht gefoerdert,44,90
2018,,,,8,nicht gefoerdert,nicht gefoerdert,44,90
2016,,,,6,nicht gefoerdert,nicht gefoerdert,45,90
2017,,,,10,nicht gefoerdert,nicht gefoerdert,45,90
2018,,,,8,nicht gefoerdert,nicht gefoerdert,45,90
2016,,,,6,nicht gefoerdert,nicht gefoerdert,7,90
2017,,,,10,nicht gefoerdert,nicht gefoerdert,7,90
2018,,,,8,nicht gefoerdert,nicht gefoerdert,7,90
2016,,,,1,nicht gefoerdert,nicht gefoerdert,28,90
2017,,,,1,nicht gefoerdert,nicht gefoerdert,28,90
2018,,,,1,nicht gefoerdert,nicht gefoerdert,28,90
2016,4,54,151.0614576173149,571,nicht gefoerdert,nicht gefoerdert,39,90
2017,4,36,97.20219282449105,593,nicht gefoerdert,nicht gefoerdert,39,90
2018,4,25,120.134213599621,696,nicht gefoerdert,nicht gefoerdert,39,90
2016,30,1648,6318.664891285882,98,nicht gefoerdert,nicht gefoerdert,17,90
2017,27,1774,3470.471269324578,129,nicht gefoerdert,nicht gefoerdert,17,90
2018,27,1737,5872.551021177863,151,nicht gefoerdert,nicht gefoerdert,17,90
2016,,,,,nicht gefoerdert,nicht gefoerdert,46,90
2017,,,,,nicht gefoerdert,nicht gefoerdert,46,90
2018,,,,,nicht gefoerdert,nicht gefoerdert,46,90
2016,4,221,122.2644287244997,3,nicht gefoerdert,nicht gefoerdert,49,90
2017,4,202,251.6093345516208,4,nicht gefoerdert,nicht gefoerdert,49,90
2018,4,224,162.598014265484,8,nicht gefoerdert,nicht gefoerdert,49,90
2016,7,505,743.3491569544042,,nicht gefoerdert,nicht gefoerdert,41,90
2017,7,515,821.8609389572603,,nicht gefoerdert,nicht gefoerdert,41,90
2018,7,491,1129.505527907193,,nicht gefoerdert,nicht gefoerdert,41,90
2016,1,,,81,nicht gefoerdert,nicht gefoerdert,38,90
2017,2,,,59,nicht gefoerdert,nicht gefoerdert,38,90
2018,1,,22.43378860570838,72,nicht gefoerdert,nicht gefoerdert,38,90
2016,9,409,619.9245914157675,45,nicht gefoerdert,nicht gefoerdert,48,90
2017,9,383,268.4263628787133,38,nicht gefoerdert,nicht gefoerdert,48,90
2018,9,360,1615.75401595495,53,nicht gefoerdert,nicht gefoerdert,48,90
2016,2,266,,1,nicht gefoerdert,nicht gefoerdert,47,90
2017,2,278,,1,nicht gefoerdert,nicht gefoerdert,47,90
2018,2,274,0,2,nicht gefoerdert,nicht gefoerdert,47,90
2016,,,,3,nicht gefoerdert,nicht gefoerdert,42,90
2017,,,,10,nicht gefoerdert,nicht gefoerdert,42,90
2018,,,,6,nicht gefoerdert,nicht gefoerdert,42,90
2016,,,,12,nicht gefoerdert,nicht gefoerdert,53,90
2017,,,,6,nicht gefoerdert,nicht gefoerdert,53,90
2018,,,,8,nicht gefoerdert,nicht gefoerdert,53,90
2016,23,2714,1425.541882967457,592,nicht gefoerdert,nicht gefoerdert,56,90
2017,20,2896,1763.158241411967,647,nicht gefoerdert,nicht gefoerdert,56,90
2018,19,2811,809.1413358777901,760,nicht gefoerdert,nicht gefoerdert,56,90
2016,,,,,nicht gefoerdert,nicht gefoerdert,54,90
2017,,,,,nicht gefoerdert,nicht gefoerdert,54,90
2018,,,,,nicht gefoerdert,nicht gefoerdert,54,90
2016,,807,,,nicht gefoerdert,nicht gefoerdert,33,90
2017,,848,,,nicht gefoerdert,nicht gefoerdert,33,90
2018,,875,,,nicht gefoerdert,nicht gefoerdert,33,90
2016,33,3277,3143.211435547549,776,nicht gefoerdert,nicht gefoerdert,32,90
2017,32,2999,3950.3623910578,843,nicht gefoerdert,nicht gefoerdert,32,90
2018,31,2904,4380.35231395294,826,nicht gefoerdert,nicht gefoerdert,32,90
2016,20,4518,3626.589414299704,704,nicht gefoerdert,nicht gefoerdert,25,90
2017,20,4953,3195.53519710995,755,nicht gefoerdert,nicht gefoerdert,25,90
2018,18,5383,4019.181461773903,883,nicht gefoerdert,nicht gefoerdert,25,90
2016,19,1436,6007.487887992182,14576,nicht gefoerdert,nicht gefoerdert,37,90
2017,20,1365,7346.241440008283,14763,nicht gefoerdert,nicht gefoerdert,37,90
2018,20,1181,6274.947782268896,15040,nicht gefoerdert,nicht gefoerdert,37,90
2016,17,1007,4052.86121870791,6869,nicht gefoerdert,nicht gefoerdert,13,90
2017,19,930,3273.873736388156,6451,nicht gefoerdert,nicht gefoerdert,13,90
2018,18,954,3524.808630362539,6690,nicht gefoerdert,nicht gefoerdert,13,90
2016,,,,294,nicht gefoerdert,nicht gefoerdert,35,90
2017,,,,483,nicht gefoerdert,nicht gefoerdert,35,90
2018,,,,450,nicht gefoerdert,nicht gefoerdert,35,90
2016,0,495,,2220,nicht gefoerdert,nicht gefoerdert,12,90
2017,0,518,,2722,nicht gefoerdert,nicht gefoerdert,12,90
2018,0,461,,2620,nicht gefoerdert,nicht gefoerdert,12,90
2016,,,,400,nicht gefoerdert,nicht gefoerdert,21,90
2017,,,,448,nicht gefoerdert,nicht gefoerdert,21,90
2018,,,,550,nicht gefoerdert,nicht gefoerdert,21,90
2016,,0,,20,nicht gefoerdert,nicht gefoerdert,20,90
2017,,0,,15,nicht gefoerdert,nicht gefoerdert,20,90
2018,,0,,32,nicht gefoerdert,nicht gefoerdert,20,90
2016,,,,143,nicht gefoerdert,nicht gefoerdert,2,90
2017,,,,141,nicht gefoerdert,nicht gefoerdert,2,90
2018,,,,182,nicht gefoerdert,nicht gefoerdert,2,90
2016,,,,13,nicht gefoerdert,nicht gefoerdert,19,90
2017,,,,11,nicht gefoerdert,nicht gefoerdert,19,90
2018,,,,12,nicht gefoerdert,nicht gefoerdert,19,90
2016,,0,0,78,nicht gefoerdert,nicht gefoerdert,16,90
2017,,0,0,81,nicht gefoerdert,nicht gefoerdert,16,90
2018,,0,,68,nicht gefoerdert,nicht gefoerdert,16,90
2016,,8,2140.053065190988,,nicht gefoerdert,nicht gefoerdert,26,90
2017,,2,1663.735601609268,,nicht gefoerdert,nicht gefoerdert,26,90
2018,,2,,,nicht gefoerdert,nicht gefoerdert,26,90
2016,,2706,,48,nicht gefoerdert,nicht gefoerdert,55,90
2017,,2678,,47,nicht gefoerdert,nicht gefoerdert,55,90
2018,,2599,,57,nicht gefoerdert,nicht gefoerdert,55,90
2016,,,,33,nicht gefoerdert,nicht gefoerdert,9,90
2017,,,,37,nicht gefoerdert,nicht gefoerdert,9,90
2018,,,,46,nicht gefoerdert,nicht gefoerdert,9,90
2016,32,2687,14987.56837643647,3675,nicht gefoerdert,nicht gefoerdert,31,90
2017,31,2582,13636.6544191511,3967,nicht gefoerdert,nicht gefoerdert,31,90
2018,31,2520,14005.3824719739,4300,nicht gefoerdert,nicht gefoerdert,31,90
2016,16,1224,6439.670441497942,277,nicht gefoerdert,nicht gefoerdert,15,90
2017,16,1213,8927.749563317166,287,nicht gefoerdert,nicht gefoerdert,15,90
2018,16,1198,7027.675917333384,453,nicht gefoerdert,nicht gefoerdert,15,90
2016,,,,24,nicht gefoerdert,nicht gefoerdert,51,90
2017,,,,25,nicht gefoerdert,nicht gefoerdert,51,90
2018,,,,98,nicht gefoerdert,nicht gefoerdert,51,90
2016,10,887,508.5139496207015,,nicht gefoerdert,nicht gefoerdert,6,90
2017,11,922,307.2561698327144,,nicht gefoerdert,nicht gefoerdert,6,90
2018,11,923,300.9075173232938,1,nicht gefoerdert,nicht gefoerdert,6,90
2016,14,1350,1890.067045329324,69,nicht gefoerdert,nicht gefoerdert,40,90
2017,13,1355,1330.965228735667,63,nicht gefoerdert,nicht gefoerdert,40,90
2018,16,1342,2461.531682456589,88,nicht gefoerdert,nicht gefoerdert,40,90
2016,9,851,885.9189847995659,37,nicht gefoerdert,nicht gefoerdert,8,90
2017,8,869,980.3037930632008,44,nicht gefoerdert,nicht gefoerdert,8,90
2018,7,852,1420.553459540392,50,nicht gefoerdert,nicht gefoerdert,8,90
2016,,,,,nicht gefoerdert,nicht gefoerdert,52,90
2017,,,,,nicht gefoerdert,nicht gefoerdert,52,90
2018,,,,,nicht gefoerdert,nicht gefoerdert,52,90
2016,,208,40.87150829157831,,nicht gefoerdert,nicht gefoerdert,29,90
2017,,212,177.5379651940771,,nicht gefoerdert,nicht gefoerdert,29,90
2018,,218,,1,nicht gefoerdert,nicht gefoerdert,29,90
2016,5,,,,nicht gefoerdert,nicht gefoerdert,11,90
2017,6,,,,nicht gefoerdert,nicht gefoerdert,11,90
2018,6,,90.72991727069945,1,nicht gefoerdert,nicht gefoerdert,11,90
2016,2,27,5.097765273949673,48,nicht gefoerdert,nicht gefoerdert,24,90
2017,2,27,1.432753874312684,53,nicht gefoerdert,nicht gefoerdert,24,90
2018,1,20,0,42,nicht gefoerdert,nicht gefoerdert,24,90
2016,6,114,87.55213987237265,2,nicht gefoerdert,nicht gefoerdert,34,90
2017,5,98,113.0100609641378,,nicht gefoerdert,nicht gefoerdert,34,90
2018,5,86,153.8087085791523,1,nicht gefoerdert,nicht gefoerdert,34,90
2016,0,418,863.7830566667697,,gefoerdert,nicht gefoerdert,50,98
2017,0,418,662.0539798222591,,gefoerdert,nicht gefoerdert,50,98
2018,0,441,581.0427503037931,,gefoerdert,nicht gefoerdert,50,98
2016,4,143,138.1592137749908,4,gefoerdert,nicht gefoerdert,18,98
2017,3,138,389.8343908745256,2,gefoerdert,nicht gefoerdert,18,98
2018,3,123,266.312830544893,2,gefoerdert,nicht gefoerdert,18,98
2016,,0,,4,gefoerdert,nicht gefoerdert,27,98
2017,,,,2,gefoerdert,nicht gefoerdert,27,98
2018,,,,2,gefoerdert,nicht gefoerdert,27,98
2016,8,277,356.5167474745709,35,gefoerdert,nicht gefoerdert,36,98
2017,6,267,559.7191310228949,39,gefoerdert,nicht gefoerdert,36,98
2018,6,274,297.7327116444048,67,gefoerdert,nicht gefoerdert,36,98
2016,17,925,2306.041866534451,30,gefoerdert,nicht gefoerdert,23,98
2017,18,913,3282.646939798408,30,gefoerdert,nicht gefoerdert,23,98
2018,18,880,3346.291805309299,27,gefoerdert,nicht gefoerdert,23,98
2016,,,,26,gefoerdert,nicht gefoerdert,10,98
2017,,,,35,gefoerdert,nicht gefoerdert,10,98
2018,,,,23,gefoerdert,nicht gefoerdert,10,98
2016,13,576,317.6694617574832,1,gefoerdert,nicht gefoerdert,3,98
2017,13,534,420.2506997787088,2,gefoerdert,nicht gefoerdert,3,98
2018,15,509,133.3698377929264,2,gefoerdert,nicht gefoerdert,3,98
2016,,1,,,gefoerdert,nicht gefoerdert,4,98
2017,,1,,,gefoerdert,nicht gefoerdert,4,98
2018,,0,,,gefoerdert,nicht gefoerdert,4,98
2016,14,948,893.9245923044939,40,gefoerdert,nicht gefoerdert,22,98
2017,15,1022,871.1619328493771,56,gefoerdert,nicht gefoerdert,22,98
2018,14,1070,1022.976304119682,52,gefoerdert,nicht gefoerdert,22,98
2016,4,728,110.9292369453873,40,gefoerdert,nicht gefoerdert,5,98
2017,4,1004,427.7246026418977,56,gefoerdert,nicht gefoerdert,5,98
2018,4,1085,233.4947131393476,52,gefoerdert,nicht gefoerdert,5,98
2016,,53,,40,gefoerdert,nicht gefoerdert,44,98
2017,,81,,56,gefoerdert,nicht gefoerdert,44,98
2018,,94,,52,gefoerdert,nicht gefoerdert,44,98
2016,,,,40,gefoerdert,nicht gefoerdert,45,98
2017,,,,56,gefoerdert,nicht gefoerdert,45,98
2018,,,,52,gefoerdert,nicht gefoerdert,45,98
2016,,,,40,gefoerdert,nicht gefoerdert,7,98
2017,,,,56,gefoerdert,nicht gefoerdert,7,98
2018,,,,52,gefoerdert,nicht gefoerdert,7,98
2016,,,,12,gefoerdert,nicht gefoerdert,28,98
2017,,,,10,gefoerdert,nicht gefoerdert,28,98
2018,,,,10,gefoerdert,nicht gefoerdert,28,98
2016,16,785,1863.52516316622,2303,gefoerdert,nicht gefoerdert,39,98
2017,15,879,1831.406267732043,2412,gefoerdert,nicht gefoerdert,39,98
2018,18,845,2537.505437771385,2605,gefoerdert,nicht gefoerdert,39,98
2016,17,2369,9032.576633109809,227,gefoerdert,nicht gefoerdert,17,98
2017,18,2250,9270.678464538016,280,gefoerdert,nicht gefoerdert,17,98
2018,20,2339,13620.11326236258,258,gefoerdert,nicht gefoerdert,17,98
2016,,,,,gefoerdert,nicht gefoerdert,46,98
2017,,,,,gefoerdert,nicht gefoerdert,46,98
2018,,,,,gefoerdert,nicht gefoerdert,46,98
2016,5,863,451.7960929886948,9,gefoerdert,nicht gefoerdert,49,98
2017,5,889,108.9322996624973,14,gefoerdert,nicht gefoerdert,49,98
2018,5,935,107.347901058249,13,gefoerdert,nicht gefoerdert,49,98
2016,0,,0,,gefoerdert,nicht gefoerdert,41,98
2017,0,,0,,gefoerdert,nicht gefoerdert,41,98
2018,0,,0,,gefoerdert,nicht gefoerdert,41,98
2016,,390,,126,gefoerdert,nicht gefoerdert,38,98
2017,,426,,120,gefoerdert,nicht gefoerdert,38,98
2018,,418,,180,gefoerdert,nicht gefoerdert,38,98
2016,28,1798,2938.384498077459,271,gefoerdert,nicht gefoerdert,48,98
2017,29,1857,2838.961671719264,284,gefoerdert,nicht gefoerdert,48,98
2018,33,1806,3599.944985088145,259,gefoerdert,nicht gefoerdert,48,98
2016,,,,9,gefoerdert,nicht gefoerdert,47,98
2017,,,,20,gefoerdert,nicht gefoerdert,47,98
2018,,,,22,gefoerdert,nicht gefoerdert,47,98
2016,22,3760,362.2690836316843,79,gefoerdert,nicht gefoerdert,42,98
2017,28,3756,160.7886590863228,101,gefoerdert,nicht gefoerdert,42,98
2018,29,3735,272.3425206532115,124,gefoerdert,nicht gefoerdert,42,98
2016,,,,45,gefoerdert,nicht gefoerdert,53,98
2017,,,,42,gefoerdert,nicht gefoerdert,53,98
2018,,,,46,gefoerdert,nicht gefoerdert,53,98
2016,23,1096,905.0400376307086,458,gefoerdert,nicht gefoerdert,56,98
2017,25,1147,1338.713622276371,550,gefoerdert,nicht gefoerdert,56,98
2018,29,1139,605.369928489158,604,gefoerdert,nicht gefoerdert,56,98
2016,,165,,,gefoerdert,nicht gefoerdert,33,98
2017,,167,,,gefoerdert,nicht gefoerdert,33,98
2018,,179,,,gefoerdert,nicht gefoerdert,33,98
2016,27,1359,3008.456267232469,1432,gefoerdert,nicht gefoerdert,32,98
2017,28,1378,3135.853647623347,1472,gefoerdert,nicht gefoerdert,32,98
2018,29,1369,3454.039614785219,1744,gefoerdert,nicht gefoerdert,32,98
2016,15,1174,12812.37906532167,456,gefoerdert,nicht gefoerdert,25,98
2017,14,1251,10691.52686762221,552,gefoerdert,nicht gefoerdert,25,98
2018,13,1293,8781.572729567859,543,gefoerdert,nicht gefoerdert,25,98
2016,19,1818,1940.809082794967,6817,gefoerdert,nicht gefoerdert,37,98
2017,19,1815,2589.170073570684,6886,gefoerdert,nicht gefoerdert,37,98
2018,21,1663,2741.526672228642,7284,gefoerdert,nicht gefoerdert,37,98
2016,16,872,1721.562390757756,4467,gefoerdert,nicht gefoerdert,13,98
2017,17,908,3208.505921677253,4615,gefoerdert,nicht gefoerdert,13,98
2018,15,886,2190.981746435078,4800,gefoerdert,nicht gefoerdert,13,98
2016,,,,167,gefoerdert,nicht gefoerdert,35,98
2017,,,,239,gefoerdert,nicht gefoerdert,35,98
2018,,,,357,gefoerdert,nicht gefoerdert,35,98
2016,20,1486,3916.356603232813,8357,gefoerdert,nicht gefoerdert,12,98
2017,23,1467,3927.453825185776,8930,gefoerdert,nicht gefoerdert,12,98
2018,25,1478,5474.878542058959,9674,gefoerdert,nicht gefoerdert,12,98
2016,,,,788,gefoerdert,nicht gefoerdert,21,98
2017,,,,896,gefoerdert,nicht gefoerdert,21,98
2018,,,,1162,gefoerdert,nicht gefoerdert,21,98
2016,,,,44,gefoerdert,nicht gefoerdert,20,98
2017,,,,38,gefoerdert,nicht gefoerdert,20,98
2018,,,,45,gefoerdert,nicht gefoerdert,20,98
2016,,,,249,gefoerdert,nicht gefoerdert,2,98
2017,,,,316,gefoerdert,nicht gefoerdert,2,98
2018,,,,352,gefoerdert,nicht gefoerdert,2,98
2016,,,,71,gefoerdert,nicht gefoerdert,19,98
2017,,,,58,gefoerdert,nicht gefoerdert,19,98
2018,,,,79,gefoerdert,nicht gefoerdert,19,98
2016,,,,110,gefoerdert,nicht gefoerdert,16,98
2017,,,,220,gefoerdert,nicht gefoerdert,16,98
2018,,,,367,gefoerdert,nicht gefoerdert,16,98
2016,,0,,,gefoerdert,nicht gefoerdert,26,98
2017,,0,,,gefoerdert,nicht gefoerdert,26,98
2018,,0,,,gefoerdert,nicht gefoerdert,26,98
2016,,,,6,gefoerdert,nicht gefoerdert,55,98
2017,,,,10,gefoerdert,nicht gefoerdert,55,98
2018,,,,9,gefoerdert,nicht gefoerdert,55,98
2016,,,,,gefoerdert,nicht gefoerdert,9,98
2017,,,,2,gefoerdert,nicht gefoerdert,9,98
2018,,,,,gefoerdert,nicht gefoerdert,9,98
2016,,,,1101,gefoerdert,nicht gefoerdert,31,98
2017,,,,1440,gefoerdert,nicht gefoerdert,31,98
2018,,,,1500,gefoerdert,nicht gefoerdert,31,98
2016,,,,340,gefoerdert,nicht gefoerdert,15,98
2017,,,,292,gefoerdert,nicht gefoerdert,15,98
2018,,,,355,gefoerdert,nicht gefoerdert,15,98
2016,,,,26,gefoerdert,nicht gefoerdert,51,98
2017,,,,18,gefoerdert,nicht gefoerdert,51,98
2018,,,,28,gefoerdert,nicht gefoerdert,51,98
2016,,,,,gefoerdert,nicht gefoerdert,6,98
2017,,,,,gefoerdert,nicht gefoerdert,6,98
2018,,,,,gefoerdert,nicht gefoerdert,6,98
2016,,,,19,gefoerdert,nicht gefoerdert,40,98
2017,,,,23,gefoerdert,nicht gefoerdert,40,98
2018,,,,29,gefoerdert,nicht gefoerdert,40,98
2016,,,,8,gefoerdert,nicht gefoerdert,8,98
2017,,,,20,gefoerdert,nicht gefoerdert,8,98
2018,,,,24,gefoerdert,nicht gefoerdert,8,98
2016,1,61,.7495344572552916,,gefoerdert,nicht gefoerdert,29,98
2017,1,111,.1372369679315779,,gefoerdert,nicht gefoerdert,29,98
2018,1,149,0,,gefoerdert,nicht gefoerdert,29,98
2016,,,,,gefoerdert,nicht gefoerdert,11,98
2017,,,,,gefoerdert,nicht gefoerdert,11,98
2018,,,,,gefoerdert,nicht gefoerdert,11,98
2016,,,,28,gefoerdert,nicht gefoerdert,24,98
2017,,,,20,gefoerdert,nicht gefoerdert,24,98
2018,,,,22,gefoerdert,nicht gefoerdert,24,98
2016,,,,,gefoerdert,nicht gefoerdert,14,98
2017,,,,,gefoerdert,nicht gefoerdert,14,98
2018,,,,,gefoerdert,nicht gefoerdert,14,98
2016,0,,5.380819185304487,2,gefoerdert,nicht gefoerdert,34,98
2017,0,,0,2,gefoerdert,nicht gefoerdert,34,98
2018,1,,0,3,gefoerdert,nicht gefoerdert,34,98
2016,0,488,,,gefoerdert,nicht gefoerdert,50,69
2017,,514,,,gefoerdert,nicht gefoerdert,50,69
2018,,484,,,gefoerdert,nicht gefoerdert,50,69
2016,7,430,558.6694471909914,4,gefoerdert,nicht gefoerdert,18,69
2017,7,407,920.2040438646833,15,gefoerdert,nicht gefoerdert,18,69
2018,8,326,1006.258567756707,6,gefoerdert,nicht gefoerdert,18,69
2016,7,150,271.4841760754984,4,gefoerdert,nicht gefoerdert,27,69
2017,7,133,22.15096106192964,15,gefoerdert,nicht gefoerdert,27,69
2018,9,146,161.854867862338,6,gefoerdert,nicht gefoerdert,27,69
2016,9,1125,570.9245564123139,75,gefoerdert,nicht gefoerdert,36,69
2017,10,1223,400.7822439551031,75,gefoerdert,nicht gefoerdert,36,69
2018,10,1244,637.1078934711043,89,gefoerdert,nicht gefoerdert,36,69
2016,22,1290,3939.813652666575,100,gefoerdert,nicht gefoerdert,23,69
2017,19,1300,4736.249946036599,90,gefoerdert,nicht gefoerdert,23,69
2018,19,1230,5106.830781609355,113,gefoerdert,nicht gefoerdert,23,69
2016,,,,35,gefoerdert,nicht gefoerdert,10,69
2017,,,,39,gefoerdert,nicht gefoerdert,10,69
2018,,,,49,gefoerdert,nicht gefoerdert,10,69
2016,2,443,4.670390869301817,8,gefoerdert,nicht gefoerdert,3,69
2017,2,459,.4226898557759531,7,gefoerdert,nicht gefoerdert,3,69
2018,3,430,2.419056943286665,14,gefoerdert,nicht gefoerdert,3,69
2016,2,148,20.74115369417429,1,gefoerdert,nicht gefoerdert,4,69
2017,2,128,7.409881039802747,1,gefoerdert,nicht gefoerdert,4,69
2018,2,112,3.150525267864643,,gefoerdert,nicht gefoerdert,4,69
2016,17,2028,1972.150919675763,48,gefoerdert,nicht gefoerdert,22,69
2017,17,2067,1882.920386338084,47,gefoerdert,nicht gefoerdert,22,69
2018,19,1927,1962.302717421508,53,gefoerdert,nicht gefoerdert,22,69
2016,13,1258,541.0130107907211,48,gefoerdert,nicht gefoerdert,5,69
2017,14,1267,1222.287246877681,47,gefoerdert,nicht gefoerdert,5,69
2018,14,1246,736.821198603923,53,gefoerdert,nicht gefoerdert,5,69
2016,7,736,410.0661179787309,48,gefoerdert,nicht gefoerdert,44,69
2017,7,691,263.9267930847633,47,gefoerdert,nicht gefoerdert,44,69
2018,6,604,192.5675409092453,53,gefoerdert,nicht gefoerdert,44,69
2016,3,3,735.2672270892923,48,gefoerdert,nicht gefoerdert,45,69
2017,2,2,750.098784199376,47,gefoerdert,nicht gefoerdert,45,69
2018,3,2,659.659407255432,53,gefoerdert,nicht gefoerdert,45,69
2016,11,614,1536.174070786499,48,gefoerdert,nicht gefoerdert,7,69
2017,11,639,1170.749339638007,47,gefoerdert,nicht gefoerdert,7,69
2018,10,616,1432.075451037296,53,gefoerdert,nicht gefoerdert,7,69
2016,7,929,1541.850112998306,21,gefoerdert,nicht gefoerdert,28,69
2017,8,830,1304.059502310992,17,gefoerdert,nicht gefoerdert,28,69
2018,7,775,1581.888105724156,22,gefoerdert,nicht gefoerdert,28,69
2016,19,744,1664.409729674694,2958,gefoerdert,nicht gefoerdert,39,69
2017,18,750,1981.21234009901,3217,gefoerdert,nicht gefoerdert,39,69
2018,22,741,1980.444714886139,3034,gefoerdert,nicht gefoerdert,39,69
2016,26,2326,2598.046556558524,315,gefoerdert,nicht gefoerdert,17,69
2017,24,2323,3627.155495639451,345,gefoerdert,nicht gefoerdert,17,69
2018,22,2312,3922.014034329651,371,gefoerdert,nicht gefoerdert,17,69
2016,,,,,gefoerdert,nicht gefoerdert,46,69
2017,,,,,gefoerdert,nicht gefoerdert,46,69
2018,,,,,gefoerdert,nicht gefoerdert,46,69
2016,6,997,253.8463798346774,28,gefoerdert,nicht gefoerdert,49,69
2017,7,994,254.7026666308862,40,gefoerdert,nicht gefoerdert,49,69
2018,5,962,447.0564621622813,39,gefoerdert,nicht gefoerdert,49,69
2016,,89,,,gefoerdert,nicht gefoerdert,41,69
2017,,78,,,gefoerdert,nicht gefoerdert,41,69
2018,,96,,,gefoerdert,nicht gefoerdert,41,69
2016,21,1680,2483.200215130335,264,gefoerdert,nicht gefoerdert,38,69
2017,21,1925,2106.27354277147,338,gefoerdert,nicht gefoerdert,38,69
2018,23,2036,2124.311320799402,372,gefoerdert,nicht gefoerdert,38,69
2016,22,2032,2014.350194797715,156,gefoerdert,nicht gefoerdert,48,69
2017,19,2200,2031.48029169062,227,gefoerdert,nicht gefoerdert,48,69
2018,21,2144,768.7488237402719,250,gefoerdert,nicht gefoerdert,48,69
2016,,,,6,gefoerdert,nicht gefoerdert,47,69
2017,,,,2,gefoerdert,nicht gefoerdert,47,69
2018,,,,17,gefoerdert,nicht gefoerdert,47,69
2016,36,4432,6824.487895205115,55,gefoerdert,nicht gefoerdert,42,69
2017,37,4468,6231.932253077902,69,gefoerdert,nicht gefoerdert,42,69
2018,37,4498,5860.821708864405,82,gefoerdert,nicht gefoerdert,42,69
2016,,,,93,gefoerdert,nicht gefoerdert,53,69
2017,,,,141,gefoerdert,nicht gefoerdert,53,69
2018,,,,141,gefoerdert,nicht gefoerdert,53,69
2016,60,4791,4367.90128138796,1460,gefoerdert,nicht gefoerdert,56,69
2017,60,5046,4611.919601666921,1617,gefoerdert,nicht gefoerdert,56,69
2018,67,5072,4462.351316787128,1744,gefoerdert,nicht gefoerdert,56,69
2016,0,215,0,,gefoerdert,nicht gefoerdert,33,69
2017,0,215,285.4391448565087,,gefoerdert,nicht gefoerdert,33,69
2018,0,226,,,gefoerdert,nicht gefoerdert,33,69
2016,21,2734,969.7328137002573,698,gefoerdert,nicht gefoerdert,32,69
2017,20,2865,1245.027393690934,845,gefoerdert,nicht gefoerdert,32,69
2018,20,2829,785.1943007028835,935,gefoerdert,nicht gefoerdert,32,69
2016,19,2020,2195.049264412887,358,gefoerdert,nicht gefoerdert,25,69
2017,20,2293,2302.538928306842,468,gefoerdert,nicht gefoerdert,25,69
2018,19,2363,2494.312942828081,501,gefoerdert,nicht gefoerdert,25,69
2016,30,1273,10003.75349086984,17877,gefoerdert,nicht gefoerdert,37,69
2017,29,1412,9638.551255853059,17679,gefoerdert,nicht gefoerdert,37,69
2018,27,1351,11966.74006154234,19566,gefoerdert,nicht gefoerdert,37,69
2016,24,950,13803.06807828275,8997,gefoerdert,nicht gefoerdert,13,69
2017,22,955,10173.73430990716,9463,gefoerdert,nicht gefoerdert,13,69
2018,22,989,10755.18792379864,9884,gefoerdert,nicht gefoerdert,13,69
2016,10,691,2580.985127687015,703,gefoerdert,nicht gefoerdert,35,69
2017,11,707,2171.160000623419,769,gefoerdert,nicht gefoerdert,35,69
2018,10,699,2152.086386765671,865,gefoerdert,nicht gefoerdert,35,69
2016,32,837,10343.26899218283,19287,gefoerdert,nicht gefoerdert,12,69
2017,32,944,9371.821033720731,20227,gefoerdert,nicht gefoerdert,12,69
2018,32,923,10130.87890963666,21737,gefoerdert,nicht gefoerdert,12,69
2016,19,789,4007.752487478752,6158,gefoerdert,nicht gefoerdert,21,69
2017,20,705,6933.069729437714,6327,gefoerdert,nicht gefoerdert,21,69
2018,19,653,5412.049584674978,7614,gefoerdert,nicht gefoerdert,21,69
2016,13,896,893.1638692118484,182,gefoerdert,nicht gefoerdert,20,69
2017,14,1005,969.4940369097916,180,gefoerdert,nicht gefoerdert,20,69
2018,14,1042,1093.030995275098,253,gefoerdert,nicht gefoerdert,20,69
2016,,,,,gefoerdert,nicht gefoerdert,30,69
2017,,,,,gefoerdert,nicht gefoerdert,30,69
2018,,,,,gefoerdert,nicht gefoerdert,30,69
2016,,,,466,gefoerdert,nicht gefoerdert,2,69
2017,,,,538,gefoerdert,nicht gefoerdert,2,69
2018,,,,621,gefoerdert,nicht gefoerdert,2,69
2016,,,,106,gefoerdert,nicht gefoerdert,19,69
2017,,,,119,gefoerdert,nicht gefoerdert,19,69
2018,,,,138,gefoerdert,nicht gefoerdert,19,69
2016,,,,475,gefoerdert,nicht gefoerdert,16,69
2017,,,,475,gefoerdert,nicht gefoerdert,16,69
2018,,,,563,gefoerdert,nicht gefoerdert,16,69
2016,,,,21,gefoerdert,nicht gefoerdert,55,69
2017,,,,14,gefoerdert,nicht gefoerdert,55,69
2018,,,,11,gefoerdert,nicht gefoerdert,55,69
2016,,,,3,gefoerdert,nicht gefoerdert,9,69
2017,,,,12,gefoerdert,nicht gefoerdert,9,69
2018,,,,7,gefoerdert,nicht gefoerdert,9,69
2016,,,,1946,gefoerdert,nicht gefoerdert,31,69
2017,,,,2364,gefoerdert,nicht gefoerdert,31,69
2018,,285,,2778,gefoerdert,nicht gefoerdert,31,69
2016,,,,257,gefoerdert,nicht gefoerdert,15,69
2017,,,,304,gefoerdert,nicht gefoerdert,15,69
2018,,,,417,gefoerdert,nicht gefoerdert,15,69
2016,,,,11,gefoerdert,nicht gefoerdert,51,69
2017,,,,18,gefoerdert,nicht gefoerdert,51,69
2018,,,,29,gefoerdert,nicht gefoerdert,51,69
2016,,,,,gefoerdert,nicht gefoerdert,6,69
2017,,,,1,gefoerdert,nicht gefoerdert,6,69
2018,,,,1,gefoerdert,nicht gefoerdert,6,69
2016,,,,69,gefoerdert,nicht gefoerdert,40,69
2017,,,,74,gefoerdert,nicht gefoerdert,40,69
2018,,,,81,gefoerdert,nicht gefoerdert,40,69
2016,,,,21,gefoerdert,nicht gefoerdert,8,69
2017,,,,32,gefoerdert,nicht gefoerdert,8,69
2018,,,,23,gefoerdert,nicht gefoerdert,8,69
2016,11,1036,401.4255232128083,,gefoerdert,nicht gefoerdert,29,69
2017,12,1006,114.6935046669256,1,gefoerdert,nicht gefoerdert,29,69
2018,12,986,206.2398825633463,1,gefoerdert,nicht gefoerdert,29,69
2016,,,,,gefoerdert,nicht gefoerdert,11,69
2017,,,,1,gefoerdert,nicht gefoerdert,11,69
2018,,,,1,gefoerdert,nicht gefoerdert,11,69
2016,,,,4,gefoerdert,nicht gefoerdert,24,69
2017,,,,6,gefoerdert,nicht gefoerdert,24,69
2018,,,,6,gefoerdert,nicht gefoerdert,24,69
2016,7,461,246.5521387806824,,gefoerdert,nicht gefoerdert,14,69
2017,6,486,794.3622836313834,,gefoerdert,nicht gefoerdert,14,69
2018,6,521,959.7635289911925,,gefoerdert,nicht gefoerdert,14,69
2016,3,389,559.1154471036674,5,gefoerdert,nicht gefoerdert,34,69
2017,3,369,379.7008238400328,3,gefoerdert,nicht gefoerdert,34,69
2018,3,344,455.1906779457255,1,gefoerdert,nicht gefoerdert,34,69
2016,,0,,,gefoerdert,nicht gefoerdert,50,75
2017,,0,,,gefoerdert,nicht gefoerdert,50,75
2018,,,,,gefoerdert,nicht gefoerdert,50,75
2016,4,57,10.19553054789935,1,gefoerdert,nicht gefoerdert,18,75
2017,4,48,4.117108874348131,2,gefoerdert,nicht gefoerdert,18,75
2018,4,44,5.391657553036196,,gefoerdert,nicht gefoerdert,18,75
2016,2,31,0,1,gefoerdert,nicht gefoerdert,27,75
2017,3,26,1.37236962478271,2,gefoerdert,nicht gefoerdert,27,75
2018,3,31,31.46391620548812,,gefoerdert,nicht gefoerdert,27,75
2016,3,201,32.40223392406944,35,gefoerdert,nicht gefoerdert,36,75
2017,3,177,51.27721997266496,42,gefoerdert,nicht gefoerdert,36,75
2018,3,174,41.12666366925818,57,gefoerdert,nicht gefoerdert,36,75
2016,16,690,1601.854718477104,42,gefoerdert,nicht gefoerdert,23,75
2017,16,688,1525.264422275246,48,gefoerdert,nicht gefoerdert,23,75
2018,15,608,1847.212460232981,75,gefoerdert,nicht gefoerdert,23,75
2016,,,,20,gefoerdert,nicht gefoerdert,10,75
2017,,,,20,gefoerdert,nicht gefoerdert,10,75
2018,,,,22,gefoerdert,nicht gefoerdert,10,75
2016,,37,,5,gefoerdert,nicht gefoerdert,3,75
2017,,49,,9,gefoerdert,nicht gefoerdert,3,75
2018,,55,,7,gefoerdert,nicht gefoerdert,3,75
2016,2,61,10.47858445925416,,gefoerdert,nicht gefoerdert,4,75
2017,2,55,12.48856323651102,1,gefoerdert,nicht gefoerdert,4,75
2018,2,44,14.94477659362177,,gefoerdert,nicht gefoerdert,4,75
2016,13,1366,465.6880696265321,40,gefoerdert,nicht gefoerdert,22,75
2017,14,1319,546.5260999990387,54,gefoerdert,nicht gefoerdert,22,75
2018,14,1258,647.7519526107138,35,gefoerdert,nicht gefoerdert,22,75
2016,9,1173,177.9422724357714,40,gefoerdert,nicht gefoerdert,5,75
2017,8,1108,184.50045431556,54,gefoerdert,nicht gefoerdert,5,75
2018,10,1055,204.6053114957971,35,gefoerdert,nicht gefoerdert,5,75
2016,6,385,133.0912499354617,40,gefoerdert,nicht gefoerdert,44,75
2017,5,327,98.30283594397621,54,gefoerdert,nicht gefoerdert,44,75
2018,5,274,141.968633199814,35,gefoerdert,nicht gefoerdert,44,75
2016,4,275,130.7802537645966,40,gefoerdert,nicht gefoerdert,45,75
2017,4,233,122.022874828237,54,gefoerdert,nicht gefoerdert,45,75
2018,4,199,88.57325287831554,35,gefoerdert,nicht gefoerdert,45,75
2016,1,0,59.77653346687825,40,gefoerdert,nicht gefoerdert,7,75
2017,1,12,98.38883939320995,54,gefoerdert,nicht gefoerdert,7,75
2018,1,20,23.44921669072035,35,gefoerdert,nicht gefoerdert,7,75
2016,,,,5,gefoerdert,nicht gefoerdert,28,75
2017,,,,9,gefoerdert,nicht gefoerdert,28,75
2018,,,,3,gefoerdert,nicht gefoerdert,28,75
2016,18,840,3292.953519378846,1920,gefoerdert,nicht gefoerdert,39,75
2017,17,865,3377.063021533093,2081,gefoerdert,nicht gefoerdert,39,75
2018,18,878,4239.732637230145,2109,gefoerdert,nicht gefoerdert,39,75
2016,13,2248,486.593122108379,140,gefoerdert,nicht gefoerdert,17,75
2017,15,2387,589.5562760451024,170,gefoerdert,nicht gefoerdert,17,75
2018,15,2457,629.5362410779748,190,gefoerdert,nicht gefoerdert,17,75
2016,,,,,gefoerdert,nicht gefoerdert,46,75
2017,,,,,gefoerdert,nicht gefoerdert,46,75
2018,,,,,gefoerdert,nicht gefoerdert,46,75
2016,6,821,326.7104221432839,28,gefoerdert,nicht gefoerdert,49,75
2017,6,830,271.5242460698121,27,gefoerdert,nicht gefoerdert,49,75
2018,5,811,497.2914477955125,49,gefoerdert,nicht gefoerdert,49,75
2016,,,,,gefoerdert,nicht gefoerdert,41,75
2017,,,,,gefoerdert,nicht gefoerdert,41,75
2018,,0,,,gefoerdert,nicht gefoerdert,41,75
2016,10,107,293.0828641248999,108,gefoerdert,nicht gefoerdert,38,75
2017,10,109,405.5004625635811,126,gefoerdert,nicht gefoerdert,38,75
2018,9,98,476.2505239396284,209,gefoerdert,nicht gefoerdert,38,75
2016,8,739,451.1647996617374,114,gefoerdert,nicht gefoerdert,48,75
2017,9,757,294.1088732946451,127,gefoerdert,nicht gefoerdert,48,75
2018,9,785,453.8337961094489,156,gefoerdert,nicht gefoerdert,48,75
2016,,,,5,gefoerdert,nicht gefoerdert,47,75
2017,,,,6,gefoerdert,nicht gefoerdert,47,75
2018,,,,6,gefoerdert,nicht gefoerdert,47,75
2016,20,1991,310.0558658985338,35,gefoerdert,nicht gefoerdert,42,75
2017,21,2019,525.6321968598807,38,gefoerdert,nicht gefoerdert,42,75
2018,22,2049,758.5729915347674,37,gefoerdert,nicht gefoerdert,42,75
2016,,,,30,gefoerdert,nicht gefoerdert,53,75
2017,,,,42,gefoerdert,nicht gefoerdert,53,75
2018,,,,36,gefoerdert,nicht gefoerdert,53,75
2016,17,2755,543.800737563964,817,gefoerdert,nicht gefoerdert,56,75
2017,17,2795,580.4272482838933,826,gefoerdert,nicht gefoerdert,56,75
2018,17,2709,715.6410187815761,912,gefoerdert,nicht gefoerdert,56,75
2016,,5,,,gefoerdert,nicht gefoerdert,33,75
2017,,17,,,gefoerdert,nicht gefoerdert,33,75
2018,,20,,,gefoerdert,nicht gefoerdert,33,75
2016,14,1599,184.3175053236269,516,gefoerdert,nicht gefoerdert,32,75
2017,14,1631,136.8316622367072,528,gefoerdert,nicht gefoerdert,32,75
2018,14,1661,366.9553223479872,507,gefoerdert,nicht gefoerdert,32,75
2016,2,102,1479.884540013544,181,gefoerdert,nicht gefoerdert,25,75
2017,2,118,551.3266015926288,168,gefoerdert,nicht gefoerdert,25,75
2018,2,123,2826.557604887984,160,gefoerdert,nicht gefoerdert,25,75
2016,16,350,3510.722637801177,12549,gefoerdert,nicht gefoerdert,37,75
2017,18,390,4415.752051075504,11982,gefoerdert,nicht gefoerdert,37,75
2018,17,399,4786.009167460889,12934,gefoerdert,nicht gefoerdert,37,75
2016,14,614,4645.354599133679,4969,gefoerdert,nicht gefoerdert,13,75
2017,14,697,4913.405352587814,5528,gefoerdert,nicht gefoerdert,13,75
2018,12,653,4173.093364563729,5688,gefoerdert,nicht gefoerdert,13,75
2016,,,,482,gefoerdert,nicht gefoerdert,35,75
2017,,,,548,gefoerdert,nicht gefoerdert,35,75
2018,,,,562,gefoerdert,nicht gefoerdert,35,75
2016,20,1059,3287.013900766047,11723,gefoerdert,nicht gefoerdert,12,75
2017,20,1027,2898.261709597936,12224,gefoerdert,nicht gefoerdert,12,75
2018,21,995,3720.343313341764,13281,gefoerdert,nicht gefoerdert,12,75
2016,,,,2373,gefoerdert,nicht gefoerdert,21,75
2017,,,,2668,gefoerdert,nicht gefoerdert,21,75
2018,,,,3061,gefoerdert,nicht gefoerdert,21,75
2016,5,979,519.4133850503717,108,gefoerdert,nicht gefoerdert,20,75
2017,5,939,866.6129988485459,103,gefoerdert,nicht gefoerdert,20,75
2018,6,769,735.3762602673879,96,gefoerdert,nicht gefoerdert,20,75
2016,,,,,gefoerdert,nicht gefoerdert,1,75
2017,,,,,gefoerdert,nicht gefoerdert,1,75
2018,,,,,gefoerdert,nicht gefoerdert,1,75
2016,3,,1170.953448614461,,gefoerdert,nicht gefoerdert,30,75
2017,3,,975.5736522169751,,gefoerdert,nicht gefoerdert,30,75
2018,3,,984.6838202215862,,gefoerdert,nicht gefoerdert,30,75
2016,20,1539,3919.639544486058,1878,gefoerdert,nicht gefoerdert,2,75
2017,21,1506,4238.526060409472,2075,gefoerdert,nicht gefoerdert,2,75
2018,21,1592,3945.420006050774,2222,gefoerdert,nicht gefoerdert,2,75
2016,,,,133,gefoerdert,nicht gefoerdert,19,75
2017,,,,160,gefoerdert,nicht gefoerdert,19,75
2018,,,,182,gefoerdert,nicht gefoerdert,19,75
2016,9,1747,1235.588428823766,933,gefoerdert,nicht gefoerdert,16,75
2017,9,1859,922.3870139725938,1075,gefoerdert,nicht gefoerdert,16,75
2018,8,1862,888.175815575594,1041,gefoerdert,nicht gefoerdert,16,75
2016,,,,9,gefoerdert,nicht gefoerdert,55,75
2017,,,,9,gefoerdert,nicht gefoerdert,55,75
2018,,,,16,gefoerdert,nicht gefoerdert,55,75
2016,,,,7,gefoerdert,nicht gefoerdert,9,75
2017,,,,6,gefoerdert,nicht gefoerdert,9,75
2018,,,,4,gefoerdert,nicht gefoerdert,9,75
2016,,151,,2085,gefoerdert,nicht gefoerdert,31,75
2017,,144,,2666,gefoerdert,nicht gefoerdert,31,75
2018,,143,,3091,gefoerdert,nicht gefoerdert,31,75
2016,,41,,123,gefoerdert,nicht gefoerdert,15,75
2017,,41,,94,gefoerdert,nicht gefoerdert,15,75
2018,,35,,108,gefoerdert,nicht gefoerdert,15,75
2016,,,,11,gefoerdert,nicht gefoerdert,51,75
2017,,,,5,gefoerdert,nicht gefoerdert,51,75
2018,,,,11,gefoerdert,nicht gefoerdert,51,75
2016,,,,1,gefoerdert,nicht gefoerdert,6,75
2017,,,,1,gefoerdert,nicht gefoerdert,6,75
2018,,,,2,gefoerdert,nicht gefoerdert,6,75
2016,,,,54,gefoerdert,nicht gefoerdert,40,75
2017,,,,61,gefoerdert,nicht gefoerdert,40,75
2018,,,,68,gefoerdert,nicht gefoerdert,40,75
2016,,,,35,gefoerdert,nicht gefoerdert,8,75
2017,,,,28,gefoerdert,nicht gefoerdert,8,75
2018,,,,31,gefoerdert,nicht gefoerdert,8,75
2016,7,289,4.791433806388566,,gefoerdert,nicht gefoerdert,29,75
2017,7,297,50.81793111994144,,gefoerdert,nicht gefoerdert,29,75
2018,7,276,55.86476046803105,,gefoerdert,nicht gefoerdert,29,75
2016,,,,,gefoerdert,nicht gefoerdert,11,75
2017,,,,,gefoerdert,nicht gefoerdert,11,75
2018,,,,,gefoerdert,nicht gefoerdert,11,75
2016,,,,1,gefoerdert,nicht gefoerdert,24,75
2017,,,,2,gefoerdert,nicht gefoerdert,24,75
2018,,,,4,gefoerdert,nicht gefoerdert,24,75
2016,3,209,190.605220389678,,gefoerdert,nicht gefoerdert,14,75
2017,5,229,208.6431812014724,2,gefoerdert,nicht gefoerdert,14,75
2018,4,236,189.4466770354041,2,gefoerdert,nicht gefoerdert,14,75
2016,4,208,32.29888191194017,1,gefoerdert,nicht gefoerdert,34,75
2017,4,178,8.649588721238265,2,gefoerdert,nicht gefoerdert,34,75
2018,4,172,146.4464063333204,2,gefoerdert,nicht gefoerdert,34,75
2016,2,365,83.92458298833373,,nicht gefoerdert,nicht gefoerdert,50,80
2017,2,396,306.4803309092965,,nicht gefoerdert,nicht gefoerdert,50,80
2018,6,392,501.034137002072,,nicht gefoerdert,nicht gefoerdert,50,80
2016,13,468,154.4841716515525,2,nicht gefoerdert,nicht gefoerdert,18,80
2017,15,425,165.8170234018338,1,nicht gefoerdert,nicht gefoerdert,18,80
2018,14,351,215.085803835098,2,nicht gefoerdert,nicht gefoerdert,18,80
2016,,13,,2,nicht gefoerdert,nicht gefoerdert,27,80
2017,,15,,1,nicht gefoerdert,nicht gefoerdert,27,80
2018,,9,,2,nicht gefoerdert,nicht gefoerdert,27,80
2016,4,420,81.26257073558368,20,nicht gefoerdert,nicht gefoerdert,36,80
2017,4,400,120.3696206326267,26,nicht gefoerdert,nicht gefoerdert,36,80
2018,5,351,246.0788398936501,30,nicht gefoerdert,nicht gefoerdert,36,80
2016,10,1206,2445.445026803908,33,nicht gefoerdert,nicht gefoerdert,23,80
2017,10,1089,2444.256195136332,31,nicht gefoerdert,nicht gefoerdert,23,80
2018,11,944,814.8995892873987,41,nicht gefoerdert,nicht gefoerdert,23,80
2016,,,,15,nicht gefoerdert,nicht gefoerdert,10,80
2017,,,,19,nicht gefoerdert,nicht gefoerdert,10,80
2018,,,,29,nicht gefoerdert,nicht gefoerdert,10,80
2016,,460,,4,nicht gefoerdert,nicht gefoerdert,3,80
2017,,420,,,nicht gefoerdert,nicht gefoerdert,3,80
2018,2,394,,5,nicht gefoerdert,nicht gefoerdert,3,80
2016,2,96,29.79795004622959,,nicht gefoerdert,nicht gefoerdert,4,80
2017,2,84,57.40530601692173,2,nicht gefoerdert,nicht gefoerdert,4,80
2018,2,68,50.03458236640978,1,nicht gefoerdert,nicht gefoerdert,4,80
2016,20,1239,1307.859395815261,35,nicht gefoerdert,nicht gefoerdert,22,80
2017,20,1108,1314.083228400988,48,nicht gefoerdert,nicht gefoerdert,22,80
2018,18,963,1507.778811742143,25,nicht gefoerdert,nicht gefoerdert,22,80
2016,5,554,.1052141508608676,35,nicht gefoerdert,nicht gefoerdert,5,80
2017,5,480,83.14821289779104,48,nicht gefoerdert,nicht gefoerdert,5,80
2018,5,445,128.0356870854342,25,nicht gefoerdert,nicht gefoerdert,5,80
2016,3,257,44.35568015335981,35,nicht gefoerdert,nicht gefoerdert,44,80
2017,4,207,10.77127151199068,48,nicht gefoerdert,nicht gefoerdert,44,80
2018,4,168,32.81632460152662,25,nicht gefoerdert,nicht gefoerdert,44,80
2016,,0,,35,nicht gefoerdert,nicht gefoerdert,45,80
2017,,0,,48,nicht gefoerdert,nicht gefoerdert,45,80
2018,,0,,25,nicht gefoerdert,nicht gefoerdert,45,80
2016,3,285,2700.340796468799,35,nicht gefoerdert,nicht gefoerdert,7,80
2017,3,277,1992.812481981146,48,nicht gefoerdert,nicht gefoerdert,7,80
2018,3,256,2059.882812014901,25,nicht gefoerdert,nicht gefoerdert,7,80
2016,4,362,397.9469171151002,3,nicht gefoerdert,nicht gefoerdert,28,80
2017,4,311,124.0713637696075,5,nicht gefoerdert,nicht gefoerdert,28,80
2018,4,269,149.1143729471905,13,nicht gefoerdert,nicht gefoerdert,28,80
2016,19,976,2602.112611827656,2703,nicht gefoerdert,nicht gefoerdert,39,80
2017,19,1029,2632.447294018604,3027,nicht gefoerdert,nicht gefoerdert,39,80
2018,19,973,3871.41590818679,3205,nicht gefoerdert,nicht gefoerdert,39,80
2016,13,945,795.7681836431811,132,nicht gefoerdert,nicht gefoerdert,17,80
2017,13,903,421.2287420880047,123,nicht gefoerdert,nicht gefoerdert,17,80
2018,14,876,859.5604969877372,145,nicht gefoerdert,nicht gefoerdert,17,80
2016,,,,,nicht gefoerdert,nicht gefoerdert,46,80
2017,,,,,nicht gefoerdert,nicht gefoerdert,46,80
2018,,,,,nicht gefoerdert,nicht gefoerdert,46,80
2016,5,497,327.4003637768012,16,nicht gefoerdert,nicht gefoerdert,49,80
2017,3,642,93.63403738424229,14,nicht gefoerdert,nicht gefoerdert,49,80
2018,5,702,120.8189618970989,11,nicht gefoerdert,nicht gefoerdert,49,80
2016,,51,,,nicht gefoerdert,nicht gefoerdert,41,80
2017,,39,,,nicht gefoerdert,nicht gefoerdert,41,80
2018,,39,,,nicht gefoerdert,nicht gefoerdert,41,80
2016,5,,,,nicht gefoerdert,nicht gefoerdert,43,80
2017,5,,,,nicht gefoerdert,nicht gefoerdert,43,80
2018,6,,,,nicht gefoerdert,nicht gefoerdert,43,80
2016,9,686,214.773749933882,86,nicht gefoerdert,nicht gefoerdert,38,80
2017,9,673,487.879244391732,88,nicht gefoerdert,nicht gefoerdert,38,80
2018,9,720,600.2442229571451,112,nicht gefoerdert,nicht gefoerdert,38,80
2016,10,972,384.3165846666055,117,nicht gefoerdert,nicht gefoerdert,48,80
2017,9,985,225.1070516265657,154,nicht gefoerdert,nicht gefoerdert,48,80
2018,9,1071,322.4229206458457,159,nicht gefoerdert,nicht gefoerdert,48,80
2016,,,,9,nicht gefoerdert,nicht gefoerdert,47,80
2017,,,,12,nicht gefoerdert,nicht gefoerdert,47,80
2018,,,,16,nicht gefoerdert,nicht gefoerdert,47,80
2016,18,2180,178.5046596854964,19,nicht gefoerdert,nicht gefoerdert,42,80
2017,18,2252,196.9441852613831,30,nicht gefoerdert,nicht gefoerdert,42,80
2018,18,2160,280.1703074943052,33,nicht gefoerdert,nicht gefoerdert,42,80
2016,,,,29,nicht gefoerdert,nicht gefoerdert,53,80
2017,,,,43,nicht gefoerdert,nicht gefoerdert,53,80
2018,,,,30,nicht gefoerdert,nicht gefoerdert,53,80
2016,20,1833,881.5744637337838,337,nicht gefoerdert,nicht gefoerdert,56,80
2017,20,1834,638.2149768291362,386,nicht gefoerdert,nicht gefoerdert,56,80
2018,20,1686,609.6841211106614,486,nicht gefoerdert,nicht gefoerdert,56,80
2016,,,,,nicht gefoerdert,nicht gefoerdert,33,80
2017,,,,,nicht gefoerdert,nicht gefoerdert,33,80
2018,,,,,nicht gefoerdert,nicht gefoerdert,33,80
2016,11,1052,150.8780253774907,327,nicht gefoerdert,nicht gefoerdert,32,80
2017,10,1003,335.1482031624072,380,nicht gefoerdert,nicht gefoerdert,32,80
2018,10,826,135.9308806152962,353,nicht gefoerdert,nicht gefoerdert,32,80
2016,10,1423,649.4720856305557,329,nicht gefoerdert,nicht gefoerdert,25,80
2017,10,1527,598.7621422097826,331,nicht gefoerdert,nicht gefoerdert,25,80
2018,10,1426,1350.981310327842,427,nicht gefoerdert,nicht gefoerdert,25,80
2016,14,574,4232.718753319654,7220,nicht gefoerdert,nicht gefoerdert,37,80
2017,13,599,5904.801684998593,7364,nicht gefoerdert,nicht gefoerdert,37,80
2018,13,545,4324.280040704636,7567,nicht gefoerdert,nicht gefoerdert,37,80
2016,19,907,2882.059619197256,12992,nicht gefoerdert,nicht gefoerdert,13,80
2017,18,806,2917.850811766526,13813,nicht gefoerdert,nicht gefoerdert,13,80
2018,19,702,3589.267853342085,14026,nicht gefoerdert,nicht gefoerdert,13,80
2016,16,1148,1846.398493736638,383,nicht gefoerdert,nicht gefoerdert,35,80
2017,16,1198,1387.918568164149,482,nicht gefoerdert,nicht gefoerdert,35,80
2018,16,1208,1433.807073476509,484,nicht gefoerdert,nicht gefoerdert,35,80
2016,20,1151,3918.246533545753,11351,nicht gefoerdert,nicht gefoerdert,12,80
2017,18,1167,4180.800763067049,12008,nicht gefoerdert,nicht gefoerdert,12,80
2018,20,1129,4018.021342749634,12837,nicht gefoerdert,nicht gefoerdert,12,80
2016,0,0,,910,nicht gefoerdert,nicht gefoerdert,21,80
2017,0,0,,922,nicht gefoerdert,nicht gefoerdert,21,80
2018,0,,,1139,nicht gefoerdert,nicht gefoerdert,21,80
2016,11,539,1407.57731563873,124,nicht gefoerdert,nicht gefoerdert,20,80
2017,10,511,1942.628516551469,147,nicht gefoerdert,nicht gefoerdert,20,80
2018,10,524,1826.920030340988,127,nicht gefoerdert,nicht gefoerdert,20,80
2016,,,,,nicht gefoerdert,nicht gefoerdert,30,80
2017,,,,,nicht gefoerdert,nicht gefoerdert,30,80
2018,,,,,nicht gefoerdert,nicht gefoerdert,30,80
2016,,,,383,nicht gefoerdert,nicht gefoerdert,2,80
2017,,,,454,nicht gefoerdert,nicht gefoerdert,2,80
2018,,,,494,nicht gefoerdert,nicht gefoerdert,2,80
2016,,,,109,nicht gefoerdert,nicht gefoerdert,19,80
2017,,,,145,nicht gefoerdert,nicht gefoerdert,19,80
2018,,,,136,nicht gefoerdert,nicht gefoerdert,19,80
2016,,,,282,nicht gefoerdert,nicht gefoerdert,16,80
2017,,,,348,nicht gefoerdert,nicht gefoerdert,16,80
2018,,,,412,nicht gefoerdert,nicht gefoerdert,16,80
2016,,,,18,nicht gefoerdert,nicht gefoerdert,55,80
2017,,,,9,nicht gefoerdert,nicht gefoerdert,55,80
2018,,,,13,nicht gefoerdert,nicht gefoerdert,55,80
2016,,,,7,nicht gefoerdert,nicht gefoerdert,9,80
2017,,,,5,nicht gefoerdert,nicht gefoerdert,9,80
2018,,,,3,nicht gefoerdert,nicht gefoerdert,9,80
2016,,,,1951,nicht gefoerdert,nicht gefoerdert,31,80
2017,,,,2335,nicht gefoerdert,nicht gefoerdert,31,80
2018,,,,2437,nicht gefoerdert,nicht gefoerdert,31,80
2016,,,,207,nicht gefoerdert,nicht gefoerdert,15,80
2017,,,,310,nicht gefoerdert,nicht gefoerdert,15,80
2018,,,,271,nicht gefoerdert,nicht gefoerdert,15,80
2016,,,,9,nicht gefoerdert,nicht gefoerdert,51,80
2017,,,,17,nicht gefoerdert,nicht gefoerdert,51,80
2018,,,,4,nicht gefoerdert,nicht gefoerdert,51,80
2016,,,,,nicht gefoerdert,nicht gefoerdert,6,80
2017,,,,,nicht gefoerdert,nicht gefoerdert,6,80
2018,,,,1,nicht gefoerdert,nicht gefoerdert,6,80
2016,,,,101,nicht gefoerdert,nicht gefoerdert,40,80
2017,,,,83,nicht gefoerdert,nicht gefoerdert,40,80
2018,,,,120,nicht gefoerdert,nicht gefoerdert,40,80
2016,,,,23,nicht gefoerdert,nicht gefoerdert,8,80
2017,,,,27,nicht gefoerdert,nicht gefoerdert,8,80
2018,,,,26,nicht gefoerdert,nicht gefoerdert,8,80
2016,5,538,189.9236469374988,,nicht gefoerdert,nicht gefoerdert,29,80
2017,5,453,252.2973342245593,,nicht gefoerdert,nicht gefoerdert,29,80
2018,5,438,302.7316936984688,,nicht gefoerdert,nicht gefoerdert,29,80
2016,7,35,.0297951596997379,,nicht gefoerdert,nicht gefoerdert,11,80
2017,6,38,1.396157385886309,,nicht gefoerdert,nicht gefoerdert,11,80
2018,1,44,.9004067882185608,,nicht gefoerdert,nicht gefoerdert,11,80
2016,,,,4,nicht gefoerdert,nicht gefoerdert,24,80
2017,,,,3,nicht gefoerdert,nicht gefoerdert,24,80
2018,,,,4,nicht gefoerdert,nicht gefoerdert,24,80
2016,,,,,nicht gefoerdert,nicht gefoerdert,14,80
2017,,,,,nicht gefoerdert,nicht gefoerdert,14,80
2018,,,,,nicht gefoerdert,nicht gefoerdert,14,80
2016,2,3,7.654562120200963,,nicht gefoerdert,nicht gefoerdert,34,80
2017,2,4,.0247026538868523,1,nicht gefoerdert,nicht gefoerdert,34,80
2018,2,5,6.471786409660952,2,nicht gefoerdert,nicht gefoerdert,34,80
2016,3,274,194.9217812162862,,nicht gefoerdert,nicht gefoerdert,50,120
2017,3,268,132.1326671895627,,nicht gefoerdert,nicht gefoerdert,50,120
2018,2,293,946.2673826077735,,nicht gefoerdert,nicht gefoerdert,50,120
2016,,,,1,nicht gefoerdert,nicht gefoerdert,18,120
2017,,,,1,nicht gefoerdert,nicht gefoerdert,18,120
2018,,,,3,nicht gefoerdert,nicht gefoerdert,18,120
2016,,13,0,1,nicht gefoerdert,nicht gefoerdert,27,120
2017,,12,0,1,nicht gefoerdert,nicht gefoerdert,27,120
2018,,12,0,3,nicht gefoerdert,nicht gefoerdert,27,120
2016,3,180,129.4636930514228,6,nicht gefoerdert,nicht gefoerdert,36,120
2017,3,185,64.09880837450993,5,nicht gefoerdert,nicht gefoerdert,36,120
2018,4,209,29.15089393602989,10,nicht gefoerdert,nicht gefoerdert,36,120
2016,11,406,1525.81934855293,5,nicht gefoerdert,nicht gefoerdert,23,120
2017,12,390,1595.946930454128,8,nicht gefoerdert,nicht gefoerdert,23,120
2018,12,384,1095.212800058828,8,nicht gefoerdert,nicht gefoerdert,23,120
2016,,,,15,nicht gefoerdert,nicht gefoerdert,10,120
2017,,,,20,nicht gefoerdert,nicht gefoerdert,10,120
2018,,,,30,nicht gefoerdert,nicht gefoerdert,10,120
2016,3,76,20.54655440760689,,nicht gefoerdert,nicht gefoerdert,3,120
2017,3,75,-54.64684362952712,2,nicht gefoerdert,nicht gefoerdert,3,120
2018,3,77,112.9085003957267,1,nicht gefoerdert,nicht gefoerdert,3,120
2016,3,57,12.97858484977122,,nicht gefoerdert,nicht gefoerdert,4,120
2017,3,46,35.25983665320528,2,nicht gefoerdert,nicht gefoerdert,4,120
2018,1,49,78.85299171315437,1,nicht gefoerdert,nicht gefoerdert,4,120
2016,11,841,507.5307380395078,10,nicht gefoerdert,nicht gefoerdert,22,120
2017,11,737,650.9633949398852,9,nicht gefoerdert,nicht gefoerdert,22,120
2018,10,686,126.8459370899625,22,nicht gefoerdert,nicht gefoerdert,22,120
2016,7,604,45.06517832611634,10,nicht gefoerdert,nicht gefoerdert,5,120
2017,7,583,64.32296459277494,9,nicht gefoerdert,nicht gefoerdert,5,120
2018,7,558,130.0422838404656,22,nicht gefoerdert,nicht gefoerdert,5,120
2016,5,156,147.3575357507762,10,nicht gefoerdert,nicht gefoerdert,44,120
2017,4,136,136.9039355678788,9,nicht gefoerdert,nicht gefoerdert,44,120
2018,4,139,72.8970088170967,22,nicht gefoerdert,nicht gefoerdert,44,120
2016,2,37,85.30726512077338,10,nicht gefoerdert,nicht gefoerdert,45,120
2017,3,35,256.6294621923411,9,nicht gefoerdert,nicht gefoerdert,45,120
2018,3,31,712.3727541949073,22,nicht gefoerdert,nicht gefoerdert,45,120
2016,4,251,62.48603408316422,10,nicht gefoerdert,nicht gefoerdert,7,120
2017,5,254,43.00457604200037,9,nicht gefoerdert,nicht gefoerdert,7,120
2018,7,248,36.87534259366095,22,nicht gefoerdert,nicht gefoerdert,7,120
2016,1,0,127.263500694235,14,nicht gefoerdert,nicht gefoerdert,28,120
2017,1,,83.11162251706844,12,nicht gefoerdert,nicht gefoerdert,28,120
2018,,,0,8,nicht gefoerdert,nicht gefoerdert,28,120
2016,14,1176,1487.514843820293,1598,nicht gefoerdert,nicht gefoerdert,39,120
2017,15,1230,1681.42083130116,1728,nicht gefoerdert,nicht gefoerdert,39,120
2018,15,1492,1120.231925181135,1761,nicht gefoerdert,nicht gefoerdert,39,120
2016,8,1021,114.6480482075837,118,nicht gefoerdert,nicht gefoerdert,17,120
2017,8,977,118.1839003129642,124,nicht gefoerdert,nicht gefoerdert,17,120
2018,6,994,100.6397837434864,143,nicht gefoerdert,nicht gefoerdert,17,120
2016,,,,10,nicht gefoerdert,nicht gefoerdert,49,120
2017,,,,12,nicht gefoerdert,nicht gefoerdert,49,120
2018,,,,14,nicht gefoerdert,nicht gefoerdert,49,120
2016,,,,,nicht gefoerdert,nicht gefoerdert,41,120
2017,,,,,nicht gefoerdert,nicht gefoerdert,41,120
2018,,,,,nicht gefoerdert,nicht gefoerdert,41,120
2016,6,466,26.94413382045761,73,nicht gefoerdert,nicht gefoerdert,38,120
2017,5,437,108.3915829031885,89,nicht gefoerdert,nicht gefoerdert,38,120
2018,6,451,143.6553224170802,98,nicht gefoerdert,nicht gefoerdert,38,120
2016,6,730,135.3379858615182,90,nicht gefoerdert,nicht gefoerdert,48,120
2017,4,653,242.9286331874074,103,nicht gefoerdert,nicht gefoerdert,48,120
2018,7,546,204.5657806813709,82,nicht gefoerdert,nicht gefoerdert,48,120
2016,,,,3,nicht gefoerdert,nicht gefoerdert,47,120
2017,,,,,nicht gefoerdert,nicht gefoerdert,47,120
2018,1,,,9,nicht gefoerdert,nicht gefoerdert,47,120
2016,19,2062,512.2141349308872,23,nicht gefoerdert,nicht gefoerdert,42,120
2017,19,2036,426.0805065118174,28,nicht gefoerdert,nicht gefoerdert,42,120
2018,19,1929,152.2271606331382,23,nicht gefoerdert,nicht gefoerdert,42,120
2016,,,,29,nicht gefoerdert,nicht gefoerdert,53,120
2017,,,,32,nicht gefoerdert,nicht gefoerdert,53,120
2018,,,,28,nicht gefoerdert,nicht gefoerdert,53,120
2016,22,1786,784.335173649276,388,nicht gefoerdert,nicht gefoerdert,56,120
2017,20,1639,974.7026308380948,434,nicht gefoerdert,nicht gefoerdert,56,120
2018,20,1427,705.8308500374372,501,nicht gefoerdert,nicht gefoerdert,56,120
2016,,322,,,nicht gefoerdert,nicht gefoerdert,33,120
2017,,306,,,nicht gefoerdert,nicht gefoerdert,33,120
2018,0,319,,,nicht gefoerdert,nicht gefoerdert,33,120
2016,9,375,721.594045005966,152,nicht gefoerdert,nicht gefoerdert,32,120
2017,7,359,1075.161025515487,137,nicht gefoerdert,nicht gefoerdert,32,120
2018,8,337,479.4935590089386,159,nicht gefoerdert,nicht gefoerdert,32,120
2016,6,427,502.9990765924256,142,nicht gefoerdert,nicht gefoerdert,25,120
2017,5,418,225.679779733832,179,nicht gefoerdert,nicht gefoerdert,25,120
2018,6,432,400.8077402716718,135,nicht gefoerdert,nicht gefoerdert,25,120
2016,,,,37,nicht gefoerdert,nicht gefoerdert,37,120
2017,,,,86,nicht gefoerdert,nicht gefoerdert,37,120
2018,,,,80,nicht gefoerdert,nicht gefoerdert,37,120
2016,,,0,100,nicht gefoerdert,nicht gefoerdert,13,120
2017,,,,104,nicht gefoerdert,nicht gefoerdert,13,120
2018,,,,143,nicht gefoerdert,nicht gefoerdert,13,120
2016,,,,69,nicht gefoerdert,nicht gefoerdert,35,120
2017,,,,88,nicht gefoerdert,nicht gefoerdert,35,120
2018,,,,122,nicht gefoerdert,nicht gefoerdert,35,120
2016,1,135,8.961824952772936,1127,nicht gefoerdert,nicht gefoerdert,12,120
2017,1,163,4.75754785807424,1130,nicht gefoerdert,nicht gefoerdert,12,120
2018,0,179,4.493047960863497,1227,nicht gefoerdert,nicht gefoerdert,12,120
2016,6,145,2220.930216532106,899,nicht gefoerdert,nicht gefoerdert,21,120
2017,6,130,3144.993620389702,967,nicht gefoerdert,nicht gefoerdert,21,120
2018,11,134,2427.337788500137,1241,nicht gefoerdert,nicht gefoerdert,21,120
2016,11,375,510.6434173485155,50,nicht gefoerdert,nicht gefoerdert,20,120
2017,10,373,433.5471220118864,83,nicht gefoerdert,nicht gefoerdert,20,120
2018,6,321,531.981376001941,85,nicht gefoerdert,nicht gefoerdert,20,120
2016,,,,269,nicht gefoerdert,nicht gefoerdert,2,120
2017,,,,292,nicht gefoerdert,nicht gefoerdert,2,120
2018,,,,325,nicht gefoerdert,nicht gefoerdert,2,120
2016,,,,47,nicht gefoerdert,nicht gefoerdert,19,120
2017,,,,48,nicht gefoerdert,nicht gefoerdert,19,120
2018,,,,58,nicht gefoerdert,nicht gefoerdert,19,120
2016,,,,64,nicht gefoerdert,nicht gefoerdert,16,120
2017,,,,65,nicht gefoerdert,nicht gefoerdert,16,120
2018,,,,79,nicht gefoerdert,nicht gefoerdert,16,120
2016,,,,6,nicht gefoerdert,nicht gefoerdert,55,120
2017,,,,3,nicht gefoerdert,nicht gefoerdert,55,120
2018,,,,2,nicht gefoerdert,nicht gefoerdert,55,120
2016,,,,,nicht gefoerdert,nicht gefoerdert,9,120
2017,,,,1,nicht gefoerdert,nicht gefoerdert,9,120
2018,,,,,nicht gefoerdert,nicht gefoerdert,9,120
2016,,,,211,nicht gefoerdert,nicht gefoerdert,31,120
2017,,,,270,nicht gefoerdert,nicht gefoerdert,31,120
2018,,,,314,nicht gefoerdert,nicht gefoerdert,31,120
2016,,,,43,nicht gefoerdert,nicht gefoerdert,15,120
2017,,,,33,nicht gefoerdert,nicht gefoerdert,15,120
2018,,,,44,nicht gefoerdert,nicht gefoerdert,15,120
2016,,,,8,nicht gefoerdert,nicht gefoerdert,51,120
2017,,,,9,nicht gefoerdert,nicht gefoerdert,51,120
2018,,,,13,nicht gefoerdert,nicht gefoerdert,51,120
2016,,,,,nicht gefoerdert,nicht gefoerdert,6,120
2017,,,,,nicht gefoerdert,nicht gefoerdert,6,120
2018,,,,,nicht gefoerdert,nicht gefoerdert,6,120
2016,,,0,25,nicht gefoerdert,nicht gefoerdert,40,120
2017,,,0,30,nicht gefoerdert,nicht gefoerdert,40,120
2018,,,,42,nicht gefoerdert,nicht gefoerdert,40,120
2016,,,,3,nicht gefoerdert,nicht gefoerdert,8,120
2017,,,,2,nicht gefoerdert,nicht gefoerdert,8,120
2018,,,,4,nicht gefoerdert,nicht gefoerdert,8,120
2016,,53,,,nicht gefoerdert,nicht gefoerdert,52,120
2017,,52,,,nicht gefoerdert,nicht gefoerdert,52,120
2018,,55,,,nicht gefoerdert,nicht gefoerdert,52,120
2016,3,83,342.9487856815504,,nicht gefoerdert,nicht gefoerdert,29,120
2017,3,69,515.1244335015082,,nicht gefoerdert,nicht gefoerdert,29,120
2018,3,76,66.65436924174881,,nicht gefoerdert,nicht gefoerdert,29,120
2016,,,,,nicht gefoerdert,nicht gefoerdert,11,120
2017,,,,,nicht gefoerdert,nicht gefoerdert,11,120
2018,,,,,nicht gefoerdert,nicht gefoerdert,11,120
2016,,,,2,nicht gefoerdert,nicht gefoerdert,24,120
2017,,,,4,nicht gefoerdert,nicht gefoerdert,24,120
2018,,,,7,nicht gefoerdert,nicht gefoerdert,24,120
2016,,,,,nicht gefoerdert,nicht gefoerdert,14,120
2017,,,,1,nicht gefoerdert,nicht gefoerdert,14,120
2018,,2,,,nicht gefoerdert,nicht gefoerdert,14,120
2016,,,,,nicht gefoerdert,nicht gefoerdert,34,120
2017,,,,,nicht gefoerdert,nicht gefoerdert,34,120
2018,,,,2,nicht gefoerdert,nicht gefoerdert,34,120
2016,,,,1,gefoerdert,nicht gefoerdert,18,94
2017,,,,,gefoerdert,nicht gefoerdert,18,94
2018,,,,,gefoerdert,nicht gefoerdert,18,94
2016,,,,1,gefoerdert,nicht gefoerdert,27,94
2017,,,,,gefoerdert,nicht gefoerdert,27,94
2018,,,,,gefoerdert,nicht gefoerdert,27,94
2016,1,,,1,gefoerdert,nicht gefoerdert,36,94
2017,1,,,6,gefoerdert,nicht gefoerdert,36,94
2018,1,0,,1,gefoerdert,nicht gefoerdert,36,94
2016,,,,,gefoerdert,nicht gefoerdert,23,94
2017,,,,,gefoerdert,nicht gefoerdert,23,94
2018,,,,1,gefoerdert,nicht gefoerdert,23,94
2016,,,,2,gefoerdert,nicht gefoerdert,10,94
2017,,,,,gefoerdert,nicht gefoerdert,10,94
2018,,,,2,gefoerdert,nicht gefoerdert,10,94
2016,,,,1,gefoerdert,nicht gefoerdert,3,94
2017,,,,,gefoerdert,nicht gefoerdert,3,94
2018,,,,,gefoerdert,nicht gefoerdert,3,94
2016,,,,6,gefoerdert,nicht gefoerdert,22,94
2017,,,,1,gefoerdert,nicht gefoerdert,22,94
2018,,,,4,gefoerdert,nicht gefoerdert,22,94
2016,,,,6,gefoerdert,nicht gefoerdert,5,94
2017,,,,1,gefoerdert,nicht gefoerdert,5,94
2018,,,,4,gefoerdert,nicht gefoerdert,5,94
2016,,,,6,gefoerdert,nicht gefoerdert,44,94
2017,,,,1,gefoerdert,nicht gefoerdert,44,94
2018,,,,4,gefoerdert,nicht gefoerdert,44,94
2016,,,,6,gefoerdert,nicht gefoerdert,45,94
2017,,,,1,gefoerdert,nicht gefoerdert,45,94
2018,,,,4,gefoerdert,nicht gefoerdert,45,94
2016,,,,6,gefoerdert,nicht gefoerdert,7,94
2017,,,,1,gefoerdert,nicht gefoerdert,7,94
2018,,,,4,gefoerdert,nicht gefoerdert,7,94
2016,,,,,gefoerdert,nicht gefoerdert,28,94
2017,,,,1,gefoerdert,nicht gefoerdert,28,94
2018,,,,1,gefoerdert,nicht gefoerdert,28,94
2016,5,102,,118,gefoerdert,nicht gefoerdert,39,94
2017,5,112,,147,gefoerdert,nicht gefoerdert,39,94
2018,5,116,,146,gefoerdert,nicht gefoerdert,39,94
2016,3,925,,15,gefoerdert,nicht gefoerdert,17,94
2017,3,978,,20,gefoerdert,nicht gefoerdert,17,94
2018,3,987,,27,gefoerdert,nicht gefoerdert,17,94
2016,2,177,0,3,gefoerdert,nicht gefoerdert,49,94
2017,2,155,,3,gefoerdert,nicht gefoerdert,49,94
2018,2,168,,6,gefoerdert,nicht gefoerdert,49,94
2016,,456,,,gefoerdert,nicht gefoerdert,41,94
2017,,471,,,gefoerdert,nicht gefoerdert,41,94
2018,,442,,,gefoerdert,nicht gefoerdert,41,94
2016,2,,,46,gefoerdert,nicht gefoerdert,38,94
2017,3,0,,47,gefoerdert,nicht gefoerdert,38,94
2018,4,0,,56,gefoerdert,nicht gefoerdert,38,94
2016,4,1239,813.3696656709288,10,gefoerdert,nicht gefoerdert,48,94
2017,4,1282,1111.271724635035,5,gefoerdert,nicht gefoerdert,48,94
2018,2,1281,994.7284589368273,19,gefoerdert,nicht gefoerdert,48,94
2016,,,,,gefoerdert,nicht gefoerdert,47,94
2017,,,,,gefoerdert,nicht gefoerdert,47,94
2018,,,,,gefoerdert,nicht gefoerdert,47,94
2016,1,477,,3,gefoerdert,nicht gefoerdert,42,94
2017,1,463,,4,gefoerdert,nicht gefoerdert,42,94
2018,1,403,,4,gefoerdert,nicht gefoerdert,42,94
2016,,,,16,gefoerdert,nicht gefoerdert,53,94
2017,,,,15,gefoerdert,nicht gefoerdert,53,94
2018,,,,14,gefoerdert,nicht gefoerdert,53,94
2016,13,1304,461.3910582354438,329,gefoerdert,nicht gefoerdert,56,94
2017,15,1448,227.7108878953477,348,gefoerdert,nicht gefoerdert,56,94
2018,14,1435,337.8502494661053,386,gefoerdert,nicht gefoerdert,56,94
2016,1,1333,,,gefoerdert,nicht gefoerdert,54,94
2017,1,1203,,,gefoerdert,nicht gefoerdert,54,94
2018,1,1047,,,gefoerdert,nicht gefoerdert,54,94
2016,0,37,,,gefoerdert,nicht gefoerdert,33,94
2017,0,33,,,gefoerdert,nicht gefoerdert,33,94
2018,0,27,,,gefoerdert,nicht gefoerdert,33,94
2016,23,531,2453.984265702825,955,gefoerdert,nicht gefoerdert,32,94
2017,22,524,3160.716455332484,1056,gefoerdert,nicht gefoerdert,32,94
2018,23,504,2538.695174055163,1053,gefoerdert,nicht gefoerdert,32,94
2016,19,1015,351.5381768387421,393,gefoerdert,nicht gefoerdert,25,94
2017,20,1054,3984.217749015004,458,gefoerdert,nicht gefoerdert,25,94
2018,21,1125,3123.016061365461,472,gefoerdert,nicht gefoerdert,25,94
2016,20,522,6207.887332955037,5285,gefoerdert,nicht gefoerdert,37,94
2017,20,460,5625.142508012477,5905,gefoerdert,nicht gefoerdert,37,94
2018,21,464,5417.832190053516,5920,gefoerdert,nicht gefoerdert,37,94
2016,15,509,2995.473850814099,4762,gefoerdert,nicht gefoerdert,13,94
2017,15,500,2972.882074270976,4937,gefoerdert,nicht gefoerdert,13,94
2018,16,506,2694.849213083271,4871,gefoerdert,nicht gefoerdert,13,94
2016,,,,200,gefoerdert,nicht gefoerdert,35,94
2017,,,,193,gefoerdert,nicht gefoerdert,35,94
2018,,,,174,gefoerdert,nicht gefoerdert,35,94
2016,19,608,2701.918163132438,3320,gefoerdert,nicht gefoerdert,12,94
2017,20,573,2905.547955880555,3561,gefoerdert,nicht gefoerdert,12,94
2018,19,569,3169.5838269571,3838,gefoerdert,nicht gefoerdert,12,94
2016,,,,441,gefoerdert,nicht gefoerdert,21,94
2017,,,,463,gefoerdert,nicht gefoerdert,21,94
2018,,,,645,gefoerdert,nicht gefoerdert,21,94
2016,1,66,,11,gefoerdert,nicht gefoerdert,20,94
2017,1,71,,9,gefoerdert,nicht gefoerdert,20,94
2018,1,74,,11,gefoerdert,nicht gefoerdert,20,94
2016,,,,232,gefoerdert,nicht gefoerdert,2,94
2017,,,,294,gefoerdert,nicht gefoerdert,2,94
2018,,,,420,gefoerdert,nicht gefoerdert,2,94
2016,,,,15,gefoerdert,nicht gefoerdert,19,94
2017,,,,13,gefoerdert,nicht gefoerdert,19,94
2018,,,,32,gefoerdert,nicht gefoerdert,19,94
2016,,,,73,gefoerdert,nicht gefoerdert,16,94
2017,,,,72,gefoerdert,nicht gefoerdert,16,94
2018,,,,105,gefoerdert,nicht gefoerdert,16,94
2016,3,251,,,gefoerdert,nicht gefoerdert,26,94
2017,4,265,,,gefoerdert,nicht gefoerdert,26,94
2018,2,228,,,gefoerdert,nicht gefoerdert,26,94
2016,,,,50,gefoerdert,nicht gefoerdert,55,94
2017,,,,40,gefoerdert,nicht gefoerdert,55,94
2018,,,,69,gefoerdert,nicht gefoerdert,55,94
2016,,,,8,gefoerdert,nicht gefoerdert,9,94
2017,,,,26,gefoerdert,nicht gefoerdert,9,94
2018,,,,21,gefoerdert,nicht gefoerdert,9,94
2016,22,1548,14950.03527879031,2539,gefoerdert,nicht gefoerdert,31,94
2017,20,1461,12404.85707963919,2802,gefoerdert,nicht gefoerdert,31,94
2018,21,1350,12320.3166096094,3035,gefoerdert,nicht gefoerdert,31,94
2016,11,627,3895.820148538124,442,gefoerdert,nicht gefoerdert,15,94
2017,15,605,5106.317545934508,422,gefoerdert,nicht gefoerdert,15,94
2018,16,596,4567.173160410802,499,gefoerdert,nicht gefoerdert,15,94
2016,1,196,,17,gefoerdert,nicht gefoerdert,51,94
2017,1,221,,35,gefoerdert,nicht gefoerdert,51,94
2018,1,289,,48,gefoerdert,nicht gefoerdert,51,94
2016,15,431,271.4655359160492,,gefoerdert,nicht gefoerdert,6,94
2017,13,473,330.7996297659756,,gefoerdert,nicht gefoerdert,6,94
2018,11,543,362.039926781867,,gefoerdert,nicht gefoerdert,6,94
2016,9,405,923.1722527349702,23,gefoerdert,nicht gefoerdert,40,94
2017,10,363,585.6852622609406,21,gefoerdert,nicht gefoerdert,40,94
2018,10,383,3123.636049331154,28,gefoerdert,nicht gefoerdert,40,94
2016,16,693,5753.109723730533,34,gefoerdert,nicht gefoerdert,8,94
2017,15,661,3771.655920920242,39,gefoerdert,nicht gefoerdert,8,94
2018,15,631,5266.307657767114,50,gefoerdert,nicht gefoerdert,8,94
2016,,,,,gefoerdert,nicht gefoerdert,29,94
2017,,,,,gefoerdert,nicht gefoerdert,29,94
2018,,,,,gefoerdert,nicht gefoerdert,29,94
2016,,,,,gefoerdert,nicht gefoerdert,11,94
2017,,,,,gefoerdert,nicht gefoerdert,11,94
2018,,,,,gefoerdert,nicht gefoerdert,11,94
2016,,,,42,gefoerdert,nicht gefoerdert,24,94
2017,,,,60,gefoerdert,nicht gefoerdert,24,94
2018,,,,60,gefoerdert,nicht gefoerdert,24,94
2016,,,,,gefoerdert,nicht gefoerdert,34,94
2017,,,,,gefoerdert,nicht gefoerdert,34,94
2018,,,,,gefoerdert,nicht gefoerdert,34,94
2016,0,12,48.50558772513598,,gefoerdert,nicht gefoerdert,50,73
2017,0,32,47.66239818554078,,gefoerdert,nicht gefoerdert,50,73
2018,0,50,958.4902062194711,,gefoerdert,nicht gefoerdert,50,73
2016,14,235,567.6051872864862,2,gefoerdert,nicht gefoerdert,18,73
2017,13,221,361.2031229626032,6,gefoerdert,nicht gefoerdert,18,73
2018,13,188,473.7218132922209,2,gefoerdert,nicht gefoerdert,18,73
2016,12,199,490.0195584915311,2,gefoerdert,nicht gefoerdert,27,73
2017,12,164,315.8188494195036,6,gefoerdert,nicht gefoerdert,27,73
2018,12,127,565.450085874671,2,gefoerdert,nicht gefoerdert,27,73
2016,9,449,288.8752459375117,24,gefoerdert,nicht gefoerdert,36,73
2017,9,483,312.2076957447545,54,gefoerdert,nicht gefoerdert,36,73
2018,7,453,174.7921530128808,66,gefoerdert,nicht gefoerdert,36,73
2016,14,1033,1107.384594598046,170,gefoerdert,nicht gefoerdert,23,73
2017,14,934,1042.161053215526,169,gefoerdert,nicht gefoerdert,23,73
2018,12,921,1741.740791997,190,gefoerdert,nicht gefoerdert,23,73
2016,,399,,93,gefoerdert,nicht gefoerdert,10,73
2017,,408,18.68252522851096,113,gefoerdert,nicht gefoerdert,10,73
2018,2,387,44.29695820074991,127,gefoerdert,nicht gefoerdert,10,73
2016,19,445,248.075431932992,5,gefoerdert,nicht gefoerdert,3,73
2017,18,424,396.2305457820542,4,gefoerdert,nicht gefoerdert,3,73
2018,17,419,697.3507156322992,5,gefoerdert,nicht gefoerdert,3,73
2016,4,146,250.5679565469083,,gefoerdert,nicht gefoerdert,4,73
2017,5,128,196.3723645843903,,gefoerdert,nicht gefoerdert,4,73
2018,4,110,360.7764764299816,1,gefoerdert,nicht gefoerdert,4,73
2016,13,1646,185.7849206199045,32,gefoerdert,nicht gefoerdert,22,73
2017,14,1612,365.4172012320292,56,gefoerdert,nicht gefoerdert,22,73
2018,14,1730,495.6667765711875,37,gefoerdert,nicht gefoerdert,22,73
2016,11,2049,482.888276758331,32,gefoerdert,nicht gefoerdert,5,73
2017,11,1924,567.1976408397803,56,gefoerdert,nicht gefoerdert,5,73
2018,11,1866,459.53635261715,37,gefoerdert,nicht gefoerdert,5,73
2016,6,812,11.99255131608466,32,gefoerdert,nicht gefoerdert,44,73
2017,8,719,59.36596617816214,56,gefoerdert,nicht gefoerdert,44,73
2018,6,680,14.42897350850893,37,gefoerdert,nicht gefoerdert,44,73
2016,4,192,139.0158228707788,32,gefoerdert,nicht gefoerdert,45,73
2017,4,172,85.37785982292618,56,gefoerdert,nicht gefoerdert,45,73
2018,4,131,83.80253625372077,37,gefoerdert,nicht gefoerdert,45,73
2016,8,64,1141.382654200361,32,gefoerdert,nicht gefoerdert,7,73
2017,10,60,1474.601110293684,56,gefoerdert,nicht gefoerdert,7,73
2018,9,52,1284.396116583416,37,gefoerdert,nicht gefoerdert,7,73
2016,5,532,217.3147077060014,18,gefoerdert,nicht gefoerdert,28,73
2017,6,491,375.5974520639796,12,gefoerdert,nicht gefoerdert,28,73
2018,6,470,525.5562954791955,7,gefoerdert,nicht gefoerdert,28,73
2016,13,725,631.7179020526856,1985,gefoerdert,nicht gefoerdert,39,73
2017,13,711,709.5260968596697,2250,gefoerdert,nicht gefoerdert,39,73
2018,15,818,872.7880587048434,2436,gefoerdert,nicht gefoerdert,39,73
2016,11,955,62.24487702028949,154,gefoerdert,nicht gefoerdert,17,73
2017,13,881,105.5818856065028,121,gefoerdert,nicht gefoerdert,17,73
2018,13,821,221.7022584740233,142,gefoerdert,nicht gefoerdert,17,73
2016,,,,,gefoerdert,nicht gefoerdert,46,73
2017,,,,,gefoerdert,nicht gefoerdert,46,73
2018,,,,,gefoerdert,nicht gefoerdert,46,73
2016,6,712,508.0102675072907,17,gefoerdert,nicht gefoerdert,49,73
2017,6,706,621.8746425654371,34,gefoerdert,nicht gefoerdert,49,73
2018,6,745,677.22183882892,23,gefoerdert,nicht gefoerdert,49,73
2016,13,917,1680.094059937134,,gefoerdert,nicht gefoerdert,41,73
2017,14,966,408.5041126108884,,gefoerdert,nicht gefoerdert,41,73
2018,12,1011,2351.892317340114,,gefoerdert,nicht gefoerdert,41,73
2016,,,,,gefoerdert,nicht gefoerdert,43,73
2017,,,,,gefoerdert,nicht gefoerdert,43,73
2018,,,,,gefoerdert,nicht gefoerdert,43,73
2016,8,638,338.0363080501102,203,gefoerdert,nicht gefoerdert,38,73
2017,8,618,405.7566371100366,207,gefoerdert,nicht gefoerdert,38,73
2018,8,625,111.5246408010791,217,gefoerdert,nicht gefoerdert,38,73
2016,6,747,458.1750340180261,107,gefoerdert,nicht gefoerdert,48,73
2017,7,768,1333.694443947322,90,gefoerdert,nicht gefoerdert,48,73
2018,7,758,771.0951140078228,146,gefoerdert,nicht gefoerdert,48,73
2016,3,,726.7877162622688,10,gefoerdert,nicht gefoerdert,47,73
2017,3,,376.3723695966582,19,gefoerdert,nicht gefoerdert,47,73
2018,2,,263.6250916679626,17,gefoerdert,nicht gefoerdert,47,73
2016,24,3023,163.378028218041,52,gefoerdert,nicht gefoerdert,42,73
2017,24,3038,872.14179001922,45,gefoerdert,nicht gefoerdert,42,73
2018,24,3046,355.8512084440255,64,gefoerdert,nicht gefoerdert,42,73
2016,,,,92,gefoerdert,nicht gefoerdert,53,73
2017,,,,111,gefoerdert,nicht gefoerdert,53,73
2018,,,,107,gefoerdert,nicht gefoerdert,53,73
2016,26,2666,906.2821087432784,472,gefoerdert,nicht gefoerdert,56,73
2017,24,2810,952.2479476284341,565,gefoerdert,nicht gefoerdert,56,73
2018,24,2799,876.8740338878073,639,gefoerdert,nicht gefoerdert,56,73
2016,,,,,gefoerdert,nicht gefoerdert,54,73
2017,,,,,gefoerdert,nicht gefoerdert,54,73
2018,,,,,gefoerdert,nicht gefoerdert,54,73
2016,0,10,0,,gefoerdert,nicht gefoerdert,33,73
2017,0,9,0,,gefoerdert,nicht gefoerdert,33,73
2018,0,15,750.5636618622472,,gefoerdert,nicht gefoerdert,33,73
2016,18,844,758.4171117004227,566,gefoerdert,nicht gefoerdert,32,73
2017,18,805,1038.302827217989,684,gefoerdert,nicht gefoerdert,32,73
2018,18,778,1125.63883013814,687,gefoerdert,nicht gefoerdert,32,73
2016,7,584,521.4329440331404,171,gefoerdert,nicht gefoerdert,25,73
2017,8,647,656.2122508514025,162,gefoerdert,nicht gefoerdert,25,73
2018,9,690,746.0571215942746,235,gefoerdert,nicht gefoerdert,25,73
2016,41,637,24291.09200236813,27546,gefoerdert,nicht gefoerdert,37,73
2017,40,544,19667.95981382685,28340,gefoerdert,nicht gefoerdert,37,73
2018,40,557,21607.4098876802,30771,gefoerdert,nicht gefoerdert,37,73
2016,27,1414,4030.097946916089,13802,gefoerdert,nicht gefoerdert,13,73
2017,26,1328,6570.791399324216,13668,gefoerdert,nicht gefoerdert,13,73
2018,24,1153,6412.481559938102,14927,gefoerdert,nicht gefoerdert,13,73
2016,5,557,1130.723438142617,992,gefoerdert,nicht gefoerdert,35,73
2017,6,546,593.6340164060443,961,gefoerdert,nicht gefoerdert,35,73
2018,5,517,1610.850275328914,991,gefoerdert,nicht gefoerdert,35,73
2016,22,1288,2727.437678013554,12808,gefoerdert,nicht gefoerdert,12,73
2017,20,1284,2613.516008996007,13571,gefoerdert,nicht gefoerdert,12,73
2018,23,1312,12756.14752710374,14150,gefoerdert,nicht gefoerdert,12,73
2016,13,463,3481.898586360136,7910,gefoerdert,nicht gefoerdert,21,73
2017,14,431,2110.109878758717,8811,gefoerdert,nicht gefoerdert,21,73
2018,14,382,3722.157644720492,8881,gefoerdert,nicht gefoerdert,21,73
2016,6,825,567.6945804901864,69,gefoerdert,nicht gefoerdert,20,73
2017,6,744,417.1573676994435,83,gefoerdert,nicht gefoerdert,20,73
2018,6,720,449.6175049846512,114,gefoerdert,nicht gefoerdert,20,73
2016,,,,,gefoerdert,nicht gefoerdert,30,73
2017,,,,,gefoerdert,nicht gefoerdert,30,73
2018,,,,,gefoerdert,nicht gefoerdert,30,73
2016,,,,451,gefoerdert,nicht gefoerdert,2,73
2017,,,,532,gefoerdert,nicht gefoerdert,2,73
2018,,,,485,gefoerdert,nicht gefoerdert,2,73
2016,,,,138,gefoerdert,nicht gefoerdert,19,73
2017,,,,179,gefoerdert,nicht gefoerdert,19,73
2018,,,,217,gefoerdert,nicht gefoerdert,19,73
2016,,,,413,gefoerdert,nicht gefoerdert,16,73
2017,,,,478,gefoerdert,nicht gefoerdert,16,73
2018,,,,595,gefoerdert,nicht gefoerdert,16,73
2016,,,,11,gefoerdert,nicht gefoerdert,55,73
2017,,,,19,gefoerdert,nicht gefoerdert,55,73
2018,,,,19,gefoerdert,nicht gefoerdert,55,73
2016,,,,12,gefoerdert,nicht gefoerdert,9,73
2017,,,,12,gefoerdert,nicht gefoerdert,9,73
2018,,,,21,gefoerdert,nicht gefoerdert,9,73
2016,,,,3360,gefoerdert,nicht gefoerdert,31,73
2017,,,,3456,gefoerdert,nicht gefoerdert,31,73
2018,,,,4060,gefoerdert,nicht gefoerdert,31,73
2016,,,,257,gefoerdert,nicht gefoerdert,15,73
2017,,,,267,gefoerdert,nicht gefoerdert,15,73
2018,,,,251,gefoerdert,nicht gefoerdert,15,73
2016,,,,16,gefoerdert,nicht gefoerdert,51,73
2017,,,,34,gefoerdert,nicht gefoerdert,51,73
2018,,,,81,gefoerdert,nicht gefoerdert,51,73
2016,,,,,gefoerdert,nicht gefoerdert,6,73
2017,,,,1,gefoerdert,nicht gefoerdert,6,73
2018,,,,1,gefoerdert,nicht gefoerdert,6,73
2016,,,,18,gefoerdert,nicht gefoerdert,40,73
2017,,,,18,gefoerdert,nicht gefoerdert,40,73
2018,,,,24,gefoerdert,nicht gefoerdert,40,73
2016,,,,34,gefoerdert,nicht gefoerdert,8,73
2017,,,,39,gefoerdert,nicht gefoerdert,8,73
2018,,,,43,gefoerdert,nicht gefoerdert,8,73
2016,5,245,347.1247781106047,2,gefoerdert,nicht gefoerdert,29,73
2017,5,231,163.5306481241361,2,gefoerdert,nicht gefoerdert,29,73
2018,6,229,177.8150742549335,1,gefoerdert,nicht gefoerdert,29,73
2016,13,142,0,2,gefoerdert,nicht gefoerdert,11,73
2017,13,118,0,2,gefoerdert,nicht gefoerdert,11,73
2018,13,120,2.695828776518098,1,gefoerdert,nicht gefoerdert,11,73
2016,,,,1,gefoerdert,nicht gefoerdert,24,73
2017,,,,6,gefoerdert,nicht gefoerdert,24,73
2018,,,,4,gefoerdert,nicht gefoerdert,24,73
2016,6,595,148.7932968738426,1,gefoerdert,nicht gefoerdert,14,73
2017,8,622,154.8764856053075,3,gefoerdert,nicht gefoerdert,14,73
2018,7,632,185.3858490996331,,gefoerdert,nicht gefoerdert,14,73
2016,27,460,255.7085772274614,2,gefoerdert,nicht gefoerdert,34,73
2017,31,429,287.354995412818,2,gefoerdert,nicht gefoerdert,34,73
2018,33,407,668.4037934315105,2,gefoerdert,nicht gefoerdert,34,73
2016,5,564,139.0353865137374,,gefoerdert,in 3 Linien gefoerdert,50,57
2017,7,583,103.1006431676772,,gefoerdert,in 3 Linien gefoerdert,50,57
2018,4,589,143.7379902215115,,gefoerdert,in 3 Linien gefoerdert,50,57
2016,,,,4,gefoerdert,in 3 Linien gefoerdert,18,57
2017,,,,2,gefoerdert,in 3 Linien gefoerdert,18,57
2018,,,,4,gefoerdert,in 3 Linien gefoerdert,18,57
2016,13,410,255.3044608437918,4,gefoerdert,in 3 Linien gefoerdert,27,57
2017,14,326,347.9515138244731,2,gefoerdert,in 3 Linien gefoerdert,27,57
2018,15,240,409.5197668493994,4,gefoerdert,in 3 Linien gefoerdert,27,57
2016,7,239,999.5670708558411,37,gefoerdert,in 3 Linien gefoerdert,36,57
2017,6,235,883.4583669211046,71,gefoerdert,in 3 Linien gefoerdert,36,57
2018,7,229,1088.46960823026,53,gefoerdert,in 3 Linien gefoerdert,36,57
2016,17,1008,3123.720648334159,52,gefoerdert,in 3 Linien gefoerdert,23,57
2017,17,889,3537.965318810595,71,gefoerdert,in 3 Linien gefoerdert,23,57
2018,16,722,2725.275352856136,65,gefoerdert,in 3 Linien gefoerdert,23,57
2016,,,,24,gefoerdert,in 3 Linien gefoerdert,10,57
2017,,,,29,gefoerdert,in 3 Linien gefoerdert,10,57
2018,,,,18,gefoerdert,in 3 Linien gefoerdert,10,57
2016,1,55,223.851024532756,12,gefoerdert,in 3 Linien gefoerdert,3,57
2017,0,40,295.9268051442057,18,gefoerdert,in 3 Linien gefoerdert,3,57
2018,0,36,169.8012745700987,41,gefoerdert,in 3 Linien gefoerdert,3,57
2016,2,112,281.2039110480731,1,gefoerdert,in 3 Linien gefoerdert,4,57
2017,2,90,270.3558946914546,3,gefoerdert,in 3 Linien gefoerdert,4,57
2018,3,82,296.6876337346114,,gefoerdert,in 3 Linien gefoerdert,4,57
2016,12,979,1235.14333818716,98,gefoerdert,in 3 Linien gefoerdert,22,57
2017,10,891,1370.049395375576,91,gefoerdert,in 3 Linien gefoerdert,22,57
2018,11,840,1310.897969471518,113,gefoerdert,in 3 Linien gefoerdert,22,57
2016,6,831,946.5260425049541,98,gefoerdert,in 3 Linien gefoerdert,5,57
2017,6,735,1083.711754943597,91,gefoerdert,in 3 Linien gefoerdert,5,57
2018,7,680,1127.515138374726,113,gefoerdert,in 3 Linien gefoerdert,5,57
2016,5,683,624.318440708385,98,gefoerdert,in 3 Linien gefoerdert,44,57
2017,7,615,602.7410983150994,91,gefoerdert,in 3 Linien gefoerdert,44,57
2018,5,540,554.7817844596867,113,gefoerdert,in 3 Linien gefoerdert,44,57
2016,2,71,1174.073515791543,98,gefoerdert,in 3 Linien gefoerdert,45,57
2017,2,71,864.0073058378196,91,gefoerdert,in 3 Linien gefoerdert,45,57
2018,2,78,1100.157785461068,113,gefoerdert,in 3 Linien gefoerdert,45,57
2016,8,227,536.6853113322467,98,gefoerdert,in 3 Linien gefoerdert,7,57
2017,6,214,548.6706509052137,91,gefoerdert,in 3 Linien gefoerdert,7,57
2018,7,185,862.6930706484393,113,gefoerdert,in 3 Linien gefoerdert,7,57
2016,6,324,326.6554961856385,15,gefoerdert,in 3 Linien gefoerdert,28,57
2017,6,304,475.2140864986974,8,gefoerdert,in 3 Linien gefoerdert,28,57
2018,5,322,415.8315887779166,16,gefoerdert,in 3 Linien gefoerdert,28,57
2016,8,571,1504.797908734034,3344,gefoerdert,in 3 Linien gefoerdert,39,57
2017,8,577,1593.648702741011,3693,gefoerdert,in 3 Linien gefoerdert,39,57
2018,8,601,1568.222921574436,3566,gefoerdert,in 3 Linien gefoerdert,39,57
2016,3,218,254.8966505260849,362,gefoerdert,in 3 Linien gefoerdert,17,57
2017,3,178,360.5022796611776,415,gefoerdert,in 3 Linien gefoerdert,17,57
2018,3,186,231.9877430981771,526,gefoerdert,in 3 Linien gefoerdert,17,57
2016,4,425,780.0949920126062,43,gefoerdert,in 3 Linien gefoerdert,49,57
2017,4,429,796.7310396174535,55,gefoerdert,in 3 Linien gefoerdert,49,57
2018,4,464,807.9722219821142,55,gefoerdert,in 3 Linien gefoerdert,49,57
2016,2,97,0,,gefoerdert,in 3 Linien gefoerdert,41,57
2017,0,95,20.83623071009942,,gefoerdert,in 3 Linien gefoerdert,41,57
2018,0,109,-.0278568969020826,,gefoerdert,in 3 Linien gefoerdert,41,57
2016,5,511,290.6983160443786,224,gefoerdert,in 3 Linien gefoerdert,38,57
2017,5,543,240.2607602622444,272,gefoerdert,in 3 Linien gefoerdert,38,57
2018,5,543,201.3379655926409,299,gefoerdert,in 3 Linien gefoerdert,38,57
2016,3,287,1033.086623925953,89,gefoerdert,in 3 Linien gefoerdert,48,57
2017,3,291,646.9734938294228,92,gefoerdert,in 3 Linien gefoerdert,48,57
2018,3,302,923.8847420494162,130,gefoerdert,in 3 Linien gefoerdert,48,57
2016,,,,13,gefoerdert,in 3 Linien gefoerdert,47,57
2017,,,,10,gefoerdert,in 3 Linien gefoerdert,47,57
2018,,,,25,gefoerdert,in 3 Linien gefoerdert,47,57
2016,22,2124,904.8035121928191,39,gefoerdert,in 3 Linien gefoerdert,42,57
2017,23,2229,696.3293802728564,44,gefoerdert,in 3 Linien gefoerdert,42,57
2018,22,2196,782.2171628078198,41,gefoerdert,in 3 Linien gefoerdert,42,57
2016,,,,39,gefoerdert,in 3 Linien gefoerdert,53,57
2017,,,,42,gefoerdert,in 3 Linien gefoerdert,53,57
2018,,,,55,gefoerdert,in 3 Linien gefoerdert,53,57
2016,17,2219,799.202064724162,427,gefoerdert,in 3 Linien gefoerdert,56,57
2017,17,2163,626.8792461682468,527,gefoerdert,in 3 Linien gefoerdert,56,57
2018,16,2105,578.0998367974937,576,gefoerdert,in 3 Linien gefoerdert,56,57
2016,1,18,2.327746740979983,,gefoerdert,in 3 Linien gefoerdert,33,57
2017,1,11,44.17932131367004,,gefoerdert,in 3 Linien gefoerdert,33,57
2018,3,9,2.246523980431749,,gefoerdert,in 3 Linien gefoerdert,33,57
2016,18,683,1047.336116548837,1476,gefoerdert,in 3 Linien gefoerdert,32,57
2017,18,605,2117.140816043756,1521,gefoerdert,in 3 Linien gefoerdert,32,57
2018,18,570,1506.864077197572,1691,gefoerdert,in 3 Linien gefoerdert,32,57
2016,15,811,10050.67304539379,791,gefoerdert,in 3 Linien gefoerdert,25,57
2017,16,822,8328.992558558777,988,gefoerdert,in 3 Linien gefoerdert,25,57
2018,14,877,7668.186669381585,1183,gefoerdert,in 3 Linien gefoerdert,25,57
2016,19,402,9632.27966350012,16767,gefoerdert,in 3 Linien gefoerdert,37,57
2017,20,431,8911.907450155042,16052,gefoerdert,in 3 Linien gefoerdert,37,57
2018,21,435,10799.56379279961,17899,gefoerdert,in 3 Linien gefoerdert,37,57
2016,20,887,6539.066136613858,14960,gefoerdert,in 3 Linien gefoerdert,13,57
2017,20,845,6732.387922642381,14569,gefoerdert,in 3 Linien gefoerdert,13,57
2018,18,789,7652.403960870623,15738,gefoerdert,in 3 Linien gefoerdert,13,57
2016,7,644,1801.844534570112,886,gefoerdert,in 3 Linien gefoerdert,35,57
2017,8,637,2000.333040720861,848,gefoerdert,in 3 Linien gefoerdert,35,57
2018,8,672,1573.353069695375,973,gefoerdert,in 3 Linien gefoerdert,35,57
2016,32,1129,16779.35143030581,25512,gefoerdert,in 3 Linien gefoerdert,12,57
2017,31,1146,11042.83740911005,26896,gefoerdert,in 3 Linien gefoerdert,12,57
2018,31,1122,14486.13070585042,29042,gefoerdert,in 3 Linien gefoerdert,12,57
2016,6,268,1540.804445517006,3575,gefoerdert,in 3 Linien gefoerdert,21,57
2017,8,220,2527.835381572195,4063,gefoerdert,in 3 Linien gefoerdert,21,57
2018,8,215,2285.890364220881,5181,gefoerdert,in 3 Linien gefoerdert,21,57
2016,4,293,475.5698262289538,110,gefoerdert,in 3 Linien gefoerdert,20,57
2017,4,310,445.1033721897137,170,gefoerdert,in 3 Linien gefoerdert,20,57
2018,5,348,642.4546315138872,188,gefoerdert,in 3 Linien gefoerdert,20,57
2016,,,,,gefoerdert,in 3 Linien gefoerdert,1,57
2017,,,,,gefoerdert,in 3 Linien gefoerdert,1,57
2018,,,,,gefoerdert,in 3 Linien gefoerdert,1,57
2016,1,,0,,gefoerdert,in 3 Linien gefoerdert,30,57
2017,1,0,434.3366980335993,,gefoerdert,in 3 Linien gefoerdert,30,57
2018,1,0,535.335859721843,,gefoerdert,in 3 Linien gefoerdert,30,57
2016,,,,990,gefoerdert,in 3 Linien gefoerdert,2,57
2017,,,,1102,gefoerdert,in 3 Linien gefoerdert,2,57
2018,,,,1233,gefoerdert,in 3 Linien gefoerdert,2,57
2016,19,1422,6669.924602327974,1240,gefoerdert,in 3 Linien gefoerdert,19,57
2017,18,1487,6129.39989160915,1449,gefoerdert,in 3 Linien gefoerdert,19,57
2018,18,1499,5782.2464612293,1710,gefoerdert,in 3 Linien gefoerdert,19,57
2016,,,,562,gefoerdert,in 3 Linien gefoerdert,16,57
2017,,,,614,gefoerdert,in 3 Linien gefoerdert,16,57
2018,,,,824,gefoerdert,in 3 Linien gefoerdert,16,57
2016,1,42,0,,gefoerdert,in 3 Linien gefoerdert,26,57
2017,1,78,0,,gefoerdert,in 3 Linien gefoerdert,26,57
2018,1,154,235.4357131492472,,gefoerdert,in 3 Linien gefoerdert,26,57
2016,,,,37,gefoerdert,in 3 Linien gefoerdert,55,57
2017,,,,35,gefoerdert,in 3 Linien gefoerdert,55,57
2018,,,,41,gefoerdert,in 3 Linien gefoerdert,55,57
2016,,,,15,gefoerdert,in 3 Linien gefoerdert,9,57
2017,,,,16,gefoerdert,in 3 Linien gefoerdert,9,57
2018,,,,20,gefoerdert,in 3 Linien gefoerdert,9,57
2016,1,107,0,5188,gefoerdert,in 3 Linien gefoerdert,31,57
2017,3,135,0,5567,gefoerdert,in 3 Linien gefoerdert,31,57
2018,4,147,1519.575804978253,6383,gefoerdert,in 3 Linien gefoerdert,31,57
2016,20,810,14701.41374133223,460,gefoerdert,in 3 Linien gefoerdert,15,57
2017,22,783,17668.52269995576,521,gefoerdert,in 3 Linien gefoerdert,15,57
2018,22,759,16073.75622320898,722,gefoerdert,in 3 Linien gefoerdert,15,57
2016,,,,26,gefoerdert,in 3 Linien gefoerdert,51,57
2017,,,,36,gefoerdert,in 3 Linien gefoerdert,51,57
2018,,,0,27,gefoerdert,in 3 Linien gefoerdert,51,57
2016,,,,3,gefoerdert,in 3 Linien gefoerdert,6,57
2017,,,,4,gefoerdert,in 3 Linien gefoerdert,6,57
2018,,,,9,gefoerdert,in 3 Linien gefoerdert,6,57
2016,,,,148,gefoerdert,in 3 Linien gefoerdert,40,57
2017,,,,139,gefoerdert,in 3 Linien gefoerdert,40,57
2018,,0,0,221,gefoerdert,in 3 Linien gefoerdert,40,57
2016,,,,185,gefoerdert,in 3 Linien gefoerdert,8,57
2017,,,,213,gefoerdert,in 3 Linien gefoerdert,8,57
2018,,,,195,gefoerdert,in 3 Linien gefoerdert,8,57
2016,,,,,gefoerdert,in 3 Linien gefoerdert,52,57
2017,1,,0,,gefoerdert,in 3 Linien gefoerdert,52,57
2018,1,,201.8636582372074,,gefoerdert,in 3 Linien gefoerdert,52,57
2016,3,262,163.9180671668409,,gefoerdert,in 3 Linien gefoerdert,29,57
2017,3,219,194.3275332850454,,gefoerdert,in 3 Linien gefoerdert,29,57
2018,3,207,205.9676094512892,1,gefoerdert,in 3 Linien gefoerdert,29,57
2016,,,,,gefoerdert,in 3 Linien gefoerdert,11,57
2017,,,,,gefoerdert,in 3 Linien gefoerdert,11,57
2018,,,,1,gefoerdert,in 3 Linien gefoerdert,11,57
2016,,,,22,gefoerdert,in 3 Linien gefoerdert,24,57
2017,,,,21,gefoerdert,in 3 Linien gefoerdert,24,57
2018,,,,34,gefoerdert,in 3 Linien gefoerdert,24,57
2016,,,,,gefoerdert,in 3 Linien gefoerdert,14,57
2017,,,,,gefoerdert,in 3 Linien gefoerdert,14,57
2018,,,,,gefoerdert,in 3 Linien gefoerdert,14,57
2016,2,82,0,,gefoerdert,in 3 Linien gefoerdert,34,57
2017,2,68,79.43183919270753,,gefoerdert,in 3 Linien gefoerdert,34,57
2018,2,65,55.73805755762346,2,gefoerdert,in 3 Linien gefoerdert,34,57
2016,0,118,6287.510365275649,,gefoerdert,in 3 Linien gefoerdert,50,83
2017,0,123,5576.428300416634,,gefoerdert,in 3 Linien gefoerdert,50,83
2018,0,121,6059.209521176201,,gefoerdert,in 3 Linien gefoerdert,50,83
2016,17,416,984.4487649474079,17,gefoerdert,in 3 Linien gefoerdert,18,83
2017,17,467,940.7648502911205,9,gefoerdert,in 3 Linien gefoerdert,18,83
2018,17,470,853.487697312802,12,gefoerdert,in 3 Linien gefoerdert,18,83
2016,,,,17,gefoerdert,in 3 Linien gefoerdert,27,83
2017,,,,9,gefoerdert,in 3 Linien gefoerdert,27,83
2018,,,,12,gefoerdert,in 3 Linien gefoerdert,27,83
2016,6,511,158.360330296295,68,gefoerdert,in 3 Linien gefoerdert,36,83
2017,5,499,206.6093367886703,84,gefoerdert,in 3 Linien gefoerdert,36,83
2018,6,540,222.5182002617647,97,gefoerdert,in 3 Linien gefoerdert,36,83
2016,27,1069,2559.050206395596,62,gefoerdert,in 3 Linien gefoerdert,23,83
2017,26,1065,3010.74576115343,73,gefoerdert,in 3 Linien gefoerdert,23,83
2018,31,986,3396.288591390601,85,gefoerdert,in 3 Linien gefoerdert,23,83
2016,,,,32,gefoerdert,in 3 Linien gefoerdert,10,83
2017,,,,36,gefoerdert,in 3 Linien gefoerdert,10,83
2018,,,,35,gefoerdert,in 3 Linien gefoerdert,10,83
2016,7,454,883.4767261034327,7,gefoerdert,in 3 Linien gefoerdert,3,83
2017,7,415,848.0384316467139,6,gefoerdert,in 3 Linien gefoerdert,3,83
2018,7,305,905.4336281503682,11,gefoerdert,in 3 Linien gefoerdert,3,83
2016,6,150,513.8705517829219,9,gefoerdert,in 3 Linien gefoerdert,4,83
2017,5,132,663.6321825540139,7,gefoerdert,in 3 Linien gefoerdert,4,83
2018,5,134,652.5747942408726,2,gefoerdert,in 3 Linien gefoerdert,4,83
2016,10,1267,1897.329660624985,30,gefoerdert,in 3 Linien gefoerdert,22,83
2017,10,1181,2255.6688423943,37,gefoerdert,in 3 Linien gefoerdert,22,83
2018,11,1091,2385.564069980802,30,gefoerdert,in 3 Linien gefoerdert,22,83
2016,5,1443,92.20298041818961,30,gefoerdert,in 3 Linien gefoerdert,5,83
2017,5,1348,63.65324614973204,37,gefoerdert,in 3 Linien gefoerdert,5,83
2018,5,1275,92.83266042557696,30,gefoerdert,in 3 Linien gefoerdert,5,83
2016,5,664,44.22904925307689,30,gefoerdert,in 3 Linien gefoerdert,44,83
2017,5,638,124.041167282197,37,gefoerdert,in 3 Linien gefoerdert,44,83
2018,5,588,124.4412487167434,30,gefoerdert,in 3 Linien gefoerdert,44,83
2016,2,250,158.1210486153161,30,gefoerdert,in 3 Linien gefoerdert,45,83
2017,1,207,267.3796909198056,37,gefoerdert,in 3 Linien gefoerdert,45,83
2018,2,190,130.4502615901834,30,gefoerdert,in 3 Linien gefoerdert,45,83
2016,14,877,1243.299771860315,30,gefoerdert,in 3 Linien gefoerdert,7,83
2017,21,795,1024.674285504693,37,gefoerdert,in 3 Linien gefoerdert,7,83
2018,21,749,1990.089630291581,30,gefoerdert,in 3 Linien gefoerdert,7,83
2016,3,380,101.4404083687341,19,gefoerdert,in 3 Linien gefoerdert,28,83
2017,2,331,96.69075814208645,12,gefoerdert,in 3 Linien gefoerdert,28,83
2018,2,291,107.0711305104889,20,gefoerdert,in 3 Linien gefoerdert,28,83
2016,10,632,2150.886407616269,4352,gefoerdert,in 3 Linien gefoerdert,39,83
2017,8,601,1859.180223442449,5195,gefoerdert,in 3 Linien gefoerdert,39,83
2018,10,622,1573.470770878529,5271,gefoerdert,in 3 Linien gefoerdert,39,83
2016,3,459,115.5176926282914,297,gefoerdert,in 3 Linien gefoerdert,17,83
2017,4,353,111.8563610945815,283,gefoerdert,in 3 Linien gefoerdert,17,83
2018,4,304,150.5791109701742,269,gefoerdert,in 3 Linien gefoerdert,17,83
2016,,,,,gefoerdert,in 3 Linien gefoerdert,46,83
2017,,,,,gefoerdert,in 3 Linien gefoerdert,46,83
2018,,,,,gefoerdert,in 3 Linien gefoerdert,46,83
2016,3,401,156.3407855209649,17,gefoerdert,in 3 Linien gefoerdert,49,83
2017,3,391,157.2717245948994,28,gefoerdert,in 3 Linien gefoerdert,49,83
2018,2,404,49.44419452060628,35,gefoerdert,in 3 Linien gefoerdert,49,83
2016,0,,789.5884593179637,,gefoerdert,in 3 Linien gefoerdert,41,83
2017,0,,23.00091435293959,,gefoerdert,in 3 Linien gefoerdert,41,83
2018,0,,13.65616956775353,,gefoerdert,in 3 Linien gefoerdert,41,83
2016,7,,532.5735649405625,,gefoerdert,in 3 Linien gefoerdert,43,83
2017,,1,698.7959712028805,,gefoerdert,in 3 Linien gefoerdert,43,83
2018,,,,,gefoerdert,in 3 Linien gefoerdert,43,83
2016,5,609,967.8686840958231,281,gefoerdert,in 3 Linien gefoerdert,38,83
2017,5,577,77.70814048693846,320,gefoerdert,in 3 Linien gefoerdert,38,83
2018,5,597,400.8940142516821,420,gefoerdert,in 3 Linien gefoerdert,38,83
2016,6,496,68.92923535730418,164,gefoerdert,in 3 Linien gefoerdert,48,83
2017,6,487,1222.942383614251,189,gefoerdert,in 3 Linien gefoerdert,48,83
2018,6,466,600.6944601484382,203,gefoerdert,in 3 Linien gefoerdert,48,83
2016,1,147,735.5828595453323,11,gefoerdert,in 3 Linien gefoerdert,47,83
2017,1,139,740.8371320135714,25,gefoerdert,in 3 Linien gefoerdert,47,83
2018,1,120,889.9317351369593,34,gefoerdert,in 3 Linien gefoerdert,47,83
2016,25,2374,571.1676172719615,53,gefoerdert,in 3 Linien gefoerdert,42,83
2017,23,2409,931.817029375306,90,gefoerdert,in 3 Linien gefoerdert,42,83
2018,24,2328,384.804383177377,106,gefoerdert,in 3 Linien gefoerdert,42,83
2016,,,,106,gefoerdert,in 3 Linien gefoerdert,53,83
2017,,,,138,gefoerdert,in 3 Linien gefoerdert,53,83
2018,,,,144,gefoerdert,in 3 Linien gefoerdert,53,83
2016,16,1075,858.4245791226533,759,gefoerdert,in 3 Linien gefoerdert,56,83
2017,16,1010,1172.333014872335,937,gefoerdert,in 3 Linien gefoerdert,56,83
2018,16,1066,1110.903365984656,1069,gefoerdert,in 3 Linien gefoerdert,56,83
2016,13,,11541.10746101757,,gefoerdert,in 3 Linien gefoerdert,33,83
2017,14,,10254.67820714491,,gefoerdert,in 3 Linien gefoerdert,33,83
2018,11,,11734.82946043583,,gefoerdert,in 3 Linien gefoerdert,33,83
2016,15,907,2811.198371093865,1906,gefoerdert,in 3 Linien gefoerdert,32,83
2017,20,803,3490.318360900171,2063,gefoerdert,in 3 Linien gefoerdert,32,83
2018,20,773,3321.152236664995,2233,gefoerdert,in 3 Linien gefoerdert,32,83
2016,11,755,623.4515596344858,457,gefoerdert,in 3 Linien gefoerdert,25,83
2017,11,752,1300.211327848792,524,gefoerdert,in 3 Linien gefoerdert,25,83
2018,10,783,748.1517748495644,634,gefoerdert,in 3 Linien gefoerdert,25,83
2016,42,1818,19941.46080506865,44127,gefoerdert,in 3 Linien gefoerdert,37,83
2017,41,1809,25237.02681649701,47357,gefoerdert,in 3 Linien gefoerdert,37,83
2018,40,1854,26017.80858232298,55011,gefoerdert,in 3 Linien gefoerdert,37,83
2016,16,764,5548.669455909507,15724,gefoerdert,in 3 Linien gefoerdert,13,83
2017,15,808,8151.816602201983,16723,gefoerdert,in 3 Linien gefoerdert,13,83
2018,17,801,4557.039669917037,17631,gefoerdert,in 3 Linien gefoerdert,13,83
2016,7,673,1222.294244372656,1529,gefoerdert,in 3 Linien gefoerdert,35,83
2017,7,684,1143.327522715602,1682,gefoerdert,in 3 Linien gefoerdert,35,83
2018,6,727,1491.808746641405,1996,gefoerdert,in 3 Linien gefoerdert,35,83
2016,35,984,21820.88170518375,32972,gefoerdert,in 3 Linien gefoerdert,12,83
2017,38,994,24723.408549724,35014,gefoerdert,in 3 Linien gefoerdert,12,83
2018,39,1039,21410.89169229821,38262,gefoerdert,in 3 Linien gefoerdert,12,83
2016,8,157,1883.832366631584,5425,gefoerdert,in 3 Linien gefoerdert,21,83
2017,9,149,3250.757438785818,5982,gefoerdert,in 3 Linien gefoerdert,21,83
2018,8,141,4693.315481912044,6802,gefoerdert,in 3 Linien gefoerdert,21,83
2016,9,544,1202.209472566085,110,gefoerdert,in 3 Linien gefoerdert,20,83
2017,7,565,2315.288295729261,130,gefoerdert,in 3 Linien gefoerdert,20,83
2018,9,516,2108.459724736695,141,gefoerdert,in 3 Linien gefoerdert,20,83
2016,,,,615,gefoerdert,in 3 Linien gefoerdert,2,83
2017,,,,724,gefoerdert,in 3 Linien gefoerdert,2,83
2018,,,,880,gefoerdert,in 3 Linien gefoerdert,2,83
2016,,,,40,gefoerdert,in 3 Linien gefoerdert,19,83
2017,,,,50,gefoerdert,in 3 Linien gefoerdert,19,83
2018,,,,48,gefoerdert,in 3 Linien gefoerdert,19,83
2016,,,,1089,gefoerdert,in 3 Linien gefoerdert,16,83
2017,,,,1428,gefoerdert,in 3 Linien gefoerdert,16,83
2018,,,,1749,gefoerdert,in 3 Linien gefoerdert,16,83
2016,,,,26,gefoerdert,in 3 Linien gefoerdert,55,83
2017,,,,26,gefoerdert,in 3 Linien gefoerdert,55,83
2018,,,,18,gefoerdert,in 3 Linien gefoerdert,55,83
2016,,,,8,gefoerdert,in 3 Linien gefoerdert,9,83
2017,,,,9,gefoerdert,in 3 Linien gefoerdert,9,83
2018,,,,6,gefoerdert,in 3 Linien gefoerdert,9,83
2016,,,,3700,gefoerdert,in 3 Linien gefoerdert,31,83
2017,,,,4210,gefoerdert,in 3 Linien gefoerdert,31,83
2018,,,,4663,gefoerdert,in 3 Linien gefoerdert,31,83
2016,,,,342,gefoerdert,in 3 Linien gefoerdert,15,83
2017,,,,418,gefoerdert,in 3 Linien gefoerdert,15,83
2018,,,,534,gefoerdert,in 3 Linien gefoerdert,15,83
2016,,,,37,gefoerdert,in 3 Linien gefoerdert,51,83
2017,,,,51,gefoerdert,in 3 Linien gefoerdert,51,83
2018,,,,71,gefoerdert,in 3 Linien gefoerdert,51,83
2016,,,,,gefoerdert,in 3 Linien gefoerdert,6,83
2017,,,,1,gefoerdert,in 3 Linien gefoerdert,6,83
2018,,,,,gefoerdert,in 3 Linien gefoerdert,6,83
2016,,,,76,gefoerdert,in 3 Linien gefoerdert,40,83
2017,,,,80,gefoerdert,in 3 Linien gefoerdert,40,83
2018,,,,105,gefoerdert,in 3 Linien gefoerdert,40,83
2016,,,,22,gefoerdert,in 3 Linien gefoerdert,8,83
2017,,,,50,gefoerdert,in 3 Linien gefoerdert,8,83
2018,,,,53,gefoerdert,in 3 Linien gefoerdert,8,83
2016,6,425,387.6871574011641,1,gefoerdert,in 3 Linien gefoerdert,29,83
2017,6,389,423.508681590993,,gefoerdert,in 3 Linien gefoerdert,29,83
2018,6,338,272.5725480353876,2,gefoerdert,in 3 Linien gefoerdert,29,83
2016,,,,1,gefoerdert,in 3 Linien gefoerdert,11,83
2017,,,,,gefoerdert,in 3 Linien gefoerdert,11,83
2018,,,,2,gefoerdert,in 3 Linien gefoerdert,11,83
2016,,,,7,gefoerdert,in 3 Linien gefoerdert,24,83
2017,,,,16,gefoerdert,in 3 Linien gefoerdert,24,83
2018,,,,21,gefoerdert,in 3 Linien gefoerdert,24,83
2016,,,,2,gefoerdert,in 3 Linien gefoerdert,14,83
2017,,,,,gefoerdert,in 3 Linien gefoerdert,14,83
2018,,,,,gefoerdert,in 3 Linien gefoerdert,14,83
2016,2,180,2.346368697148525,1,gefoerdert,in 3 Linien gefoerdert,34,83
2017,2,155,118.7429052824014,,gefoerdert,in 3 Linien gefoerdert,34,83
2018,2,140,42.87715682763729,1,gefoerdert,in 3 Linien gefoerdert,34,83
2016,2,65,312.0577224128011,,gefoerdert,in 3 Linien gefoerdert,50,108
2017,2,384,323.0292903731171,,gefoerdert,in 3 Linien gefoerdert,50,108
2018,2,448,309.9601149619708,,gefoerdert,in 3 Linien gefoerdert,50,108
2016,0,,,3,gefoerdert,in 3 Linien gefoerdert,18,108
2017,,,,7,gefoerdert,in 3 Linien gefoerdert,18,108
2018,,,,5,gefoerdert,in 3 Linien gefoerdert,18,108
2016,,,,3,gefoerdert,in 3 Linien gefoerdert,27,108
2017,,,,7,gefoerdert,in 3 Linien gefoerdert,27,108
2018,,,,5,gefoerdert,in 3 Linien gefoerdert,27,108
2016,4,182,1057.272799108904,45,gefoerdert,in 3 Linien gefoerdert,36,108
2017,4,178,1040.962463468361,53,gefoerdert,in 3 Linien gefoerdert,36,108
2018,4,166,582.7312631763903,77,gefoerdert,in 3 Linien gefoerdert,36,108
2016,10,249,7378.660290269465,32,gefoerdert,in 3 Linien gefoerdert,23,108
2017,8,224,5661.441059159114,33,gefoerdert,in 3 Linien gefoerdert,23,108
2018,9,217,7114.737935833627,53,gefoerdert,in 3 Linien gefoerdert,23,108
2016,,,0,33,gefoerdert,in 3 Linien gefoerdert,10,108
2017,,,,28,gefoerdert,in 3 Linien gefoerdert,10,108
2018,,,,37,gefoerdert,in 3 Linien gefoerdert,10,108
2016,20,359,635.9674037690802,8,gefoerdert,in 3 Linien gefoerdert,3,108
2017,21,231,1087.474826406604,2,gefoerdert,in 3 Linien gefoerdert,3,108
2018,22,247,1485.235360434014,2,gefoerdert,in 3 Linien gefoerdert,3,108
2016,,32,0,,gefoerdert,in 3 Linien gefoerdert,4,108
2017,,31,1.354071380569523,,gefoerdert,in 3 Linien gefoerdert,4,108
2018,,28,12.67039559242742,,gefoerdert,in 3 Linien gefoerdert,4,108
2016,1,245,1037.745754512195,71,gefoerdert,in 3 Linien gefoerdert,22,108
2017,1,345,1077.157372117293,83,gefoerdert,in 3 Linien gefoerdert,22,108
2018,1,338,1186.990434740458,89,gefoerdert,in 3 Linien gefoerdert,22,108
2016,1,405,120.1107941436192,71,gefoerdert,in 3 Linien gefoerdert,5,108
2017,1,369,131.7941398556663,83,gefoerdert,in 3 Linien gefoerdert,5,108
2018,,377,357.6663899477945,89,gefoerdert,in 3 Linien gefoerdert,5,108
2016,1,282,186.0083752142778,71,gefoerdert,in 3 Linien gefoerdert,44,108
2017,1,227,230.2561739707872,83,gefoerdert,in 3 Linien gefoerdert,44,108
2018,1,208,113.6929875569355,89,gefoerdert,in 3 Linien gefoerdert,44,108
2016,1,38,236.2113540443843,71,gefoerdert,in 3 Linien gefoerdert,45,108
2017,1,37,50.69624821037507,83,gefoerdert,in 3 Linien gefoerdert,45,108
2018,1,37,0,89,gefoerdert,in 3 Linien gefoerdert,45,108
2016,,,,71,gefoerdert,in 3 Linien gefoerdert,7,108
2017,,,,83,gefoerdert,in 3 Linien gefoerdert,7,108
2018,,,,89,gefoerdert,in 3 Linien gefoerdert,7,108
2016,1,,,11,gefoerdert,in 3 Linien gefoerdert,28,108
2017,1,,,9,gefoerdert,in 3 Linien gefoerdert,28,108
2018,1,0,,15,gefoerdert,in 3 Linien gefoerdert,28,108
2016,8,693,2123.20940793841,2529,gefoerdert,in 3 Linien gefoerdert,39,108
2017,9,700,3669.060346462589,2903,gefoerdert,in 3 Linien gefoerdert,39,108
2018,8,712,1516.5438751531,2825,gefoerdert,in 3 Linien gefoerdert,39,108
2016,4,0,192.7811890640448,298,gefoerdert,in 3 Linien gefoerdert,17,108
2017,4,36,156.1180177451103,353,gefoerdert,in 3 Linien gefoerdert,17,108
2018,7,34,118.0880860301634,318,gefoerdert,in 3 Linien gefoerdert,17,108
2016,,,,,gefoerdert,in 3 Linien gefoerdert,46,108
2017,,,,,gefoerdert,in 3 Linien gefoerdert,46,108
2018,,,,,gefoerdert,in 3 Linien gefoerdert,46,108
2016,3,347,121.6210448672897,33,gefoerdert,in 3 Linien gefoerdert,49,108
2017,3,333,349.5352169797322,26,gefoerdert,in 3 Linien gefoerdert,49,108
2018,3,333,122.5946125864417,39,gefoerdert,in 3 Linien gefoerdert,49,108
2016,,433,0,,gefoerdert,in 3 Linien gefoerdert,41,108
2017,,41,,,gefoerdert,in 3 Linien gefoerdert,41,108
2018,,38,,,gefoerdert,in 3 Linien gefoerdert,41,108
2016,,12,,,gefoerdert,in 3 Linien gefoerdert,43,108
2017,,11,,,gefoerdert,in 3 Linien gefoerdert,43,108
2018,,8,,,gefoerdert,in 3 Linien gefoerdert,43,108
2016,12,43,718.3780492034255,445,gefoerdert,in 3 Linien gefoerdert,38,108
2017,13,1071,563.8938686998462,496,gefoerdert,in 3 Linien gefoerdert,38,108
2018,12,1063,1120.079122060786,568,gefoerdert,in 3 Linien gefoerdert,38,108
2016,8,427,852.3566389243771,204,gefoerdert,in 3 Linien gefoerdert,48,108
2017,10,410,519.8865717352259,203,gefoerdert,in 3 Linien gefoerdert,48,108
2018,8,439,495.9399135199802,239,gefoerdert,in 3 Linien gefoerdert,48,108
2016,,,,9,gefoerdert,in 3 Linien gefoerdert,47,108
2017,,,,13,gefoerdert,in 3 Linien gefoerdert,47,108
2018,,,,15,gefoerdert,in 3 Linien gefoerdert,47,108
2016,18,1620,471.4217940390735,71,gefoerdert,in 3 Linien gefoerdert,42,108
2017,17,1624,62.84903955991644,93,gefoerdert,in 3 Linien gefoerdert,42,108
2018,16,1561,34.67374840725313,113,gefoerdert,in 3 Linien gefoerdert,42,108
2016,7,1062,559.1527274225658,290,gefoerdert,in 3 Linien gefoerdert,53,108
2017,7,,874.299184553882,322,gefoerdert,in 3 Linien gefoerdert,53,108
2018,7,,278.9823263073875,370,gefoerdert,in 3 Linien gefoerdert,53,108
2016,29,1540,2306.231905233226,1026,gefoerdert,in 3 Linien gefoerdert,56,108
2017,31,1317,2238.123552411055,1159,gefoerdert,in 3 Linien gefoerdert,56,108
2018,29,1230,1937.150643712078,1219,gefoerdert,in 3 Linien gefoerdert,56,108
2016,,,,,gefoerdert,in 3 Linien gefoerdert,33,108
2017,,,,,gefoerdert,in 3 Linien gefoerdert,33,108
2018,,,,,gefoerdert,in 3 Linien gefoerdert,33,108
2016,10,290,736.9273947051187,419,gefoerdert,in 3 Linien gefoerdert,32,108
2017,12,374,365.6413504700614,521,gefoerdert,in 3 Linien gefoerdert,32,108
2018,12,396,747.8408484715109,459,gefoerdert,in 3 Linien gefoerdert,32,108
2016,13,502,2378.663927748744,501,gefoerdert,in 3 Linien gefoerdert,25,108
2017,12,492,3724.519581004976,599,gefoerdert,in 3 Linien gefoerdert,25,108
2018,13,476,3595.323595669415,689,gefoerdert,in 3 Linien gefoerdert,25,108
2016,13,335,7544.21309373703,5462,gefoerdert,in 3 Linien gefoerdert,37,108
2017,12,290,5768.674412021612,5797,gefoerdert,in 3 Linien gefoerdert,37,108
2018,12,275,7728.267145083258,6088,gefoerdert,in 3 Linien gefoerdert,37,108
2016,16,616,4436.607090565768,5357,gefoerdert,in 3 Linien gefoerdert,13,108
2017,16,615,5150.449146886138,5489,gefoerdert,in 3 Linien gefoerdert,13,108
2018,16,607,5579.971986921672,5754,gefoerdert,in 3 Linien gefoerdert,13,108
2016,,,,670,gefoerdert,in 3 Linien gefoerdert,35,108
2017,,,,1047,gefoerdert,in 3 Linien gefoerdert,35,108
2018,,,,993,gefoerdert,in 3 Linien gefoerdert,35,108
2016,19,599,7951.506487997684,8667,gefoerdert,in 3 Linien gefoerdert,12,108
2017,21,606,4900.991929813127,9530,gefoerdert,in 3 Linien gefoerdert,12,108
2018,23,630,7698.713946610992,9409,gefoerdert,in 3 Linien gefoerdert,12,108
2016,,,,810,gefoerdert,in 3 Linien gefoerdert,21,108
2017,,,,1021,gefoerdert,in 3 Linien gefoerdert,21,108
2018,,,,1212,gefoerdert,in 3 Linien gefoerdert,21,108
2016,,,,30,gefoerdert,in 3 Linien gefoerdert,20,108
2017,,,,46,gefoerdert,in 3 Linien gefoerdert,20,108
2018,,,,47,gefoerdert,in 3 Linien gefoerdert,20,108
2016,,,,229,gefoerdert,in 3 Linien gefoerdert,2,108
2017,,,,234,gefoerdert,in 3 Linien gefoerdert,2,108
2018,,,,293,gefoerdert,in 3 Linien gefoerdert,2,108
2016,,,,25,gefoerdert,in 3 Linien gefoerdert,19,108
2017,,,,37,gefoerdert,in 3 Linien gefoerdert,19,108
2018,,,,67,gefoerdert,in 3 Linien gefoerdert,19,108
2016,,,,138,gefoerdert,in 3 Linien gefoerdert,16,108
2017,,,,139,gefoerdert,in 3 Linien gefoerdert,16,108
2018,,,,180,gefoerdert,in 3 Linien gefoerdert,16,108
2016,,,,5,gefoerdert,in 3 Linien gefoerdert,55,108
2017,,,,10,gefoerdert,in 3 Linien gefoerdert,55,108
2018,,,,9,gefoerdert,in 3 Linien gefoerdert,55,108
2016,,,,8,gefoerdert,in 3 Linien gefoerdert,9,108
2017,,,,5,gefoerdert,in 3 Linien gefoerdert,9,108
2018,,,,3,gefoerdert,in 3 Linien gefoerdert,9,108
2016,,,,1127,gefoerdert,in 3 Linien gefoerdert,31,108
2017,,,,1312,gefoerdert,in 3 Linien gefoerdert,31,108
2018,,,,1455,gefoerdert,in 3 Linien gefoerdert,31,108
2016,,,,181,gefoerdert,in 3 Linien gefoerdert,15,108
2017,,,,212,gefoerdert,in 3 Linien gefoerdert,15,108
2018,,,,277,gefoerdert,in 3 Linien gefoerdert,15,108
2016,,,,3,gefoerdert,in 3 Linien gefoerdert,51,108
2017,,,,7,gefoerdert,in 3 Linien gefoerdert,51,108
2018,,,,6,gefoerdert,in 3 Linien gefoerdert,51,108
2016,,,,,gefoerdert,in 3 Linien gefoerdert,6,108
2017,,,,,gefoerdert,in 3 Linien gefoerdert,6,108
2018,,,,,gefoerdert,in 3 Linien gefoerdert,6,108
2016,,,,32,gefoerdert,in 3 Linien gefoerdert,40,108
2017,,,,29,gefoerdert,in 3 Linien gefoerdert,40,108
2018,,,,37,gefoerdert,in 3 Linien gefoerdert,40,108
2016,,0,,12,gefoerdert,in 3 Linien gefoerdert,8,108
2017,,,,19,gefoerdert,in 3 Linien gefoerdert,8,108
2018,,,,16,gefoerdert,in 3 Linien gefoerdert,8,108
2016,3,0,15.11731849145016,1,gefoerdert,in 3 Linien gefoerdert,29,108
2017,1,0,2.584629503633892,1,gefoerdert,in 3 Linien gefoerdert,29,108
2018,0,0,26.95828776518098,,gefoerdert,in 3 Linien gefoerdert,29,108
2016,,,,1,gefoerdert,in 3 Linien gefoerdert,11,108
2017,,,,1,gefoerdert,in 3 Linien gefoerdert,11,108
2018,,,,,gefoerdert,in 3 Linien gefoerdert,11,108
2016,,,,4,gefoerdert,in 3 Linien gefoerdert,24,108
2017,,,,8,gefoerdert,in 3 Linien gefoerdert,24,108
2018,,,,9,gefoerdert,in 3 Linien gefoerdert,24,108
2016,,,20.39944170864558,,gefoerdert,in 3 Linien gefoerdert,14,108
2017,,,193.1537094041151,,gefoerdert,in 3 Linien gefoerdert,14,108
2018,,,24.80162508675886,,gefoerdert,in 3 Linien gefoerdert,14,108
2016,,,,1,gefoerdert,in 3 Linien gefoerdert,34,108
2017,,,,2,gefoerdert,in 3 Linien gefoerdert,34,108
2018,,,,,gefoerdert,in 3 Linien gefoerdert,34,108
2016,9,15,4790.240012152375,,gefoerdert,in 3 Linien gefoerdert,50,62
2017,9,28,4712.373305627822,,gefoerdert,in 3 Linien gefoerdert,50,62
2018,10,29,5457.090635385775,,gefoerdert,in 3 Linien gefoerdert,50,62
2016,13,463,1118.480490488741,13,gefoerdert,in 3 Linien gefoerdert,18,62
2017,14,447,889.5663498946858,7,gefoerdert,in 3 Linien gefoerdert,18,62
2018,13,444,935.8380485995943,6,gefoerdert,in 3 Linien gefoerdert,18,62
2016,14,194,491.4618408289171,13,gefoerdert,in 3 Linien gefoerdert,27,62
2017,13,169,373.4638740838818,7,gefoerdert,in 3 Linien gefoerdert,27,62
2018,14,153,564.3753632819817,6,gefoerdert,in 3 Linien gefoerdert,27,62
2016,5,459,1288.070707029211,81,gefoerdert,in 3 Linien gefoerdert,36,62
2017,6,414,1170.712707375888,132,gefoerdert,in 3 Linien gefoerdert,36,62
2018,7,421,969.7399383160121,112,gefoerdert,in 3 Linien gefoerdert,36,62
2016,22,1011,7250.662861711793,331,gefoerdert,in 3 Linien gefoerdert,23,62
2017,28,962,8685.898007983062,437,gefoerdert,in 3 Linien gefoerdert,23,62
2018,24,934,9317.97859505958,438,gefoerdert,in 3 Linien gefoerdert,23,62
2016,,,66.86778574180978,14,gefoerdert,in 3 Linien gefoerdert,10,62
2017,,,21.45928629638331,33,gefoerdert,in 3 Linien gefoerdert,10,62
2018,,,,24,gefoerdert,in 3 Linien gefoerdert,10,62
2016,5,943,1989.771780649768,7,gefoerdert,in 3 Linien gefoerdert,3,62
2017,6,892,1891.037559541958,8,gefoerdert,in 3 Linien gefoerdert,3,62
2018,6,822,1753.197186748772,9,gefoerdert,in 3 Linien gefoerdert,3,62
2016,3,142,4.18994413376397,1,gefoerdert,in 3 Linien gefoerdert,4,62
2017,3,126,5.032021957536604,2,gefoerdert,in 3 Linien gefoerdert,4,62
2018,3,125,10.96123976418751,,gefoerdert,in 3 Linien gefoerdert,4,62
2016,15,1120,571.4748389243478,100,gefoerdert,in 3 Linien gefoerdert,22,62
2017,15,1102,385.0018360515806,112,gefoerdert,in 3 Linien gefoerdert,22,62
2018,14,1030,632.9284593803606,128,gefoerdert,in 3 Linien gefoerdert,22,62
2016,11,1604,705.68250938536,100,gefoerdert,in 3 Linien gefoerdert,5,62
2017,11,1578,512.8188346624771,112,gefoerdert,in 3 Linien gefoerdert,5,62
2018,12,1583,623.4023420936109,128,gefoerdert,in 3 Linien gefoerdert,5,62
2016,7,551,308.6229036408724,100,gefoerdert,in 3 Linien gefoerdert,44,62
2017,8,513,340.6111567766189,112,gefoerdert,in 3 Linien gefoerdert,44,62
2018,7,482,258.6674640836557,128,gefoerdert,in 3 Linien gefoerdert,44,62
2016,4,133,206.8864051478988,100,gefoerdert,in 3 Linien gefoerdert,45,62
2017,3,97,170.9158322275035,112,gefoerdert,in 3 Linien gefoerdert,45,62
2018,2,90,143.4118027277951,128,gefoerdert,in 3 Linien gefoerdert,45,62
2016,19,781,2972.951537181012,100,gefoerdert,in 3 Linien gefoerdert,7,62
2017,18,789,2429.677895017343,112,gefoerdert,in 3 Linien gefoerdert,7,62
2018,20,785,3130.425202758736,128,gefoerdert,in 3 Linien gefoerdert,7,62
2016,5,418,751.7914442922836,16,gefoerdert,in 3 Linien gefoerdert,28,62
2017,5,397,431.6084042126838,24,gefoerdert,in 3 Linien gefoerdert,28,62
2018,5,370,781.3625951774704,21,gefoerdert,in 3 Linien gefoerdert,28,62
2016,12,1094,1593.499039684958,5444,gefoerdert,in 3 Linien gefoerdert,39,62
2017,13,947,1487.040220325345,5888,gefoerdert,in 3 Linien gefoerdert,39,62
2018,14,980,2501.273437586592,6241,gefoerdert,in 3 Linien gefoerdert,39,62
2016,12,980,5086.127538317334,534,gefoerdert,in 3 Linien gefoerdert,17,62
2017,17,950,5422.277061006878,671,gefoerdert,in 3 Linien gefoerdert,17,62
2018,17,1001,4958.085445200307,715,gefoerdert,in 3 Linien gefoerdert,17,62
2016,,,,,gefoerdert,in 3 Linien gefoerdert,46,62
2017,,,,,gefoerdert,in 3 Linien gefoerdert,46,62
2018,,,,,gefoerdert,in 3 Linien gefoerdert,46,62
2016,5,221,352.3696529756385,22,gefoerdert,in 3 Linien gefoerdert,49,62
2017,6,210,239.1363285091265,21,gefoerdert,in 3 Linien gefoerdert,49,62
2018,6,247,486.2250684740346,27,gefoerdert,in 3 Linien gefoerdert,49,62
2016,0,585,152.5446857927594,,gefoerdert,in 3 Linien gefoerdert,41,62
2017,1,589,206.838972489741,,gefoerdert,in 3 Linien gefoerdert,41,62
2018,2,599,169.16055452275,,gefoerdert,in 3 Linien gefoerdert,41,62
2016,0,31,,,gefoerdert,in 3 Linien gefoerdert,43,62
2017,0,36,,,gefoerdert,in 3 Linien gefoerdert,43,62
2018,0,42,,,gefoerdert,in 3 Linien gefoerdert,43,62
2016,6,511,580.2597528516161,258,gefoerdert,in 3 Linien gefoerdert,38,62
2017,8,502,282.3915751839617,219,gefoerdert,in 3 Linien gefoerdert,38,62
2018,6,500,527.0156585180463,304,gefoerdert,in 3 Linien gefoerdert,38,62
2016,6,421,560.365929019891,140,gefoerdert,in 3 Linien gefoerdert,48,62
2017,5,403,872.7410848928027,142,gefoerdert,in 3 Linien gefoerdert,48,62
2018,5,382,553.3053640732306,162,gefoerdert,in 3 Linien gefoerdert,48,62
2016,3,,59.14711196995698,8,gefoerdert,in 3 Linien gefoerdert,47,62
2017,3,,94.51326751698171,12,gefoerdert,in 3 Linien gefoerdert,47,62
2018,3,,42.12322274906646,9,gefoerdert,in 3 Linien gefoerdert,47,62
2016,20,2188,657.1405790322734,39,gefoerdert,in 3 Linien gefoerdert,42,62
2017,22,2061,463.0210436362914,36,gefoerdert,in 3 Linien gefoerdert,42,62
2018,21,2010,593.6169772148714,60,gefoerdert,in 3 Linien gefoerdert,42,62
2016,,,,38,gefoerdert,in 3 Linien gefoerdert,53,62
2017,,,,32,gefoerdert,in 3 Linien gefoerdert,53,62
2018,,,,34,gefoerdert,in 3 Linien gefoerdert,53,62
2016,23,1582,502.240228881676,491,gefoerdert,in 3 Linien gefoerdert,56,62
2017,24,1554,412.8792388131706,579,gefoerdert,in 3 Linien gefoerdert,56,62
2018,24,1569,723.1632542287493,611,gefoerdert,in 3 Linien gefoerdert,56,62
2016,0,230,1670.294223425707,,gefoerdert,in 3 Linien gefoerdert,33,62
2017,0,255,2140.036649971019,,gefoerdert,in 3 Linien gefoerdert,33,62
2018,0,231,1680.329843182113,,gefoerdert,in 3 Linien gefoerdert,33,62
2016,16,447,1068.978591924018,915,gefoerdert,in 3 Linien gefoerdert,32,62
2017,18,447,985.1418203887187,1086,gefoerdert,in 3 Linien gefoerdert,32,62
2018,17,458,910.0551821094288,1119,gefoerdert,in 3 Linien gefoerdert,32,62
2016,19,1213,4026.468116841873,485,gefoerdert,in 3 Linien gefoerdert,25,62
2017,20,1226,5396.360629026891,506,gefoerdert,in 3 Linien gefoerdert,25,62
2018,26,1235,6269.761032274231,602,gefoerdert,in 3 Linien gefoerdert,25,62
2016,23,481,7050.837169949545,14479,gefoerdert,in 3 Linien gefoerdert,37,62
2017,28,509,8128.13161106698,15435,gefoerdert,in 3 Linien gefoerdert,37,62
2018,26,527,6989.045796676902,16767,gefoerdert,in 3 Linien gefoerdert,37,62
2016,27,1019,6218.404019988699,9605,gefoerdert,in 3 Linien gefoerdert,13,62
2017,30,972,4117.004785115521,10352,gefoerdert,in 3 Linien gefoerdert,13,62
2018,27,973,7760.018602372313,10726,gefoerdert,in 3 Linien gefoerdert,13,62
2016,12,711,1777.873403177881,1009,gefoerdert,in 3 Linien gefoerdert,35,62
2017,13,737,1107.051196630433,1109,gefoerdert,in 3 Linien gefoerdert,35,62
2018,13,750,2125.580913990296,1220,gefoerdert,in 3 Linien gefoerdert,35,62
2016,30,906,11595.85588251021,26547,gefoerdert,in 3 Linien gefoerdert,12,62
2017,27,986,9914.797824908279,27416,gefoerdert,in 3 Linien gefoerdert,12,62
2018,28,984,10944.23554939726,30334,gefoerdert,in 3 Linien gefoerdert,12,62
2016,19,404,5262.834431344119,6622,gefoerdert,in 3 Linien gefoerdert,21,62
2017,21,387,8397.236675948445,6835,gefoerdert,in 3 Linien gefoerdert,21,62
2018,21,353,8245.662678939007,8187,gefoerdert,in 3 Linien gefoerdert,21,62
2016,7,520,925.5390983469902,135,gefoerdert,in 3 Linien gefoerdert,20,62
2017,7,525,538.2991975343939,212,gefoerdert,in 3 Linien gefoerdert,20,62
2018,6,506,898.6545116829526,155,gefoerdert,in 3 Linien gefoerdert,20,62
2016,,,,926,gefoerdert,in 3 Linien gefoerdert,2,62
2017,,,,1101,gefoerdert,in 3 Linien gefoerdert,2,62
2018,,,,1290,gefoerdert,in 3 Linien gefoerdert,2,62
2016,,,,99,gefoerdert,in 3 Linien gefoerdert,19,62
2017,,,,128,gefoerdert,in 3 Linien gefoerdert,19,62
2018,,,,147,gefoerdert,in 3 Linien gefoerdert,19,62
2016,,,,730,gefoerdert,in 3 Linien gefoerdert,16,62
2017,,,,835,gefoerdert,in 3 Linien gefoerdert,16,62
2018,,,,993,gefoerdert,in 3 Linien gefoerdert,16,62
2016,,,,16,gefoerdert,in 3 Linien gefoerdert,55,62
2017,,,,21,gefoerdert,in 3 Linien gefoerdert,55,62
2018,,,,40,gefoerdert,in 3 Linien gefoerdert,55,62
2016,,,,6,gefoerdert,in 3 Linien gefoerdert,9,62
2017,,,,23,gefoerdert,in 3 Linien gefoerdert,9,62
2018,,,,22,gefoerdert,in 3 Linien gefoerdert,9,62
2016,,438,,3478,gefoerdert,in 3 Linien gefoerdert,31,62
2017,,,,3899,gefoerdert,in 3 Linien gefoerdert,31,62
2018,,,,4048,gefoerdert,in 3 Linien gefoerdert,31,62
2016,,,,268,gefoerdert,in 3 Linien gefoerdert,15,62
2017,,,,332,gefoerdert,in 3 Linien gefoerdert,15,62
2018,,,,382,gefoerdert,in 3 Linien gefoerdert,15,62
2016,,,,15,gefoerdert,in 3 Linien gefoerdert,51,62
2017,,,,17,gefoerdert,in 3 Linien gefoerdert,51,62
2018,,,,45,gefoerdert,in 3 Linien gefoerdert,51,62
2016,,,,1,gefoerdert,in 3 Linien gefoerdert,6,62
2017,,,,2,gefoerdert,in 3 Linien gefoerdert,6,62
2018,,,,,gefoerdert,in 3 Linien gefoerdert,6,62
2016,,,,13,gefoerdert,in 3 Linien gefoerdert,40,62
2017,,,,24,gefoerdert,in 3 Linien gefoerdert,40,62
2018,,,,23,gefoerdert,in 3 Linien gefoerdert,40,62
2016,,,,24,gefoerdert,in 3 Linien gefoerdert,8,62
2017,,,,18,gefoerdert,in 3 Linien gefoerdert,8,62
2018,,,,35,gefoerdert,in 3 Linien gefoerdert,8,62
2016,5,232,117.3258875469393,1,gefoerdert,in 3 Linien gefoerdert,29,62
2017,5,209,187.9268133052176,,gefoerdert,in 3 Linien gefoerdert,29,62
2018,4,211,214.3570272874909,1,gefoerdert,in 3 Linien gefoerdert,29,62
2016,0,,0,1,gefoerdert,in 3 Linien gefoerdert,11,62
2017,,,0,,gefoerdert,in 3 Linien gefoerdert,11,62
2018,,,0,1,gefoerdert,in 3 Linien gefoerdert,11,62
2016,,,,20,gefoerdert,in 3 Linien gefoerdert,24,62
2017,,,,20,gefoerdert,in 3 Linien gefoerdert,24,62
2018,,,,20,gefoerdert,in 3 Linien gefoerdert,24,62
2016,,,,1,gefoerdert,in 3 Linien gefoerdert,14,62
2017,,,,,gefoerdert,in 3 Linien gefoerdert,14,62
2018,,,,1,gefoerdert,in 3 Linien gefoerdert,14,62
2016,1,103,183.2197391649642,2,gefoerdert,in 3 Linien gefoerdert,34,62
2017,2,92,165.3467511526839,2,gefoerdert,in 3 Linien gefoerdert,34,62
2018,2,93,347.6972203975212,5,gefoerdert,in 3 Linien gefoerdert,34,62
2016,1,323,53.78957211678861,,nicht gefoerdert,nicht gefoerdert,50,107
2017,2,324,82.74474147724005,,nicht gefoerdert,nicht gefoerdert,50,107
2018,2,339,116.0796930431896,,nicht gefoerdert,nicht gefoerdert,50,107
2016,4,97,192.0670379551453,1,nicht gefoerdert,nicht gefoerdert,18,107
2017,4,95,98.04757580802712,1,nicht gefoerdert,nicht gefoerdert,18,107
2018,5,86,63.15158669304823,2,nicht gefoerdert,nicht gefoerdert,18,107
2016,6,117,0,1,nicht gefoerdert,nicht gefoerdert,27,107
2017,6,102,70.26532758096791,1,nicht gefoerdert,nicht gefoerdert,27,107
2018,6,98,129.0933523305183,2,nicht gefoerdert,nicht gefoerdert,27,107
2016,4,262,4.130353696431654,11,nicht gefoerdert,nicht gefoerdert,36,107
2017,4,261,.9149130831884733,14,nicht gefoerdert,nicht gefoerdert,36,107
2018,4,277,0,18,nicht gefoerdert,nicht gefoerdert,36,107
2016,3,162,66.13500868089959,,nicht gefoerdert,nicht gefoerdert,23,107
2017,4,155,92.4254379831364,2,nicht gefoerdert,nicht gefoerdert,23,107
2018,4,181,43.13326042428957,4,nicht gefoerdert,nicht gefoerdert,23,107
2016,,,0,25,nicht gefoerdert,nicht gefoerdert,10,107
2017,,,0,17,nicht gefoerdert,nicht gefoerdert,10,107
2018,,,,18,nicht gefoerdert,nicht gefoerdert,10,107
2016,,,0,,nicht gefoerdert,nicht gefoerdert,3,107
2017,,,0,2,nicht gefoerdert,nicht gefoerdert,3,107
2018,,,,,nicht gefoerdert,nicht gefoerdert,3,107
2016,9,3048,303.4329547334841,5,nicht gefoerdert,nicht gefoerdert,22,107
2017,9,3150,180.9002735668879,5,nicht gefoerdert,nicht gefoerdert,22,107
2018,9,3083,169.3133302197103,9,nicht gefoerdert,nicht gefoerdert,22,107
2016,6,1105,17.76722600650907,5,nicht gefoerdert,nicht gefoerdert,5,107
2017,8,1149,12.80878316463863,5,nicht gefoerdert,nicht gefoerdert,5,107
2018,8,1200,77.23638982087586,9,nicht gefoerdert,nicht gefoerdert,5,107
2016,2,135,13.47486044784444,5,nicht gefoerdert,nicht gefoerdert,44,107
2017,2,167,16.40347745027222,5,nicht gefoerdert,nicht gefoerdert,44,107
2018,2,152,12.66320637975353,9,nicht gefoerdert,nicht gefoerdert,44,107
2016,,,,5,nicht gefoerdert,nicht gefoerdert,45,107
2017,,,,5,nicht gefoerdert,nicht gefoerdert,45,107
2018,,,,9,nicht gefoerdert,nicht gefoerdert,45,107
2016,,,,5,nicht gefoerdert,nicht gefoerdert,7,107
2017,,,,5,nicht gefoerdert,nicht gefoerdert,7,107
2018,,,,9,nicht gefoerdert,nicht gefoerdert,7,107
2016,1,,,3,nicht gefoerdert,nicht gefoerdert,28,107
2017,1,,,1,nicht gefoerdert,nicht gefoerdert,28,107
2018,1,,,2,nicht gefoerdert,nicht gefoerdert,28,107
2016,14,1076,581.5195548475643,541,nicht gefoerdert,nicht gefoerdert,39,107
2017,15,1159,469.3531479269732,710,nicht gefoerdert,nicht gefoerdert,39,107
2018,15,1199,747.8606481579595,875,nicht gefoerdert,nicht gefoerdert,39,107
2016,31,2654,857.4068718805277,177,nicht gefoerdert,nicht gefoerdert,17,107
2017,30,2828,1062.22235417754,213,nicht gefoerdert,nicht gefoerdert,17,107
2018,33,2940,799.2332656369454,200,nicht gefoerdert,nicht gefoerdert,17,107
2016,,,,,nicht gefoerdert,nicht gefoerdert,46,107
2017,,,,,nicht gefoerdert,nicht gefoerdert,46,107
2018,,,,,nicht gefoerdert,nicht gefoerdert,46,107
2016,4,390,22.93296011072567,10,nicht gefoerdert,nicht gefoerdert,49,107
2017,4,326,9.75480302072642,10,nicht gefoerdert,nicht gefoerdert,49,107
2018,4,340,3.234095901662004,8,nicht gefoerdert,nicht gefoerdert,49,107
2016,3,307,331.7541765074308,,nicht gefoerdert,nicht gefoerdert,41,107
2017,3,372,141.2351281844556,,nicht gefoerdert,nicht gefoerdert,41,107
2018,3,416,7.998524000496738,,nicht gefoerdert,nicht gefoerdert,41,107
2016,,41,0,49,nicht gefoerdert,nicht gefoerdert,38,107
2017,,43,0,69,nicht gefoerdert,nicht gefoerdert,38,107
2018,,36,0,76,nicht gefoerdert,nicht gefoerdert,38,107
2016,8,216,278.6471119819096,51,nicht gefoerdert,nicht gefoerdert,48,107
2017,6,193,119.2131775315512,54,nicht gefoerdert,nicht gefoerdert,48,107
2018,7,174,175.4795888024251,41,nicht gefoerdert,nicht gefoerdert,48,107
2016,,,,3,nicht gefoerdert,nicht gefoerdert,47,107
2017,,,,4,nicht gefoerdert,nicht gefoerdert,47,107
2018,,,,1,nicht gefoerdert,nicht gefoerdert,47,107
2016,,,,11,nicht gefoerdert,nicht gefoerdert,42,107
2017,,,,9,nicht gefoerdert,nicht gefoerdert,42,107
2018,,,,22,nicht gefoerdert,nicht gefoerdert,42,107
2016,,,,14,nicht gefoerdert,nicht gefoerdert,53,107
2017,,,,16,nicht gefoerdert,nicht gefoerdert,53,107
2018,,,,26,nicht gefoerdert,nicht gefoerdert,53,107
2016,6,626,320.619181745696,183,nicht gefoerdert,nicht gefoerdert,56,107
2017,8,744,544.8993706883476,206,nicht gefoerdert,nicht gefoerdert,56,107
2018,9,881,395.0305647240445,203,nicht gefoerdert,nicht gefoerdert,56,107
2016,,,,,nicht gefoerdert,nicht gefoerdert,54,107
2017,,,,,nicht gefoerdert,nicht gefoerdert,54,107
2018,,,,,nicht gefoerdert,nicht gefoerdert,54,107
2016,,784,0,,nicht gefoerdert,nicht gefoerdert,33,107
2017,0,797,0,,nicht gefoerdert,nicht gefoerdert,33,107
2018,0,964,0,,nicht gefoerdert,nicht gefoerdert,33,107
2016,9,1368,328.8203120207007,14,nicht gefoerdert,nicht gefoerdert,32,107
2017,8,1448,311.1976281270351,17,nicht gefoerdert,nicht gefoerdert,32,107
2018,10,1623,37.86740766568978,16,nicht gefoerdert,nicht gefoerdert,32,107
2016,15,1474,1628.825892605086,100,nicht gefoerdert,nicht gefoerdert,25,107
2017,13,1484,1562.694441249737,122,nicht gefoerdert,nicht gefoerdert,25,107
2018,14,1494,1419.262147025859,155,nicht gefoerdert,nicht gefoerdert,25,107
2016,5,82,484.1443279904878,76,nicht gefoerdert,nicht gefoerdert,37,107
2017,5,66,581.7401463245942,92,nicht gefoerdert,nicht gefoerdert,37,107
2018,5,81,411.0402017742904,115,nicht gefoerdert,nicht gefoerdert,37,107
2016,6,170,1178.621942016178,160,nicht gefoerdert,nicht gefoerdert,13,107
2017,6,172,909.2589270353922,183,nicht gefoerdert,nicht gefoerdert,13,107
2018,6,205,674.7075528838284,154,nicht gefoerdert,nicht gefoerdert,13,107
2016,,,,130,nicht gefoerdert,nicht gefoerdert,35,107
2017,,,,106,nicht gefoerdert,nicht gefoerdert,35,107
2018,,,,106,nicht gefoerdert,nicht gefoerdert,35,107
2016,6,438,1004.364979702374,997,nicht gefoerdert,nicht gefoerdert,12,107
2017,6,456,781.2570918580068,1162,nicht gefoerdert,nicht gefoerdert,12,107
2018,8,519,666.9480502799329,1289,nicht gefoerdert,nicht gefoerdert,12,107
2016,,,,626,nicht gefoerdert,nicht gefoerdert,21,107
2017,,,,784,nicht gefoerdert,nicht gefoerdert,21,107
2018,,,,1008,nicht gefoerdert,nicht gefoerdert,21,107
2016,4,455,84.73370372058579,19,nicht gefoerdert,nicht gefoerdert,20,107
2017,7,449,156.8032951272281,21,nicht gefoerdert,nicht gefoerdert,20,107
2018,5,557,7.531246601216108,25,nicht gefoerdert,nicht gefoerdert,20,107
2016,0,,,,nicht gefoerdert,nicht gefoerdert,30,107
2017,0,,,,nicht gefoerdert,nicht gefoerdert,30,107
2018,0,,,,nicht gefoerdert,nicht gefoerdert,30,107
2016,,,,153,nicht gefoerdert,nicht gefoerdert,2,107
2017,,,,186,nicht gefoerdert,nicht gefoerdert,2,107
2018,,,,238,nicht gefoerdert,nicht gefoerdert,2,107
2016,,,,29,nicht gefoerdert,nicht gefoerdert,19,107
2017,,,,38,nicht gefoerdert,nicht gefoerdert,19,107
2018,,,,43,nicht gefoerdert,nicht gefoerdert,19,107
2016,,,,21,nicht gefoerdert,nicht gefoerdert,16,107
2017,,,,8,nicht gefoerdert,nicht gefoerdert,16,107
2018,,,,18,nicht gefoerdert,nicht gefoerdert,16,107
2016,,297,0,,nicht gefoerdert,nicht gefoerdert,26,107
2017,,274,0,,nicht gefoerdert,nicht gefoerdert,26,107
2018,,242,0,,nicht gefoerdert,nicht gefoerdert,26,107
2016,,,,2,nicht gefoerdert,nicht gefoerdert,55,107
2017,,,,4,nicht gefoerdert,nicht gefoerdert,55,107
2018,,,,3,nicht gefoerdert,nicht gefoerdert,55,107
2016,,,,1,nicht gefoerdert,nicht gefoerdert,9,107
2017,,,,1,nicht gefoerdert,nicht gefoerdert,9,107
2018,,,,,nicht gefoerdert,nicht gefoerdert,9,107
2016,,21,0,175,nicht gefoerdert,nicht gefoerdert,31,107
2017,,14,0,188,nicht gefoerdert,nicht gefoerdert,31,107
2018,,12,0,208,nicht gefoerdert,nicht gefoerdert,31,107
2016,,11,0,12,nicht gefoerdert,nicht gefoerdert,15,107
2017,,10,0,8,nicht gefoerdert,nicht gefoerdert,15,107
2018,,12,0,21,nicht gefoerdert,nicht gefoerdert,15,107
2016,,,,,nicht gefoerdert,nicht gefoerdert,51,107
2017,,,,2,nicht gefoerdert,nicht gefoerdert,51,107
2018,,,,,nicht gefoerdert,nicht gefoerdert,51,107
2016,3,,895.8817522169112,13,nicht gefoerdert,nicht gefoerdert,40,107
2017,3,,1425.079652726492,6,nicht gefoerdert,nicht gefoerdert,40,107
2018,4,,2185.749144534953,15,nicht gefoerdert,nicht gefoerdert,40,107
2016,,60,0,,nicht gefoerdert,nicht gefoerdert,8,107
2017,,63,0,3,nicht gefoerdert,nicht gefoerdert,8,107
2018,,57,0,5,nicht gefoerdert,nicht gefoerdert,8,107
2016,,10,0,,nicht gefoerdert,nicht gefoerdert,29,107
2017,,10,0,,nicht gefoerdert,nicht gefoerdert,29,107
2018,,4,0,,nicht gefoerdert,nicht gefoerdert,29,107
2016,3,89,8.752327390898772,,nicht gefoerdert,nicht gefoerdert,11,107
2017,4,75,8.508691848158625,,nicht gefoerdert,nicht gefoerdert,11,107
2018,4,73,3.766072787084089,,nicht gefoerdert,nicht gefoerdert,11,107
2016,,,,3,nicht gefoerdert,nicht gefoerdert,24,107
2017,,,,,nicht gefoerdert,nicht gefoerdert,24,107
2018,,,0,1,nicht gefoerdert,nicht gefoerdert,24,107
2016,,,,,nicht gefoerdert,nicht gefoerdert,14,107
2017,,20,,,nicht gefoerdert,nicht gefoerdert,14,107
2018,,27,,,nicht gefoerdert,nicht gefoerdert,14,107
2016,4,39,36.55493325753141,,nicht gefoerdert,nicht gefoerdert,34,107
2017,5,47,102.9167419523933,,nicht gefoerdert,nicht gefoerdert,34,107
2018,4,44,75.48949941015212,,nicht gefoerdert,nicht gefoerdert,34,107
2016,1,82,1796.955357137984,,gefoerdert,nicht gefoerdert,50,66
2017,0,81,1790.177438502233,,gefoerdert,nicht gefoerdert,50,66
2018,0,69,1362.488054420777,,gefoerdert,nicht gefoerdert,50,66
2016,13,476,779.6443320600679,2,gefoerdert,nicht gefoerdert,18,66
2017,14,534,813.5050417891141,3,gefoerdert,nicht gefoerdert,18,66
2018,15,518,620.2437162138974,2,gefoerdert,nicht gefoerdert,18,66
2016,0,1,,2,gefoerdert,nicht gefoerdert,27,66
2017,0,,,3,gefoerdert,nicht gefoerdert,27,66
2018,0,,,2,gefoerdert,nicht gefoerdert,27,66
2016,3,182,7.315642340340523,31,gefoerdert,nicht gefoerdert,36,66
2017,3,171,44.97804144044711,41,gefoerdert,nicht gefoerdert,36,66
2018,3,232,94.63796950951009,56,gefoerdert,nicht gefoerdert,36,66
2016,13,604,958.959938133677,19,gefoerdert,nicht gefoerdert,23,66
2017,14,628,637.9478293566036,20,gefoerdert,nicht gefoerdert,23,66
2018,13,661,731.8375462239929,28,gefoerdert,nicht gefoerdert,23,66
2016,3,254,10.70763500850792,33,gefoerdert,nicht gefoerdert,10,66
2017,3,240,3.798719076027028,38,gefoerdert,nicht gefoerdert,10,66
2018,3,197,35.94438368690798,33,gefoerdert,nicht gefoerdert,10,66
2016,2,112,108.7597752779014,1,gefoerdert,nicht gefoerdert,3,66
2017,2,125,81.16743221529293,1,gefoerdert,nicht gefoerdert,3,66
2018,2,116,151.6268900837282,4,gefoerdert,nicht gefoerdert,3,66
2016,3,76,15.00372469201679,,gefoerdert,nicht gefoerdert,4,66
2017,3,76,48.08142854516669,1,gefoerdert,nicht gefoerdert,4,66
2018,3,95,11.71427486980626,,gefoerdert,nicht gefoerdert,4,66
2016,13,1171,588.7234650069112,14,gefoerdert,nicht gefoerdert,22,66
2017,14,1061,1690.526963898544,21,gefoerdert,nicht gefoerdert,22,66
2018,13,1053,1184.914703623187,15,gefoerdert,nicht gefoerdert,22,66
2016,8,899,18.3910622041289,14,gefoerdert,nicht gefoerdert,5,66
2017,8,887,30.91674273957931,21,gefoerdert,nicht gefoerdert,5,66
2018,9,902,319.0486372394951,15,gefoerdert,nicht gefoerdert,5,66
2016,7,163,171.5605183335964,14,gefoerdert,nicht gefoerdert,44,66
2017,6,156,202.7383369649742,21,gefoerdert,nicht gefoerdert,44,66
2018,6,139,246.7501095957132,15,gefoerdert,nicht gefoerdert,44,66
2016,,,,14,gefoerdert,nicht gefoerdert,45,66
2017,,,,21,gefoerdert,nicht gefoerdert,45,66
2018,,,,15,gefoerdert,nicht gefoerdert,45,66
2016,8,210,364.3128520898352,14,gefoerdert,nicht gefoerdert,7,66
2017,8,205,158.6935003079604,21,gefoerdert,nicht gefoerdert,7,66
2018,8,200,108.7308625369254,15,gefoerdert,nicht gefoerdert,7,66
2016,,,,5,gefoerdert,nicht gefoerdert,28,66
2017,,,,4,gefoerdert,nicht gefoerdert,28,66
2018,,,,14,gefoerdert,nicht gefoerdert,28,66
2016,11,822,1940.312845379385,1388,gefoerdert,nicht gefoerdert,39,66
2017,11,816,3061.969725439387,1454,gefoerdert,nicht gefoerdert,39,66
2018,11,796,2691.584732924206,1601,gefoerdert,nicht gefoerdert,39,66
2016,10,752,1008.153592110434,148,gefoerdert,nicht gefoerdert,17,66
2017,10,715,1104.07136313769,172,gefoerdert,nicht gefoerdert,17,66
2018,10,623,1602.950584363348,170,gefoerdert,nicht gefoerdert,17,66
2016,,,,,gefoerdert,nicht gefoerdert,46,66
2017,,,,,gefoerdert,nicht gefoerdert,46,66
2018,,,,,gefoerdert,nicht gefoerdert,46,66
2016,4,251,955.0409582689803,14,gefoerdert,nicht gefoerdert,49,66
2017,4,259,914.9176622212384,11,gefoerdert,nicht gefoerdert,49,66
2018,3,249,746.2880813716574,19,gefoerdert,nicht gefoerdert,49,66
2016,0,,0,,gefoerdert,nicht gefoerdert,41,66
2017,0,8,0,,gefoerdert,nicht gefoerdert,41,66
2018,0,16,0,,gefoerdert,nicht gefoerdert,41,66
2016,6,479,116.2504625854823,157,gefoerdert,nicht gefoerdert,38,66
2017,6,489,211.1463904331507,219,gefoerdert,nicht gefoerdert,38,66
2018,6,500,302.5582681900185,240,gefoerdert,nicht gefoerdert,38,66
2016,8,1229,422.7616293819193,132,gefoerdert,nicht gefoerdert,48,66
2017,8,1456,549.5544600707181,107,gefoerdert,nicht gefoerdert,48,66
2018,9,1339,827.9267408818364,123,gefoerdert,nicht gefoerdert,48,66
2016,,,,8,gefoerdert,nicht gefoerdert,47,66
2017,,,,10,gefoerdert,nicht gefoerdert,47,66
2018,,,,24,gefoerdert,nicht gefoerdert,47,66
2016,20,2705,791.7299749537145,68,gefoerdert,nicht gefoerdert,42,66
2017,22,2853,795.4538245272016,56,gefoerdert,nicht gefoerdert,42,66
2018,23,2937,802.9660824236693,73,gefoerdert,nicht gefoerdert,42,66
2016,,,,39,gefoerdert,nicht gefoerdert,53,66
2017,,,,42,gefoerdert,nicht gefoerdert,53,66
2018,,,,41,gefoerdert,nicht gefoerdert,53,66
2016,40,5887,5671.518563354902,822,gefoerdert,nicht gefoerdert,56,66
2017,43,5986,5602.091433706109,876,gefoerdert,nicht gefoerdert,56,66
2018,46,5594,4569.019961081433,1092,gefoerdert,nicht gefoerdert,56,66
2016,,,,,gefoerdert,nicht gefoerdert,54,66
2017,,,,,gefoerdert,nicht gefoerdert,54,66
2018,,,,,gefoerdert,nicht gefoerdert,54,66
2016,1,,1.862197392783987,,gefoerdert,nicht gefoerdert,33,66
2017,1,0,1.829826166376947,,gefoerdert,nicht gefoerdert,33,66
2018,1,0,0,,gefoerdert,nicht gefoerdert,33,66
2016,27,1078,1780.202059194931,1285,gefoerdert,nicht gefoerdert,32,66
2017,27,1071,2097.282779463018,1542,gefoerdert,nicht gefoerdert,32,66
2018,26,1127,2533.448311993053,1726,gefoerdert,nicht gefoerdert,32,66
2016,23,2026,7146.059742539005,574,gefoerdert,nicht gefoerdert,25,66
2017,23,2103,8741.473616967914,708,gefoerdert,nicht gefoerdert,25,66
2018,23,2097,10119.26016842536,870,gefoerdert,nicht gefoerdert,25,66
2016,38,642,6640.959158457939,23916,gefoerdert,nicht gefoerdert,37,66
2017,37,677,8001.955804809288,25733,gefoerdert,nicht gefoerdert,37,66
2018,37,647,7046.143485265492,28248,gefoerdert,nicht gefoerdert,37,66
2016,25,860,9650.958921820415,19401,gefoerdert,nicht gefoerdert,13,66
2017,27,813,9089.806223586347,20883,gefoerdert,nicht gefoerdert,13,66
2018,25,835,7851.60043406053,21022,gefoerdert,nicht gefoerdert,13,66
2016,6,507,1273.913392267993,820,gefoerdert,nicht gefoerdert,35,66
2017,5,523,953.0613402047111,908,gefoerdert,nicht gefoerdert,35,66
2018,6,519,1382.446138360996,1018,gefoerdert,nicht gefoerdert,35,66
2016,18,1016,5061.489793905775,12389,gefoerdert,nicht gefoerdert,12,66
2017,18,973,5254.098792349546,12926,gefoerdert,nicht gefoerdert,12,66
2018,19,987,4246.111975540985,14071,gefoerdert,nicht gefoerdert,12,66
2016,11,370,1796.030737033595,2983,gefoerdert,nicht gefoerdert,21,66
2017,11,365,2416.064989025683,3463,gefoerdert,nicht gefoerdert,21,66
2018,10,368,3430.09175690866,4163,gefoerdert,nicht gefoerdert,21,66
2016,9,972,1128.799864615062,100,gefoerdert,nicht gefoerdert,20,66
2017,9,908,1862.91403376925,96,gefoerdert,nicht gefoerdert,20,66
2018,9,842,2107.761634960744,106,gefoerdert,nicht gefoerdert,20,66
2016,,,,457,gefoerdert,nicht gefoerdert,2,66
2017,,,,571,gefoerdert,nicht gefoerdert,2,66
2018,,,,567,gefoerdert,nicht gefoerdert,2,66
2016,,,,136,gefoerdert,nicht gefoerdert,19,66
2017,,,,147,gefoerdert,nicht gefoerdert,19,66
2018,,,,175,gefoerdert,nicht gefoerdert,19,66
2016,,,,713,gefoerdert,nicht gefoerdert,16,66
2017,,,,804,gefoerdert,nicht gefoerdert,16,66
2018,,,,1040,gefoerdert,nicht gefoerdert,16,66
2016,1,633,14146.45345855262,,gefoerdert,nicht gefoerdert,26,66
2017,0,706,14171.72132213019,,gefoerdert,nicht gefoerdert,26,66
2018,0,736,16155.30328860179,,gefoerdert,nicht gefoerdert,26,66
2016,,1625,,58,gefoerdert,nicht gefoerdert,55,66
2017,,1453,,81,gefoerdert,nicht gefoerdert,55,66
2018,,1210,,89,gefoerdert,nicht gefoerdert,55,66
2016,,,,105,gefoerdert,nicht gefoerdert,9,66
2017,,,,113,gefoerdert,nicht gefoerdert,9,66
2018,,,,107,gefoerdert,nicht gefoerdert,9,66
2016,32,4285,23181.57879248859,10522,gefoerdert,nicht gefoerdert,31,66
2017,31,3913,27009.90857814355,12224,gefoerdert,nicht gefoerdert,31,66
2018,30,3610,27664.28951777513,13721,gefoerdert,nicht gefoerdert,31,66
2016,28,1344,13471.5132889687,1849,gefoerdert,nicht gefoerdert,15,66
2017,28,1364,15482.78819646004,2055,gefoerdert,nicht gefoerdert,15,66
2018,27,1420,13586.5856470515,2740,gefoerdert,nicht gefoerdert,15,66
2016,,,,195,gefoerdert,nicht gefoerdert,51,66
2017,,,,212,gefoerdert,nicht gefoerdert,51,66
2018,,,,317,gefoerdert,nicht gefoerdert,51,66
2016,,,,,gefoerdert,nicht gefoerdert,6,66
2017,,,,,gefoerdert,nicht gefoerdert,6,66
2018,,,,,gefoerdert,nicht gefoerdert,6,66
2016,,,,27,gefoerdert,nicht gefoerdert,40,66
2017,,,,26,gefoerdert,nicht gefoerdert,40,66
2018,,,,30,gefoerdert,nicht gefoerdert,40,66
2016,,,,182,gefoerdert,nicht gefoerdert,8,66
2017,,,,168,gefoerdert,nicht gefoerdert,8,66
2018,,,,224,gefoerdert,nicht gefoerdert,8,66
2016,,,,,gefoerdert,nicht gefoerdert,52,66
2017,,,,,gefoerdert,nicht gefoerdert,52,66
2018,,,,,gefoerdert,nicht gefoerdert,52,66
2016,4,222,96.74860067370078,,gefoerdert,nicht gefoerdert,29,66
2017,5,223,57.73741851680748,,gefoerdert,nicht gefoerdert,29,66
2018,5,268,343.644482361338,,gefoerdert,nicht gefoerdert,29,66
2016,,,,,gefoerdert,nicht gefoerdert,11,66
2017,,,,,gefoerdert,nicht gefoerdert,11,66
2018,,,,,gefoerdert,nicht gefoerdert,11,66
2016,,,,196,gefoerdert,nicht gefoerdert,24,66
2017,,,,222,gefoerdert,nicht gefoerdert,24,66
2018,,,,324,gefoerdert,nicht gefoerdert,24,66
2016,5,651,19.17597701285836,,gefoerdert,nicht gefoerdert,14,66
2017,5,539,59.24610859949218,,gefoerdert,nicht gefoerdert,14,66
2018,5,474,37.01552752740692,1,gefoerdert,nicht gefoerdert,14,66
2016,2,56,461.480451439144,2,gefoerdert,nicht gefoerdert,34,66
2017,2,61,219.2332973472858,1,gefoerdert,nicht gefoerdert,34,66
2018,2,56,145.5477967411476,4,gefoerdert,nicht gefoerdert,34,66
2016,0,96,0,,gefoerdert,in 3 Linien gefoerdert,50,77
2017,0,109,0,,gefoerdert,in 3 Linien gefoerdert,50,77
2018,0,127,0,,gefoerdert,in 3 Linien gefoerdert,50,77
2016,11,728,558.9134173267097,11,gefoerdert,in 3 Linien gefoerdert,18,77
2017,10,879,1429.645953546713,8,gefoerdert,in 3 Linien gefoerdert,18,77
2018,11,999,1076.1362135164,8,gefoerdert,in 3 Linien gefoerdert,18,77
2016,21,748,695.8975622695903,11,gefoerdert,in 3 Linien gefoerdert,27,77
2017,20,846,873.6322093423585,8,gefoerdert,in 3 Linien gefoerdert,27,77
2018,19,942,534.1686106165806,8,gefoerdert,in 3 Linien gefoerdert,27,77
2016,11,1051,2344.858407354398,101,gefoerdert,in 3 Linien gefoerdert,36,77
2017,11,1036,2128.326611302524,188,gefoerdert,in 3 Linien gefoerdert,36,77
2018,13,1015,2664.268624786751,227,gefoerdert,in 3 Linien gefoerdert,36,77
2016,31,1299,4702.913592960833,173,gefoerdert,in 3 Linien gefoerdert,23,77
2017,30,1310,5445.635042192226,264,gefoerdert,in 3 Linien gefoerdert,23,77
2018,30,1385,5743.772544193333,221,gefoerdert,in 3 Linien gefoerdert,23,77
2016,,111,0,155,gefoerdert,in 3 Linien gefoerdert,10,77
2017,,208,0,186,gefoerdert,in 3 Linien gefoerdert,10,77
2018,,245,0,253,gefoerdert,in 3 Linien gefoerdert,10,77
2016,9,810,2986.893921811018,7,gefoerdert,in 3 Linien gefoerdert,3,77
2017,8,765,3406.003625445035,14,gefoerdert,in 3 Linien gefoerdert,3,77
2018,8,758,3561.152956746354,9,gefoerdert,in 3 Linien gefoerdert,3,77
2016,9,331,2481.554880080412,3,gefoerdert,in 3 Linien gefoerdert,4,77
2017,10,286,2070.183840192406,1,gefoerdert,in 3 Linien gefoerdert,4,77
2018,8,251,2409.769049547309,2,gefoerdert,in 3 Linien gefoerdert,4,77
2016,20,3133,989.7281354733736,59,gefoerdert,in 3 Linien gefoerdert,22,77
2017,20,2808,1926.542486131816,87,gefoerdert,in 3 Linien gefoerdert,22,77
2018,20,2952,1698.384743965081,92,gefoerdert,in 3 Linien gefoerdert,22,77
2016,11,1856,1889.174136227901,59,gefoerdert,in 3 Linien gefoerdert,5,77
2017,13,1746,2337.924129942454,87,gefoerdert,in 3 Linien gefoerdert,5,77
2018,13,1678,2500.270619118374,92,gefoerdert,in 3 Linien gefoerdert,5,77
2016,10,909,298.5679583618605,59,gefoerdert,in 3 Linien gefoerdert,44,77
2017,10,773,313.4693588761643,87,gefoerdert,in 3 Linien gefoerdert,44,77
2018,10,764,192.5675409092453,92,gefoerdert,in 3 Linien gefoerdert,44,77
2016,3,230,486.6536457968347,59,gefoerdert,in 3 Linien gefoerdert,45,77
2017,3,199,138.4043924658893,87,gefoerdert,in 3 Linien gefoerdert,45,77
2018,3,159,166.0540605044476,92,gefoerdert,in 3 Linien gefoerdert,45,77
2016,17,1264,2772.01220955118,59,gefoerdert,in 3 Linien gefoerdert,7,77
2017,16,1027,2249.379708417187,87,gefoerdert,in 3 Linien gefoerdert,7,77
2018,17,1101,2552.079103933114,92,gefoerdert,in 3 Linien gefoerdert,7,77
2016,6,960,844.0307389235466,14,gefoerdert,in 3 Linien gefoerdert,28,77
2017,7,834,1265.535206189396,18,gefoerdert,in 3 Linien gefoerdert,28,77
2018,8,835,1977.080413593178,27,gefoerdert,in 3 Linien gefoerdert,28,77
2016,22,951,3010.241176159244,5448,gefoerdert,in 3 Linien gefoerdert,39,77
2017,21,937,2735.266235928208,5890,gefoerdert,in 3 Linien gefoerdert,39,77
2018,21,894,5384.563890303454,6386,gefoerdert,in 3 Linien gefoerdert,39,77
2016,11,2151,1773.364985100356,1000,gefoerdert,in 3 Linien gefoerdert,17,77
2017,12,2176,1642.59197365883,1134,gefoerdert,in 3 Linien gefoerdert,17,77
2018,11,2238,1523.634795546999,1102,gefoerdert,in 3 Linien gefoerdert,17,77
2016,,,,,gefoerdert,in 3 Linien gefoerdert,46,77
2017,,,,,gefoerdert,in 3 Linien gefoerdert,46,77
2018,,,,,gefoerdert,in 3 Linien gefoerdert,46,77
2016,,,,81,gefoerdert,in 3 Linien gefoerdert,49,77
2017,,,,70,gefoerdert,in 3 Linien gefoerdert,49,77
2018,,,,89,gefoerdert,in 3 Linien gefoerdert,49,77
2016,10,704,1203.612712862186,,gefoerdert,in 3 Linien gefoerdert,41,77
2017,11,685,967.8453617469464,,gefoerdert,in 3 Linien gefoerdert,41,77
2018,11,663,869.0498120872098,,gefoerdert,in 3 Linien gefoerdert,41,77
2016,,34,,,gefoerdert,in 3 Linien gefoerdert,43,77
2017,,32,,,gefoerdert,in 3 Linien gefoerdert,43,77
2018,,30,,,gefoerdert,in 3 Linien gefoerdert,43,77
2016,10,694,1101.639674723884,556,gefoerdert,in 3 Linien gefoerdert,38,77
2017,9,752,1486.159147411127,563,gefoerdert,in 3 Linien gefoerdert,38,77
2018,11,861,2251.312762213473,724,gefoerdert,in 3 Linien gefoerdert,38,77
2016,7,982,1434.013039820581,506,gefoerdert,in 3 Linien gefoerdert,48,77
2017,7,924,2164.008221546874,544,gefoerdert,in 3 Linien gefoerdert,48,77
2018,7,953,1837.050010641032,603,gefoerdert,in 3 Linien gefoerdert,48,77
2016,,,,22,gefoerdert,in 3 Linien gefoerdert,47,77
2017,,,,24,gefoerdert,in 3 Linien gefoerdert,47,77
2018,,,,34,gefoerdert,in 3 Linien gefoerdert,47,77
2016,31,4168,980.5717254414719,100,gefoerdert,in 3 Linien gefoerdert,42,77
2017,31,4255,969.7868716392984,105,gefoerdert,in 3 Linien gefoerdert,42,77
2018,31,4373,905.3024346601048,123,gefoerdert,in 3 Linien gefoerdert,42,77
2016,,,,263,gefoerdert,in 3 Linien gefoerdert,53,77
2017,,,,263,gefoerdert,in 3 Linien gefoerdert,53,77
2018,,,,310,gefoerdert,in 3 Linien gefoerdert,53,77
2016,55,3650,4530.995402360365,3657,gefoerdert,in 3 Linien gefoerdert,56,77
2017,57,3665,6229.151775036024,4055,gefoerdert,in 3 Linien gefoerdert,56,77
2018,58,3674,6944.868253621083,4535,gefoerdert,in 3 Linien gefoerdert,56,77
2016,,,,,gefoerdert,in 3 Linien gefoerdert,54,77
2017,,,,,gefoerdert,in 3 Linien gefoerdert,54,77
2018,,,,,gefoerdert,in 3 Linien gefoerdert,54,77
2016,,0,0,,gefoerdert,in 3 Linien gefoerdert,33,77
2017,,0,0,,gefoerdert,in 3 Linien gefoerdert,33,77
2018,,,0,,gefoerdert,in 3 Linien gefoerdert,33,77
2016,25,2465,677.7997859965062,1775,gefoerdert,in 3 Linien gefoerdert,32,77
2017,25,2310,810.1939543651285,1787,gefoerdert,in 3 Linien gefoerdert,32,77
2018,24,2171,837.2013308498786,1849,gefoerdert,in 3 Linien gefoerdert,32,77
2016,19,2066,2729.812025153158,849,gefoerdert,in 3 Linien gefoerdert,25,77
2017,21,2196,5919.264280777473,948,gefoerdert,in 3 Linien gefoerdert,25,77
2018,18,2381,4424.801458247799,1068,gefoerdert,in 3 Linien gefoerdert,25,77
2016,50,2086,19542.25587609487,43282,gefoerdert,in 3 Linien gefoerdert,37,77
2017,49,2019,17048.40461903246,45473,gefoerdert,in 3 Linien gefoerdert,37,77
2018,53,2063,23309.31151667148,51222,gefoerdert,in 3 Linien gefoerdert,37,77
2016,27,985,14937.9373606697,21290,gefoerdert,in 3 Linien gefoerdert,13,77
2017,25,921,15551.71045743383,22086,gefoerdert,in 3 Linien gefoerdert,13,77
2018,26,878,16307.85279745427,22910,gefoerdert,in 3 Linien gefoerdert,13,77
2016,12,885,3778.758810601722,1741,gefoerdert,in 3 Linien gefoerdert,35,77
2017,11,911,3797.150188416042,1841,gefoerdert,in 3 Linien gefoerdert,35,77
2018,11,925,3759.335861499777,2187,gefoerdert,in 3 Linien gefoerdert,35,77
2016,36,1590,17091.43861894627,39793,gefoerdert,in 3 Linien gefoerdert,12,77
2017,36,1586,18618.20426724502,41346,gefoerdert,in 3 Linien gefoerdert,12,77
2018,38,1702,16749.6650850465,44303,gefoerdert,in 3 Linien gefoerdert,12,77
2016,19,228,7841.341327100453,6972,gefoerdert,in 3 Linien gefoerdert,21,77
2017,18,210,6859.25170065208,7768,gefoerdert,in 3 Linien gefoerdert,21,77
2018,17,193,8314.124619694234,9393,gefoerdert,in 3 Linien gefoerdert,21,77
2016,9,767,1626.060556755084,165,gefoerdert,in 3 Linien gefoerdert,20,77
2017,9,760,1934.735604269353,190,gefoerdert,in 3 Linien gefoerdert,20,77
2018,9,756,1954.394031584537,188,gefoerdert,in 3 Linien gefoerdert,20,77
2016,,,,,gefoerdert,in 3 Linien gefoerdert,1,77
2017,,,,,gefoerdert,in 3 Linien gefoerdert,1,77
2018,,,,,gefoerdert,in 3 Linien gefoerdert,1,77
2016,,,,,gefoerdert,in 3 Linien gefoerdert,30,77
2017,,,,,gefoerdert,in 3 Linien gefoerdert,30,77
2018,,,,,gefoerdert,in 3 Linien gefoerdert,30,77
2016,,,,1481,gefoerdert,in 3 Linien gefoerdert,2,77
2017,,,,1494,gefoerdert,in 3 Linien gefoerdert,2,77
2018,,,,1715,gefoerdert,in 3 Linien gefoerdert,2,77
2016,,,,213,gefoerdert,in 3 Linien gefoerdert,19,77
2017,,,,238,gefoerdert,in 3 Linien gefoerdert,19,77
2018,,,,268,gefoerdert,in 3 Linien gefoerdert,19,77
2016,,,,2345,gefoerdert,in 3 Linien gefoerdert,16,77
2017,,,,2438,gefoerdert,in 3 Linien gefoerdert,16,77
2018,,,,2786,gefoerdert,in 3 Linien gefoerdert,16,77
2016,,,,31,gefoerdert,in 3 Linien gefoerdert,55,77
2017,,,,40,gefoerdert,in 3 Linien gefoerdert,55,77
2018,,,,43,gefoerdert,in 3 Linien gefoerdert,55,77
2016,,,,24,gefoerdert,in 3 Linien gefoerdert,9,77
2017,,,,32,gefoerdert,in 3 Linien gefoerdert,9,77
2018,,,,30,gefoerdert,in 3 Linien gefoerdert,9,77
2016,,,,4971,gefoerdert,in 3 Linien gefoerdert,31,77
2017,,,,5645,gefoerdert,in 3 Linien gefoerdert,31,77
2018,,,,5906,gefoerdert,in 3 Linien gefoerdert,31,77
2016,,,,861,gefoerdert,in 3 Linien gefoerdert,15,77
2017,,,0,943,gefoerdert,in 3 Linien gefoerdert,15,77
2018,,,,1077,gefoerdert,in 3 Linien gefoerdert,15,77
2016,,,,64,gefoerdert,in 3 Linien gefoerdert,51,77
2017,,,,64,gefoerdert,in 3 Linien gefoerdert,51,77
2018,,,,47,gefoerdert,in 3 Linien gefoerdert,51,77
2016,,,,2,gefoerdert,in 3 Linien gefoerdert,6,77
2017,,,,1,gefoerdert,in 3 Linien gefoerdert,6,77
2018,,,,4,gefoerdert,in 3 Linien gefoerdert,6,77
2016,,0,,97,gefoerdert,in 3 Linien gefoerdert,40,77
2017,,0,,123,gefoerdert,in 3 Linien gefoerdert,40,77
2018,,0,,147,gefoerdert,in 3 Linien gefoerdert,40,77
2016,,,,158,gefoerdert,in 3 Linien gefoerdert,8,77
2017,,,,200,gefoerdert,in 3 Linien gefoerdert,8,77
2018,,,,185,gefoerdert,in 3 Linien gefoerdert,8,77
2016,11,637,995.8668855456554,1,gefoerdert,in 3 Linien gefoerdert,29,77
2017,11,891,1374.131770611146,4,gefoerdert,in 3 Linien gefoerdert,29,77
2018,13,687,1065.746478881118,2,gefoerdert,in 3 Linien gefoerdert,29,77
2016,,,0,1,gefoerdert,in 3 Linien gefoerdert,11,77
2017,,,,4,gefoerdert,in 3 Linien gefoerdert,11,77
2018,,,0,2,gefoerdert,in 3 Linien gefoerdert,11,77
2016,,,,19,gefoerdert,in 3 Linien gefoerdert,24,77
2017,,,0,24,gefoerdert,in 3 Linien gefoerdert,24,77
2018,,,0,16,gefoerdert,in 3 Linien gefoerdert,24,77
2016,4,387,868.4255361349677,3,gefoerdert,in 3 Linien gefoerdert,14,77
2017,4,343,101.8874647338063,5,gefoerdert,in 3 Linien gefoerdert,14,77
2018,5,332,945.3589005957649,,gefoerdert,in 3 Linien gefoerdert,14,77
2016,4,160,379.4003846862508,5,gefoerdert,in 3 Linien gefoerdert,34,77
2017,4,163,400.2726311134785,10,gefoerdert,in 3 Linien gefoerdert,34,77
2018,3,135,477.2955744260333,4,gefoerdert,in 3 Linien gefoerdert,34,77
2016,1,669,195.3491551769516,,gefoerdert,nicht gefoerdert,50,74
2017,1,679,160.2817964564503,,gefoerdert,nicht gefoerdert,50,74
2018,0,759,224.0134879394627,,gefoerdert,nicht gefoerdert,50,74
2016,2,75,12.07076326560306,3,gefoerdert,nicht gefoerdert,18,74
2017,2,63,10.92040244227366,3,gefoerdert,nicht gefoerdert,18,74
2018,2,64,156.6456306891582,2,gefoerdert,nicht gefoerdert,18,74
2016,14,226,570.5186214765029,3,gefoerdert,nicht gefoerdert,27,74
2017,15,215,731.7932072515553,3,gefoerdert,nicht gefoerdert,27,74
2018,15,212,720.4701129442976,2,gefoerdert,nicht gefoerdert,27,74
2016,4,305,848.5930884380148,31,gefoerdert,nicht gefoerdert,36,74
2017,4,328,1691.620347575841,59,gefoerdert,nicht gefoerdert,36,74
2018,5,337,1717.561041947851,62,gefoerdert,nicht gefoerdert,36,74
2016,11,399,858.2299940435246,16,gefoerdert,nicht gefoerdert,23,74
2017,11,381,589.7950558512373,21,gefoerdert,nicht gefoerdert,23,74
2018,12,379,786.5655798180875,29,gefoerdert,nicht gefoerdert,23,74
2016,,,14.80446891744673,38,gefoerdert,nicht gefoerdert,10,74
2017,,,16.46843549739252,40,gefoerdert,nicht gefoerdert,10,74
2018,,,16.26483396111821,39,gefoerdert,nicht gefoerdert,10,74
2016,1,104,27.9329608917598,4,gefoerdert,nicht gefoerdert,3,74
2017,1,117,27.4473924956542,2,gefoerdert,nicht gefoerdert,3,74
2018,1,120,115.1361502290695,3,gefoerdert,nicht gefoerdert,3,74
2016,3,161,100.2932926720783,,gefoerdert,nicht gefoerdert,4,74
2017,3,147,160.354069787622,,gefoerdert,nicht gefoerdert,4,74
2018,3,131,186.4965374662525,,gefoerdert,nicht gefoerdert,4,74
2016,9,1640,785.0372484353618,18,gefoerdert,nicht gefoerdert,22,74
2017,9,1514,858.6395067581386,21,gefoerdert,nicht gefoerdert,22,74
2018,9,1391,930.0268132035332,33,gefoerdert,nicht gefoerdert,22,74
2016,6,1500,13.20856598625359,18,gefoerdert,nicht gefoerdert,5,74
2017,7,1411,16.98719069902315,21,gefoerdert,nicht gefoerdert,5,74
2018,7,1385,110.9090885684648,33,gefoerdert,nicht gefoerdert,5,74
2016,3,347,51.84357569925496,18,gefoerdert,nicht gefoerdert,44,74
2017,3,284,95.1591973263919,21,gefoerdert,nicht gefoerdert,44,74
2018,3,246,65.88695313983962,33,gefoerdert,nicht gefoerdert,44,74
2016,1,46,0,18,gefoerdert,nicht gefoerdert,45,74
2017,1,43,0,21,gefoerdert,nicht gefoerdert,45,74
2018,1,36,0,33,gefoerdert,nicht gefoerdert,45,74
2016,6,276,1254.675042823731,18,gefoerdert,nicht gefoerdert,7,74
2017,6,276,957.291808060924,21,gefoerdert,nicht gefoerdert,7,74
2018,6,276,1222.040706270896,33,gefoerdert,nicht gefoerdert,7,74
2016,1,81,0,6,gefoerdert,nicht gefoerdert,28,74
2017,1,74,0,5,gefoerdert,nicht gefoerdert,28,74
2018,1,74,128.8318566101154,6,gefoerdert,nicht gefoerdert,28,74
2016,13,935,1797.001843877098,3549,gefoerdert,nicht gefoerdert,39,74
2017,13,933,1246.775802421075,3926,gefoerdert,nicht gefoerdert,39,74
2018,12,901,2156.163476770783,3917,gefoerdert,nicht gefoerdert,39,74
2016,13,2232,292.5493463904194,225,gefoerdert,nicht gefoerdert,17,74
2017,13,2177,504.1326887166223,282,gefoerdert,nicht gefoerdert,17,74
2018,12,2247,934.1037935150911,238,gefoerdert,nicht gefoerdert,17,74
2016,,,,,gefoerdert,nicht gefoerdert,46,74
2017,,,,,gefoerdert,nicht gefoerdert,46,74
2018,,,,,gefoerdert,nicht gefoerdert,46,74
2016,2,250,81.95251236910096,27,gefoerdert,nicht gefoerdert,49,74
2017,2,231,136.7557173030441,37,gefoerdert,nicht gefoerdert,49,74
2018,2,247,86.35278797274226,23,gefoerdert,nicht gefoerdert,49,74
2016,,0,0,,gefoerdert,nicht gefoerdert,41,74
2017,,0,2.195791486905247,,gefoerdert,nicht gefoerdert,41,74
2018,,0,1.207731275597471,,gefoerdert,nicht gefoerdert,41,74
2016,1,4,,94,gefoerdert,nicht gefoerdert,38,74
2017,1,3,,126,gefoerdert,nicht gefoerdert,38,74
2018,1,1,,150,gefoerdert,nicht gefoerdert,38,74
2016,4,1245,51.73370602466583,69,gefoerdert,nicht gefoerdert,48,74
2017,4,1285,150.6056720030861,73,gefoerdert,nicht gefoerdert,48,74
2018,4,1177,230.3325222191378,60,gefoerdert,nicht gefoerdert,48,74
2016,,,,7,gefoerdert,nicht gefoerdert,47,74
2017,,,,7,gefoerdert,nicht gefoerdert,47,74
2018,,,,4,gefoerdert,nicht gefoerdert,47,74
2016,25,2445,681.1247812680211,47,gefoerdert,nicht gefoerdert,42,74
2017,27,2371,710.3348545613187,47,gefoerdert,nicht gefoerdert,42,74
2018,28,2273,541.9128109697306,60,gefoerdert,nicht gefoerdert,42,74
2016,,,,12,gefoerdert,nicht gefoerdert,53,74
2017,,,,18,gefoerdert,nicht gefoerdert,53,74
2018,,,,22,gefoerdert,nicht gefoerdert,53,74
2016,24,2130,598.630368775663,653,gefoerdert,nicht gefoerdert,56,74
2017,23,1938,846.666955491739,714,gefoerdert,nicht gefoerdert,56,74
2018,23,1906,1279.668543804674,704,gefoerdert,nicht gefoerdert,56,74
2016,0,14,277.1806201691413,,gefoerdert,nicht gefoerdert,33,74
2017,0,15,224.5937811429153,,gefoerdert,nicht gefoerdert,33,74
2018,0,19,121.572885691899,,gefoerdert,nicht gefoerdert,33,74
2016,19,1244,515.4031934298333,380,gefoerdert,nicht gefoerdert,32,74
2017,19,1156,695.1473197171354,382,gefoerdert,nicht gefoerdert,32,74
2018,19,1046,1109.460237591758,445,gefoerdert,nicht gefoerdert,32,74
2016,14,1078,2248.925462834708,278,gefoerdert,nicht gefoerdert,25,74
2017,15,1146,1143.062162182684,338,gefoerdert,nicht gefoerdert,25,74
2018,17,1231,4219.39545236823,357,gefoerdert,nicht gefoerdert,25,74
2016,29,467,12170.95572097965,17985,gefoerdert,nicht gefoerdert,37,74
2017,28,493,11679.1335478432,17328,gefoerdert,nicht gefoerdert,37,74
2018,29,451,10448.5312576307,18865,gefoerdert,nicht gefoerdert,37,74
2016,28,1278,7112.581106892075,13066,gefoerdert,nicht gefoerdert,13,74
2017,27,1216,7056.094267683291,13682,gefoerdert,nicht gefoerdert,13,74
2018,27,1199,12412.06868569302,14169,gefoerdert,nicht gefoerdert,13,74
2016,5,378,840.7402393129636,1002,gefoerdert,nicht gefoerdert,35,74
2017,6,412,708.8252256373127,1045,gefoerdert,nicht gefoerdert,35,74
2018,6,438,1106.3223437937,1059,gefoerdert,nicht gefoerdert,35,74
2016,27,1282,9869.81803493249,22179,gefoerdert,nicht gefoerdert,12,74
2017,26,1369,10556.15368316302,23510,gefoerdert,nicht gefoerdert,12,74
2018,28,1418,9165.383453688755,24612,gefoerdert,nicht gefoerdert,12,74
2016,1,,,2279,gefoerdert,nicht gefoerdert,21,74
2017,1,,,2535,gefoerdert,nicht gefoerdert,21,74
2018,1,,,2981,gefoerdert,nicht gefoerdert,21,74
2016,7,951,1491.12103271667,70,gefoerdert,nicht gefoerdert,20,74
2017,6,1008,2096.404498641949,102,gefoerdert,nicht gefoerdert,20,74
2018,7,1047,2286.000715935935,76,gefoerdert,nicht gefoerdert,20,74
2016,,,,979,gefoerdert,nicht gefoerdert,2,74
2017,,,,1038,gefoerdert,nicht gefoerdert,2,74
2018,,,,1203,gefoerdert,nicht gefoerdert,2,74
2016,,,,140,gefoerdert,nicht gefoerdert,19,74
2017,,,,160,gefoerdert,nicht gefoerdert,19,74
2018,,,,181,gefoerdert,nicht gefoerdert,19,74
2016,,,,643,gefoerdert,nicht gefoerdert,16,74
2017,,,,738,gefoerdert,nicht gefoerdert,16,74
2018,,,,761,gefoerdert,nicht gefoerdert,16,74
2016,3,,,,gefoerdert,nicht gefoerdert,26,74
2017,4,,,,gefoerdert,nicht gefoerdert,26,74
2018,4,,,,gefoerdert,nicht gefoerdert,26,74
2016,,,,25,gefoerdert,nicht gefoerdert,55,74
2017,,,,13,gefoerdert,nicht gefoerdert,55,74
2018,,,,30,gefoerdert,nicht gefoerdert,55,74
2016,,,,3,gefoerdert,nicht gefoerdert,9,74
2017,,,,6,gefoerdert,nicht gefoerdert,9,74
2018,,,,6,gefoerdert,nicht gefoerdert,9,74
2016,,152,,2716,gefoerdert,nicht gefoerdert,31,74
2017,,126,,3395,gefoerdert,nicht gefoerdert,31,74
2018,,99,,3505,gefoerdert,nicht gefoerdert,31,74
2016,,,,519,gefoerdert,nicht gefoerdert,15,74
2017,,,,458,gefoerdert,nicht gefoerdert,15,74
2018,,,,534,gefoerdert,nicht gefoerdert,15,74
2016,1,554,,28,gefoerdert,nicht gefoerdert,51,74
2017,1,544,,46,gefoerdert,nicht gefoerdert,51,74
2018,1,478,,73,gefoerdert,nicht gefoerdert,51,74
2016,,,,,gefoerdert,nicht gefoerdert,6,74
2017,,,,3,gefoerdert,nicht gefoerdert,6,74
2018,,,,,gefoerdert,nicht gefoerdert,6,74
2016,,,,41,gefoerdert,nicht gefoerdert,40,74
2017,,,,25,gefoerdert,nicht gefoerdert,40,74
2018,,,,38,gefoerdert,nicht gefoerdert,40,74
2016,,,,35,gefoerdert,nicht gefoerdert,8,74
2017,,,,33,gefoerdert,nicht gefoerdert,8,74
2018,,,,47,gefoerdert,nicht gefoerdert,8,74
2016,4,121,538.0316650441744,,gefoerdert,nicht gefoerdert,29,74
2017,3,110,404.293691983488,,gefoerdert,nicht gefoerdert,29,74
2018,3,142,195.0944279013219,1,gefoerdert,nicht gefoerdert,29,74
2016,,,,,gefoerdert,nicht gefoerdert,11,74
2017,,,,,gefoerdert,nicht gefoerdert,11,74
2018,,,,1,gefoerdert,nicht gefoerdert,11,74
2016,,,,9,gefoerdert,nicht gefoerdert,24,74
2017,,,,19,gefoerdert,nicht gefoerdert,24,74
2018,,,,19,gefoerdert,nicht gefoerdert,24,74
2016,,,,1,gefoerdert,nicht gefoerdert,14,74
2017,,,,2,gefoerdert,nicht gefoerdert,14,74
2018,,,,,gefoerdert,nicht gefoerdert,14,74
2016,6,287,785.0298037375328,2,gefoerdert,nicht gefoerdert,34,74
2017,7,256,772.7319380031452,,gefoerdert,nicht gefoerdert,34,74
2018,7,254,891.7208369983285,4,gefoerdert,nicht gefoerdert,34,74
2016,8,547,0,,gefoerdert,nicht gefoerdert,50,116
2017,8,693,198.1912178246902,,gefoerdert,nicht gefoerdert,50,116
2018,8,671,44.64831693712422,,gefoerdert,nicht gefoerdert,50,116
2016,2,84,0,2,gefoerdert,nicht gefoerdert,18,116
2017,2,82,40.99085215045602,1,gefoerdert,nicht gefoerdert,18,116
2018,2,90,95.28766386072351,1,gefoerdert,nicht gefoerdert,18,116
2016,12,371,404.9580891623368,2,gefoerdert,nicht gefoerdert,27,116
2017,13,362,439.6816019494553,1,gefoerdert,nicht gefoerdert,27,116
2018,13,364,458.4139955987524,1,gefoerdert,nicht gefoerdert,27,116
2016,4,210,127.0139612425836,10,gefoerdert,nicht gefoerdert,36,116
2017,4,170,83.62305719947304,24,gefoerdert,nicht gefoerdert,36,116
2018,4,182,221.443463957381,23,gefoerdert,nicht gefoerdert,36,116
2016,16,740,1296.077337469718,17,gefoerdert,nicht gefoerdert,23,116
2017,13,742,710.4226938117981,15,gefoerdert,nicht gefoerdert,23,116
2018,13,713,207.3793243527377,20,gefoerdert,nicht gefoerdert,23,116
2016,,,0,10,gefoerdert,nicht gefoerdert,10,116
2017,,,35.70905652000886,5,gefoerdert,nicht gefoerdert,10,116
2018,,,40.49314568929668,10,gefoerdert,nicht gefoerdert,10,116
2016,2,404,55.61825061004467,2,gefoerdert,nicht gefoerdert,3,116
2017,2,370,52.69899219560949,1,gefoerdert,nicht gefoerdert,3,116
2018,2,348,38.81993506744532,,gefoerdert,nicht gefoerdert,3,116
2016,2,218,0,1,gefoerdert,nicht gefoerdert,4,116
2017,2,210,0,,gefoerdert,nicht gefoerdert,4,116
2018,2,190,0,,gefoerdert,nicht gefoerdert,4,116
2016,10,1320,526.3491724283723,13,gefoerdert,nicht gefoerdert,22,116
2017,10,1120,29.37236970644554,22,gefoerdert,nicht gefoerdert,22,116
2018,10,1092,124.5212290291082,14,gefoerdert,nicht gefoerdert,22,116
2016,7,710,79.23742822944338,13,gefoerdert,nicht gefoerdert,5,116
2017,7,801,74.92863967766328,22,gefoerdert,nicht gefoerdert,5,116
2018,7,955,125.634604887794,14,gefoerdert,nicht gefoerdert,5,116
2016,5,418,320.768160946904,13,gefoerdert,nicht gefoerdert,44,116
2017,5,368,301.4364146349436,22,gefoerdert,nicht gefoerdert,44,116
2018,5,330,242.0737362831751,14,gefoerdert,nicht gefoerdert,44,116
2016,4,115,225.2402278795151,13,gefoerdert,nicht gefoerdert,45,116
2017,5,125,284.9697939980982,22,gefoerdert,nicht gefoerdert,45,116
2018,3,132,224.5508492358074,14,gefoerdert,nicht gefoerdert,45,116
2016,,,,13,gefoerdert,nicht gefoerdert,7,116
2017,,,,22,gefoerdert,nicht gefoerdert,7,116
2018,,,,14,gefoerdert,nicht gefoerdert,7,116
2016,,298,321.0800710540297,7,gefoerdert,nicht gefoerdert,28,116
2017,,291,327.8407928137158,3,gefoerdert,nicht gefoerdert,28,116
2018,,292,399.7258053278245,7,gefoerdert,nicht gefoerdert,28,116
2016,8,538,276.7923592869544,1593,gefoerdert,nicht gefoerdert,39,116
2017,8,607,629.6212491665258,1874,gefoerdert,nicht gefoerdert,39,116
2018,9,641,384.4970766865968,1856,gefoerdert,nicht gefoerdert,39,116
2016,7,559,942.9636693492331,128,gefoerdert,nicht gefoerdert,17,116
2017,8,708,972.4748755560685,119,gefoerdert,nicht gefoerdert,17,116
2018,8,708,904.1728652905493,193,gefoerdert,nicht gefoerdert,17,116
2016,1,456,0,8,gefoerdert,nicht gefoerdert,49,116
2017,2,543,191.1344955594158,9,gefoerdert,nicht gefoerdert,49,116
2018,2,621,137.0217830071612,14,gefoerdert,nicht gefoerdert,49,116
2016,,98,,,gefoerdert,nicht gefoerdert,41,116
2017,,105,,,gefoerdert,nicht gefoerdert,41,116
2018,,100,,,gefoerdert,nicht gefoerdert,41,116
2016,,45,,,gefoerdert,nicht gefoerdert,43,116
2017,,39,,,gefoerdert,nicht gefoerdert,43,116
2018,,25,,,gefoerdert,nicht gefoerdert,43,116
2016,5,539,58.83705948542884,28,gefoerdert,nicht gefoerdert,38,116
2017,5,526,50.63952334792901,39,gefoerdert,nicht gefoerdert,38,116
2018,5,505,32.27356432558415,56,gefoerdert,nicht gefoerdert,38,116
2016,0,21,0,42,gefoerdert,nicht gefoerdert,48,116
2017,0,12,0,42,gefoerdert,nicht gefoerdert,48,116
2018,0,14,0,45,gefoerdert,nicht gefoerdert,48,116
2016,,,,4,gefoerdert,nicht gefoerdert,47,116
2017,,,,3,gefoerdert,nicht gefoerdert,47,116
2018,,,,5,gefoerdert,nicht gefoerdert,47,116
2016,19,2293,188.8798832529722,37,gefoerdert,nicht gefoerdert,42,116
2017,19,2234,95.38975441820186,44,gefoerdert,nicht gefoerdert,42,116
2018,18,2076,141.6981563196993,52,gefoerdert,nicht gefoerdert,42,116
2016,,,,2,gefoerdert,nicht gefoerdert,53,116
2017,,,,8,gefoerdert,nicht gefoerdert,53,116
2018,,,,5,gefoerdert,nicht gefoerdert,53,116
2016,30,2021,2294.032602830743,252,gefoerdert,nicht gefoerdert,56,116
2017,30,2022,1645.613911916266,285,gefoerdert,nicht gefoerdert,56,116
2018,31,2174,1553.554041408068,351,gefoerdert,nicht gefoerdert,56,116
2016,,,,,gefoerdert,nicht gefoerdert,54,116
2017,,,,,gefoerdert,nicht gefoerdert,54,116
2018,,,,,gefoerdert,nicht gefoerdert,54,116
2016,,21,0,,gefoerdert,nicht gefoerdert,33,116
2017,,29,0,,gefoerdert,nicht gefoerdert,33,116
2018,,26,,,gefoerdert,nicht gefoerdert,33,116
2016,16,942,2118.375241708558,523,gefoerdert,nicht gefoerdert,32,116
2017,16,905,2204.715376092655,534,gefoerdert,nicht gefoerdert,32,116
2018,16,884,2694.702004334163,560,gefoerdert,nicht gefoerdert,32,116
2016,,837,,92,gefoerdert,nicht gefoerdert,25,116
2017,,834,,103,gefoerdert,nicht gefoerdert,25,116
2018,,794,,140,gefoerdert,nicht gefoerdert,25,116
2016,22,692,7847.53531569403,10460,gefoerdert,nicht gefoerdert,37,116
2017,22,724,8008.276210229674,11094,gefoerdert,nicht gefoerdert,37,116
2018,21,706,7720.528045480356,12005,gefoerdert,nicht gefoerdert,37,116
2016,18,786,4893.738360899268,11048,gefoerdert,nicht gefoerdert,13,116
2017,17,761,5571.418168469389,11141,gefoerdert,nicht gefoerdert,13,116
2018,17,770,4041.806854166669,12089,gefoerdert,nicht gefoerdert,13,116
2016,5,565,1094.381719468085,310,gefoerdert,nicht gefoerdert,35,116
2017,4,584,1185.0933272999,356,gefoerdert,nicht gefoerdert,35,116
2018,5,580,452.2800966143885,390,gefoerdert,nicht gefoerdert,35,116
2016,24,1112,3568.139557242286,10457,gefoerdert,nicht gefoerdert,12,116
2017,23,1340,5101.678650692404,11223,gefoerdert,nicht gefoerdert,12,116
2018,23,1375,6054.352290616947,11554,gefoerdert,nicht gefoerdert,12,116
2016,,,,374,gefoerdert,nicht gefoerdert,21,116
2017,,,,408,gefoerdert,nicht gefoerdert,21,116
2018,,,,605,gefoerdert,nicht gefoerdert,21,116
2016,,,0,23,gefoerdert,nicht gefoerdert,20,116
2017,,,.3659652387286963,18,gefoerdert,nicht gefoerdert,20,116
2018,,,0,26,gefoerdert,nicht gefoerdert,20,116
2016,,,,,gefoerdert,nicht gefoerdert,30,116
2017,,,,,gefoerdert,nicht gefoerdert,30,116
2018,,,,,gefoerdert,nicht gefoerdert,30,116
2016,,,,321,gefoerdert,nicht gefoerdert,2,116
2017,,,,347,gefoerdert,nicht gefoerdert,2,116
2018,,,,354,gefoerdert,nicht gefoerdert,2,116
2016,,,,43,gefoerdert,nicht gefoerdert,19,116
2017,,,,46,gefoerdert,nicht gefoerdert,19,116
2018,,,,50,gefoerdert,nicht gefoerdert,19,116
2016,,,,422,gefoerdert,nicht gefoerdert,16,116
2017,,,,499,gefoerdert,nicht gefoerdert,16,116
2018,,,,514,gefoerdert,nicht gefoerdert,16,116
2016,,,,12,gefoerdert,nicht gefoerdert,55,116
2017,,,,10,gefoerdert,nicht gefoerdert,55,116
2018,,,,10,gefoerdert,nicht gefoerdert,55,116
2016,,,,7,gefoerdert,nicht gefoerdert,9,116
2017,,,,9,gefoerdert,nicht gefoerdert,9,116
2018,,,,10,gefoerdert,nicht gefoerdert,9,116
2016,,,,1839,gefoerdert,nicht gefoerdert,31,116
2017,,,,2117,gefoerdert,nicht gefoerdert,31,116
2018,,,,2051,gefoerdert,nicht gefoerdert,31,116
2016,,,,157,gefoerdert,nicht gefoerdert,15,116
2017,,,,190,gefoerdert,nicht gefoerdert,15,116
2018,,,,217,gefoerdert,nicht gefoerdert,15,116
2016,,,,8,gefoerdert,nicht gefoerdert,51,116
2017,,,,1,gefoerdert,nicht gefoerdert,51,116
2018,,,,4,gefoerdert,nicht gefoerdert,51,116
2016,,,,11,gefoerdert,nicht gefoerdert,40,116
2017,,,,14,gefoerdert,nicht gefoerdert,40,116
2018,,,,17,gefoerdert,nicht gefoerdert,40,116
2016,,,,14,gefoerdert,nicht gefoerdert,8,116
2017,,,,15,gefoerdert,nicht gefoerdert,8,116
2018,,,,15,gefoerdert,nicht gefoerdert,8,116
2016,5,260,85.37337233260065,,gefoerdert,nicht gefoerdert,29,116
2017,5,228,33.69258939694524,1,gefoerdert,nicht gefoerdert,29,116
2018,5,223,257.4228810230122,,gefoerdert,nicht gefoerdert,29,116
2016,,,0,,gefoerdert,nicht gefoerdert,11,116
2017,,,0,1,gefoerdert,nicht gefoerdert,11,116
2018,,,,,gefoerdert,nicht gefoerdert,11,116
2016,,,,3,gefoerdert,nicht gefoerdert,24,116
2017,,,,2,gefoerdert,nicht gefoerdert,24,116
2018,,,,9,gefoerdert,nicht gefoerdert,24,116
2016,,,,,gefoerdert,nicht gefoerdert,14,116
2017,,,,1,gefoerdert,nicht gefoerdert,14,116
2018,,,,,gefoerdert,nicht gefoerdert,14,116
2016,3,149,62.74487940710168,2,gefoerdert,nicht gefoerdert,34,116
2017,3,134,111.0356811551846,2,gefoerdert,nicht gefoerdert,34,116
2018,3,135,142.9481143644757,,gefoerdert,nicht gefoerdert,34,116
2016,1,91,91.28212528503153,,gefoerdert,nicht gefoerdert,50,96
2017,1,79,92.8517836268137,,gefoerdert,nicht gefoerdert,50,96
2018,1,93,233.6510813001926,,gefoerdert,nicht gefoerdert,50,96
2016,3,54,37.6415252657316,1,gefoerdert,nicht gefoerdert,18,96
2017,3,52,55.88289279640784,,gefoerdert,nicht gefoerdert,18,96
2018,3,61,50.48298904652495,1,gefoerdert,nicht gefoerdert,18,96
2016,12,167,117.0437633348482,1,gefoerdert,nicht gefoerdert,27,96
2017,12,184,141.9743767271509,,gefoerdert,nicht gefoerdert,27,96
2018,13,193,108.3201972951412,1,gefoerdert,nicht gefoerdert,27,96
2016,4,253,0,,gefoerdert,nicht gefoerdert,36,96
2017,4,288,0,3,gefoerdert,nicht gefoerdert,36,96
2018,4,310,1.078331553456284,2,gefoerdert,nicht gefoerdert,36,96
2016,11,366,544.3249352187198,2,gefoerdert,nicht gefoerdert,23,96
2017,11,381,586.8298529265969,8,gefoerdert,nicht gefoerdert,23,96
2018,11,424,571.9353333116386,7,gefoerdert,nicht gefoerdert,23,96
2016,,,0,18,gefoerdert,nicht gefoerdert,10,96
2017,,,0,24,gefoerdert,nicht gefoerdert,10,96
2018,,,0,17,gefoerdert,nicht gefoerdert,10,96
2016,1,275,0,1,gefoerdert,nicht gefoerdert,3,96
2017,1,261,.9917657743235432,1,gefoerdert,nicht gefoerdert,3,96
2018,1,261,0,3,gefoerdert,nicht gefoerdert,3,96
2016,0,,0,1,gefoerdert,nicht gefoerdert,4,96
2017,1,,0,,gefoerdert,nicht gefoerdert,4,96
2018,0,,0,,gefoerdert,nicht gefoerdert,4,96
2016,10,2349,388.5670524888251,10,gefoerdert,nicht gefoerdert,22,96
2017,9,2345,426.6175656291005,10,gefoerdert,nicht gefoerdert,22,96
2018,9,2394,549.3353349765614,13,gefoerdert,nicht gefoerdert,22,96
2016,5,926,83.80633447682752,10,gefoerdert,nicht gefoerdert,5,96
2017,5,850,74.66514286692352,10,gefoerdert,nicht gefoerdert,5,96
2018,6,780,60.99851476454906,13,gefoerdert,nicht gefoerdert,5,96
2016,5,151,94.00465412251793,10,gefoerdert,nicht gefoerdert,44,96
2017,5,161,172.2269014471916,10,gefoerdert,nicht gefoerdert,44,96
2018,5,138,85.5790850590348,13,gefoerdert,nicht gefoerdert,44,96
2016,,,0,10,gefoerdert,nicht gefoerdert,45,96
2017,,,0,10,gefoerdert,nicht gefoerdert,45,96
2018,,,,13,gefoerdert,nicht gefoerdert,45,96
2016,,,,10,gefoerdert,nicht gefoerdert,7,96
2017,,,,10,gefoerdert,nicht gefoerdert,7,96
2018,,,0,13,gefoerdert,nicht gefoerdert,7,96
2016,1,13,10.27188043499563,,gefoerdert,nicht gefoerdert,28,96
2017,1,7,0,2,gefoerdert,nicht gefoerdert,28,96
2018,1,9,1.190657752477871,1,gefoerdert,nicht gefoerdert,28,96
2016,2,0,398.8454239473332,60,gefoerdert,nicht gefoerdert,39,96
2017,2,0,355.1381382235224,62,gefoerdert,nicht gefoerdert,39,96
2018,2,0,508.7757047099324,85,gefoerdert,nicht gefoerdert,39,96
2016,7,920,276.1797061194462,91,gefoerdert,nicht gefoerdert,17,96
2017,8,930,872.8106080122222,116,gefoerdert,nicht gefoerdert,17,96
2018,8,933,887.7741726286042,115,gefoerdert,nicht gefoerdert,17,96
2016,,,,,gefoerdert,nicht gefoerdert,46,96
2017,,,,,gefoerdert,nicht gefoerdert,46,96
2018,,,,,gefoerdert,nicht gefoerdert,46,96
2016,2,101,184.8258900992158,2,gefoerdert,nicht gefoerdert,49,96
2017,2,118,146.8993637938061,4,gefoerdert,nicht gefoerdert,49,96
2018,2,123,232.515231974686,3,gefoerdert,nicht gefoerdert,49,96
2016,2,262,14.02607088321222,,gefoerdert,nicht gefoerdert,41,96
2017,2,240,56.37053884517974,,gefoerdert,nicht gefoerdert,41,96
2018,2,242,123.0025766244653,,gefoerdert,nicht gefoerdert,41,96
2016,,14,44.04096762896936,,gefoerdert,nicht gefoerdert,43,96
2017,,12,0,,gefoerdert,nicht gefoerdert,43,96
2018,,11,0,,gefoerdert,nicht gefoerdert,43,96
2016,4,18,73.62755716293775,28,gefoerdert,nicht gefoerdert,38,96
2017,4,10,71.54895052499761,36,gefoerdert,nicht gefoerdert,38,96
2018,4,7,28.98734770326255,46,gefoerdert,nicht gefoerdert,38,96
2016,4,998,662.608965321435,65,gefoerdert,nicht gefoerdert,48,96
2017,4,1038,1007.104313418007,75,gefoerdert,nicht gefoerdert,48,96
2018,4,1023,1196.731441698969,82,gefoerdert,nicht gefoerdert,48,96
2016,,,,1,gefoerdert,nicht gefoerdert,47,96
2017,,,0,1,gefoerdert,nicht gefoerdert,47,96
2018,,,,1,gefoerdert,nicht gefoerdert,47,96
2016,23,2859,228.528866315641,5,gefoerdert,nicht gefoerdert,42,96
2017,21,2891,1019.78588881876,5,gefoerdert,nicht gefoerdert,42,96
2018,22,2959,778.0799607352628,2,gefoerdert,nicht gefoerdert,42,96
2016,,,0,3,gefoerdert,nicht gefoerdert,53,96
2017,,,0,3,gefoerdert,nicht gefoerdert,53,96
2018,,,0,9,gefoerdert,nicht gefoerdert,53,96
2016,26,3765,831.6759503129741,296,gefoerdert,nicht gefoerdert,56,96
2017,25,3574,728.1015575313095,384,gefoerdert,nicht gefoerdert,56,96
2018,24,3317,723.1335821224648,391,gefoerdert,nicht gefoerdert,56,96
2016,1,650,53.63035290420635,,gefoerdert,nicht gefoerdert,54,96
2017,1,705,38.05672522256823,,gefoerdert,nicht gefoerdert,54,96
2018,1,704,177.523015168122,,gefoerdert,nicht gefoerdert,54,96
2016,2,,4.352886583225551,,gefoerdert,nicht gefoerdert,33,96
2017,2,,0,,gefoerdert,nicht gefoerdert,33,96
2018,1,,56.04717741996384,,gefoerdert,nicht gefoerdert,33,96
2016,20,1182,411.3743105105666,407,gefoerdert,nicht gefoerdert,32,96
2017,19,1122,484.6587324695124,478,gefoerdert,nicht gefoerdert,32,96
2018,20,1069,855.9615611833434,455,gefoerdert,nicht gefoerdert,32,96
2016,14,1452,2062.625707262088,238,gefoerdert,nicht gefoerdert,25,96
2017,15,1530,2300.023810797881,207,gefoerdert,nicht gefoerdert,25,96
2018,17,1442,2718.402832327718,239,gefoerdert,nicht gefoerdert,25,96
2016,19,258,5133.059368068238,7333,gefoerdert,nicht gefoerdert,37,96
2017,20,289,4684.245089138624,7818,gefoerdert,nicht gefoerdert,37,96
2018,19,276,3972.482722079108,7638,gefoerdert,nicht gefoerdert,37,96
2016,3,,134.8268164279628,2025,gefoerdert,nicht gefoerdert,13,96
2017,3,,159.1948764747944,2169,gefoerdert,nicht gefoerdert,13,96
2018,3,0,161.3058104908266,2112,gefoerdert,nicht gefoerdert,13,96
2016,,,,154,gefoerdert,nicht gefoerdert,35,96
2017,,,,127,gefoerdert,nicht gefoerdert,35,96
2018,,,,156,gefoerdert,nicht gefoerdert,35,96
2016,0,,7.452513695980181,309,gefoerdert,nicht gefoerdert,12,96
2017,0,,15.95516850385864,301,gefoerdert,nicht gefoerdert,12,96
2018,0,,25.17185111437508,338,gefoerdert,nicht gefoerdert,12,96
2016,,191,0,753,gefoerdert,nicht gefoerdert,21,96
2017,,197,0,820,gefoerdert,nicht gefoerdert,21,96
2018,,175,0,1071,gefoerdert,nicht gefoerdert,21,96
2016,7,1001,914.2951609460353,44,gefoerdert,nicht gefoerdert,20,96
2017,7,1040,765.7895659128036,62,gefoerdert,nicht gefoerdert,20,96
2018,7,1003,1383.979215467955,32,gefoerdert,nicht gefoerdert,20,96
2016,,,,35,gefoerdert,nicht gefoerdert,2,96
2017,,,,40,gefoerdert,nicht gefoerdert,2,96
2018,,,,65,gefoerdert,nicht gefoerdert,2,96
2016,,,,4,gefoerdert,nicht gefoerdert,19,96
2017,,,,7,gefoerdert,nicht gefoerdert,19,96
2018,,,,10,gefoerdert,nicht gefoerdert,19,96
2016,,,,2,gefoerdert,nicht gefoerdert,16,96
2017,,,,1,gefoerdert,nicht gefoerdert,16,96
2018,,,,6,gefoerdert,nicht gefoerdert,16,96
2016,,,,,gefoerdert,nicht gefoerdert,26,96
2017,,,,,gefoerdert,nicht gefoerdert,26,96
2018,,,,,gefoerdert,nicht gefoerdert,26,96
2016,1,,0,6,gefoerdert,nicht gefoerdert,55,96
2017,1,,0,12,gefoerdert,nicht gefoerdert,55,96
2018,1,,0,8,gefoerdert,nicht gefoerdert,55,96
2016,,,,4,gefoerdert,nicht gefoerdert,9,96
2017,,,,5,gefoerdert,nicht gefoerdert,9,96
2018,,,,2,gefoerdert,nicht gefoerdert,9,96
2016,1,,0,954,gefoerdert,nicht gefoerdert,31,96
2017,1,,0,1147,gefoerdert,nicht gefoerdert,31,96
2018,1,,50.12624161432355,1312,gefoerdert,nicht gefoerdert,31,96
2016,,,,123,gefoerdert,nicht gefoerdert,15,96
2017,,,,144,gefoerdert,nicht gefoerdert,15,96
2018,,,,160,gefoerdert,nicht gefoerdert,15,96
2016,,,,2,gefoerdert,nicht gefoerdert,51,96
2017,,,,3,gefoerdert,nicht gefoerdert,51,96
2018,,,,5,gefoerdert,nicht gefoerdert,51,96
2016,,,0,15,gefoerdert,nicht gefoerdert,40,96
2017,,,0,21,gefoerdert,nicht gefoerdert,40,96
2018,,,0,29,gefoerdert,nicht gefoerdert,40,96
2016,,,,19,gefoerdert,nicht gefoerdert,8,96
2017,,,,19,gefoerdert,nicht gefoerdert,8,96
2018,,,,50,gefoerdert,nicht gefoerdert,8,96
2016,,,,,gefoerdert,nicht gefoerdert,52,96
2017,,,,,gefoerdert,nicht gefoerdert,52,96
2018,,,,,gefoerdert,nicht gefoerdert,52,96
2016,2,529,14.3342648571779,1,gefoerdert,nicht gefoerdert,29,96
2017,3,525,30.95242569002836,,gefoerdert,nicht gefoerdert,29,96
2018,2,545,36.30202923508056,1,gefoerdert,nicht gefoerdert,29,96
2016,,,0,1,gefoerdert,nicht gefoerdert,11,96
2017,,,0,,gefoerdert,nicht gefoerdert,11,96
2018,,,0,1,gefoerdert,nicht gefoerdert,11,96
2016,,,,6,gefoerdert,nicht gefoerdert,24,96
2017,,,0,5,gefoerdert,nicht gefoerdert,24,96
2018,,,,5,gefoerdert,nicht gefoerdert,24,96
2016,15,302,78.54003479437799,,gefoerdert,nicht gefoerdert,34,96
2017,14,305,92.41628689783931,2,gefoerdert,nicht gefoerdert,34,96
2018,15,317,88.02599859459362,1,gefoerdert,nicht gefoerdert,34,96
2016,,469,,,gefoerdert,nicht gefoerdert,50,122
2017,,469,0,,gefoerdert,nicht gefoerdert,50,122
2018,,354,0,,gefoerdert,nicht gefoerdert,50,122
2016,,37,128.0595861015674,,gefoerdert,nicht gefoerdert,18,122
2017,,43,115.7548002137032,,gefoerdert,nicht gefoerdert,18,122
2018,,46,225.471932294801,,gefoerdert,nicht gefoerdert,18,122
2016,,55,131.0381756050247,,gefoerdert,nicht gefoerdert,27,122
2017,,54,163.5809756031537,,gefoerdert,nicht gefoerdert,27,122
2018,,42,213.9562481772367,,gefoerdert,nicht gefoerdert,27,122
2016,22,179,67.44320121273526,13,gefoerdert,nicht gefoerdert,36,122
2017,23,190,108.7731014913525,27,gefoerdert,nicht gefoerdert,36,122
2018,24,162,94.47262704480039,16,gefoerdert,nicht gefoerdert,36,122
2016,,236,342.6918015320702,6,gefoerdert,nicht gefoerdert,23,122
2017,0,209,220.4666067727637,4,gefoerdert,nicht gefoerdert,23,122
2018,0,292,717.4283106993087,6,gefoerdert,nicht gefoerdert,23,122
2016,,,2.048417176460631,11,gefoerdert,nicht gefoerdert,10,122
2017,,,,16,gefoerdert,nicht gefoerdert,10,122
2018,,,,17,gefoerdert,nicht gefoerdert,10,122
2016,9,537,4045.057811469203,1,gefoerdert,nicht gefoerdert,3,122
2017,9,497,5422.275274067261,3,gefoerdert,nicht gefoerdert,3,122
2018,8,427,5514.652108319545,1,gefoerdert,nicht gefoerdert,3,122
2016,,28,0,1,gefoerdert,nicht gefoerdert,4,122
2017,,27,2.012808826641097,,gefoerdert,nicht gefoerdert,4,122
2018,,23,.1797219211126051,,gefoerdert,nicht gefoerdert,4,122
2016,9,576,174.3994345081318,51,gefoerdert,nicht gefoerdert,22,122
2017,9,574,315.7731149337168,68,gefoerdert,nicht gefoerdert,22,122
2018,8,557,241.687340740154,52,gefoerdert,nicht gefoerdert,22,122
2016,4,462,3.767225329153865,51,gefoerdert,nicht gefoerdert,5,122
2017,4,401,3.623055844327519,68,gefoerdert,nicht gefoerdert,5,122
2018,4,384,58.88857982605499,52,gefoerdert,nicht gefoerdert,5,122
2016,8,506,327.3938567699203,51,gefoerdert,nicht gefoerdert,44,122
2017,7,511,444.2177481636622,68,gefoerdert,nicht gefoerdert,44,122
2018,6,496,557.4066415069402,52,gefoerdert,nicht gefoerdert,44,122
2016,1,0,0,51,gefoerdert,nicht gefoerdert,45,122
2017,1,0,0,68,gefoerdert,nicht gefoerdert,45,122
2018,1,0,0,52,gefoerdert,nicht gefoerdert,45,122
2016,,,,51,gefoerdert,nicht gefoerdert,7,122
2017,,,,68,gefoerdert,nicht gefoerdert,7,122
2018,,,,52,gefoerdert,nicht gefoerdert,7,122
2016,,,91.92364796778428,3,gefoerdert,nicht gefoerdert,28,122
2017,,,0,1,gefoerdert,nicht gefoerdert,28,122
2018,,,0,2,gefoerdert,nicht gefoerdert,28,122
2016,9,718,1441.739272252788,1557,gefoerdert,nicht gefoerdert,39,122
2017,9,768,1321.443744361381,1585,gefoerdert,nicht gefoerdert,39,122
2018,9,809,957.230375754859,1706,gefoerdert,nicht gefoerdert,39,122
2016,5,301,502.9031479669673,200,gefoerdert,nicht gefoerdert,17,122
2017,5,307,401.4528768086524,173,gefoerdert,nicht gefoerdert,17,122
2018,5,317,549.04239834132,212,gefoerdert,nicht gefoerdert,17,122
2016,,,,,gefoerdert,nicht gefoerdert,46,122
2017,,,,,gefoerdert,nicht gefoerdert,46,122
2018,,,,,gefoerdert,nicht gefoerdert,46,122
2016,4,376,306.9404019315596,7,gefoerdert,nicht gefoerdert,49,122
2017,4,346,182.8536079737276,9,gefoerdert,nicht gefoerdert,49,122
2018,4,339,178.8161239145977,9,gefoerdert,nicht gefoerdert,49,122
2016,1,379,,,gefoerdert,nicht gefoerdert,41,122
2017,1,419,0,,gefoerdert,nicht gefoerdert,41,122
2018,0,488,,,gefoerdert,nicht gefoerdert,41,122
2016,,,,,gefoerdert,nicht gefoerdert,43,122
2017,,16,,,gefoerdert,nicht gefoerdert,43,122
2018,,19,,,gefoerdert,nicht gefoerdert,43,122
2016,,0,,35,gefoerdert,nicht gefoerdert,38,122
2017,,0,,47,gefoerdert,nicht gefoerdert,38,122
2018,,0,,60,gefoerdert,nicht gefoerdert,38,122
2016,1,127,71.78026337325001,27,gefoerdert,nicht gefoerdert,48,122
2017,1,114,111.4327517021907,24,gefoerdert,nicht gefoerdert,48,122
2018,1,153,35.74489224775208,44,gefoerdert,nicht gefoerdert,48,122
2016,,,,2,gefoerdert,nicht gefoerdert,47,122
2017,,,,2,gefoerdert,nicht gefoerdert,47,122
2018,,,,2,gefoerdert,nicht gefoerdert,47,122
2016,18,2252,930.9850937129108,5,gefoerdert,nicht gefoerdert,42,122
2017,17,2155,716.0018543428871,14,gefoerdert,nicht gefoerdert,42,122
2018,18,2087,761.4134512618811,10,gefoerdert,nicht gefoerdert,42,122
2016,,,,11,gefoerdert,nicht gefoerdert,53,122
2017,,,,4,gefoerdert,nicht gefoerdert,53,122
2018,,,,7,gefoerdert,nicht gefoerdert,53,122
2016,14,1609,1295.414361554672,325,gefoerdert,nicht gefoerdert,56,122
2017,14,1490,443.6596645849643,407,gefoerdert,nicht gefoerdert,56,122
2018,14,1426,188.3395811326695,359,gefoerdert,nicht gefoerdert,56,122
2016,0,87,75.0409699850792,,gefoerdert,nicht gefoerdert,33,122
2017,0,83,5.104300087618376,,gefoerdert,nicht gefoerdert,33,122
2018,0,84,0,,gefoerdert,nicht gefoerdert,33,122
2016,13,342,976.0167069653238,586,gefoerdert,nicht gefoerdert,32,122
2017,15,321,1530.31565383365,681,gefoerdert,nicht gefoerdert,32,122
2018,14,315,1091.169056894051,769,gefoerdert,nicht gefoerdert,32,122
2016,24,1477,11946.4981951003,913,gefoerdert,nicht gefoerdert,25,122
2017,23,1506,14063.905426953,902,gefoerdert,nicht gefoerdert,25,122
2018,21,1697,12596.78034449972,1137,gefoerdert,nicht gefoerdert,25,122
2016,16,207,3798.266192103401,4345,gefoerdert,nicht gefoerdert,37,122
2017,16,189,2574.114437206876,4751,gefoerdert,nicht gefoerdert,37,122
2018,17,194,3297.651050939232,5310,gefoerdert,nicht gefoerdert,37,122
2016,10,334,2809.317533541631,6408,gefoerdert,nicht gefoerdert,13,122
2017,13,310,1983.320258743065,6538,gefoerdert,nicht gefoerdert,13,122
2018,13,313,2149.112813911103,7057,gefoerdert,nicht gefoerdert,13,122
2016,9,230,1022.402289116756,498,gefoerdert,nicht gefoerdert,35,122
2017,10,214,1670.348618391709,453,gefoerdert,nicht gefoerdert,35,122
2018,9,219,2079.587503845998,461,gefoerdert,nicht gefoerdert,35,122
2016,8,334,1923.383716176162,6759,gefoerdert,nicht gefoerdert,12,122
2017,8,352,1762.39063916334,6977,gefoerdert,nicht gefoerdert,12,122
2018,6,353,1922.996665086928,7711,gefoerdert,nicht gefoerdert,12,122
2016,,,,289,gefoerdert,nicht gefoerdert,21,122
2017,,,,294,gefoerdert,nicht gefoerdert,21,122
2018,,,,388,gefoerdert,nicht gefoerdert,21,122
2016,2,29,2.68156435216473,5,gefoerdert,nicht gefoerdert,20,122
2017,2,21,4.96797788465817,13,gefoerdert,nicht gefoerdert,20,122
2018,2,16,2.717395343313657,12,gefoerdert,nicht gefoerdert,20,122
2016,,,,224,gefoerdert,nicht gefoerdert,2,122
2017,,,,277,gefoerdert,nicht gefoerdert,2,122
2018,,,,266,gefoerdert,nicht gefoerdert,2,122
2016,,,,9,gefoerdert,nicht gefoerdert,19,122
2017,,,,5,gefoerdert,nicht gefoerdert,19,122
2018,,,,5,gefoerdert,nicht gefoerdert,19,122
2016,,,,296,gefoerdert,nicht gefoerdert,16,122
2017,,,,347,gefoerdert,nicht gefoerdert,16,122
2018,,,,360,gefoerdert,nicht gefoerdert,16,122
2016,1,299,1373.348186254949,,gefoerdert,nicht gefoerdert,26,122
2017,3,301,293.4821600663356,,gefoerdert,nicht gefoerdert,26,122
2018,3,274,268.6231687502084,,gefoerdert,nicht gefoerdert,26,122
2016,,,,11,gefoerdert,nicht gefoerdert,55,122
2017,,,,25,gefoerdert,nicht gefoerdert,55,122
2018,,,,16,gefoerdert,nicht gefoerdert,55,122
2016,,,,23,gefoerdert,nicht gefoerdert,9,122
2017,,,,24,gefoerdert,nicht gefoerdert,9,122
2018,,,,32,gefoerdert,nicht gefoerdert,9,122
2016,4,14,,3028,gefoerdert,nicht gefoerdert,31,122
2017,3,5,1186.446487323816,3485,gefoerdert,nicht gefoerdert,31,122
2018,3,1,951.1261488767796,3745,gefoerdert,nicht gefoerdert,31,122
2016,9,1,,237,gefoerdert,nicht gefoerdert,15,122
2017,8,1,715.2808800498544,261,gefoerdert,nicht gefoerdert,15,122
2018,7,1,633.8989730970046,384,gefoerdert,nicht gefoerdert,15,122
2016,,,,18,gefoerdert,nicht gefoerdert,51,122
2017,,,,20,gefoerdert,nicht gefoerdert,51,122
2018,,,,26,gefoerdert,nicht gefoerdert,51,122
2016,,,,4,gefoerdert,nicht gefoerdert,40,122
2017,,,,1,gefoerdert,nicht gefoerdert,40,122
2018,,,,11,gefoerdert,nicht gefoerdert,40,122
2016,,,,19,gefoerdert,nicht gefoerdert,8,122
2017,,,,16,gefoerdert,nicht gefoerdert,8,122
2018,,,,22,gefoerdert,nicht gefoerdert,8,122
2016,,18,20.49161957031232,,gefoerdert,nicht gefoerdert,29,122
2017,,16,10.64043926218544,,gefoerdert,nicht gefoerdert,29,122
2018,,10,.1806205325258622,1,gefoerdert,nicht gefoerdert,29,122
2016,,,,,gefoerdert,nicht gefoerdert,11,122
2017,,,,,gefoerdert,nicht gefoerdert,11,122
2018,,,,1,gefoerdert,nicht gefoerdert,11,122
2016,,,,25,gefoerdert,nicht gefoerdert,24,122
2017,,,,21,gefoerdert,nicht gefoerdert,24,122
2018,,,,32,gefoerdert,nicht gefoerdert,24,122
2016,,,,,gefoerdert,nicht gefoerdert,14,122
2017,,,,,gefoerdert,nicht gefoerdert,14,122
2018,,,,,gefoerdert,nicht gefoerdert,14,122
2016,,199,130.8752304916684,3,gefoerdert,nicht gefoerdert,34,122
2017,,197,32.29460231751698,1,gefoerdert,nicht gefoerdert,34,122
2018,,168,37.77754807764193,3,gefoerdert,nicht gefoerdert,34,122
2016,1,44,384.9031529768355,,gefoerdert,in 3 Linien gefoerdert,50,65
2017,0,37,105.1463888775285,,gefoerdert,in 3 Linien gefoerdert,50,65
2018,1,22,104.3249798161963,,gefoerdert,in 3 Linien gefoerdert,50,65
2016,,,,4,gefoerdert,in 3 Linien gefoerdert,18,65
2017,,,,6,gefoerdert,in 3 Linien gefoerdert,18,65
2018,,,,6,gefoerdert,in 3 Linien gefoerdert,18,65
2016,4,0,938.3975690709734,4,gefoerdert,in 3 Linien gefoerdert,27,65
2017,4,0,905.8536343885467,6,gefoerdert,in 3 Linien gefoerdert,27,65
2018,3,0,225.2185264739858,6,gefoerdert,in 3 Linien gefoerdert,27,65
2016,16,607,825.5744805595909,40,gefoerdert,in 3 Linien gefoerdert,36,65
2017,14,649,886.5434623255793,63,gefoerdert,in 3 Linien gefoerdert,36,65
2018,12,602,895.5480450880387,65,gefoerdert,in 3 Linien gefoerdert,36,65
2016,33,1576,4655.322083420641,69,gefoerdert,in 3 Linien gefoerdert,23,65
2017,36,1687,6112.805923603762,109,gefoerdert,in 3 Linien gefoerdert,23,65
2018,31,1678,9643.515715695879,126,gefoerdert,in 3 Linien gefoerdert,23,65
2016,,,,45,gefoerdert,in 3 Linien gefoerdert,10,65
2017,,,,59,gefoerdert,in 3 Linien gefoerdert,10,65
2018,,,,92,gefoerdert,in 3 Linien gefoerdert,10,65
2016,5,567,390.5093230055847,18,gefoerdert,in 3 Linien gefoerdert,3,65
2017,4,568,970.8838291958264,24,gefoerdert,in 3 Linien gefoerdert,3,65
2018,5,641,946.5234073621841,20,gefoerdert,in 3 Linien gefoerdert,3,65
2016,7,189,1464.579150553566,4,gefoerdert,in 3 Linien gefoerdert,4,65
2017,6,179,4339.372444350903,2,gefoerdert,in 3 Linien gefoerdert,4,65
2018,6,162,2908.274475901974,2,gefoerdert,in 3 Linien gefoerdert,4,65
2016,23,1076,1994.541842916635,70,gefoerdert,in 3 Linien gefoerdert,22,65
2017,20,1065,2571.409904098662,59,gefoerdert,in 3 Linien gefoerdert,22,65
2018,19,1084,2751.62440262389,81,gefoerdert,in 3 Linien gefoerdert,22,65
2016,10,1205,116.7830568364535,70,gefoerdert,in 3 Linien gefoerdert,5,65
2017,10,1255,344.6514272474962,59,gefoerdert,in 3 Linien gefoerdert,5,65
2018,11,1359,205.6369245218698,81,gefoerdert,in 3 Linien gefoerdert,5,65
2016,13,517,756.0558922340902,70,gefoerdert,in 3 Linien gefoerdert,44,65
2017,12,552,964.4510699471094,59,gefoerdert,in 3 Linien gefoerdert,44,65
2018,14,641,1376.61153823799,81,gefoerdert,in 3 Linien gefoerdert,44,65
2016,,,,70,gefoerdert,in 3 Linien gefoerdert,45,65
2017,,,,59,gefoerdert,in 3 Linien gefoerdert,45,65
2018,,,,81,gefoerdert,in 3 Linien gefoerdert,45,65
2016,27,2012,4304.690682143399,70,gefoerdert,in 3 Linien gefoerdert,7,65
2017,28,2128,5853.778751419391,59,gefoerdert,in 3 Linien gefoerdert,7,65
2018,28,2152,5078.385049255568,81,gefoerdert,in 3 Linien gefoerdert,7,65
2016,9,438,2482.57827029798,22,gefoerdert,in 3 Linien gefoerdert,28,65
2017,7,468,3297.213178074991,30,gefoerdert,in 3 Linien gefoerdert,28,65
2018,8,457,3034.857984876327,33,gefoerdert,in 3 Linien gefoerdert,28,65
2016,20,925,2303.261527629282,2982,gefoerdert,in 3 Linien gefoerdert,39,65
2017,19,938,2781.428247018066,3155,gefoerdert,in 3 Linien gefoerdert,39,65
2018,19,932,2600.799057048976,3186,gefoerdert,in 3 Linien gefoerdert,39,65
2016,23,1764,1617.487901960568,346,gefoerdert,in 3 Linien gefoerdert,17,65
2017,21,2079,2458.23877426097,371,gefoerdert,in 3 Linien gefoerdert,17,65
2018,22,2482,2335.12785152325,420,gefoerdert,in 3 Linien gefoerdert,17,65
2016,,,,,gefoerdert,in 3 Linien gefoerdert,46,65
2017,,,,,gefoerdert,in 3 Linien gefoerdert,46,65
2018,,,,,gefoerdert,in 3 Linien gefoerdert,46,65
2016,,,,26,gefoerdert,in 3 Linien gefoerdert,49,65
2017,,,,37,gefoerdert,in 3 Linien gefoerdert,49,65
2018,,,,37,gefoerdert,in 3 Linien gefoerdert,49,65
2016,10,951,1368.769071962928,,gefoerdert,in 3 Linien gefoerdert,41,65
2017,10,949,1062.8133844554,,gefoerdert,in 3 Linien gefoerdert,41,65
2018,12,935,1881.646144297892,,gefoerdert,in 3 Linien gefoerdert,41,65
2016,13,494,3705.336131807182,,gefoerdert,in 3 Linien gefoerdert,43,65
2017,15,518,4259.653940954548,,gefoerdert,in 3 Linien gefoerdert,43,65
2018,18,518,3908.884154722143,,gefoerdert,in 3 Linien gefoerdert,43,65
2016,28,1506,4734.185415584186,388,gefoerdert,in 3 Linien gefoerdert,38,65
2017,25,1465,5734.65331541506,490,gefoerdert,in 3 Linien gefoerdert,38,65
2018,23,1515,3464.426716775211,562,gefoerdert,in 3 Linien gefoerdert,38,65
2016,9,554,401.6107882122125,253,gefoerdert,in 3 Linien gefoerdert,48,65
2017,8,602,142.9304731842927,322,gefoerdert,in 3 Linien gefoerdert,48,65
2018,10,599,152.8543883733779,284,gefoerdert,in 3 Linien gefoerdert,48,65
2016,,2,,24,gefoerdert,in 3 Linien gefoerdert,47,65
2017,,,,19,gefoerdert,in 3 Linien gefoerdert,47,65
2018,0,,,22,gefoerdert,in 3 Linien gefoerdert,47,65
2016,26,2389,1135.694564080618,53,gefoerdert,in 3 Linien gefoerdert,42,65
2017,27,2296,997.3696248108346,46,gefoerdert,in 3 Linien gefoerdert,42,65
2018,24,2282,1253.313241504357,72,gefoerdert,in 3 Linien gefoerdert,42,65
2016,,,,196,gefoerdert,in 3 Linien gefoerdert,53,65
2017,,,,249,gefoerdert,in 3 Linien gefoerdert,53,65
2018,,,,276,gefoerdert,in 3 Linien gefoerdert,53,65
2016,40,2056,1684.025087709768,1162,gefoerdert,in 3 Linien gefoerdert,56,65
2017,43,2108,1812.045782150524,1326,gefoerdert,in 3 Linien gefoerdert,56,65
2018,39,2164,1702.809452841969,1443,gefoerdert,in 3 Linien gefoerdert,56,65
2016,,29,,,gefoerdert,in 3 Linien gefoerdert,33,65
2017,,22,,,gefoerdert,in 3 Linien gefoerdert,33,65
2018,,6,,,gefoerdert,in 3 Linien gefoerdert,33,65
2016,28,989,5349.82669157968,965,gefoerdert,in 3 Linien gefoerdert,32,65
2017,29,1087,5449.588199356842,968,gefoerdert,in 3 Linien gefoerdert,32,65
2018,29,1121,6290.751551942177,1122,gefoerdert,in 3 Linien gefoerdert,32,65
2016,19,1956,2978.911614505401,506,gefoerdert,in 3 Linien gefoerdert,25,65
2017,18,2012,4317.243430886186,581,gefoerdert,in 3 Linien gefoerdert,25,65
2018,21,2045,5366.756238790597,647,gefoerdert,in 3 Linien gefoerdert,25,65
2016,26,654,7120.712308154267,12672,gefoerdert,in 3 Linien gefoerdert,37,65
2017,27,663,7724.350268176403,13608,gefoerdert,in 3 Linien gefoerdert,37,65
2018,26,676,8873.92680387435,14703,gefoerdert,in 3 Linien gefoerdert,37,65
2016,38,1023,8543.64252292767,13602,gefoerdert,in 3 Linien gefoerdert,13,65
2017,40,1052,11453.77723210073,14244,gefoerdert,in 3 Linien gefoerdert,13,65
2018,38,1115,9103.340779697925,14861,gefoerdert,in 3 Linien gefoerdert,13,65
2016,10,572,1169.459962668344,525,gefoerdert,in 3 Linien gefoerdert,35,65
2017,11,590,1071.310170643864,547,gefoerdert,in 3 Linien gefoerdert,35,65
2018,10,640,1054.815845332384,633,gefoerdert,in 3 Linien gefoerdert,35,65
2016,24,1136,7403.075262043705,13324,gefoerdert,in 3 Linien gefoerdert,12,65
2017,23,1124,9379.524530403593,14058,gefoerdert,in 3 Linien gefoerdert,12,65
2018,24,1146,8284.351156566074,16183,gefoerdert,in 3 Linien gefoerdert,12,65
2016,26,851,4984.315442043546,5823,gefoerdert,in 3 Linien gefoerdert,21,65
2017,28,798,5026.542753940263,6273,gefoerdert,in 3 Linien gefoerdert,21,65
2018,32,777,5216.754691804211,7356,gefoerdert,in 3 Linien gefoerdert,21,65
2016,9,617,788.1042934515714,194,gefoerdert,in 3 Linien gefoerdert,20,65
2017,9,604,490.495882407604,284,gefoerdert,in 3 Linien gefoerdert,20,65
2018,7,623,423.9208850511075,294,gefoerdert,in 3 Linien gefoerdert,20,65
2016,,,,1619,gefoerdert,in 3 Linien gefoerdert,2,65
2017,,,,1732,gefoerdert,in 3 Linien gefoerdert,2,65
2018,,,,1858,gefoerdert,in 3 Linien gefoerdert,2,65
2016,,,,83,gefoerdert,in 3 Linien gefoerdert,19,65
2017,,,,99,gefoerdert,in 3 Linien gefoerdert,19,65
2018,,,,144,gefoerdert,in 3 Linien gefoerdert,19,65
2016,,,,1016,gefoerdert,in 3 Linien gefoerdert,16,65
2017,,,,1155,gefoerdert,in 3 Linien gefoerdert,16,65
2018,,,,1288,gefoerdert,in 3 Linien gefoerdert,16,65
2016,,,,18,gefoerdert,in 3 Linien gefoerdert,55,65
2017,,,,29,gefoerdert,in 3 Linien gefoerdert,55,65
2018,,,,28,gefoerdert,in 3 Linien gefoerdert,55,65
2016,,,,9,gefoerdert,in 3 Linien gefoerdert,9,65
2017,,,,12,gefoerdert,in 3 Linien gefoerdert,9,65
2018,,,,19,gefoerdert,in 3 Linien gefoerdert,9,65
2016,,,,2603,gefoerdert,in 3 Linien gefoerdert,31,65
2017,,,,3152,gefoerdert,in 3 Linien gefoerdert,31,65
2018,,,,3341,gefoerdert,in 3 Linien gefoerdert,31,65
2016,,,,229,gefoerdert,in 3 Linien gefoerdert,15,65
2017,,,,220,gefoerdert,in 3 Linien gefoerdert,15,65
2018,,,,363,gefoerdert,in 3 Linien gefoerdert,15,65
2016,,,,30,gefoerdert,in 3 Linien gefoerdert,51,65
2017,,,,25,gefoerdert,in 3 Linien gefoerdert,51,65
2018,,,,32,gefoerdert,in 3 Linien gefoerdert,51,65
2016,,,,,gefoerdert,in 3 Linien gefoerdert,6,65
2017,,,,,gefoerdert,in 3 Linien gefoerdert,6,65
2018,,,,1,gefoerdert,in 3 Linien gefoerdert,6,65
2016,,,,69,gefoerdert,in 3 Linien gefoerdert,40,65
2017,,,,83,gefoerdert,in 3 Linien gefoerdert,40,65
2018,,,,128,gefoerdert,in 3 Linien gefoerdert,40,65
2016,,,,38,gefoerdert,in 3 Linien gefoerdert,8,65
2017,,,,34,gefoerdert,in 3 Linien gefoerdert,8,65
2018,,,,86,gefoerdert,in 3 Linien gefoerdert,8,65
2016,,,,,gefoerdert,in 3 Linien gefoerdert,52,65
2017,,,,,gefoerdert,in 3 Linien gefoerdert,52,65
2018,,,,,gefoerdert,in 3 Linien gefoerdert,52,65
2016,12,877,2371.235596889199,2,gefoerdert,in 3 Linien gefoerdert,29,65
2017,14,872,2584.453893190204,2,gefoerdert,in 3 Linien gefoerdert,29,65
2018,14,855,2044.885948122874,4,gefoerdert,in 3 Linien gefoerdert,29,65
2016,,,,2,gefoerdert,in 3 Linien gefoerdert,11,65
2017,,,,2,gefoerdert,in 3 Linien gefoerdert,11,65
2018,,,,4,gefoerdert,in 3 Linien gefoerdert,11,65
2016,,,,25,gefoerdert,in 3 Linien gefoerdert,24,65
2017,,,,20,gefoerdert,in 3 Linien gefoerdert,24,65
2018,,,,20,gefoerdert,in 3 Linien gefoerdert,24,65
2016,11,914,2884.983169083559,9,gefoerdert,in 3 Linien gefoerdert,14,65
2017,15,960,3349.238808145999,10,gefoerdert,in 3 Linien gefoerdert,14,65
2018,15,1026,2602.291547541053,2,gefoerdert,in 3 Linien gefoerdert,14,65
2016,0,10,0,7,gefoerdert,in 3 Linien gefoerdert,34,65
2017,,8,0,5,gefoerdert,in 3 Linien gefoerdert,34,65
2018,,6,,7,gefoerdert,in 3 Linien gefoerdert,34,65
2016,0,189,,,nicht gefoerdert,nicht gefoerdert,50,86
2017,1,185,,,nicht gefoerdert,nicht gefoerdert,50,86
2018,1,182,,,nicht gefoerdert,nicht gefoerdert,50,86
2016,1,138,5.962755870549483,,nicht gefoerdert,nicht gefoerdert,18,86
2017,1,134,5.439158436610714,,nicht gefoerdert,nicht gefoerdert,18,86
2018,1,138,1.897863448384971,,nicht gefoerdert,nicht gefoerdert,18,86
2016,,,,,nicht gefoerdert,nicht gefoerdert,27,86
2017,,,,,nicht gefoerdert,nicht gefoerdert,27,86
2018,,,,,nicht gefoerdert,nicht gefoerdert,27,86
2016,2,18,85.47113371763899,3,nicht gefoerdert,nicht gefoerdert,36,86
2017,2,19,69.01738060715439,2,nicht gefoerdert,nicht gefoerdert,36,86
2018,2,25,24.05128518603453,3,nicht gefoerdert,nicht gefoerdert,36,86
2016,5,495,49.02420896023951,15,nicht gefoerdert,nicht gefoerdert,23,86
2017,5,531,198.1418117364119,8,nicht gefoerdert,nicht gefoerdert,23,86
2018,5,555,162.8783772771288,16,nicht gefoerdert,nicht gefoerdert,23,86
2016,,,,2,nicht gefoerdert,nicht gefoerdert,10,86
2017,,,,3,nicht gefoerdert,nicht gefoerdert,10,86
2018,,,,5,nicht gefoerdert,nicht gefoerdert,10,86
2016,,,,1,nicht gefoerdert,nicht gefoerdert,3,86
2017,,,,6,nicht gefoerdert,nicht gefoerdert,3,86
2018,,,,1,nicht gefoerdert,nicht gefoerdert,3,86
2016,,,,,nicht gefoerdert,nicht gefoerdert,4,86
2017,,,,,nicht gefoerdert,nicht gefoerdert,4,86
2018,,,,,nicht gefoerdert,nicht gefoerdert,4,86
2016,6,355,73.58379825203555,2,nicht gefoerdert,nicht gefoerdert,22,86
2017,6,356,90.30375431985489,5,nicht gefoerdert,nicht gefoerdert,22,86
2018,8,397,198.8829690133415,7,nicht gefoerdert,nicht gefoerdert,22,86
2016,5,348,10.24767184757828,2,nicht gefoerdert,nicht gefoerdert,5,86
2017,5,365,52.55443855303327,5,nicht gefoerdert,nicht gefoerdert,5,86
2018,5,394,172.7253482085447,7,nicht gefoerdert,nicht gefoerdert,5,86
2016,,,,2,nicht gefoerdert,nicht gefoerdert,44,86
2017,,,,5,nicht gefoerdert,nicht gefoerdert,44,86
2018,,,,7,nicht gefoerdert,nicht gefoerdert,44,86
2016,,,,2,nicht gefoerdert,nicht gefoerdert,45,86
2017,,,,5,nicht gefoerdert,nicht gefoerdert,45,86
2018,,,,7,nicht gefoerdert,nicht gefoerdert,45,86
2016,,,,2,nicht gefoerdert,nicht gefoerdert,7,86
2017,,,,5,nicht gefoerdert,nicht gefoerdert,7,86
2018,,,,7,nicht gefoerdert,nicht gefoerdert,7,86
2016,,,,1,nicht gefoerdert,nicht gefoerdert,28,86
2017,,,,,nicht gefoerdert,nicht gefoerdert,28,86
2018,,,,1,nicht gefoerdert,nicht gefoerdert,28,86
2016,6,384,1088.341739508983,368,nicht gefoerdert,nicht gefoerdert,39,86
2017,6,394,1202.783136024557,409,nicht gefoerdert,nicht gefoerdert,39,86
2018,6,370,977.8445368399485,436,nicht gefoerdert,nicht gefoerdert,39,86
2016,5,299,666.8519316160714,20,nicht gefoerdert,nicht gefoerdert,17,86
2017,5,292,733.9633895728414,26,nicht gefoerdert,nicht gefoerdert,17,86
2018,5,310,640.6852744921897,33,nicht gefoerdert,nicht gefoerdert,17,86
2016,1,85,33.17970048311044,11,nicht gefoerdert,nicht gefoerdert,49,86
2017,1,88,23.01921303341733,6,nicht gefoerdert,nicht gefoerdert,49,86
2018,1,102,0,16,nicht gefoerdert,nicht gefoerdert,49,86
2016,2,0,,81,nicht gefoerdert,nicht gefoerdert,38,86
2017,2,0,,94,nicht gefoerdert,nicht gefoerdert,38,86
2018,2,0,,104,nicht gefoerdert,nicht gefoerdert,38,86
2016,2,519,621.5502633706619,48,nicht gefoerdert,nicht gefoerdert,48,86
2017,2,532,726.3430972658306,47,nicht gefoerdert,nicht gefoerdert,48,86
2018,2,556,557.4991680195131,40,nicht gefoerdert,nicht gefoerdert,48,86
2016,,0,,7,nicht gefoerdert,nicht gefoerdert,47,86
2017,,0,,10,nicht gefoerdert,nicht gefoerdert,47,86
2018,,0,,11,nicht gefoerdert,nicht gefoerdert,47,86
2016,1,,,16,nicht gefoerdert,nicht gefoerdert,42,86
2017,1,,,12,nicht gefoerdert,nicht gefoerdert,42,86
2018,1,,,12,nicht gefoerdert,nicht gefoerdert,42,86
2016,,,,3,nicht gefoerdert,nicht gefoerdert,53,86
2017,,,,1,nicht gefoerdert,nicht gefoerdert,53,86
2018,,,,2,nicht gefoerdert,nicht gefoerdert,53,86
2016,10,0,1267.140649455419,348,nicht gefoerdert,nicht gefoerdert,56,86
2017,11,0,1465.332142823828,419,nicht gefoerdert,nicht gefoerdert,56,86
2018,11,0,1613.187515878281,543,nicht gefoerdert,nicht gefoerdert,56,86
2016,,267,,,nicht gefoerdert,nicht gefoerdert,54,86
2017,,328,,,nicht gefoerdert,nicht gefoerdert,54,86
2018,,416,,,nicht gefoerdert,nicht gefoerdert,54,86
2016,,,,,nicht gefoerdert,nicht gefoerdert,33,86
2017,,,,,nicht gefoerdert,nicht gefoerdert,33,86
2018,,,,,nicht gefoerdert,nicht gefoerdert,33,86
2016,16,724,129.7988891504214,670,nicht gefoerdert,nicht gefoerdert,32,86
2017,17,739,249.6367765834476,748,nicht gefoerdert,nicht gefoerdert,32,86
2018,15,727,425.8483927538981,779,nicht gefoerdert,nicht gefoerdert,32,86
2016,13,1712,3347.261623934247,322,nicht gefoerdert,nicht gefoerdert,25,86
2017,14,1709,3723.37593965099,401,nicht gefoerdert,nicht gefoerdert,25,86
2018,14,1740,3607.929140090083,497,nicht gefoerdert,nicht gefoerdert,25,86
2016,11,264,1772.52515498956,7390,nicht gefoerdert,nicht gefoerdert,37,86
2017,11,285,1772.528841072461,8465,nicht gefoerdert,nicht gefoerdert,37,86
2018,12,295,2104.43133866944,7747,nicht gefoerdert,nicht gefoerdert,37,86
2016,17,633,4019.152536215094,6492,nicht gefoerdert,nicht gefoerdert,13,86
2017,17,636,4239.15461641926,7082,nicht gefoerdert,nicht gefoerdert,13,86
2018,18,633,3509.572853910484,7161,nicht gefoerdert,nicht gefoerdert,13,86
2016,12,709,1089.736455341921,165,nicht gefoerdert,nicht gefoerdert,35,86
2017,12,707,830.0000021714258,150,nicht gefoerdert,nicht gefoerdert,35,86
2018,12,710,1355.446496126058,154,nicht gefoerdert,nicht gefoerdert,35,86
2016,18,893,3441.466489281581,5372,nicht gefoerdert,nicht gefoerdert,12,86
2017,18,898,3591.555414515062,5814,nicht gefoerdert,nicht gefoerdert,12,86
2018,17,898,3972.656915442435,6218,nicht gefoerdert,nicht gefoerdert,12,86
2016,5,238,715.0949942906714,2114,nicht gefoerdert,nicht gefoerdert,21,86
2017,5,249,833.0064163909508,2058,nicht gefoerdert,nicht gefoerdert,21,86
2018,5,236,1698.589541829899,2440,nicht gefoerdert,nicht gefoerdert,21,86
2016,,,,30,nicht gefoerdert,nicht gefoerdert,20,86
2017,,,,27,nicht gefoerdert,nicht gefoerdert,20,86
2018,,,,34,nicht gefoerdert,nicht gefoerdert,20,86
2016,,,,693,nicht gefoerdert,nicht gefoerdert,2,86
2017,,,,647,nicht gefoerdert,nicht gefoerdert,2,86
2018,,,,781,nicht gefoerdert,nicht gefoerdert,2,86
2016,,,,39,nicht gefoerdert,nicht gefoerdert,19,86
2017,,,,35,nicht gefoerdert,nicht gefoerdert,19,86
2018,,,,49,nicht gefoerdert,nicht gefoerdert,19,86
2016,,,,87,nicht gefoerdert,nicht gefoerdert,16,86
2017,,,,109,nicht gefoerdert,nicht gefoerdert,16,86
2018,,,,119,nicht gefoerdert,nicht gefoerdert,16,86
2016,2,46,,,nicht gefoerdert,nicht gefoerdert,26,86
2017,2,45,,,nicht gefoerdert,nicht gefoerdert,26,86
2018,3,49,,,nicht gefoerdert,nicht gefoerdert,26,86
2016,,2391,,106,nicht gefoerdert,nicht gefoerdert,55,86
2017,,2158,,132,nicht gefoerdert,nicht gefoerdert,55,86
2018,,1902,,209,nicht gefoerdert,nicht gefoerdert,55,86
2016,,,,52,nicht gefoerdert,nicht gefoerdert,9,86
2017,,,,56,nicht gefoerdert,nicht gefoerdert,9,86
2018,,,,18,nicht gefoerdert,nicht gefoerdert,9,86
2016,16,3204,34138.2354199257,2648,nicht gefoerdert,nicht gefoerdert,31,86
2017,20,3231,38003.64535396588,3038,nicht gefoerdert,nicht gefoerdert,31,86
2018,20,3060,41616.56539141943,3489,nicht gefoerdert,nicht gefoerdert,31,86
2016,20,1064,12740.89541774789,359,nicht gefoerdert,nicht gefoerdert,15,86
2017,20,1152,10476.91541978835,454,nicht gefoerdert,nicht gefoerdert,15,86
2018,20,1215,11002.82068257446,540,nicht gefoerdert,nicht gefoerdert,15,86
2016,9,838,,196,nicht gefoerdert,nicht gefoerdert,51,86
2017,10,815,,203,nicht gefoerdert,nicht gefoerdert,51,86
2018,10,767,,248,nicht gefoerdert,nicht gefoerdert,51,86
2016,15,1042,3650.889135331983,,nicht gefoerdert,nicht gefoerdert,6,86
2017,14,1068,2435.676204572017,,nicht gefoerdert,nicht gefoerdert,6,86
2018,16,1151,2563.593855655472,,nicht gefoerdert,nicht gefoerdert,6,86
2016,0,,,3,nicht gefoerdert,nicht gefoerdert,40,86
2017,0,,,4,nicht gefoerdert,nicht gefoerdert,40,86
2018,0,,,4,nicht gefoerdert,nicht gefoerdert,40,86
2016,22,978,9176.344091199584,103,nicht gefoerdert,nicht gefoerdert,8,86
2017,24,1000,9940.116972321752,131,nicht gefoerdert,nicht gefoerdert,8,86
2018,24,975,9910.7151718122,155,nicht gefoerdert,nicht gefoerdert,8,86
2016,,,,,nicht gefoerdert,nicht gefoerdert,52,86
2017,,,,,nicht gefoerdert,nicht gefoerdert,52,86
2018,,,,,nicht gefoerdert,nicht gefoerdert,52,86
2016,,186,,,nicht gefoerdert,nicht gefoerdert,29,86
2017,,208,,,nicht gefoerdert,nicht gefoerdert,29,86
2018,,219,,1,nicht gefoerdert,nicht gefoerdert,29,86
2016,,,,,nicht gefoerdert,nicht gefoerdert,11,86
2017,,,,,nicht gefoerdert,nicht gefoerdert,11,86
2018,,,,1,nicht gefoerdert,nicht gefoerdert,11,86
2016,,,,54,nicht gefoerdert,nicht gefoerdert,24,86
2017,,,,94,nicht gefoerdert,nicht gefoerdert,24,86
2018,,,,123,nicht gefoerdert,nicht gefoerdert,24,86
2016,,77,,,nicht gefoerdert,nicht gefoerdert,14,86
2017,,83,,,nicht gefoerdert,nicht gefoerdert,14,86
2018,,84,,,nicht gefoerdert,nicht gefoerdert,14,86
2016,1,76,15.04190007954739,1,nicht gefoerdert,nicht gefoerdert,34,86
2017,1,88,18.62488595555847,1,nicht gefoerdert,nicht gefoerdert,34,86
2018,1,93,17.67115845277779,,nicht gefoerdert,nicht gefoerdert,34,86
2016,,,,3,nicht gefoerdert,nicht gefoerdert,36,88
2017,,,,3,nicht gefoerdert,nicht gefoerdert,36,88
2018,,,,1,nicht gefoerdert,nicht gefoerdert,36,88
2016,,,,1,nicht gefoerdert,nicht gefoerdert,23,88
2017,,,,1,nicht gefoerdert,nicht gefoerdert,23,88
2018,,,,1,nicht gefoerdert,nicht gefoerdert,23,88
2016,,,,,nicht gefoerdert,nicht gefoerdert,10,88
2017,,,,,nicht gefoerdert,nicht gefoerdert,10,88
2018,,,,,nicht gefoerdert,nicht gefoerdert,10,88
2016,,,,,nicht gefoerdert,nicht gefoerdert,22,88
2017,,,,1,nicht gefoerdert,nicht gefoerdert,22,88
2018,,,,1,nicht gefoerdert,nicht gefoerdert,22,88
2016,,,,,nicht gefoerdert,nicht gefoerdert,5,88
2017,,,,1,nicht gefoerdert,nicht gefoerdert,5,88
2018,,,,1,nicht gefoerdert,nicht gefoerdert,5,88
2016,,,,,nicht gefoerdert,nicht gefoerdert,44,88
2017,,,,1,nicht gefoerdert,nicht gefoerdert,44,88
2018,,,,1,nicht gefoerdert,nicht gefoerdert,44,88
2016,,,,,nicht gefoerdert,nicht gefoerdert,45,88
2017,,,,1,nicht gefoerdert,nicht gefoerdert,45,88
2018,,,,1,nicht gefoerdert,nicht gefoerdert,45,88
2016,,,,,nicht gefoerdert,nicht gefoerdert,7,88
2017,,,,1,nicht gefoerdert,nicht gefoerdert,7,88
2018,,,,1,nicht gefoerdert,nicht gefoerdert,7,88
2016,,,,2,nicht gefoerdert,nicht gefoerdert,39,88
2017,,,,2,nicht gefoerdert,nicht gefoerdert,39,88
2018,,,,3,nicht gefoerdert,nicht gefoerdert,39,88
2016,,,,13,nicht gefoerdert,nicht gefoerdert,17,88
2017,,,,10,nicht gefoerdert,nicht gefoerdert,17,88
2018,,,,12,nicht gefoerdert,nicht gefoerdert,17,88
2016,,,,,nicht gefoerdert,nicht gefoerdert,49,88
2017,,,,1,nicht gefoerdert,nicht gefoerdert,49,88
2018,,,,,nicht gefoerdert,nicht gefoerdert,49,88
2016,,,,20,nicht gefoerdert,nicht gefoerdert,38,88
2017,,,,33,nicht gefoerdert,nicht gefoerdert,38,88
2018,,,,24,nicht gefoerdert,nicht gefoerdert,38,88
2016,,,,1,nicht gefoerdert,nicht gefoerdert,48,88
2017,,,,1,nicht gefoerdert,nicht gefoerdert,48,88
2018,,,,,nicht gefoerdert,nicht gefoerdert,48,88
2016,,,,,nicht gefoerdert,nicht gefoerdert,42,88
2017,,,,,nicht gefoerdert,nicht gefoerdert,42,88
2018,,,,,nicht gefoerdert,nicht gefoerdert,42,88
2016,,,,1,nicht gefoerdert,nicht gefoerdert,53,88
2017,,,,,nicht gefoerdert,nicht gefoerdert,53,88
2018,,,,,nicht gefoerdert,nicht gefoerdert,53,88
2016,9,483,104.6936702827345,60,nicht gefoerdert,nicht gefoerdert,56,88
2017,10,455,50.1143655276952,64,nicht gefoerdert,nicht gefoerdert,56,88
2018,10,400,65.69734783221382,80,nicht gefoerdert,nicht gefoerdert,56,88
2016,,376,,,nicht gefoerdert,nicht gefoerdert,54,88
2017,,371,,,nicht gefoerdert,nicht gefoerdert,54,88
2018,,316,,,nicht gefoerdert,nicht gefoerdert,54,88
2016,,,,,nicht gefoerdert,nicht gefoerdert,33,88
2017,,2,,,nicht gefoerdert,nicht gefoerdert,33,88
2018,,21,,,nicht gefoerdert,nicht gefoerdert,33,88
2016,6,13,26.04655579952338,138,nicht gefoerdert,nicht gefoerdert,32,88
2017,6,8,116.6733779191502,119,nicht gefoerdert,nicht gefoerdert,32,88
2018,7,3,455.0702618471162,136,nicht gefoerdert,nicht gefoerdert,32,88
2016,8,317,683.4720774445211,65,nicht gefoerdert,nicht gefoerdert,25,88
2017,8,327,1124.917689009583,81,nicht gefoerdert,nicht gefoerdert,25,88
2018,7,346,1119.161645177371,109,nicht gefoerdert,nicht gefoerdert,25,88
2016,,44,0,1771,nicht gefoerdert,nicht gefoerdert,37,88
2017,,43,,1659,nicht gefoerdert,nicht gefoerdert,37,88
2018,,48,,1775,nicht gefoerdert,nicht gefoerdert,37,88
2016,5,186,1699.286831918353,2035,nicht gefoerdert,nicht gefoerdert,13,88
2017,6,179,891.5910083210265,1851,nicht gefoerdert,nicht gefoerdert,13,88
2018,6,164,684.8788876536298,1817,nicht gefoerdert,nicht gefoerdert,13,88
2016,,,,,nicht gefoerdert,nicht gefoerdert,35,88
2017,,,,2,nicht gefoerdert,nicht gefoerdert,35,88
2018,,,,8,nicht gefoerdert,nicht gefoerdert,35,88
2016,,,,72,nicht gefoerdert,nicht gefoerdert,12,88
2017,,,,79,nicht gefoerdert,nicht gefoerdert,12,88
2018,,,,117,nicht gefoerdert,nicht gefoerdert,12,88
2016,,149,,810,nicht gefoerdert,nicht gefoerdert,21,88
2017,,121,,937,nicht gefoerdert,nicht gefoerdert,21,88
2018,,93,,978,nicht gefoerdert,nicht gefoerdert,21,88
2016,,,,2,nicht gefoerdert,nicht gefoerdert,20,88
2017,,,,3,nicht gefoerdert,nicht gefoerdert,20,88
2018,,,,2,nicht gefoerdert,nicht gefoerdert,20,88
2016,,,,22,nicht gefoerdert,nicht gefoerdert,2,88
2017,,,,25,nicht gefoerdert,nicht gefoerdert,2,88
2018,,,,17,nicht gefoerdert,nicht gefoerdert,2,88
2016,,,,15,nicht gefoerdert,nicht gefoerdert,19,88
2017,,,,8,nicht gefoerdert,nicht gefoerdert,19,88
2018,,,,11,nicht gefoerdert,nicht gefoerdert,19,88
2016,,,,4,nicht gefoerdert,nicht gefoerdert,16,88
2017,,,,2,nicht gefoerdert,nicht gefoerdert,16,88
2018,,,,3,nicht gefoerdert,nicht gefoerdert,16,88
2016,30,27,7845.473986841764,,nicht gefoerdert,nicht gefoerdert,26,88
2017,30,18,7740.888394318804,,nicht gefoerdert,nicht gefoerdert,26,88
2018,25,7,7731.256075035348,,nicht gefoerdert,nicht gefoerdert,26,88
2016,,710,,12,nicht gefoerdert,nicht gefoerdert,55,88
2017,,609,,15,nicht gefoerdert,nicht gefoerdert,55,88
2018,,515,,22,nicht gefoerdert,nicht gefoerdert,55,88
2016,,493,,131,nicht gefoerdert,nicht gefoerdert,9,88
2017,,428,,117,nicht gefoerdert,nicht gefoerdert,9,88
2018,,401,,143,nicht gefoerdert,nicht gefoerdert,9,88
2016,18,1271,4172.463755942888,2654,nicht gefoerdert,nicht gefoerdert,31,88
2017,18,1237,4277.813268063205,2907,nicht gefoerdert,nicht gefoerdert,31,88
2018,14,1099,4901.244878301664,3272,nicht gefoerdert,nicht gefoerdert,31,88
2016,,0,,80,nicht gefoerdert,nicht gefoerdert,15,88
2017,,0,,79,nicht gefoerdert,nicht gefoerdert,15,88
2018,,0,,116,nicht gefoerdert,nicht gefoerdert,15,88
2016,,,,9,nicht gefoerdert,nicht gefoerdert,51,88
2017,,,,12,nicht gefoerdert,nicht gefoerdert,51,88
2018,,,,7,nicht gefoerdert,nicht gefoerdert,51,88
2016,,,,3,nicht gefoerdert,nicht gefoerdert,40,88
2017,,,,1,nicht gefoerdert,nicht gefoerdert,40,88
2018,,,,1,nicht gefoerdert,nicht gefoerdert,40,88
2016,,,,50,nicht gefoerdert,nicht gefoerdert,8,88
2017,,,,48,nicht gefoerdert,nicht gefoerdert,8,88
2018,,,,67,nicht gefoerdert,nicht gefoerdert,8,88
2016,,,,,nicht gefoerdert,nicht gefoerdert,11,88
2017,,,,,nicht gefoerdert,nicht gefoerdert,11,88
2018,,,,,nicht gefoerdert,nicht gefoerdert,11,88
2016,,,,10,nicht gefoerdert,nicht gefoerdert,24,88
2017,,,,7,nicht gefoerdert,nicht gefoerdert,24,88
2018,,,,12,nicht gefoerdert,nicht gefoerdert,24,88
2016,,54,,,gefoerdert,nicht gefoerdert,50,70
2017,0,61,,,gefoerdert,nicht gefoerdert,50,70
2018,1,60,,,gefoerdert,nicht gefoerdert,50,70
2016,1,85,49.47951474520158,2,gefoerdert,nicht gefoerdert,18,70
2017,1,97,24.00274529586823,2,gefoerdert,nicht gefoerdert,18,70
2018,1,93,4.09226799362846,1,gefoerdert,nicht gefoerdert,18,70
2016,,28,0,2,gefoerdert,nicht gefoerdert,27,70
2017,,20,,2,gefoerdert,nicht gefoerdert,27,70
2018,,17,,1,gefoerdert,nicht gefoerdert,27,70
2016,11,273,393.5521301315349,11,gefoerdert,nicht gefoerdert,36,70
2017,9,286,688.4474129958857,12,gefoerdert,nicht gefoerdert,36,70
2018,9,341,752.7850111720974,13,gefoerdert,nicht gefoerdert,36,70
2016,7,429,637.4375895158857,11,gefoerdert,nicht gefoerdert,23,70
2017,6,404,972.3293516611228,19,gefoerdert,nicht gefoerdert,23,70
2018,6,417,929.6547326692742,18,gefoerdert,nicht gefoerdert,23,70
2016,,,,20,gefoerdert,nicht gefoerdert,10,70
2017,,,,21,gefoerdert,nicht gefoerdert,10,70
2018,,,,25,gefoerdert,nicht gefoerdert,10,70
2016,,80,,1,gefoerdert,nicht gefoerdert,3,70
2017,,91,,,gefoerdert,nicht gefoerdert,3,70
2018,,99,,2,gefoerdert,nicht gefoerdert,3,70
2016,,,,,gefoerdert,nicht gefoerdert,4,70
2017,,,,,gefoerdert,nicht gefoerdert,4,70
2018,,,,,gefoerdert,nicht gefoerdert,4,70
2016,8,606,330.0055817937293,9,gefoerdert,nicht gefoerdert,22,70
2017,8,597,239.5571807095324,16,gefoerdert,nicht gefoerdert,22,70
2018,8,595,258.4580865129697,21,gefoerdert,nicht gefoerdert,22,70
2016,5,504,110.2420870735559,9,gefoerdert,nicht gefoerdert,5,70
2017,5,513,49.10246908896305,16,gefoerdert,nicht gefoerdert,5,70
2018,5,546,162.2520545087074,21,gefoerdert,nicht gefoerdert,5,70
2016,3,134,2.467411634235274,9,gefoerdert,nicht gefoerdert,44,70
2017,3,150,19.1097887728111,16,gefoerdert,nicht gefoerdert,44,70
2018,4,154,0,21,gefoerdert,nicht gefoerdert,44,70
2016,,,,9,gefoerdert,nicht gefoerdert,45,70
2017,,,,16,gefoerdert,nicht gefoerdert,45,70
2018,,,,21,gefoerdert,nicht gefoerdert,45,70
2016,,45,,9,gefoerdert,nicht gefoerdert,7,70
2017,,45,,16,gefoerdert,nicht gefoerdert,7,70
2018,,65,,21,gefoerdert,nicht gefoerdert,7,70
2016,,,,6,gefoerdert,nicht gefoerdert,28,70
2017,,,,4,gefoerdert,nicht gefoerdert,28,70
2018,,,,6,gefoerdert,nicht gefoerdert,28,70
2016,3,0,,74,gefoerdert,nicht gefoerdert,39,70
2017,4,0,,115,gefoerdert,nicht gefoerdert,39,70
2018,3,0,,107,gefoerdert,nicht gefoerdert,39,70
2016,15,1091,869.15920826451,62,gefoerdert,nicht gefoerdert,17,70
2017,16,1150,1045.106153069491,79,gefoerdert,nicht gefoerdert,17,70
2018,15,1514,1593.992350604269,87,gefoerdert,nicht gefoerdert,17,70
2016,,,,,gefoerdert,nicht gefoerdert,46,70
2017,,,,,gefoerdert,nicht gefoerdert,46,70
2018,,,,,gefoerdert,nicht gefoerdert,46,70
2016,3,156,377.3137665932683,16,gefoerdert,nicht gefoerdert,49,70
2017,4,145,134.455632847983,19,gefoerdert,nicht gefoerdert,49,70
2018,4,150,185.1504193099358,18,gefoerdert,nicht gefoerdert,49,70
2016,,38,,,gefoerdert,nicht gefoerdert,41,70
2017,,35,,,gefoerdert,nicht gefoerdert,41,70
2018,,44,,,gefoerdert,nicht gefoerdert,41,70
2016,,,,,gefoerdert,nicht gefoerdert,43,70
2017,,,,,gefoerdert,nicht gefoerdert,43,70
2018,,,,,gefoerdert,nicht gefoerdert,43,70
2016,6,777,493.5921610030473,149,gefoerdert,nicht gefoerdert,38,70
2017,6,799,545.1317286802389,164,gefoerdert,nicht gefoerdert,38,70
2018,6,613,604.1630800109983,225,gefoerdert,nicht gefoerdert,38,70
2016,7,569,445.0484120978194,54,gefoerdert,nicht gefoerdert,48,70
2017,6,624,344.0686057234948,57,gefoerdert,nicht gefoerdert,48,70
2018,6,840,193.9478011841611,68,gefoerdert,nicht gefoerdert,48,70
2016,,,,2,gefoerdert,nicht gefoerdert,47,70
2017,,,,2,gefoerdert,nicht gefoerdert,47,70
2018,,,,3,gefoerdert,nicht gefoerdert,47,70
2016,20,2151,337.0661104826783,3,gefoerdert,nicht gefoerdert,42,70
2017,20,2195,589.1921312565605,12,gefoerdert,nicht gefoerdert,42,70
2018,20,2222,548.4384804812483,8,gefoerdert,nicht gefoerdert,42,70
2016,,,,42,gefoerdert,nicht gefoerdert,53,70
2017,,,,44,gefoerdert,nicht gefoerdert,53,70
2018,,,,44,gefoerdert,nicht gefoerdert,53,70
2016,28,2508,2698.229002794609,640,gefoerdert,nicht gefoerdert,56,70
2017,23,2591,3239.398087016885,739,gefoerdert,nicht gefoerdert,56,70
2018,23,2580,2985.14969284134,851,gefoerdert,nicht gefoerdert,56,70
2016,,778,,,gefoerdert,nicht gefoerdert,54,70
2017,,787,,,gefoerdert,nicht gefoerdert,54,70
2018,,782,,,gefoerdert,nicht gefoerdert,54,70
2016,,494,,,gefoerdert,nicht gefoerdert,33,70
2017,0,503,,,gefoerdert,nicht gefoerdert,33,70
2018,0,520,,,gefoerdert,nicht gefoerdert,33,70
2016,21,869,1339.137810690127,1167,gefoerdert,nicht gefoerdert,32,70
2017,23,872,1227.337584966277,1260,gefoerdert,nicht gefoerdert,32,70
2018,21,905,1035.624190252091,1341,gefoerdert,nicht gefoerdert,32,70
2016,14,1464,3967.475649289268,385,gefoerdert,nicht gefoerdert,25,70
2017,18,1648,5032.579929431575,386,gefoerdert,nicht gefoerdert,25,70
2018,16,1732,5342.126964558255,410,gefoerdert,nicht gefoerdert,25,70
2016,29,701,9985.01512960495,9672,gefoerdert,nicht gefoerdert,37,70
2017,29,776,11965.92038022105,11547,gefoerdert,nicht gefoerdert,37,70
2018,29,881,12408.02845272196,14762,gefoerdert,nicht gefoerdert,37,70
2016,18,900,4143.848383360071,4820,gefoerdert,nicht gefoerdert,13,70
2017,18,894,5699.051223983604,5129,gefoerdert,nicht gefoerdert,13,70
2018,18,883,4849.437490422462,5405,gefoerdert,nicht gefoerdert,13,70
2016,,,,78,gefoerdert,nicht gefoerdert,35,70
2017,,,,86,gefoerdert,nicht gefoerdert,35,70
2018,,,,106,gefoerdert,nicht gefoerdert,35,70
2016,12,534,1483.070757024769,3835,gefoerdert,nicht gefoerdert,12,70
2017,11,590,1990.39989013263,3926,gefoerdert,nicht gefoerdert,12,70
2018,11,639,967.2059075312487,3930,gefoerdert,nicht gefoerdert,12,70
2016,10,466,3435.373430331852,3065,gefoerdert,nicht gefoerdert,21,70
2017,10,424,4229.127204766307,3783,gefoerdert,nicht gefoerdert,21,70
2018,11,454,4892.73353608049,4368,gefoerdert,nicht gefoerdert,21,70
2016,7,348,453.5893843042464,115,gefoerdert,nicht gefoerdert,20,70
2017,6,381,575.5635895432642,163,gefoerdert,nicht gefoerdert,20,70
2018,7,384,1019.128363948316,145,gefoerdert,nicht gefoerdert,20,70
2016,,,,,gefoerdert,nicht gefoerdert,1,70
2017,,,,,gefoerdert,nicht gefoerdert,1,70
2018,,,,,gefoerdert,nicht gefoerdert,1,70
2016,8,515,,,gefoerdert,nicht gefoerdert,30,70
2017,8,519,,,gefoerdert,nicht gefoerdert,30,70
2018,8,533,,,gefoerdert,nicht gefoerdert,30,70
2016,10,596,3363.48424563054,896,gefoerdert,nicht gefoerdert,2,70
2017,9,598,2366.843513946461,928,gefoerdert,nicht gefoerdert,2,70
2018,9,568,3434.384285053301,1204,gefoerdert,nicht gefoerdert,2,70
2016,,,,116,gefoerdert,nicht gefoerdert,19,70
2017,,,,114,gefoerdert,nicht gefoerdert,19,70
2018,,,,153,gefoerdert,nicht gefoerdert,19,70
2016,1,210,430.4348112383765,149,gefoerdert,nicht gefoerdert,16,70
2017,0,204,108.7996333565045,149,gefoerdert,nicht gefoerdert,16,70
2018,0,237,967.3972130889573,161,gefoerdert,nicht gefoerdert,16,70
2016,0,647,68.03631204844278,,gefoerdert,nicht gefoerdert,26,70
2017,0,711,36.64684382632361,,gefoerdert,nicht gefoerdert,26,70
2018,0,840,13.44319953318282,,gefoerdert,nicht gefoerdert,26,70
2016,,,,172,gefoerdert,nicht gefoerdert,55,70
2017,,,,205,gefoerdert,nicht gefoerdert,55,70
2018,,,,247,gefoerdert,nicht gefoerdert,55,70
2016,,,,43,gefoerdert,nicht gefoerdert,9,70
2017,,,,78,gefoerdert,nicht gefoerdert,9,70
2018,,,,70,gefoerdert,nicht gefoerdert,9,70
2016,19,3348,36670.10736456821,4761,gefoerdert,nicht gefoerdert,31,70
2017,19,3553,33846.45185016056,5318,gefoerdert,nicht gefoerdert,31,70
2018,19,3241,34688.59784300895,6057,gefoerdert,nicht gefoerdert,31,70
2016,16,1279,9947.599328571909,431,gefoerdert,nicht gefoerdert,15,70
2017,17,1434,8406.904912738661,562,gefoerdert,nicht gefoerdert,15,70
2018,16,1457,8907.72119390811,777,gefoerdert,nicht gefoerdert,15,70
2016,,,,54,gefoerdert,nicht gefoerdert,51,70
2017,,,,82,gefoerdert,nicht gefoerdert,51,70
2018,,,,122,gefoerdert,nicht gefoerdert,51,70
2016,16,702,246.7141604105295,1,gefoerdert,nicht gefoerdert,6,70
2017,17,740,251.7310139710708,,gefoerdert,nicht gefoerdert,6,70
2018,16,769,470.4266189381111,7,gefoerdert,nicht gefoerdert,6,70
2016,5,,1175.799776411758,63,gefoerdert,nicht gefoerdert,40,70
2017,5,,1608.751134586002,77,gefoerdert,nicht gefoerdert,40,70
2018,5,,1670.828845719168,113,gefoerdert,nicht gefoerdert,40,70
2016,16,1310,7820.681665498185,61,gefoerdert,nicht gefoerdert,8,70
2017,17,1282,8609.554586785676,72,gefoerdert,nicht gefoerdert,8,70
2018,17,1619,10021.81192548356,140,gefoerdert,nicht gefoerdert,8,70
2016,7,173,3139.963728742043,,gefoerdert,nicht gefoerdert,52,70
2017,7,187,3413.986331442835,,gefoerdert,nicht gefoerdert,52,70
2018,8,285,4058.117408058191,,gefoerdert,nicht gefoerdert,52,70
2016,1,0,.0270018614183985,,gefoerdert,nicht gefoerdert,29,70
2017,1,,0,,gefoerdert,nicht gefoerdert,29,70
2018,1,,0,,gefoerdert,nicht gefoerdert,29,70
2016,,,,,gefoerdert,nicht gefoerdert,11,70
2017,,,,,gefoerdert,nicht gefoerdert,11,70
2018,,,,,gefoerdert,nicht gefoerdert,11,70
2016,,,,53,gefoerdert,nicht gefoerdert,24,70
2017,,,,73,gefoerdert,nicht gefoerdert,24,70
2018,,,,80,gefoerdert,nicht gefoerdert,24,70
2016,,54,,,gefoerdert,nicht gefoerdert,14,70
2017,,63,,,gefoerdert,nicht gefoerdert,14,70
2018,,65,,,gefoerdert,nicht gefoerdert,14,70
2016,,259,,,gefoerdert,nicht gefoerdert,34,70
2017,,266,,,gefoerdert,nicht gefoerdert,34,70
2018,,273,,1,gefoerdert,nicht gefoerdert,34,70
2016,0,449,62.31750544643629,,gefoerdert,in 3 Linien gefoerdert,50,81
2017,0,432,60.46020144386947,,gefoerdert,in 3 Linien gefoerdert,50,81
2018,0,464,91.15585733984088,,gefoerdert,in 3 Linien gefoerdert,50,81
2016,,,,1,gefoerdert,in 3 Linien gefoerdert,18,81
2017,,,,1,gefoerdert,in 3 Linien gefoerdert,18,81
2018,1,,,2,gefoerdert,in 3 Linien gefoerdert,18,81
2016,3,104,93.32029601237228,1,gefoerdert,in 3 Linien gefoerdert,27,81
2017,4,121,90.53888346419696,1,gefoerdert,in 3 Linien gefoerdert,27,81
2018,3,77,66.15833499177262,2,gefoerdert,in 3 Linien gefoerdert,27,81
2016,3,10,.0996275612354148,19,gefoerdert,in 3 Linien gefoerdert,36,81
2017,3,5,.0960658707354709,44,gefoerdert,in 3 Linien gefoerdert,36,81
2018,3,3,0,32,gefoerdert,in 3 Linien gefoerdert,36,81
2016,5,240,64.05866256602826,16,gefoerdert,in 3 Linien gefoerdert,23,81
2017,7,241,62.14913160969589,27,gefoerdert,in 3 Linien gefoerdert,23,81
2018,9,145,221.2026317601623,40,gefoerdert,in 3 Linien gefoerdert,23,81
2016,,,,17,gefoerdert,in 3 Linien gefoerdert,10,81
2017,,,,17,gefoerdert,in 3 Linien gefoerdert,10,81
2018,,,,23,gefoerdert,in 3 Linien gefoerdert,10,81
2016,,417,0,,gefoerdert,in 3 Linien gefoerdert,3,81
2017,,418,0,,gefoerdert,in 3 Linien gefoerdert,3,81
2018,,442,691.7873876676724,1,gefoerdert,in 3 Linien gefoerdert,3,81
2016,,,,,gefoerdert,in 3 Linien gefoerdert,4,81
2017,,,,,gefoerdert,in 3 Linien gefoerdert,4,81
2018,,,,,gefoerdert,in 3 Linien gefoerdert,4,81
2016,9,489,1839.102462545379,22,gefoerdert,in 3 Linien gefoerdert,22,81
2017,9,469,1784.286345324495,21,gefoerdert,in 3 Linien gefoerdert,22,81
2018,9,592,696.4952156067432,12,gefoerdert,in 3 Linien gefoerdert,22,81
2016,5,343,125.7225334883014,22,gefoerdert,in 3 Linien gefoerdert,5,81
2017,5,366,121.9743761702322,21,gefoerdert,in 3 Linien gefoerdert,5,81
2018,5,348,279.7856944715323,12,gefoerdert,in 3 Linien gefoerdert,5,81
2016,3,160,41.42830491421244,22,gefoerdert,in 3 Linien gefoerdert,44,81
2017,3,125,40.19304643418538,21,gefoerdert,in 3 Linien gefoerdert,44,81
2018,3,39,18.4331790030128,12,gefoerdert,in 3 Linien gefoerdert,44,81
2016,,,,22,gefoerdert,in 3 Linien gefoerdert,45,81
2017,,,,21,gefoerdert,in 3 Linien gefoerdert,45,81
2018,,,,12,gefoerdert,in 3 Linien gefoerdert,45,81
2016,,,,22,gefoerdert,in 3 Linien gefoerdert,7,81
2017,,,,21,gefoerdert,in 3 Linien gefoerdert,7,81
2018,,,,12,gefoerdert,in 3 Linien gefoerdert,7,81
2016,,99,,2,gefoerdert,in 3 Linien gefoerdert,28,81
2017,,66,,,gefoerdert,in 3 Linien gefoerdert,28,81
2018,,39,,1,gefoerdert,in 3 Linien gefoerdert,28,81
2016,5,301,767.2867587915288,3297,gefoerdert,in 3 Linien gefoerdert,39,81
2017,5,300,744.4172096915679,3348,gefoerdert,in 3 Linien gefoerdert,39,81
2018,6,324,712.8355512981028,3626,gefoerdert,in 3 Linien gefoerdert,39,81
2016,6,58,360.0912537828602,119,gefoerdert,in 3 Linien gefoerdert,17,81
2017,4,48,349.3586450089655,100,gefoerdert,in 3 Linien gefoerdert,17,81
2018,5,46,500.4662534744014,108,gefoerdert,in 3 Linien gefoerdert,17,81
2016,,,,,gefoerdert,in 3 Linien gefoerdert,46,81
2017,,,,,gefoerdert,in 3 Linien gefoerdert,46,81
2018,,,,,gefoerdert,in 3 Linien gefoerdert,46,81
2016,,,,7,gefoerdert,in 3 Linien gefoerdert,49,81
2017,,,,9,gefoerdert,in 3 Linien gefoerdert,49,81
2018,,,,14,gefoerdert,in 3 Linien gefoerdert,49,81
2016,,0,,,gefoerdert,in 3 Linien gefoerdert,41,81
2017,,0,,,gefoerdert,in 3 Linien gefoerdert,41,81
2018,,0,,,gefoerdert,in 3 Linien gefoerdert,41,81
2016,3,200,212.3910630278179,148,gefoerdert,in 3 Linien gefoerdert,38,81
2017,3,233,206.0603833545709,222,gefoerdert,in 3 Linien gefoerdert,38,81
2018,3,273,153.0197376939347,298,gefoerdert,in 3 Linien gefoerdert,38,81
2016,4,579,497.6881087230032,69,gefoerdert,in 3 Linien gefoerdert,48,81
2017,4,927,482.8545377182468,80,gefoerdert,in 3 Linien gefoerdert,48,81
2018,5,780,753.4751481654024,91,gefoerdert,in 3 Linien gefoerdert,48,81
2016,1,,,3,gefoerdert,in 3 Linien gefoerdert,47,81
2017,1,,,4,gefoerdert,in 3 Linien gefoerdert,47,81
2018,1,,,3,gefoerdert,in 3 Linien gefoerdert,47,81
2016,1,,,13,gefoerdert,in 3 Linien gefoerdert,42,81
2017,1,,,16,gefoerdert,in 3 Linien gefoerdert,42,81
2018,1,,,31,gefoerdert,in 3 Linien gefoerdert,42,81
2016,,,,4,gefoerdert,in 3 Linien gefoerdert,53,81
2017,,,,12,gefoerdert,in 3 Linien gefoerdert,53,81
2018,,,,6,gefoerdert,in 3 Linien gefoerdert,53,81
2016,27,1516,6396.131120766804,675,gefoerdert,in 3 Linien gefoerdert,56,81
2017,27,1478,6205.491354320736,882,gefoerdert,in 3 Linien gefoerdert,56,81
2018,27,1344,5888.49256595463,1085,gefoerdert,in 3 Linien gefoerdert,56,81
2016,,8,,,gefoerdert,in 3 Linien gefoerdert,54,81
2017,,136,,,gefoerdert,in 3 Linien gefoerdert,54,81
2018,,88,,,gefoerdert,in 3 Linien gefoerdert,54,81
2016,0,76,0,,gefoerdert,in 3 Linien gefoerdert,33,81
2017,0,79,0,,gefoerdert,in 3 Linien gefoerdert,33,81
2018,0,81,0,,gefoerdert,in 3 Linien gefoerdert,33,81
2016,35,785,4351.475663808885,1825,gefoerdert,in 3 Linien gefoerdert,32,81
2017,36,866,4221.777522127334,1869,gefoerdert,in 3 Linien gefoerdert,32,81
2018,35,849,4128.073375015249,2172,gefoerdert,in 3 Linien gefoerdert,32,81
2016,29,2936,12036.93388381558,1322,gefoerdert,in 3 Linien gefoerdert,25,81
2017,27,3178,11678.16681351116,1528,gefoerdert,in 3 Linien gefoerdert,25,81
2018,25,3433,13569.76304365116,1701,gefoerdert,in 3 Linien gefoerdert,25,81
2016,34,1173,12123.43513497297,27266,gefoerdert,in 3 Linien gefoerdert,37,81
2017,31,1187,11762.08775214851,28961,gefoerdert,in 3 Linien gefoerdert,37,81
2018,33,1168,12212.12103104715,32308,gefoerdert,in 3 Linien gefoerdert,37,81
2016,25,1073,13207.73139158392,20368,gefoerdert,in 3 Linien gefoerdert,13,81
2017,26,1102,12814.06714508196,21981,gefoerdert,in 3 Linien gefoerdert,13,81
2018,30,1177,13122.02116131838,23837,gefoerdert,in 3 Linien gefoerdert,13,81
2016,,,,690,gefoerdert,in 3 Linien gefoerdert,35,81
2017,,,,744,gefoerdert,in 3 Linien gefoerdert,35,81
2018,,,,934,gefoerdert,in 3 Linien gefoerdert,35,81
2016,19,1234,9003.11608841928,9866,gefoerdert,in 3 Linien gefoerdert,12,81
2017,18,1264,8734.774380349021,10596,gefoerdert,in 3 Linien gefoerdert,12,81
2018,17,1274,9815.60559543596,12611,gefoerdert,in 3 Linien gefoerdert,12,81
2016,12,778,3800.39662593704,3401,gefoerdert,in 3 Linien gefoerdert,21,81
2017,11,719,3687.123402199454,3645,gefoerdert,in 3 Linien gefoerdert,21,81
2018,11,881,5130.753629355663,4804,gefoerdert,in 3 Linien gefoerdert,21,81
2016,4,574,808.834253460055,71,gefoerdert,in 3 Linien gefoerdert,20,81
2017,4,578,784.726435121699,105,gefoerdert,in 3 Linien gefoerdert,20,81
2018,4,584,773.4422818238038,132,gefoerdert,in 3 Linien gefoerdert,20,81
2016,,,,359,gefoerdert,in 3 Linien gefoerdert,2,81
2017,,,,410,gefoerdert,in 3 Linien gefoerdert,2,81
2018,,,,492,gefoerdert,in 3 Linien gefoerdert,2,81
2016,,,,29,gefoerdert,in 3 Linien gefoerdert,19,81
2017,,,,34,gefoerdert,in 3 Linien gefoerdert,19,81
2018,,,,39,gefoerdert,in 3 Linien gefoerdert,19,81
2016,,,,360,gefoerdert,in 3 Linien gefoerdert,16,81
2017,,,,525,gefoerdert,in 3 Linien gefoerdert,16,81
2018,,,,543,gefoerdert,in 3 Linien gefoerdert,16,81
2016,0,485,0,,gefoerdert,in 3 Linien gefoerdert,26,81
2017,0,560,0,,gefoerdert,in 3 Linien gefoerdert,26,81
2018,0,607,,,gefoerdert,in 3 Linien gefoerdert,26,81
2016,,4473,,411,gefoerdert,in 3 Linien gefoerdert,55,81
2017,,4478,,381,gefoerdert,in 3 Linien gefoerdert,55,81
2018,,4495,,500,gefoerdert,in 3 Linien gefoerdert,55,81
2016,17,1722,2957.994400456109,328,gefoerdert,in 3 Linien gefoerdert,9,81
2017,17,1546,2869.829936741537,383,gefoerdert,in 3 Linien gefoerdert,9,81
2018,19,1583,3530.83738807565,468,gefoerdert,in 3 Linien gefoerdert,9,81
2016,38,9284,115143.7092557963,13489,gefoerdert,in 3 Linien gefoerdert,31,81
2017,37,8850,111711.7809271204,16583,gefoerdert,in 3 Linien gefoerdert,31,81
2018,38,8735,123823.0803477193,18727,gefoerdert,in 3 Linien gefoerdert,31,81
2016,24,3366,31819.21045501582,1269,gefoerdert,in 3 Linien gefoerdert,15,81
2017,26,3584,30870.82213286314,1523,gefoerdert,in 3 Linien gefoerdert,15,81
2018,29,3799,33774.28715432926,1946,gefoerdert,in 3 Linien gefoerdert,15,81
2016,9,367,,211,gefoerdert,in 3 Linien gefoerdert,51,81
2017,8,949,,242,gefoerdert,in 3 Linien gefoerdert,51,81
2018,8,1016,,363,gefoerdert,in 3 Linien gefoerdert,51,81
2016,21,1475,1752.666679265083,2,gefoerdert,in 3 Linien gefoerdert,6,81
2017,20,1363,1700.427279471338,,gefoerdert,in 3 Linien gefoerdert,6,81
2018,18,1400,2045.847302427781,1,gefoerdert,in 3 Linien gefoerdert,6,81
2016,2,,,24,gefoerdert,in 3 Linien gefoerdert,40,81
2017,2,139,,22,gefoerdert,in 3 Linien gefoerdert,40,81
2018,2,129,,23,gefoerdert,in 3 Linien gefoerdert,40,81
2016,21,1673,15521.62622090293,184,gefoerdert,in 3 Linien gefoerdert,8,81
2017,21,1722,15058.99402334452,251,gefoerdert,in 3 Linien gefoerdert,8,81
2018,21,1775,16515.17536910464,413,gefoerdert,in 3 Linien gefoerdert,8,81
2016,,,,,gefoerdert,in 3 Linien gefoerdert,52,81
2017,,,,,gefoerdert,in 3 Linien gefoerdert,52,81
2018,,,,,gefoerdert,in 3 Linien gefoerdert,52,81
2016,1,0,,,gefoerdert,in 3 Linien gefoerdert,29,81
2017,1,0,,,gefoerdert,in 3 Linien gefoerdert,29,81
2018,1,0,,2,gefoerdert,in 3 Linien gefoerdert,29,81
2016,,,,,gefoerdert,in 3 Linien gefoerdert,11,81
2017,,,,,gefoerdert,in 3 Linien gefoerdert,11,81
2018,,,,2,gefoerdert,in 3 Linien gefoerdert,11,81
2016,,,,163,gefoerdert,in 3 Linien gefoerdert,24,81
2017,,,,154,gefoerdert,in 3 Linien gefoerdert,24,81
2018,,,,198,gefoerdert,in 3 Linien gefoerdert,24,81
2016,,,,,gefoerdert,in 3 Linien gefoerdert,14,81
2017,,,,,gefoerdert,in 3 Linien gefoerdert,14,81
2018,,,,,gefoerdert,in 3 Linien gefoerdert,14,81
2016,,,,1,gefoerdert,in 3 Linien gefoerdert,34,81
2017,,,,2,gefoerdert,in 3 Linien gefoerdert,34,81
2018,,,,1,gefoerdert,in 3 Linien gefoerdert,34,81
2016,,,,,gefoerdert,nicht gefoerdert,50,89
2017,,,,,gefoerdert,nicht gefoerdert,50,89
2018,,,,,gefoerdert,nicht gefoerdert,50,89
2016,0,19,5.160148804915164,,gefoerdert,nicht gefoerdert,18,89
2017,0,21,4.727355733309253,,gefoerdert,nicht gefoerdert,18,89
2018,0,15,6.939063380451138,,gefoerdert,nicht gefoerdert,18,89
2016,,4,23.9934814690864,,gefoerdert,nicht gefoerdert,27,89
2017,,5,23.82708075537505,,gefoerdert,nicht gefoerdert,27,89
2018,,6,24.18967217387636,,gefoerdert,nicht gefoerdert,27,89
2016,3,396,315.0232694876194,8,gefoerdert,nicht gefoerdert,36,89
2017,3,375,198.4162884534616,13,gefoerdert,nicht gefoerdert,36,89
2018,3,414,180.6115468670008,5,gefoerdert,nicht gefoerdert,36,89
2016,7,358,181.7514003851773,21,gefoerdert,nicht gefoerdert,23,89
2017,6,301,1194.332140163743,14,gefoerdert,nicht gefoerdert,23,89
2018,6,293,604.1154730086787,27,gefoerdert,nicht gefoerdert,23,89
2016,,,,8,gefoerdert,nicht gefoerdert,10,89
2017,,,,19,gefoerdert,nicht gefoerdert,10,89
2018,,,,21,gefoerdert,nicht gefoerdert,10,89
2016,6,116,1071.514903863713,,gefoerdert,nicht gefoerdert,3,89
2017,6,128,971.8618435841909,,gefoerdert,nicht gefoerdert,3,89
2018,6,144,1189.06002301872,,gefoerdert,nicht gefoerdert,3,89
2016,,,,,gefoerdert,nicht gefoerdert,4,89
2017,,,,,gefoerdert,nicht gefoerdert,4,89
2018,,,,,gefoerdert,nicht gefoerdert,4,89
2016,,385,,5,gefoerdert,nicht gefoerdert,22,89
2017,,308,,6,gefoerdert,nicht gefoerdert,22,89
2018,,372,,3,gefoerdert,nicht gefoerdert,22,89
2016,,38,,5,gefoerdert,nicht gefoerdert,5,89
2017,,18,,6,gefoerdert,nicht gefoerdert,5,89
2018,,10,,3,gefoerdert,nicht gefoerdert,5,89
2016,,,,5,gefoerdert,nicht gefoerdert,44,89
2017,,,,6,gefoerdert,nicht gefoerdert,44,89
2018,,,,3,gefoerdert,nicht gefoerdert,44,89
2016,,,,5,gefoerdert,nicht gefoerdert,45,89
2017,,,,6,gefoerdert,nicht gefoerdert,45,89
2018,,,,3,gefoerdert,nicht gefoerdert,45,89
2016,,,,5,gefoerdert,nicht gefoerdert,7,89
2017,,,,6,gefoerdert,nicht gefoerdert,7,89
2018,,,,3,gefoerdert,nicht gefoerdert,7,89
2016,,,,,gefoerdert,nicht gefoerdert,28,89
2017,,,,1,gefoerdert,nicht gefoerdert,28,89
2018,,,,2,gefoerdert,nicht gefoerdert,28,89
2016,6,490,412.0083884954905,207,gefoerdert,nicht gefoerdert,39,89
2017,8,511,430.3632144308552,240,gefoerdert,nicht gefoerdert,39,89
2018,8,532,636.6640185059276,235,gefoerdert,nicht gefoerdert,39,89
2016,5,371,565.8035135821578,82,gefoerdert,nicht gefoerdert,17,89
2017,6,358,347.9075941992334,75,gefoerdert,nicht gefoerdert,17,89
2018,6,355,602.0891039905871,76,gefoerdert,nicht gefoerdert,17,89
2016,,,,,gefoerdert,nicht gefoerdert,46,89
2017,,,,,gefoerdert,nicht gefoerdert,46,89
2018,,,,,gefoerdert,nicht gefoerdert,46,89
2016,5,189,359.911558099389,8,gefoerdert,nicht gefoerdert,49,89
2017,6,161,277.6029399862564,7,gefoerdert,nicht gefoerdert,49,89
2018,4,146,536.5435857484326,13,gefoerdert,nicht gefoerdert,49,89
2016,21,,1897.263510790842,,gefoerdert,nicht gefoerdert,41,89
2017,20,,2271.134581399887,,gefoerdert,nicht gefoerdert,41,89
2018,18,,1965.259178081694,,gefoerdert,nicht gefoerdert,41,89
2016,,,,,gefoerdert,nicht gefoerdert,43,89
2017,,,,,gefoerdert,nicht gefoerdert,43,89
2018,,,,,gefoerdert,nicht gefoerdert,43,89
2016,8,797,606.9981523054998,166,gefoerdert,nicht gefoerdert,38,89
2017,7,798,965.5599776623168,181,gefoerdert,nicht gefoerdert,38,89
2018,8,845,1070.851507178253,257,gefoerdert,nicht gefoerdert,38,89
2016,6,852,395.2160200962757,25,gefoerdert,nicht gefoerdert,48,89
2017,6,763,662.8701086498226,45,gefoerdert,nicht gefoerdert,48,89
2018,7,773,745.7633074106034,34,gefoerdert,nicht gefoerdert,48,89
2016,,,,1,gefoerdert,nicht gefoerdert,47,89
2017,,,,1,gefoerdert,nicht gefoerdert,47,89
2018,,,,,gefoerdert,nicht gefoerdert,47,89
2016,,0,,21,gefoerdert,nicht gefoerdert,42,89
2017,,,,20,gefoerdert,nicht gefoerdert,42,89
2018,,,,12,gefoerdert,nicht gefoerdert,42,89
2016,,,,32,gefoerdert,nicht gefoerdert,53,89
2017,,,,35,gefoerdert,nicht gefoerdert,53,89
2018,,,,43,gefoerdert,nicht gefoerdert,53,89
2016,,195,,500,gefoerdert,nicht gefoerdert,56,89
2017,,208,,624,gefoerdert,nicht gefoerdert,56,89
2018,,224,,761,gefoerdert,nicht gefoerdert,56,89
2016,,,,,gefoerdert,nicht gefoerdert,54,89
2017,,,,,gefoerdert,nicht gefoerdert,54,89
2018,,,,,gefoerdert,nicht gefoerdert,54,89
2016,,,,,gefoerdert,nicht gefoerdert,33,89
2017,,,,,gefoerdert,nicht gefoerdert,33,89
2018,,,,,gefoerdert,nicht gefoerdert,33,89
2016,27,866,3095.452619210348,1227,gefoerdert,nicht gefoerdert,32,89
2017,25,820,3113.259806491121,1556,gefoerdert,nicht gefoerdert,32,89
2018,27,736,2858.053037422629,1450,gefoerdert,nicht gefoerdert,32,89
2016,27,4013,16469.57198433276,1162,gefoerdert,nicht gefoerdert,25,89
2017,30,4118,14786.72250146421,1319,gefoerdert,nicht gefoerdert,25,89
2018,29,4299,15000.62857479079,1508,gefoerdert,nicht gefoerdert,25,89
2016,27,1070,8918.979864321773,15585,gefoerdert,nicht gefoerdert,37,89
2017,27,999,9317.462330614104,16016,gefoerdert,nicht gefoerdert,37,89
2018,24,983,10610.47316732792,17493,gefoerdert,nicht gefoerdert,37,89
2016,22,945,6993.284995692921,7385,gefoerdert,nicht gefoerdert,13,89
2017,23,889,6755.661470930892,7497,gefoerdert,nicht gefoerdert,13,89
2018,23,856,8051.383109601583,8020,gefoerdert,nicht gefoerdert,13,89
2016,,,,70,gefoerdert,nicht gefoerdert,35,89
2017,,,,61,gefoerdert,nicht gefoerdert,35,89
2018,,,,88,gefoerdert,nicht gefoerdert,35,89
2016,17,708,4246.828899384704,3460,gefoerdert,nicht gefoerdert,12,89
2017,18,743,4632.808925773315,3786,gefoerdert,nicht gefoerdert,12,89
2018,18,761,4947.385935969286,3780,gefoerdert,nicht gefoerdert,12,89
2016,8,524,1836.166637432121,1563,gefoerdert,nicht gefoerdert,21,89
2017,10,506,1440.978947956316,1641,gefoerdert,nicht gefoerdert,21,89
2018,11,509,3578.925725709123,2217,gefoerdert,nicht gefoerdert,21,89
2016,,,,61,gefoerdert,nicht gefoerdert,20,89
2017,,,,61,gefoerdert,nicht gefoerdert,20,89
2018,,,,87,gefoerdert,nicht gefoerdert,20,89
2016,,0,,,gefoerdert,nicht gefoerdert,30,89
2017,,0,,,gefoerdert,nicht gefoerdert,30,89
2018,,0,,,gefoerdert,nicht gefoerdert,30,89
2016,,,,502,gefoerdert,nicht gefoerdert,2,89
2017,,,,540,gefoerdert,nicht gefoerdert,2,89
2018,,,,477,gefoerdert,nicht gefoerdert,2,89
2016,,,,82,gefoerdert,nicht gefoerdert,19,89
2017,,,,65,gefoerdert,nicht gefoerdert,19,89
2018,,,,102,gefoerdert,nicht gefoerdert,19,89
2016,,,,11,gefoerdert,nicht gefoerdert,16,89
2017,,,,15,gefoerdert,nicht gefoerdert,16,89
2018,,,,13,gefoerdert,nicht gefoerdert,16,89
2016,2,613,11.88454370391765,,gefoerdert,nicht gefoerdert,26,89
2017,0,649,-.7319304774573926,,gefoerdert,nicht gefoerdert,26,89
2018,1,642,-31.03887425231787,,gefoerdert,nicht gefoerdert,26,89
2016,,2438,,142,gefoerdert,nicht gefoerdert,55,89
2017,,2518,,117,gefoerdert,nicht gefoerdert,55,89
2018,,2792,,163,gefoerdert,nicht gefoerdert,55,89
2016,,,,57,gefoerdert,nicht gefoerdert,9,89
2017,,,,62,gefoerdert,nicht gefoerdert,9,89
2018,,,,59,gefoerdert,nicht gefoerdert,9,89
2016,28,3335,48958.75159665402,7697,gefoerdert,nicht gefoerdert,31,89
2017,28,3184,47862.63080039024,9113,gefoerdert,nicht gefoerdert,31,89
2018,30,3412,46571.20031619354,10575,gefoerdert,nicht gefoerdert,31,89
2016,29,1684,14721.26505650765,906,gefoerdert,nicht gefoerdert,15,89
2017,27,1635,14324.07311334703,1092,gefoerdert,nicht gefoerdert,15,89
2018,30,1532,15053.42013323407,1417,gefoerdert,nicht gefoerdert,15,89
2016,,,,109,gefoerdert,nicht gefoerdert,51,89
2017,,,,136,gefoerdert,nicht gefoerdert,51,89
2018,,,,207,gefoerdert,nicht gefoerdert,51,89
2016,15,1272,2656.25227299096,,gefoerdert,nicht gefoerdert,6,89
2017,18,1289,2390.133591426415,,gefoerdert,nicht gefoerdert,6,89
2018,16,1234,2316.108744402977,3,gefoerdert,nicht gefoerdert,6,89
2016,,,,27,gefoerdert,nicht gefoerdert,40,89
2017,,,,30,gefoerdert,nicht gefoerdert,40,89
2018,,,,47,gefoerdert,nicht gefoerdert,40,89
2016,20,2440,8364.11687408173,87,gefoerdert,nicht gefoerdert,8,89
2017,20,2314,9170.107716032293,108,gefoerdert,nicht gefoerdert,8,89
2018,21,2148,9480.473360267615,201,gefoerdert,nicht gefoerdert,8,89
2016,3,12,,,gefoerdert,nicht gefoerdert,52,89
2017,3,14,,,gefoerdert,nicht gefoerdert,52,89
2018,3,11,,,gefoerdert,nicht gefoerdert,52,89
2016,,,,,gefoerdert,nicht gefoerdert,29,89
2017,,,,,gefoerdert,nicht gefoerdert,29,89
2018,,,,1,gefoerdert,nicht gefoerdert,29,89
2016,,,,,gefoerdert,nicht gefoerdert,11,89
2017,,,,,gefoerdert,nicht gefoerdert,11,89
2018,,,,1,gefoerdert,nicht gefoerdert,11,89
2016,,,,92,gefoerdert,nicht gefoerdert,24,89
2017,,,,92,gefoerdert,nicht gefoerdert,24,89
2018,,,,98,gefoerdert,nicht gefoerdert,24,89
2016,,2,,,gefoerdert,nicht gefoerdert,34,89
2017,,2,,,gefoerdert,nicht gefoerdert,34,89
2018,,4,,,gefoerdert,nicht gefoerdert,34,89
2016,3,192,525.5577044385864,,gefoerdert,in 3 Linien gefoerdert,50,76
2017,2,239,619.5699930380767,,gefoerdert,in 3 Linien gefoerdert,50,76
2018,2,260,633.9663797857729,,gefoerdert,in 3 Linien gefoerdert,50,76
2016,,,,,gefoerdert,in 3 Linien gefoerdert,18,76
2017,,,,,gefoerdert,in 3 Linien gefoerdert,18,76
2018,,,,,gefoerdert,in 3 Linien gefoerdert,18,76
2016,,,,,gefoerdert,in 3 Linien gefoerdert,27,76
2017,,,,,gefoerdert,in 3 Linien gefoerdert,27,76
2018,,,,,gefoerdert,in 3 Linien gefoerdert,27,76
2016,3,208,4.487895876443092,22,gefoerdert,in 3 Linien gefoerdert,36,76
2017,3,220,53.35315518969391,42,gefoerdert,in 3 Linien gefoerdert,36,76
2018,3,188,99.49136079438327,26,gefoerdert,in 3 Linien gefoerdert,36,76
2016,2,0,0,11,gefoerdert,in 3 Linien gefoerdert,23,76
2017,3,0,336.3430794256839,20,gefoerdert,in 3 Linien gefoerdert,23,76
2018,2,0,237.620232848432,13,gefoerdert,in 3 Linien gefoerdert,23,76
2016,,,,21,gefoerdert,in 3 Linien gefoerdert,10,76
2017,,,,23,gefoerdert,in 3 Linien gefoerdert,10,76
2018,,,,20,gefoerdert,in 3 Linien gefoerdert,10,76
2016,,0,,,gefoerdert,in 3 Linien gefoerdert,3,76
2017,,0,,,gefoerdert,in 3 Linien gefoerdert,3,76
2018,,0,,,gefoerdert,in 3 Linien gefoerdert,3,76
2016,3,386,25.80260697496285,1,gefoerdert,in 3 Linien gefoerdert,22,76
2017,3,370,90.12351074659674,2,gefoerdert,in 3 Linien gefoerdert,22,76
2018,3,402,170.2595605258969,5,gefoerdert,in 3 Linien gefoerdert,22,76
2016,,,,1,gefoerdert,in 3 Linien gefoerdert,5,76
2017,,,,2,gefoerdert,in 3 Linien gefoerdert,5,76
2018,,,,5,gefoerdert,in 3 Linien gefoerdert,5,76
2016,,,,1,gefoerdert,in 3 Linien gefoerdert,44,76
2017,,,,2,gefoerdert,in 3 Linien gefoerdert,44,76
2018,,,,5,gefoerdert,in 3 Linien gefoerdert,44,76
2016,,,,1,gefoerdert,in 3 Linien gefoerdert,45,76
2017,,,,2,gefoerdert,in 3 Linien gefoerdert,45,76
2018,,,,5,gefoerdert,in 3 Linien gefoerdert,45,76
2016,,,,1,gefoerdert,in 3 Linien gefoerdert,7,76
2017,,,,2,gefoerdert,in 3 Linien gefoerdert,7,76
2018,,,,5,gefoerdert,in 3 Linien gefoerdert,7,76
2016,,,,,gefoerdert,in 3 Linien gefoerdert,28,76
2017,,,,1,gefoerdert,in 3 Linien gefoerdert,28,76
2018,,,,1,gefoerdert,in 3 Linien gefoerdert,28,76
2016,1,,119.5540046247044,187,gefoerdert,in 3 Linien gefoerdert,39,76
2017,1,,141.021044442227,224,gefoerdert,in 3 Linien gefoerdert,39,76
2018,1,,235.4321206853625,214,gefoerdert,in 3 Linien gefoerdert,39,76
2016,3,182,316.9953472105715,41,gefoerdert,in 3 Linien gefoerdert,17,76
2017,3,151,248.0622035727869,35,gefoerdert,in 3 Linien gefoerdert,17,76
2018,3,140,284.4674427682034,50,gefoerdert,in 3 Linien gefoerdert,17,76
2016,3,448,1090.530707989673,19,gefoerdert,in 3 Linien gefoerdert,49,76
2017,3,472,1309.965226056832,6,gefoerdert,in 3 Linien gefoerdert,49,76
2018,5,484,1106.062589458462,18,gefoerdert,in 3 Linien gefoerdert,49,76
2016,0,,,,gefoerdert,in 3 Linien gefoerdert,41,76
2017,0,,,,gefoerdert,in 3 Linien gefoerdert,41,76
2018,0,,,,gefoerdert,in 3 Linien gefoerdert,41,76
2016,,,,,gefoerdert,in 3 Linien gefoerdert,43,76
2017,,,,,gefoerdert,in 3 Linien gefoerdert,43,76
2018,,,,,gefoerdert,in 3 Linien gefoerdert,43,76
2016,,,,364,gefoerdert,in 3 Linien gefoerdert,38,76
2017,,,,466,gefoerdert,in 3 Linien gefoerdert,38,76
2018,,,,546,gefoerdert,in 3 Linien gefoerdert,38,76
2016,2,,126.8156396071018,72,gefoerdert,in 3 Linien gefoerdert,48,76
2017,2,,109.5699927971168,72,gefoerdert,in 3 Linien gefoerdert,48,76
2018,2,0,12.47270124219478,96,gefoerdert,in 3 Linien gefoerdert,48,76
2016,,,,,gefoerdert,in 3 Linien gefoerdert,47,76
2017,,,,1,gefoerdert,in 3 Linien gefoerdert,47,76
2018,,,,,gefoerdert,in 3 Linien gefoerdert,47,76
2016,2,,281.8621985083793,2,gefoerdert,in 3 Linien gefoerdert,42,76
2017,2,,500.5160346183689,3,gefoerdert,in 3 Linien gefoerdert,42,76
2018,2,,414.6490099985202,6,gefoerdert,in 3 Linien gefoerdert,42,76
2016,,,,8,gefoerdert,in 3 Linien gefoerdert,53,76
2017,,,,5,gefoerdert,in 3 Linien gefoerdert,53,76
2018,,,,5,gefoerdert,in 3 Linien gefoerdert,53,76
2016,4,,2772.347277783231,857,gefoerdert,in 3 Linien gefoerdert,56,76
2017,3,,,922,gefoerdert,in 3 Linien gefoerdert,56,76
2018,,,,1116,gefoerdert,in 3 Linien gefoerdert,56,76
2016,33,3237,5240.713108458209,,gefoerdert,in 3 Linien gefoerdert,54,76
2017,34,3281,6798.040084119617,,gefoerdert,in 3 Linien gefoerdert,54,76
2018,35,3274,6764.861570721055,,gefoerdert,in 3 Linien gefoerdert,54,76
2016,0,16,9.846368536752347,,gefoerdert,in 3 Linien gefoerdert,33,76
2017,0,19,18.44464761747497,,gefoerdert,in 3 Linien gefoerdert,33,76
2018,0,23,69.55238380533635,,gefoerdert,in 3 Linien gefoerdert,33,76
2016,27,891,2604.486049691188,1391,gefoerdert,in 3 Linien gefoerdert,32,76
2017,26,850,3064.974464403022,1730,gefoerdert,in 3 Linien gefoerdert,32,76
2018,27,843,3702.999446174087,1629,gefoerdert,in 3 Linien gefoerdert,32,76
2016,30,3499,14856.14888738673,1281,gefoerdert,in 3 Linien gefoerdert,25,76
2017,29,3387,13489.28372211275,1522,gefoerdert,in 3 Linien gefoerdert,25,76
2018,29,3453,13710.0374050668,1663,gefoerdert,in 3 Linien gefoerdert,25,76
2016,27,1043,8903.708572714446,32010,gefoerdert,in 3 Linien gefoerdert,37,76
2017,25,958,10243.39189653277,33562,gefoerdert,in 3 Linien gefoerdert,37,76
2018,25,924,10674.43854992857,35893,gefoerdert,in 3 Linien gefoerdert,37,76
2016,22,997,11173.13798362432,22745,gefoerdert,in 3 Linien gefoerdert,13,76
2017,22,957,10698.51826886826,24109,gefoerdert,in 3 Linien gefoerdert,13,76
2018,22,950,11519.13244411934,25655,gefoerdert,in 3 Linien gefoerdert,13,76
2016,,,,453,gefoerdert,in 3 Linien gefoerdert,35,76
2017,,,,482,gefoerdert,in 3 Linien gefoerdert,35,76
2018,,,,544,gefoerdert,in 3 Linien gefoerdert,35,76
2016,9,483,2318.60806183146,7784,gefoerdert,in 3 Linien gefoerdert,12,76
2017,10,487,3018.364154837099,8478,gefoerdert,in 3 Linien gefoerdert,12,76
2018,10,501,2070.820575644627,10000,gefoerdert,in 3 Linien gefoerdert,12,76
2016,12,460,4884.605137407169,9747,gefoerdert,in 3 Linien gefoerdert,21,76
2017,13,404,7285.624874367815,10939,gefoerdert,in 3 Linien gefoerdert,21,76
2018,13,363,6662.326618305588,13413,gefoerdert,in 3 Linien gefoerdert,21,76
2016,4,344,880.5474932416878,100,gefoerdert,in 3 Linien gefoerdert,20,76
2017,4,335,713.2022225420048,115,gefoerdert,in 3 Linien gefoerdert,20,76
2018,4,328,680.948403083081,147,gefoerdert,in 3 Linien gefoerdert,20,76
2016,,,,,gefoerdert,in 3 Linien gefoerdert,30,76
2017,,,,,gefoerdert,in 3 Linien gefoerdert,30,76
2018,,,,,gefoerdert,in 3 Linien gefoerdert,30,76
2016,1,,,1078,gefoerdert,in 3 Linien gefoerdert,2,76
2017,,,,1259,gefoerdert,in 3 Linien gefoerdert,2,76
2018,,,,1388,gefoerdert,in 3 Linien gefoerdert,2,76
2016,,,,186,gefoerdert,in 3 Linien gefoerdert,19,76
2017,,,,268,gefoerdert,in 3 Linien gefoerdert,19,76
2018,,,,297,gefoerdert,in 3 Linien gefoerdert,19,76
2016,,,,99,gefoerdert,in 3 Linien gefoerdert,16,76
2017,,,,152,gefoerdert,in 3 Linien gefoerdert,16,76
2018,,,,190,gefoerdert,in 3 Linien gefoerdert,16,76
2016,,645,.703910598044996,,gefoerdert,in 3 Linien gefoerdert,26,76
2017,,828,0,,gefoerdert,in 3 Linien gefoerdert,26,76
2018,,1042,0,,gefoerdert,in 3 Linien gefoerdert,26,76
2016,,,,226,gefoerdert,in 3 Linien gefoerdert,55,76
2017,,,,276,gefoerdert,in 3 Linien gefoerdert,55,76
2018,,,,357,gefoerdert,in 3 Linien gefoerdert,55,76
2016,,,,89,gefoerdert,in 3 Linien gefoerdert,9,76
2017,,,,111,gefoerdert,in 3 Linien gefoerdert,9,76
2018,,,,116,gefoerdert,in 3 Linien gefoerdert,9,76
2016,39,6096,32009.68924340936,14805,gefoerdert,in 3 Linien gefoerdert,31,76
2017,41,6026,32424.37313915102,17603,gefoerdert,in 3 Linien gefoerdert,31,76
2018,40,5507,29129.41804981006,20573,gefoerdert,in 3 Linien gefoerdert,31,76
2016,19,2064,11081.70663761162,1287,gefoerdert,in 3 Linien gefoerdert,15,76
2017,20,2014,12774.74821925005,1444,gefoerdert,in 3 Linien gefoerdert,15,76
2018,20,1963,13120.46526795225,1905,gefoerdert,in 3 Linien gefoerdert,15,76
2016,,,,175,gefoerdert,in 3 Linien gefoerdert,51,76
2017,,,,217,gefoerdert,in 3 Linien gefoerdert,51,76
2018,,,,233,gefoerdert,in 3 Linien gefoerdert,51,76
2016,17,802,900.2467319942839,1,gefoerdert,in 3 Linien gefoerdert,6,76
2017,17,824,1076.657810811006,5,gefoerdert,in 3 Linien gefoerdert,6,76
2018,17,827,1601.972885718935,2,gefoerdert,in 3 Linien gefoerdert,6,76
2016,3,43,248.1685190707294,47,gefoerdert,in 3 Linien gefoerdert,40,76
2017,3,45,55.49862748660814,59,gefoerdert,in 3 Linien gefoerdert,40,76
2018,3,45,125.0738788645044,74,gefoerdert,in 3 Linien gefoerdert,40,76
2016,17,1517,8942.969294894927,270,gefoerdert,in 3 Linien gefoerdert,8,76
2017,16,1498,7622.056909881238,297,gefoerdert,in 3 Linien gefoerdert,8,76
2018,17,1432,8015.747622961984,404,gefoerdert,in 3 Linien gefoerdert,8,76
2016,4,116,908.3957209696097,,gefoerdert,in 3 Linien gefoerdert,52,76
2017,4,106,490.0448476802533,,gefoerdert,in 3 Linien gefoerdert,52,76
2018,4,101,916.8441709966804,,gefoerdert,in 3 Linien gefoerdert,52,76
2016,2,180,87.46182318516311,,gefoerdert,in 3 Linien gefoerdert,29,76
2017,2,174,123.7456521432667,,gefoerdert,in 3 Linien gefoerdert,29,76
2018,2,153,188.7987720602859,1,gefoerdert,in 3 Linien gefoerdert,29,76
2016,1,,0,,gefoerdert,in 3 Linien gefoerdert,11,76
2017,1,,0,,gefoerdert,in 3 Linien gefoerdert,11,76
2018,1,,0,1,gefoerdert,in 3 Linien gefoerdert,11,76
2016,,,,132,gefoerdert,in 3 Linien gefoerdert,24,76
2017,,,,150,gefoerdert,in 3 Linien gefoerdert,24,76
2018,,,,158,gefoerdert,in 3 Linien gefoerdert,24,76
2016,,,,2,gefoerdert,in 3 Linien gefoerdert,34,76
2017,,,,,gefoerdert,in 3 Linien gefoerdert,34,76
2018,,,,2,gefoerdert,in 3 Linien gefoerdert,34,76
2016,1,40,13.96554897068638,,gefoerdert,nicht gefoerdert,50,119
2017,1,42,112.547117959505,,gefoerdert,nicht gefoerdert,50,119
2018,1,49,264.1579829519928,,gefoerdert,nicht gefoerdert,50,119
2016,,,,,gefoerdert,nicht gefoerdert,18,119
2017,,,,,gefoerdert,nicht gefoerdert,18,119
2018,,,,,gefoerdert,nicht gefoerdert,18,119
2016,,,,,gefoerdert,nicht gefoerdert,27,119
2017,,,,,gefoerdert,nicht gefoerdert,27,119
2018,,,,,gefoerdert,nicht gefoerdert,27,119
2016,3,415,230.2309174604738,12,gefoerdert,nicht gefoerdert,36,119
2017,3,252,88.97621175058546,19,gefoerdert,nicht gefoerdert,36,119
2018,1,247,187.0806282164871,15,gefoerdert,nicht gefoerdert,36,119
2016,6,400,588.7030062953205,7,gefoerdert,nicht gefoerdert,23,119
2017,6,443,426.5388844441509,15,gefoerdert,nicht gefoerdert,23,119
2018,6,453,533.3400952052426,9,gefoerdert,nicht gefoerdert,23,119
2016,,,,8,gefoerdert,nicht gefoerdert,10,119
2017,,,,6,gefoerdert,nicht gefoerdert,10,119
2018,,,,9,gefoerdert,nicht gefoerdert,10,119
2016,5,435,2761.27934213171,,gefoerdert,nicht gefoerdert,3,119
2017,5,445,3377.729996744616,,gefoerdert,nicht gefoerdert,3,119
2018,4,464,1583.569378822207,2,gefoerdert,nicht gefoerdert,3,119
2016,,,,,gefoerdert,nicht gefoerdert,4,119
2017,,,,1,gefoerdert,nicht gefoerdert,4,119
2018,,,,,gefoerdert,nicht gefoerdert,4,119
2016,4,732,442.9143411598975,35,gefoerdert,nicht gefoerdert,22,119
2017,3,640,563.6093544079246,51,gefoerdert,nicht gefoerdert,22,119
2018,4,614,390.3245467286103,55,gefoerdert,nicht gefoerdert,22,119
2016,5,809,322.4394671945964,35,gefoerdert,nicht gefoerdert,5,119
2017,2,775,308.2598435571217,51,gefoerdert,nicht gefoerdert,5,119
2018,3,727,353.9335731610708,55,gefoerdert,nicht gefoerdert,5,119
2016,2,241,201.9348286454187,35,gefoerdert,nicht gefoerdert,44,119
2017,3,231,321.3568265766392,51,gefoerdert,nicht gefoerdert,44,119
2018,3,206,234.8192628006617,55,gefoerdert,nicht gefoerdert,44,119
2016,,,,35,gefoerdert,nicht gefoerdert,45,119
2017,,,,51,gefoerdert,nicht gefoerdert,45,119
2018,,,,55,gefoerdert,nicht gefoerdert,45,119
2016,,,,35,gefoerdert,nicht gefoerdert,7,119
2017,,,,51,gefoerdert,nicht gefoerdert,7,119
2018,,,,55,gefoerdert,nicht gefoerdert,7,119
2016,0,,112.6629422634312,,gefoerdert,nicht gefoerdert,28,119
2017,0,,110.7264428784251,1,gefoerdert,nicht gefoerdert,28,119
2018,0,,96.15122636247882,1,gefoerdert,nicht gefoerdert,28,119
2016,,,,189,gefoerdert,nicht gefoerdert,39,119
2017,,,,196,gefoerdert,nicht gefoerdert,39,119
2018,,,,189,gefoerdert,nicht gefoerdert,39,119
2016,3,194,576.0549193221945,11,gefoerdert,nicht gefoerdert,17,119
2017,3,165,939.2744309679821,18,gefoerdert,nicht gefoerdert,17,119
2018,2,131,758.4912149904602,11,gefoerdert,nicht gefoerdert,17,119
2016,,,,,gefoerdert,nicht gefoerdert,46,119
2017,,,,,gefoerdert,nicht gefoerdert,46,119
2018,,,,,gefoerdert,nicht gefoerdert,46,119
2016,6,347,658.9478788822892,8,gefoerdert,nicht gefoerdert,49,119
2017,6,359,398.535223230346,8,gefoerdert,nicht gefoerdert,49,119
2018,5,360,933.9078808281258,8,gefoerdert,nicht gefoerdert,49,119
2016,0,155,902.7681545383219,,gefoerdert,nicht gefoerdert,41,119
2017,0,151,1662.62032792168,,gefoerdert,nicht gefoerdert,41,119
2018,0,146,1176.717633433454,,gefoerdert,nicht gefoerdert,41,119
2016,3,13,372.1573472409869,190,gefoerdert,nicht gefoerdert,38,119
2017,3,20,349.1976249970409,179,gefoerdert,nicht gefoerdert,38,119
2018,3,32,311.2496175328676,237,gefoerdert,nicht gefoerdert,38,119
2016,3,540,39.50465679760384,30,gefoerdert,nicht gefoerdert,48,119
2017,3,556,205.1482204831346,39,gefoerdert,nicht gefoerdert,48,119
2018,3,520,144.591680303431,49,gefoerdert,nicht gefoerdert,48,119
2016,,,,,gefoerdert,nicht gefoerdert,42,119
2017,,,30.46020060849149,2,gefoerdert,nicht gefoerdert,42,119
2018,,,43.88539827091804,6,gefoerdert,nicht gefoerdert,42,119
2016,,,,12,gefoerdert,nicht gefoerdert,53,119
2017,,,,17,gefoerdert,nicht gefoerdert,53,119
2018,,,,19,gefoerdert,nicht gefoerdert,53,119
2016,12,884,185.5977660311659,243,gefoerdert,nicht gefoerdert,56,119
2017,12,892,270.4812317529302,308,gefoerdert,nicht gefoerdert,56,119
2018,12,886,227.234104388729,396,gefoerdert,nicht gefoerdert,56,119
2016,,,,,gefoerdert,nicht gefoerdert,54,119
2017,,,,,gefoerdert,nicht gefoerdert,54,119
2018,,,,,gefoerdert,nicht gefoerdert,54,119
2016,1,55,0,,gefoerdert,nicht gefoerdert,33,119
2017,1,63,0,,gefoerdert,nicht gefoerdert,33,119
2018,1,77,0,,gefoerdert,nicht gefoerdert,33,119
2016,20,651,2084.769989368784,2151,gefoerdert,nicht gefoerdert,32,119
2017,20,556,1235.784113478052,2200,gefoerdert,nicht gefoerdert,32,119
2018,18,511,1847.254582557614,2350,gefoerdert,nicht gefoerdert,32,119
2016,20,1953,7884.278252434756,702,gefoerdert,nicht gefoerdert,25,119
2017,21,1957,6992.597602117376,753,gefoerdert,nicht gefoerdert,25,119
2018,23,1937,8520.331827290262,854,gefoerdert,nicht gefoerdert,25,119
2016,19,625,10218.5545048784,17961,gefoerdert,nicht gefoerdert,37,119
2017,17,600,8547.14125336172,18822,gefoerdert,nicht gefoerdert,37,119
2018,18,572,8824.6928267657,20095,gefoerdert,nicht gefoerdert,37,119
2016,23,825,5691.636751057071,11758,gefoerdert,nicht gefoerdert,13,119
2017,22,782,5671.234381722424,12170,gefoerdert,nicht gefoerdert,13,119
2018,21,787,8080.918757105251,12827,gefoerdert,nicht gefoerdert,13,119
2016,,,,101,gefoerdert,nicht gefoerdert,35,119
2017,,,,88,gefoerdert,nicht gefoerdert,35,119
2018,,,,133,gefoerdert,nicht gefoerdert,35,119
2016,11,361,3663.725385621988,3461,gefoerdert,nicht gefoerdert,12,119
2017,10,330,3185.753936389046,3363,gefoerdert,nicht gefoerdert,12,119
2018,11,321,2467.203716732964,3897,gefoerdert,nicht gefoerdert,12,119
2016,2,0,446.9124848724991,2198,gefoerdert,nicht gefoerdert,21,119
2017,1,0,310.5013638583746,2203,gefoerdert,nicht gefoerdert,21,119
2018,1,0,160.0576486779926,2795,gefoerdert,nicht gefoerdert,21,119
2016,,,,58,gefoerdert,nicht gefoerdert,20,119
2017,,,,66,gefoerdert,nicht gefoerdert,20,119
2018,,,,89,gefoerdert,nicht gefoerdert,20,119
2016,1,,324.0288533512946,,gefoerdert,nicht gefoerdert,30,119
2017,0,,384.8664195338357,,gefoerdert,nicht gefoerdert,30,119
2018,0,,-41.01164312232305,,gefoerdert,nicht gefoerdert,30,119
2016,,,,171,gefoerdert,nicht gefoerdert,2,119
2017,,,,197,gefoerdert,nicht gefoerdert,2,119
2018,,,,240,gefoerdert,nicht gefoerdert,2,119
2016,,,,39,gefoerdert,nicht gefoerdert,19,119
2017,,,,43,gefoerdert,nicht gefoerdert,19,119
2018,,,,57,gefoerdert,nicht gefoerdert,19,119
2016,,,,50,gefoerdert,nicht gefoerdert,16,119
2017,,,,35,gefoerdert,nicht gefoerdert,16,119
2018,,,,53,gefoerdert,nicht gefoerdert,16,119
2016,0,937,116.6703918483189,,gefoerdert,nicht gefoerdert,26,119
2017,0,905,6601.827860037808,,gefoerdert,nicht gefoerdert,26,119
2018,0,870,1219.258658361145,,gefoerdert,nicht gefoerdert,26,119
2016,,10,,259,gefoerdert,nicht gefoerdert,55,119
2017,,881,,303,gefoerdert,nicht gefoerdert,55,119
2018,,818,,345,gefoerdert,nicht gefoerdert,55,119
2016,,,,60,gefoerdert,nicht gefoerdert,9,119
2017,,,,60,gefoerdert,nicht gefoerdert,9,119
2018,,,,64,gefoerdert,nicht gefoerdert,9,119
2016,44,5526,51976.13695490071,8445,gefoerdert,nicht gefoerdert,31,119
2017,46,4458,48999.39601073499,9358,gefoerdert,nicht gefoerdert,31,119
2018,46,4161,42886.87992712315,10197,gefoerdert,nicht gefoerdert,31,119
2016,17,1306,5407.179734376821,938,gefoerdert,nicht gefoerdert,15,119
2017,16,1311,7745.246740041258,1087,gefoerdert,nicht gefoerdert,15,119
2018,16,1255,7223.209942151288,1424,gefoerdert,nicht gefoerdert,15,119
2016,20,3400,25797.00775237158,154,gefoerdert,nicht gefoerdert,51,119
2017,22,3308,24369.45869842393,230,gefoerdert,nicht gefoerdert,51,119
2018,22,3084,23992.51982634855,290,gefoerdert,nicht gefoerdert,51,119
2016,20,1393,2086.956343680771,4,gefoerdert,nicht gefoerdert,6,119
2017,19,1340,2246.851858963465,3,gefoerdert,nicht gefoerdert,6,119
2018,19,1210,2992.747287759927,5,gefoerdert,nicht gefoerdert,6,119
2016,1,141,491.875220462557,40,gefoerdert,nicht gefoerdert,40,119
2017,1,124,266.0768444144425,42,gefoerdert,nicht gefoerdert,40,119
2018,1,102,461.9176899751184,51,gefoerdert,nicht gefoerdert,40,119
2016,23,1877,11263.89555606863,311,gefoerdert,nicht gefoerdert,8,119
2017,23,1864,11737.06970406027,259,gefoerdert,nicht gefoerdert,8,119
2018,23,1717,15422.21161597798,383,gefoerdert,nicht gefoerdert,8,119
2016,4,298,651.6359353597928,,gefoerdert,nicht gefoerdert,52,119
2017,3,254,768.9899189224847,,gefoerdert,nicht gefoerdert,52,119
2018,4,223,981.2780547653144,,gefoerdert,nicht gefoerdert,52,119
2016,2,228,0,,gefoerdert,nicht gefoerdert,29,119
2017,2,221,14.05306464366447,,gefoerdert,nicht gefoerdert,29,119
2018,2,220,25.82154717955029,,gefoerdert,nicht gefoerdert,29,119
2016,,,,,gefoerdert,nicht gefoerdert,11,119
2017,,,,,gefoerdert,nicht gefoerdert,11,119
2018,,,,,gefoerdert,nicht gefoerdert,11,119
2016,,,,120,gefoerdert,nicht gefoerdert,24,119
2017,,,,192,gefoerdert,nicht gefoerdert,24,119
2018,,,,214,gefoerdert,nicht gefoerdert,24,119
2016,,,,,gefoerdert,nicht gefoerdert,14,119
2017,,,,,gefoerdert,nicht gefoerdert,14,119
2018,,,,,gefoerdert,nicht gefoerdert,14,119
2016,,,,,gefoerdert,nicht gefoerdert,34,119
2017,,,,,gefoerdert,nicht gefoerdert,34,119
2018,,,,,gefoerdert,nicht gefoerdert,34,119
2016,,,,,gefoerdert,in 3 Linien gefoerdert,50,95
2017,,,,,gefoerdert,in 3 Linien gefoerdert,50,95
2018,,,,,gefoerdert,in 3 Linien gefoerdert,50,95
2016,,,,,gefoerdert,in 3 Linien gefoerdert,18,95
2017,,,,1,gefoerdert,in 3 Linien gefoerdert,18,95
2018,,,,,gefoerdert,in 3 Linien gefoerdert,18,95
2016,,,,,gefoerdert,in 3 Linien gefoerdert,27,95
2017,,,,1,gefoerdert,in 3 Linien gefoerdert,27,95
2018,,,,,gefoerdert,in 3 Linien gefoerdert,27,95
2016,,39,,32,gefoerdert,in 3 Linien gefoerdert,36,95
2017,1,22,399.3238778613195,44,gefoerdert,in 3 Linien gefoerdert,36,95
2018,1,16,406.333278807038,46,gefoerdert,in 3 Linien gefoerdert,36,95
2016,,,,36,gefoerdert,in 3 Linien gefoerdert,23,95
2017,,,,58,gefoerdert,in 3 Linien gefoerdert,23,95
2018,,,,64,gefoerdert,in 3 Linien gefoerdert,23,95
2016,,,,31,gefoerdert,in 3 Linien gefoerdert,10,95
2017,,,,38,gefoerdert,in 3 Linien gefoerdert,10,95
2018,,,,33,gefoerdert,in 3 Linien gefoerdert,10,95
2016,,,,1,gefoerdert,in 3 Linien gefoerdert,3,95
2017,,,,1,gefoerdert,in 3 Linien gefoerdert,3,95
2018,,,,1,gefoerdert,in 3 Linien gefoerdert,3,95
2016,,,,8,gefoerdert,in 3 Linien gefoerdert,22,95
2017,,,,10,gefoerdert,in 3 Linien gefoerdert,22,95
2018,,,,7,gefoerdert,in 3 Linien gefoerdert,22,95
2016,,,,8,gefoerdert,in 3 Linien gefoerdert,5,95
2017,,,,10,gefoerdert,in 3 Linien gefoerdert,5,95
2018,,,,7,gefoerdert,in 3 Linien gefoerdert,5,95
2016,,,,8,gefoerdert,in 3 Linien gefoerdert,44,95
2017,,,,10,gefoerdert,in 3 Linien gefoerdert,44,95
2018,,,,7,gefoerdert,in 3 Linien gefoerdert,44,95
2016,,,,8,gefoerdert,in 3 Linien gefoerdert,45,95
2017,,,,10,gefoerdert,in 3 Linien gefoerdert,45,95
2018,,,,7,gefoerdert,in 3 Linien gefoerdert,45,95
2016,,,,8,gefoerdert,in 3 Linien gefoerdert,7,95
2017,,,,10,gefoerdert,in 3 Linien gefoerdert,7,95
2018,,,,7,gefoerdert,in 3 Linien gefoerdert,7,95
2016,,,,3,gefoerdert,in 3 Linien gefoerdert,28,95
2017,,,,,gefoerdert,in 3 Linien gefoerdert,28,95
2018,,,,5,gefoerdert,in 3 Linien gefoerdert,28,95
2016,,,,1639,gefoerdert,in 3 Linien gefoerdert,39,95
2017,,,,1893,gefoerdert,in 3 Linien gefoerdert,39,95
2018,,,,2025,gefoerdert,in 3 Linien gefoerdert,39,95
2016,15,58,4896.809895466077,198,gefoerdert,in 3 Linien gefoerdert,17,95
2017,11,66,3438.62219782079,277,gefoerdert,in 3 Linien gefoerdert,17,95
2018,13,76,4249.469914607829,279,gefoerdert,in 3 Linien gefoerdert,17,95
2016,,,,,gefoerdert,in 3 Linien gefoerdert,46,95
2017,,,,,gefoerdert,in 3 Linien gefoerdert,46,95
2018,,,,,gefoerdert,in 3 Linien gefoerdert,46,95
2016,14,1139,1815.206687407506,14,gefoerdert,in 3 Linien gefoerdert,49,95
2017,13,990,1136.097900082052,13,gefoerdert,in 3 Linien gefoerdert,49,95
2018,13,1024,1647.424519401351,25,gefoerdert,in 3 Linien gefoerdert,49,95
2016,,,,,gefoerdert,in 3 Linien gefoerdert,41,95
2017,,,,,gefoerdert,in 3 Linien gefoerdert,41,95
2018,,,,,gefoerdert,in 3 Linien gefoerdert,41,95
2016,7,,434.5344528923695,317,gefoerdert,in 3 Linien gefoerdert,38,95
2017,8,0,528.1711030024738,327,gefoerdert,in 3 Linien gefoerdert,38,95
2018,8,0,315.1343050447333,481,gefoerdert,in 3 Linien gefoerdert,38,95
2016,,17,,98,gefoerdert,in 3 Linien gefoerdert,48,95
2017,2,46,762.9707245110536,162,gefoerdert,in 3 Linien gefoerdert,48,95
2018,1,75,597.2770671754708,184,gefoerdert,in 3 Linien gefoerdert,48,95
2016,,,,9,gefoerdert,in 3 Linien gefoerdert,47,95
2017,,,,8,gefoerdert,in 3 Linien gefoerdert,47,95
2018,,,,6,gefoerdert,in 3 Linien gefoerdert,47,95
2016,,,,32,gefoerdert,in 3 Linien gefoerdert,42,95
2017,,,,30,gefoerdert,in 3 Linien gefoerdert,42,95
2018,,,,24,gefoerdert,in 3 Linien gefoerdert,42,95
2016,,,,14,gefoerdert,in 3 Linien gefoerdert,53,95
2017,,,,14,gefoerdert,in 3 Linien gefoerdert,53,95
2018,,,,31,gefoerdert,in 3 Linien gefoerdert,53,95
2016,34,3779,4154.933822575953,1131,gefoerdert,in 3 Linien gefoerdert,56,95
2017,35,4123,4862.436473931984,1407,gefoerdert,in 3 Linien gefoerdert,56,95
2018,39,4551,18068.74498699734,1636,gefoerdert,in 3 Linien gefoerdert,56,95
2016,,582,,,gefoerdert,in 3 Linien gefoerdert,54,95
2017,,360,,,gefoerdert,in 3 Linien gefoerdert,54,95
2018,,199,,,gefoerdert,in 3 Linien gefoerdert,54,95
2016,1,0,,,gefoerdert,in 3 Linien gefoerdert,33,95
2017,1,0,,,gefoerdert,in 3 Linien gefoerdert,33,95
2018,1,,,,gefoerdert,in 3 Linien gefoerdert,33,95
2016,36,1287,3805.984127391464,2212,gefoerdert,in 3 Linien gefoerdert,32,95
2017,34,1363,3588.717307670581,2527,gefoerdert,in 3 Linien gefoerdert,32,95
2018,36,1335,4656.12936719689,2932,gefoerdert,in 3 Linien gefoerdert,32,95
2016,39,4424,21840.42204794299,1676,gefoerdert,in 3 Linien gefoerdert,25,95
2017,40,4992,16578.88444809329,2125,gefoerdert,in 3 Linien gefoerdert,25,95
2018,40,5524,25216.64196780152,3158,gefoerdert,in 3 Linien gefoerdert,25,95
2016,36,1480,21129.68458873186,35729,gefoerdert,in 3 Linien gefoerdert,37,95
2017,39,1565,25796.87678500489,38071,gefoerdert,in 3 Linien gefoerdert,37,95
2018,40,1584,25635.39930304457,42483,gefoerdert,in 3 Linien gefoerdert,37,95
2016,38,1269,19150.21422400602,24650,gefoerdert,in 3 Linien gefoerdert,13,95
2017,38,1254,21935.55223417371,25231,gefoerdert,in 3 Linien gefoerdert,13,95
2018,37,1233,21667.93440288738,27478,gefoerdert,in 3 Linien gefoerdert,13,95
2016,,,,1045,gefoerdert,in 3 Linien gefoerdert,35,95
2017,,,8549.583106346443,1199,gefoerdert,in 3 Linien gefoerdert,35,95
2018,,,,1359,gefoerdert,in 3 Linien gefoerdert,35,95
2016,19,859,7522.300904347379,29071,gefoerdert,in 3 Linien gefoerdert,12,95
2017,20,782,1808.60480655323,31418,gefoerdert,in 3 Linien gefoerdert,12,95
2018,21,889,8403.52223334054,34260,gefoerdert,in 3 Linien gefoerdert,12,95
2016,3,361,832.1992386916594,6463,gefoerdert,in 3 Linien gefoerdert,21,95
2017,3,325,0,7173,gefoerdert,in 3 Linien gefoerdert,21,95
2018,3,307,1176.531593166325,9188,gefoerdert,in 3 Linien gefoerdert,21,95
2016,,,,189,gefoerdert,in 3 Linien gefoerdert,20,95
2017,,,,259,gefoerdert,in 3 Linien gefoerdert,20,95
2018,,,,216,gefoerdert,in 3 Linien gefoerdert,20,95
2016,1,,2687.259723596758,,gefoerdert,in 3 Linien gefoerdert,1,95
2017,1,,2471.382385236082,,gefoerdert,in 3 Linien gefoerdert,1,95
2018,8,,3677.141823527053,,gefoerdert,in 3 Linien gefoerdert,1,95
2016,6,827,3310.751461867618,,gefoerdert,in 3 Linien gefoerdert,30,95
2017,6,833,3494.764043296338,,gefoerdert,in 3 Linien gefoerdert,30,95
2018,6,801,4376.961028045761,,gefoerdert,in 3 Linien gefoerdert,30,95
2016,25,1690,12518.67834810673,4965,gefoerdert,in 3 Linien gefoerdert,2,95
2017,24,1589,12194.66115959548,4989,gefoerdert,in 3 Linien gefoerdert,2,95
2018,25,1352,10926.7776009337,5787,gefoerdert,in 3 Linien gefoerdert,2,95
2016,13,513,2658.823933037904,1229,gefoerdert,in 3 Linien gefoerdert,19,95
2017,13,572,2494.700830382435,1424,gefoerdert,in 3 Linien gefoerdert,19,95
2018,9,608,3245.145134509864,1545,gefoerdert,in 3 Linien gefoerdert,19,95
2016,4,532,2868.224301824574,1975,gefoerdert,in 3 Linien gefoerdert,16,95
2017,4,491,3836.41282565006,2206,gefoerdert,in 3 Linien gefoerdert,16,95
2018,3,450,3780.88274687225,2430,gefoerdert,in 3 Linien gefoerdert,16,95
2016,0,691,8727.681818188541,,gefoerdert,in 3 Linien gefoerdert,26,95
2017,0,739,3886.960880026416,,gefoerdert,in 3 Linien gefoerdert,26,95
2018,0,790,3964.073175475796,,gefoerdert,in 3 Linien gefoerdert,26,95
2016,,,,249,gefoerdert,in 3 Linien gefoerdert,55,95
2017,,,,279,gefoerdert,in 3 Linien gefoerdert,55,95
2018,,,,422,gefoerdert,in 3 Linien gefoerdert,55,95
2016,,,,82,gefoerdert,in 3 Linien gefoerdert,9,95
2017,,,,69,gefoerdert,in 3 Linien gefoerdert,9,95
2018,,,,56,gefoerdert,in 3 Linien gefoerdert,9,95
2016,39,4634,50577.61580160709,9285,gefoerdert,in 3 Linien gefoerdert,31,95
2017,39,4404,48560.06618460143,11457,gefoerdert,in 3 Linien gefoerdert,31,95
2018,40,4025,44822.72719202979,13524,gefoerdert,in 3 Linien gefoerdert,31,95
2016,45,3440,14017.11803025692,1823,gefoerdert,in 3 Linien gefoerdert,15,95
2017,42,3599,16557.54660214339,2270,gefoerdert,in 3 Linien gefoerdert,15,95
2018,41,3629,16275.26064876941,3131,gefoerdert,in 3 Linien gefoerdert,15,95
2016,,654,,291,gefoerdert,in 3 Linien gefoerdert,51,95
2017,,636,,408,gefoerdert,in 3 Linien gefoerdert,51,95
2018,,558,,525,gefoerdert,in 3 Linien gefoerdert,51,95
2016,31,1283,2923.616490775261,,gefoerdert,in 3 Linien gefoerdert,6,95
2017,32,1261,3910.690544651809,1,gefoerdert,in 3 Linien gefoerdert,6,95
2018,30,1221,4286.287020208229,2,gefoerdert,in 3 Linien gefoerdert,6,95
2016,,,,116,gefoerdert,in 3 Linien gefoerdert,40,95
2017,,,,113,gefoerdert,in 3 Linien gefoerdert,40,95
2018,,,,178,gefoerdert,in 3 Linien gefoerdert,40,95
2016,27,2877,11826.48739290958,374,gefoerdert,in 3 Linien gefoerdert,8,95
2017,25,2844,12549.09437806158,450,gefoerdert,in 3 Linien gefoerdert,8,95
2018,25,2892,14541.78307217504,534,gefoerdert,in 3 Linien gefoerdert,8,95
2016,8,410,3372.119185835897,,gefoerdert,in 3 Linien gefoerdert,52,95
2017,8,409,5093.06783541972,,gefoerdert,in 3 Linien gefoerdert,52,95
2018,8,385,3761.458651151599,,gefoerdert,in 3 Linien gefoerdert,52,95
2016,,43,,,gefoerdert,in 3 Linien gefoerdert,29,95
2017,,31,,1,gefoerdert,in 3 Linien gefoerdert,29,95
2018,,20,,4,gefoerdert,in 3 Linien gefoerdert,29,95
2016,,,,,gefoerdert,in 3 Linien gefoerdert,11,95
2017,,,,1,gefoerdert,in 3 Linien gefoerdert,11,95
2018,,,,4,gefoerdert,in 3 Linien gefoerdert,11,95
2016,,,,213,gefoerdert,in 3 Linien gefoerdert,24,95
2017,,,,307,gefoerdert,in 3 Linien gefoerdert,24,95
2018,,,,370,gefoerdert,in 3 Linien gefoerdert,24,95
2016,,,,3,gefoerdert,in 3 Linien gefoerdert,34,95
2017,,,,2,gefoerdert,in 3 Linien gefoerdert,34,95
2018,,,,3,gefoerdert,in 3 Linien gefoerdert,34,95
2016,,655,,,gefoerdert,nicht gefoerdert,50,85
2017,,625,,,gefoerdert,nicht gefoerdert,50,85
2018,,629,,,gefoerdert,nicht gefoerdert,50,85
2016,,,,1,gefoerdert,nicht gefoerdert,18,85
2017,,,,1,gefoerdert,nicht gefoerdert,18,85
2018,,,,,gefoerdert,nicht gefoerdert,18,85
2016,,,,1,gefoerdert,nicht gefoerdert,27,85
2017,,,,1,gefoerdert,nicht gefoerdert,27,85
2018,,,,,gefoerdert,nicht gefoerdert,27,85
2016,4,64,350.3463716439554,13,gefoerdert,nicht gefoerdert,36,85
2017,6,52,239.6120732608492,26,gefoerdert,nicht gefoerdert,36,85
2018,5,58,583.8769574983443,23,gefoerdert,nicht gefoerdert,36,85
2016,10,482,1971.218911703301,21,gefoerdert,nicht gefoerdert,23,85
2017,12,515,1848.31384363997,24,gefoerdert,nicht gefoerdert,23,85
2018,12,549,2460.848730391053,31,gefoerdert,nicht gefoerdert,23,85
2016,,,,10,gefoerdert,nicht gefoerdert,10,85
2017,,,,15,gefoerdert,nicht gefoerdert,10,85
2018,,,,24,gefoerdert,nicht gefoerdert,10,85
2016,7,527,-870.297962883547,,gefoerdert,nicht gefoerdert,3,85
2017,6,526,712.2836238958591,,gefoerdert,nicht gefoerdert,3,85
2018,6,504,654.7269269183181,1,gefoerdert,nicht gefoerdert,3,85
2016,,,,,gefoerdert,nicht gefoerdert,4,85
2017,,,,,gefoerdert,nicht gefoerdert,4,85
2018,,,,,gefoerdert,nicht gefoerdert,4,85
2016,,6,,14,gefoerdert,nicht gefoerdert,22,85
2017,,4,,14,gefoerdert,nicht gefoerdert,22,85
2018,,4,,6,gefoerdert,nicht gefoerdert,22,85
2016,,1,,14,gefoerdert,nicht gefoerdert,5,85
2017,,1,,14,gefoerdert,nicht gefoerdert,5,85
2018,,0,,6,gefoerdert,nicht gefoerdert,5,85
2016,,,,14,gefoerdert,nicht gefoerdert,44,85
2017,,,,14,gefoerdert,nicht gefoerdert,44,85
2018,,,,6,gefoerdert,nicht gefoerdert,44,85
2016,,,,14,gefoerdert,nicht gefoerdert,45,85
2017,,,,14,gefoerdert,nicht gefoerdert,45,85
2018,,,,6,gefoerdert,nicht gefoerdert,45,85
2016,,,,14,gefoerdert,nicht gefoerdert,7,85
2017,,,,14,gefoerdert,nicht gefoerdert,7,85
2018,,,,6,gefoerdert,nicht gefoerdert,7,85
2016,,,,3,gefoerdert,nicht gefoerdert,28,85
2017,,,,2,gefoerdert,nicht gefoerdert,28,85
2018,,,,3,gefoerdert,nicht gefoerdert,28,85
2016,,14,,552,gefoerdert,nicht gefoerdert,39,85
2017,,4,,623,gefoerdert,nicht gefoerdert,39,85
2018,,1,,706,gefoerdert,nicht gefoerdert,39,85
2016,4,111,259.8668387731371,46,gefoerdert,nicht gefoerdert,17,85
2017,4,97,204.5086915472694,74,gefoerdert,nicht gefoerdert,17,85
2018,4,103,390.7010698517955,59,gefoerdert,nicht gefoerdert,17,85
2016,,,,,gefoerdert,nicht gefoerdert,46,85
2017,,,,,gefoerdert,nicht gefoerdert,46,85
2018,,,,,gefoerdert,nicht gefoerdert,46,85
2016,,,,25,gefoerdert,nicht gefoerdert,49,85
2017,,,,9,gefoerdert,nicht gefoerdert,49,85
2018,,,,28,gefoerdert,nicht gefoerdert,49,85
2016,,19,,,gefoerdert,nicht gefoerdert,41,85
2017,,26,,,gefoerdert,nicht gefoerdert,41,85
2018,,43,,,gefoerdert,nicht gefoerdert,41,85
2016,,,,217,gefoerdert,nicht gefoerdert,38,85
2017,,,,266,gefoerdert,nicht gefoerdert,38,85
2018,,,,295,gefoerdert,nicht gefoerdert,38,85
2016,8,407,1161.479473914869,130,gefoerdert,nicht gefoerdert,48,85
2017,7,451,1178.374210977783,214,gefoerdert,nicht gefoerdert,48,85
2018,9,443,2784.928681859576,207,gefoerdert,nicht gefoerdert,48,85
2016,,,,2,gefoerdert,nicht gefoerdert,47,85
2017,,,,1,gefoerdert,nicht gefoerdert,47,85
2018,,,,3,gefoerdert,nicht gefoerdert,47,85
2016,,,,9,gefoerdert,nicht gefoerdert,42,85
2017,,,,9,gefoerdert,nicht gefoerdert,42,85
2018,,,,10,gefoerdert,nicht gefoerdert,42,85
2016,,,,10,gefoerdert,nicht gefoerdert,53,85
2017,,,,19,gefoerdert,nicht gefoerdert,53,85
2018,,,,16,gefoerdert,nicht gefoerdert,53,85
2016,9,1189,1903.111747158537,1130,gefoerdert,nicht gefoerdert,56,85
2017,9,1251,1544.473017989439,1130,gefoerdert,nicht gefoerdert,56,85
2018,11,1294,2237.828133653196,1518,gefoerdert,nicht gefoerdert,56,85
2016,,,,,gefoerdert,nicht gefoerdert,54,85
2017,,,,,gefoerdert,nicht gefoerdert,54,85
2018,,,,,gefoerdert,nicht gefoerdert,54,85
2016,,148,,,gefoerdert,nicht gefoerdert,33,85
2017,,171,,,gefoerdert,nicht gefoerdert,33,85
2018,,172,,,gefoerdert,nicht gefoerdert,33,85
2016,30,2314,5685.737367910399,1526,gefoerdert,nicht gefoerdert,32,85
2017,31,2174,5859.9642428988,1659,gefoerdert,nicht gefoerdert,32,85
2018,33,2163,6405.766120578628,1761,gefoerdert,nicht gefoerdert,32,85
2016,25,3455,20289.99905283116,1370,gefoerdert,nicht gefoerdert,25,85
2017,31,4003,18020.00657458631,1509,gefoerdert,nicht gefoerdert,25,85
2018,31,3967,24516.54611614029,1854,gefoerdert,nicht gefoerdert,25,85
2016,28,1706,9737.803879332521,12038,gefoerdert,nicht gefoerdert,37,85
2017,31,1796,8128.83834568495,13161,gefoerdert,nicht gefoerdert,37,85
2018,32,1777,6837.072837142843,14441,gefoerdert,nicht gefoerdert,37,85
2016,24,879,11091.96690879335,13002,gefoerdert,nicht gefoerdert,13,85
2017,23,911,11076.74726872553,14118,gefoerdert,nicht gefoerdert,13,85
2018,23,986,12199.45625210747,14668,gefoerdert,nicht gefoerdert,13,85
2016,,,,255,gefoerdert,nicht gefoerdert,35,85
2017,,,,272,gefoerdert,nicht gefoerdert,35,85
2018,,,,341,gefoerdert,nicht gefoerdert,35,85
2016,1,3,,4930,gefoerdert,nicht gefoerdert,12,85
2017,,3,,5120,gefoerdert,nicht gefoerdert,12,85
2018,,3,,5388,gefoerdert,nicht gefoerdert,12,85
2016,,5,,3438,gefoerdert,nicht gefoerdert,21,85
2017,,5,,3847,gefoerdert,nicht gefoerdert,21,85
2018,,5,,5154,gefoerdert,nicht gefoerdert,21,85
2016,,1,,72,gefoerdert,nicht gefoerdert,20,85
2017,,1,,78,gefoerdert,nicht gefoerdert,20,85
2018,,1,,74,gefoerdert,nicht gefoerdert,20,85
2016,,,,,gefoerdert,nicht gefoerdert,1,85
2017,,,,,gefoerdert,nicht gefoerdert,1,85
2018,,,,,gefoerdert,nicht gefoerdert,1,85
2016,,,,,gefoerdert,nicht gefoerdert,30,85
2017,,,,,gefoerdert,nicht gefoerdert,30,85
2018,,,,,gefoerdert,nicht gefoerdert,30,85
2016,,,,1360,gefoerdert,nicht gefoerdert,2,85
2017,,,,1503,gefoerdert,nicht gefoerdert,2,85
2018,,,,1606,gefoerdert,nicht gefoerdert,2,85
2016,,,,100,gefoerdert,nicht gefoerdert,19,85
2017,,,,134,gefoerdert,nicht gefoerdert,19,85
2018,,,,220,gefoerdert,nicht gefoerdert,19,85
2016,,,,180,gefoerdert,nicht gefoerdert,16,85
2017,,,,156,gefoerdert,nicht gefoerdert,16,85
2018,,,,215,gefoerdert,nicht gefoerdert,16,85
2016,19,738,2441.76359531268,,gefoerdert,nicht gefoerdert,26,85
2017,17,749,3972.348449353269,,gefoerdert,nicht gefoerdert,26,85
2018,22,860,4205.469636334841,,gefoerdert,nicht gefoerdert,26,85
2016,13,2653,3997.556774898045,126,gefoerdert,nicht gefoerdert,55,85
2017,13,2698,3061.840842419611,100,gefoerdert,nicht gefoerdert,55,85
2018,17,2767,3936.393542901274,128,gefoerdert,nicht gefoerdert,55,85
2016,,,,58,gefoerdert,nicht gefoerdert,9,85
2017,,,,66,gefoerdert,nicht gefoerdert,9,85
2018,,,,94,gefoerdert,nicht gefoerdert,9,85
2016,54,6513,30730.97066808627,7788,gefoerdert,nicht gefoerdert,31,85
2017,55,6618,33636.15050067953,8756,gefoerdert,nicht gefoerdert,31,85
2018,58,6612,30575.10712902683,9788,gefoerdert,nicht gefoerdert,31,85
2016,32,2278,14891.62793038919,1295,gefoerdert,nicht gefoerdert,15,85
2017,35,2214,14568.87311904688,1488,gefoerdert,nicht gefoerdert,15,85
2018,34,2416,18238.72611786047,2025,gefoerdert,nicht gefoerdert,15,85
2016,16,2189,9467.307887441728,114,gefoerdert,nicht gefoerdert,51,85
2017,14,2124,10757.09593640732,169,gefoerdert,nicht gefoerdert,51,85
2018,15,2107,9686.508568371391,286,gefoerdert,nicht gefoerdert,51,85
2016,22,1407,2579.896724230392,,gefoerdert,nicht gefoerdert,6,85
2017,24,1409,2102.477636293026,,gefoerdert,nicht gefoerdert,6,85
2018,21,1429,3177.852746424527,5,gefoerdert,nicht gefoerdert,6,85
2016,22,1578,4168.632975857049,95,gefoerdert,nicht gefoerdert,40,85
2017,24,1586,4457.683482625423,141,gefoerdert,nicht gefoerdert,40,85
2018,26,1596,8419.137330101399,187,gefoerdert,nicht gefoerdert,40,85
2016,13,1064,4755.032388057018,149,gefoerdert,nicht gefoerdert,8,85
2017,12,1055,4425.271525142722,159,gefoerdert,nicht gefoerdert,8,85
2018,13,1118,4861.994769679489,239,gefoerdert,nicht gefoerdert,8,85
2016,6,145,1075.958081383166,,gefoerdert,nicht gefoerdert,52,85
2017,6,175,906.4986079060532,,gefoerdert,nicht gefoerdert,52,85
2018,6,190,814.4179797397383,,gefoerdert,nicht gefoerdert,52,85
2016,,,,1,gefoerdert,nicht gefoerdert,29,85
2017,,,,,gefoerdert,nicht gefoerdert,29,85
2018,,,,2,gefoerdert,nicht gefoerdert,29,85
2016,,,,1,gefoerdert,nicht gefoerdert,11,85
2017,,,,,gefoerdert,nicht gefoerdert,11,85
2018,,,,2,gefoerdert,nicht gefoerdert,11,85
2016,,,,92,gefoerdert,nicht gefoerdert,24,85
2017,,,,96,gefoerdert,nicht gefoerdert,24,85
2018,,,,137,gefoerdert,nicht gefoerdert,24,85
2016,,,,,gefoerdert,nicht gefoerdert,14,85
2017,,,,,gefoerdert,nicht gefoerdert,14,85
2018,,,,,gefoerdert,nicht gefoerdert,14,85
2016,,,,2,gefoerdert,nicht gefoerdert,34,85
2017,,,,4,gefoerdert,nicht gefoerdert,34,85
2018,,,,5,gefoerdert,nicht gefoerdert,34,85
2016,,,,,nicht gefoerdert,nicht gefoerdert,50,105
2017,,111,,,nicht gefoerdert,nicht gefoerdert,50,105
2018,,119,,,nicht gefoerdert,nicht gefoerdert,50,105
2016,1,,0,,nicht gefoerdert,nicht gefoerdert,18,105
2017,1,,0,1,nicht gefoerdert,nicht gefoerdert,18,105
2018,1,,0,,nicht gefoerdert,nicht gefoerdert,18,105
2016,1,,0,,nicht gefoerdert,nicht gefoerdert,27,105
2017,1,,0,1,nicht gefoerdert,nicht gefoerdert,27,105
2018,1,,0,,nicht gefoerdert,nicht gefoerdert,27,105
2016,,,,2,nicht gefoerdert,nicht gefoerdert,36,105
2017,,,,8,nicht gefoerdert,nicht gefoerdert,36,105
2018,,,,17,nicht gefoerdert,nicht gefoerdert,36,105
2016,,,,157,nicht gefoerdert,nicht gefoerdert,23,105
2017,,,,164,nicht gefoerdert,nicht gefoerdert,23,105
2018,,,,171,nicht gefoerdert,nicht gefoerdert,23,105
2016,,,,31,nicht gefoerdert,nicht gefoerdert,10,105
2017,,,,32,nicht gefoerdert,nicht gefoerdert,10,105
2018,,,,52,nicht gefoerdert,nicht gefoerdert,10,105
2016,,,,,nicht gefoerdert,nicht gefoerdert,3,105
2017,,,,,nicht gefoerdert,nicht gefoerdert,3,105
2018,,,,1,nicht gefoerdert,nicht gefoerdert,3,105
2016,,,,,nicht gefoerdert,nicht gefoerdert,22,105
2017,,,,,nicht gefoerdert,nicht gefoerdert,22,105
2018,,,,1,nicht gefoerdert,nicht gefoerdert,22,105
2016,,,,,nicht gefoerdert,nicht gefoerdert,5,105
2017,,,,,nicht gefoerdert,nicht gefoerdert,5,105
2018,,,,1,nicht gefoerdert,nicht gefoerdert,5,105
2016,,,,,nicht gefoerdert,nicht gefoerdert,44,105
2017,,,,,nicht gefoerdert,nicht gefoerdert,44,105
2018,,,,1,nicht gefoerdert,nicht gefoerdert,44,105
2016,,,,,nicht gefoerdert,nicht gefoerdert,45,105
2017,,,,,nicht gefoerdert,nicht gefoerdert,45,105
2018,,,,1,nicht gefoerdert,nicht gefoerdert,45,105
2016,,,,,nicht gefoerdert,nicht gefoerdert,7,105
2017,,,,,nicht gefoerdert,nicht gefoerdert,7,105
2018,,,,1,nicht gefoerdert,nicht gefoerdert,7,105
2016,,,,1,nicht gefoerdert,nicht gefoerdert,28,105
2017,,,,2,nicht gefoerdert,nicht gefoerdert,28,105
2018,,,,2,nicht gefoerdert,nicht gefoerdert,28,105
2016,,,,162,nicht gefoerdert,nicht gefoerdert,39,105
2017,,,,153,nicht gefoerdert,nicht gefoerdert,39,105
2018,,,,202,nicht gefoerdert,nicht gefoerdert,39,105
2016,,,,45,nicht gefoerdert,nicht gefoerdert,17,105
2017,,,,48,nicht gefoerdert,nicht gefoerdert,17,105
2018,,,,53,nicht gefoerdert,nicht gefoerdert,17,105
2016,,,,5,nicht gefoerdert,nicht gefoerdert,49,105
2017,,,,12,nicht gefoerdert,nicht gefoerdert,49,105
2018,,,,10,nicht gefoerdert,nicht gefoerdert,49,105
2016,6,540,619.5688939828625,,nicht gefoerdert,nicht gefoerdert,41,105
2017,6,474,434.1372308990076,,nicht gefoerdert,nicht gefoerdert,41,105
2018,6,487,195.2993217479991,,nicht gefoerdert,nicht gefoerdert,41,105
2016,,,,104,nicht gefoerdert,nicht gefoerdert,38,105
2017,,,,113,nicht gefoerdert,nicht gefoerdert,38,105
2018,,,,177,nicht gefoerdert,nicht gefoerdert,38,105
2016,4,,214.3445005913208,24,nicht gefoerdert,nicht gefoerdert,48,105
2017,4,,168.7712673608628,47,nicht gefoerdert,nicht gefoerdert,48,105
2018,4,,165.0134800303573,32,nicht gefoerdert,nicht gefoerdert,48,105
2016,,,,1,nicht gefoerdert,nicht gefoerdert,47,105
2017,,,,2,nicht gefoerdert,nicht gefoerdert,47,105
2018,,,,2,nicht gefoerdert,nicht gefoerdert,47,105
2016,2,,0,9,nicht gefoerdert,nicht gefoerdert,42,105
2017,2,,0,10,nicht gefoerdert,nicht gefoerdert,42,105
2018,2,,0,13,nicht gefoerdert,nicht gefoerdert,42,105
2016,,,,10,nicht gefoerdert,nicht gefoerdert,53,105
2017,,,,10,nicht gefoerdert,nicht gefoerdert,53,105
2018,,,,13,nicht gefoerdert,nicht gefoerdert,53,105
2016,30,4374,1345.63504285328,347,nicht gefoerdert,nicht gefoerdert,56,105
2017,32,4197,1557.617522434359,464,nicht gefoerdert,nicht gefoerdert,56,105
2018,29,3918,1210.676892878474,459,nicht gefoerdert,nicht gefoerdert,56,105
2016,,0,0,,nicht gefoerdert,nicht gefoerdert,33,105
2017,,0,0,,nicht gefoerdert,nicht gefoerdert,33,105
2018,,0,0,,nicht gefoerdert,nicht gefoerdert,33,105
2016,1,,47.188082217295,56,nicht gefoerdert,nicht gefoerdert,32,105
2017,1,,40.57639384336222,49,nicht gefoerdert,nicht gefoerdert,32,105
2018,1,,5.688198649894716,55,nicht gefoerdert,nicht gefoerdert,32,105
2016,,,,50,nicht gefoerdert,nicht gefoerdert,25,105
2017,,,,41,nicht gefoerdert,nicht gefoerdert,25,105
2018,,,,40,nicht gefoerdert,nicht gefoerdert,25,105
2016,1,25,869.3836289647086,359,nicht gefoerdert,nicht gefoerdert,37,105
2017,1,30,1237.390683876205,445,nicht gefoerdert,nicht gefoerdert,37,105
2018,2,17,711.3276488617256,511,nicht gefoerdert,nicht gefoerdert,37,105
2016,4,66,208.5484197307438,1505,nicht gefoerdert,nicht gefoerdert,13,105
2017,3,55,207.9707195269102,1559,nicht gefoerdert,nicht gefoerdert,13,105
2018,4,47,234.5883304466674,1675,nicht gefoerdert,nicht gefoerdert,13,105
2016,,,,178,nicht gefoerdert,nicht gefoerdert,35,105
2017,,,,185,nicht gefoerdert,nicht gefoerdert,35,105
2018,,,,290,nicht gefoerdert,nicht gefoerdert,35,105
2016,14,550,1070.045627392979,7964,nicht gefoerdert,nicht gefoerdert,12,105
2017,14,492,1366.986245823256,8411,nicht gefoerdert,nicht gefoerdert,12,105
2018,14,472,1414.845555471946,9024,nicht gefoerdert,nicht gefoerdert,12,105
2016,,,,2846,nicht gefoerdert,nicht gefoerdert,21,105
2017,,,,3200,nicht gefoerdert,nicht gefoerdert,21,105
2018,,,,3880,nicht gefoerdert,nicht gefoerdert,21,105
2016,,,,93,nicht gefoerdert,nicht gefoerdert,20,105
2017,,,,109,nicht gefoerdert,nicht gefoerdert,20,105
2018,,,,103,nicht gefoerdert,nicht gefoerdert,20,105
2016,0,,201.8212259663362,,nicht gefoerdert,nicht gefoerdert,1,105
2017,0,,825.2213905881266,,nicht gefoerdert,nicht gefoerdert,1,105
2018,,,2690.606924586239,,nicht gefoerdert,nicht gefoerdert,1,105
2016,,,,,nicht gefoerdert,nicht gefoerdert,30,105
2017,,,,,nicht gefoerdert,nicht gefoerdert,30,105
2018,,,,,nicht gefoerdert,nicht gefoerdert,30,105
2016,57,2783,13261.89333001095,4827,nicht gefoerdert,nicht gefoerdert,2,105
2017,54,2769,16185.5343652088,5283,nicht gefoerdert,nicht gefoerdert,2,105
2018,59,2715,14721.26805253352,5387,nicht gefoerdert,nicht gefoerdert,2,105
2016,,,,183,nicht gefoerdert,nicht gefoerdert,19,105
2017,,,,175,nicht gefoerdert,nicht gefoerdert,19,105
2018,,,,241,nicht gefoerdert,nicht gefoerdert,19,105
2016,8,607,1496.027941032178,1395,nicht gefoerdert,nicht gefoerdert,16,105
2017,7,591,1592.115285183373,1767,nicht gefoerdert,nicht gefoerdert,16,105
2018,8,578,1273.088027516289,1837,nicht gefoerdert,nicht gefoerdert,16,105
2016,,,,,nicht gefoerdert,nicht gefoerdert,26,105
2017,,,,,nicht gefoerdert,nicht gefoerdert,26,105
2018,,,,,nicht gefoerdert,nicht gefoerdert,26,105
2016,,,,10,nicht gefoerdert,nicht gefoerdert,55,105
2017,,,,9,nicht gefoerdert,nicht gefoerdert,55,105
2018,,,,11,nicht gefoerdert,nicht gefoerdert,55,105
2016,,,,4,nicht gefoerdert,nicht gefoerdert,9,105
2017,,,,4,nicht gefoerdert,nicht gefoerdert,9,105
2018,,,,,nicht gefoerdert,nicht gefoerdert,9,105
2016,,,,811,nicht gefoerdert,nicht gefoerdert,31,105
2017,,,,837,nicht gefoerdert,nicht gefoerdert,31,105
2018,,,,1035,nicht gefoerdert,nicht gefoerdert,31,105
2016,,,,31,nicht gefoerdert,nicht gefoerdert,15,105
2017,,,,29,nicht gefoerdert,nicht gefoerdert,15,105
2018,,,,41,nicht gefoerdert,nicht gefoerdert,15,105
2016,,,,8,nicht gefoerdert,nicht gefoerdert,51,105
2017,,,,15,nicht gefoerdert,nicht gefoerdert,51,105
2018,,,,2,nicht gefoerdert,nicht gefoerdert,51,105
2016,,,,,nicht gefoerdert,nicht gefoerdert,6,105
2017,,,,,nicht gefoerdert,nicht gefoerdert,6,105
2018,,,,,nicht gefoerdert,nicht gefoerdert,6,105
2016,,,,46,nicht gefoerdert,nicht gefoerdert,40,105
2017,,,,73,nicht gefoerdert,nicht gefoerdert,40,105
2018,,,,75,nicht gefoerdert,nicht gefoerdert,40,105
2016,,,,6,nicht gefoerdert,nicht gefoerdert,8,105
2017,,,,13,nicht gefoerdert,nicht gefoerdert,8,105
2018,,,,16,nicht gefoerdert,nicht gefoerdert,8,105
2016,,,,1,nicht gefoerdert,nicht gefoerdert,24,105
2017,,,,3,nicht gefoerdert,nicht gefoerdert,24,105
2018,,,,1,nicht gefoerdert,nicht gefoerdert,24,105
2016,,,,,nicht gefoerdert,nicht gefoerdert,34,105
2017,,,,,nicht gefoerdert,nicht gefoerdert,34,105
2018,,,,,nicht gefoerdert,nicht gefoerdert,34,105
2016,5,1186,351.3835999067238,,gefoerdert,nicht gefoerdert,50,111
2017,4,1109,313.6916653327179,,gefoerdert,nicht gefoerdert,50,111
2018,4,1028,286.8496576746016,,gefoerdert,nicht gefoerdert,50,111
2016,,,0,1,gefoerdert,nicht gefoerdert,18,111
2017,,,0,6,gefoerdert,nicht gefoerdert,18,111
2018,,,0,2,gefoerdert,nicht gefoerdert,18,111
2016,,,,1,gefoerdert,nicht gefoerdert,27,111
2017,,,,6,gefoerdert,nicht gefoerdert,27,111
2018,,,,2,gefoerdert,nicht gefoerdert,27,111
2016,3,31,0,21,gefoerdert,nicht gefoerdert,36,111
2017,3,31,64.64318277584432,40,gefoerdert,nicht gefoerdert,36,111
2018,3,24,.355849396572182,41,gefoerdert,nicht gefoerdert,36,111
2016,7,188,336.5400374460266,15,gefoerdert,nicht gefoerdert,23,111
2017,7,192,354.3010128554756,20,gefoerdert,nicht gefoerdert,23,111
2018,7,182,224.6811514659468,28,gefoerdert,nicht gefoerdert,23,111
2016,,,,87,gefoerdert,nicht gefoerdert,10,111
2017,,,,111,gefoerdert,nicht gefoerdert,10,111
2018,,,,134,gefoerdert,nicht gefoerdert,10,111
2016,,,,1,gefoerdert,nicht gefoerdert,3,111
2017,,,,,gefoerdert,nicht gefoerdert,3,111
2018,,,,,gefoerdert,nicht gefoerdert,3,111
2016,,,,,gefoerdert,nicht gefoerdert,4,111
2017,,,,,gefoerdert,nicht gefoerdert,4,111
2018,,,,,gefoerdert,nicht gefoerdert,4,111
2016,5,393,124.3063360081934,26,gefoerdert,nicht gefoerdert,22,111
2017,5,378,145.692593213713,39,gefoerdert,nicht gefoerdert,22,111
2018,5,349,197.9061753407463,33,gefoerdert,nicht gefoerdert,22,111
2016,5,325,400.4022466547496,26,gefoerdert,nicht gefoerdert,5,111
2017,5,323,264.634030279501,39,gefoerdert,nicht gefoerdert,5,111
2018,6,289,297.7066594253935,33,gefoerdert,nicht gefoerdert,5,111
2016,5,200,6.791434030005726,26,gefoerdert,nicht gefoerdert,44,111
2017,6,193,45.21500289591846,39,gefoerdert,nicht gefoerdert,44,111
2018,6,171,68.56211153732635,33,gefoerdert,nicht gefoerdert,44,111
2016,0,2,0,26,gefoerdert,nicht gefoerdert,45,111
2017,0,2,0,39,gefoerdert,nicht gefoerdert,45,111
2018,0,2,0,33,gefoerdert,nicht gefoerdert,45,111
2016,,,,26,gefoerdert,nicht gefoerdert,7,111
2017,,,,39,gefoerdert,nicht gefoerdert,7,111
2018,,,,33,gefoerdert,nicht gefoerdert,7,111
2016,,,,5,gefoerdert,nicht gefoerdert,28,111
2017,,,,8,gefoerdert,nicht gefoerdert,28,111
2018,,,,12,gefoerdert,nicht gefoerdert,28,111
2016,11,616,1027.207585831364,1720,gefoerdert,nicht gefoerdert,39,111
2017,13,658,1466.820663523625,2256,gefoerdert,nicht gefoerdert,39,111
2018,13,657,1369.49089089103,2526,gefoerdert,nicht gefoerdert,39,111
2016,2,1,139.888273260611,310,gefoerdert,nicht gefoerdert,17,111
2017,2,,76.41353763659883,303,gefoerdert,nicht gefoerdert,17,111
2018,2,,,326,gefoerdert,nicht gefoerdert,17,111
2016,,,,64,gefoerdert,nicht gefoerdert,49,111
2017,,,,65,gefoerdert,nicht gefoerdert,49,111
2018,,,,76,gefoerdert,nicht gefoerdert,49,111
2016,0,274,364.418072380141,,gefoerdert,nicht gefoerdert,41,111
2017,1,254,356.7978142333762,,gefoerdert,nicht gefoerdert,41,111
2018,0,250,395.6901520626351,,gefoerdert,nicht gefoerdert,41,111
2016,,,,,gefoerdert,nicht gefoerdert,43,111
2017,,,,,gefoerdert,nicht gefoerdert,43,111
2018,,,,,gefoerdert,nicht gefoerdert,43,111
2016,10,462,2735.596839514921,549,gefoerdert,nicht gefoerdert,38,111
2017,11,504,2784.303656227023,649,gefoerdert,nicht gefoerdert,38,111
2018,12,496,3760.480623426525,776,gefoerdert,nicht gefoerdert,38,111
2016,12,386,1773.612649170111,428,gefoerdert,nicht gefoerdert,48,111
2017,12,419,1558.314763935622,438,gefoerdert,nicht gefoerdert,48,111
2018,11,362,1544.825835031165,503,gefoerdert,nicht gefoerdert,48,111
2016,,,,16,gefoerdert,nicht gefoerdert,47,111
2017,,,,14,gefoerdert,nicht gefoerdert,47,111
2018,,,,14,gefoerdert,nicht gefoerdert,47,111
2016,21,1412,534.3733632629951,58,gefoerdert,nicht gefoerdert,42,111
2017,24,1457,701.1354102108821,78,gefoerdert,nicht gefoerdert,42,111
2018,23,1455,432.2554835338316,109,gefoerdert,nicht gefoerdert,42,111
2016,,,,473,gefoerdert,nicht gefoerdert,53,111
2017,,,,557,gefoerdert,nicht gefoerdert,53,111
2018,,,,657,gefoerdert,nicht gefoerdert,53,111
2016,71,4326,7970.713126438982,2342,gefoerdert,nicht gefoerdert,56,111
2017,73,4421,8788.107380116293,2492,gefoerdert,nicht gefoerdert,56,111
2018,75,4421,9760.553472237365,2765,gefoerdert,nicht gefoerdert,56,111
2016,,,,,gefoerdert,nicht gefoerdert,54,111
2017,,,,,gefoerdert,nicht gefoerdert,54,111
2018,,,,,gefoerdert,nicht gefoerdert,54,111
2016,,,,,gefoerdert,nicht gefoerdert,33,111
2017,,,,,gefoerdert,nicht gefoerdert,33,111
2018,,,,,gefoerdert,nicht gefoerdert,33,111
2016,12,530,485.8137588562843,347,gefoerdert,nicht gefoerdert,32,111
2017,13,529,431.0585573087765,340,gefoerdert,nicht gefoerdert,32,111
2018,12,491,571.5327579694422,415,gefoerdert,nicht gefoerdert,32,111
2016,11,623,1320.800781150941,373,gefoerdert,nicht gefoerdert,25,111
2017,12,651,1103.87379462644,401,gefoerdert,nicht gefoerdert,25,111
2018,11,695,952.0228936785388,479,gefoerdert,nicht gefoerdert,25,111
2016,,,,265,gefoerdert,nicht gefoerdert,37,111
2017,,,,253,gefoerdert,nicht gefoerdert,37,111
2018,,,,302,gefoerdert,nicht gefoerdert,37,111
2016,,,,70,gefoerdert,nicht gefoerdert,13,111
2017,,,,59,gefoerdert,nicht gefoerdert,13,111
2018,,,,103,gefoerdert,nicht gefoerdert,13,111
2016,,,,21,gefoerdert,nicht gefoerdert,35,111
2017,,,,26,gefoerdert,nicht gefoerdert,35,111
2018,,,,62,gefoerdert,nicht gefoerdert,35,111
2016,,,,318,gefoerdert,nicht gefoerdert,12,111
2017,,,,356,gefoerdert,nicht gefoerdert,12,111
2018,,,,423,gefoerdert,nicht gefoerdert,12,111
2016,,,,102,gefoerdert,nicht gefoerdert,21,111
2017,,,,154,gefoerdert,nicht gefoerdert,21,111
2018,,,,245,gefoerdert,nicht gefoerdert,21,111
2016,,,,25,gefoerdert,nicht gefoerdert,20,111
2017,,,,27,gefoerdert,nicht gefoerdert,20,111
2018,,,,29,gefoerdert,nicht gefoerdert,20,111
2016,,,,42,gefoerdert,nicht gefoerdert,2,111
2017,,,,44,gefoerdert,nicht gefoerdert,2,111
2018,,,,48,gefoerdert,nicht gefoerdert,2,111
2016,,,,8,gefoerdert,nicht gefoerdert,19,111
2017,,,,9,gefoerdert,nicht gefoerdert,19,111
2018,,,,9,gefoerdert,nicht gefoerdert,19,111
2016,,,,78,gefoerdert,nicht gefoerdert,16,111
2017,,,,91,gefoerdert,nicht gefoerdert,16,111
2018,,,,90,gefoerdert,nicht gefoerdert,16,111
2016,,,,9,gefoerdert,nicht gefoerdert,55,111
2017,,,,6,gefoerdert,nicht gefoerdert,55,111
2018,,,,8,gefoerdert,nicht gefoerdert,55,111
2016,,,,,gefoerdert,nicht gefoerdert,9,111
2017,,,,,gefoerdert,nicht gefoerdert,9,111
2018,,,,,gefoerdert,nicht gefoerdert,9,111
2016,,,,122,gefoerdert,nicht gefoerdert,31,111
2017,,,,184,gefoerdert,nicht gefoerdert,31,111
2018,,,,197,gefoerdert,nicht gefoerdert,31,111
2016,,,,67,gefoerdert,nicht gefoerdert,15,111
2017,,,,86,gefoerdert,nicht gefoerdert,15,111
2018,,,,138,gefoerdert,nicht gefoerdert,15,111
2016,,,,5,gefoerdert,nicht gefoerdert,51,111
2017,,,,10,gefoerdert,nicht gefoerdert,51,111
2018,,,,9,gefoerdert,nicht gefoerdert,51,111
2016,,,,,gefoerdert,nicht gefoerdert,6,111
2017,,,,,gefoerdert,nicht gefoerdert,6,111
2018,,,,,gefoerdert,nicht gefoerdert,6,111
2016,,,,35,gefoerdert,nicht gefoerdert,40,111
2017,,,,32,gefoerdert,nicht gefoerdert,40,111
2018,,,,35,gefoerdert,nicht gefoerdert,40,111
2016,,,,16,gefoerdert,nicht gefoerdert,8,111
2017,,,,18,gefoerdert,nicht gefoerdert,8,111
2018,,,,16,gefoerdert,nicht gefoerdert,8,111
2016,,,,6,gefoerdert,nicht gefoerdert,24,111
2017,,,,7,gefoerdert,nicht gefoerdert,24,111
2018,,,,8,gefoerdert,nicht gefoerdert,24,111
2016,,,,,gefoerdert,nicht gefoerdert,14,111
2017,,,,,gefoerdert,nicht gefoerdert,14,111
2018,,,,1,gefoerdert,nicht gefoerdert,14,111
2016,,,,3,gefoerdert,nicht gefoerdert,34,111
2017,,,,2,gefoerdert,nicht gefoerdert,34,111
2018,,,,5,gefoerdert,nicht gefoerdert,34,111
2016,0,,.186219742053289,,gefoerdert,nicht gefoerdert,50,121
2017,0,,4.59377850692653,,gefoerdert,nicht gefoerdert,50,121
2018,0,,4.233349757874275,,gefoerdert,nicht gefoerdert,50,121
2016,,,,,gefoerdert,nicht gefoerdert,18,121
2017,,,,,gefoerdert,nicht gefoerdert,18,121
2018,,,,,gefoerdert,nicht gefoerdert,18,121
2016,,,,,gefoerdert,nicht gefoerdert,27,121
2017,,,,,gefoerdert,nicht gefoerdert,27,121
2018,,,,,gefoerdert,nicht gefoerdert,27,121
2016,1,,74.60986657178007,19,gefoerdert,nicht gefoerdert,36,121
2017,1,,83.87374528289003,11,gefoerdert,nicht gefoerdert,36,121
2018,1,,70.60644973068864,30,gefoerdert,nicht gefoerdert,36,121
2016,,,,6,gefoerdert,nicht gefoerdert,23,121
2017,,,,9,gefoerdert,nicht gefoerdert,23,121
2018,,,,8,gefoerdert,nicht gefoerdert,23,121
2016,,,,4,gefoerdert,nicht gefoerdert,10,121
2017,,,,3,gefoerdert,nicht gefoerdert,10,121
2018,,,,11,gefoerdert,nicht gefoerdert,10,121
2016,,,,,gefoerdert,nicht gefoerdert,3,121
2017,,,,,gefoerdert,nicht gefoerdert,3,121
2018,,,,1,gefoerdert,nicht gefoerdert,3,121
2016,,,,,gefoerdert,nicht gefoerdert,4,121
2017,,,,,gefoerdert,nicht gefoerdert,4,121
2018,,,,,gefoerdert,nicht gefoerdert,4,121
2016,,,,7,gefoerdert,nicht gefoerdert,22,121
2017,,,,5,gefoerdert,nicht gefoerdert,22,121
2018,,,,7,gefoerdert,nicht gefoerdert,22,121
2016,,,,7,gefoerdert,nicht gefoerdert,5,121
2017,,,,5,gefoerdert,nicht gefoerdert,5,121
2018,,,,7,gefoerdert,nicht gefoerdert,5,121
2016,,,,7,gefoerdert,nicht gefoerdert,44,121
2017,,,,5,gefoerdert,nicht gefoerdert,44,121
2018,,,,7,gefoerdert,nicht gefoerdert,44,121
2016,,,,7,gefoerdert,nicht gefoerdert,45,121
2017,,,,5,gefoerdert,nicht gefoerdert,45,121
2018,,,,7,gefoerdert,nicht gefoerdert,45,121
2016,,,,7,gefoerdert,nicht gefoerdert,7,121
2017,,,,5,gefoerdert,nicht gefoerdert,7,121
2018,,,,7,gefoerdert,nicht gefoerdert,7,121
2016,,,,1,gefoerdert,nicht gefoerdert,28,121
2017,,,,3,gefoerdert,nicht gefoerdert,28,121
2018,,,,2,gefoerdert,nicht gefoerdert,28,121
2016,14,848,1282.011177634588,1604,gefoerdert,nicht gefoerdert,39,121
2017,14,876,1782.932291830773,1988,gefoerdert,nicht gefoerdert,39,121
2018,14,883,1758.374941872031,2049,gefoerdert,nicht gefoerdert,39,121
2016,1,,237.4320287544155,81,gefoerdert,nicht gefoerdert,17,121
2017,1,,208.3778625499526,71,gefoerdert,nicht gefoerdert,17,121
2018,1,,170.1157797003426,85,gefoerdert,nicht gefoerdert,17,121
2016,,,,,gefoerdert,nicht gefoerdert,46,121
2017,,,,,gefoerdert,nicht gefoerdert,46,121
2018,,,,,gefoerdert,nicht gefoerdert,46,121
2016,,,,4,gefoerdert,nicht gefoerdert,49,121
2017,,,,2,gefoerdert,nicht gefoerdert,49,121
2018,,,,2,gefoerdert,nicht gefoerdert,49,121
2016,,,,,gefoerdert,nicht gefoerdert,41,121
2017,,,,,gefoerdert,nicht gefoerdert,41,121
2018,,,,,gefoerdert,nicht gefoerdert,41,121
2016,,,,43,gefoerdert,nicht gefoerdert,38,121
2017,,,,47,gefoerdert,nicht gefoerdert,38,121
2018,,,,83,gefoerdert,nicht gefoerdert,38,121
2016,,,,41,gefoerdert,nicht gefoerdert,48,121
2017,,,,47,gefoerdert,nicht gefoerdert,48,121
2018,,,,60,gefoerdert,nicht gefoerdert,48,121
2016,,,,7,gefoerdert,nicht gefoerdert,47,121
2017,,,,21,gefoerdert,nicht gefoerdert,47,121
2018,,,,21,gefoerdert,nicht gefoerdert,47,121
2016,,,,59,gefoerdert,nicht gefoerdert,42,121
2017,,,,52,gefoerdert,nicht gefoerdert,42,121
2018,,,,78,gefoerdert,nicht gefoerdert,42,121
2016,,,,2,gefoerdert,nicht gefoerdert,53,121
2017,,,,3,gefoerdert,nicht gefoerdert,53,121
2018,,,,3,gefoerdert,nicht gefoerdert,53,121
2016,15,1089,746.802587470905,213,gefoerdert,nicht gefoerdert,56,121
2017,15,1065,987.1857442577899,266,gefoerdert,nicht gefoerdert,56,121
2018,15,1019,851.3022726417989,343,gefoerdert,nicht gefoerdert,56,121
2016,3,,2255.722528782173,,gefoerdert,nicht gefoerdert,33,121
2017,3,,2034.740116284383,,gefoerdert,nicht gefoerdert,33,121
2018,3,,4065.013183620001,,gefoerdert,nicht gefoerdert,33,121
2016,20,1047,985.0735512674844,588,gefoerdert,nicht gefoerdert,32,121
2017,19,1001,778.4272496092483,685,gefoerdert,nicht gefoerdert,32,121
2018,18,889,1215.875380083388,722,gefoerdert,nicht gefoerdert,32,121
2016,18,1197,3284.584769743184,392,gefoerdert,nicht gefoerdert,25,121
2017,17,1220,3102.12627921611,457,gefoerdert,nicht gefoerdert,25,121
2018,16,1254,1995.42995126147,551,gefoerdert,nicht gefoerdert,25,121
2016,15,430,3299.431202106479,8554,gefoerdert,nicht gefoerdert,37,121
2017,13,382,4580.238949221905,8657,gefoerdert,nicht gefoerdert,37,121
2018,11,333,4299.680603118909,9640,gefoerdert,nicht gefoerdert,37,121
2016,17,906,4264.800740921996,8362,gefoerdert,nicht gefoerdert,13,121
2017,15,884,3867.047671685045,8070,gefoerdert,nicht gefoerdert,13,121
2018,17,845,5626.891868820791,8549,gefoerdert,nicht gefoerdert,13,121
2016,,,,768,gefoerdert,nicht gefoerdert,35,121
2017,,,,814,gefoerdert,nicht gefoerdert,35,121
2018,,,,1039,gefoerdert,nicht gefoerdert,35,121
2016,13,703,3905.402099771111,11641,gefoerdert,nicht gefoerdert,12,121
2017,14,705,3006.292707631349,12356,gefoerdert,nicht gefoerdert,12,121
2018,15,722,3596.811698419343,13663,gefoerdert,nicht gefoerdert,12,121
2016,,,,632,gefoerdert,nicht gefoerdert,21,121
2017,,,,683,gefoerdert,nicht gefoerdert,21,121
2018,,,,972,gefoerdert,nicht gefoerdert,21,121
2016,,,,8,gefoerdert,nicht gefoerdert,20,121
2017,,,,10,gefoerdert,nicht gefoerdert,20,121
2018,,,,9,gefoerdert,nicht gefoerdert,20,121
2016,,,,261,gefoerdert,nicht gefoerdert,2,121
2017,,,,324,gefoerdert,nicht gefoerdert,2,121
2018,,,,371,gefoerdert,nicht gefoerdert,2,121
2016,,,,121,gefoerdert,nicht gefoerdert,19,121
2017,,,,116,gefoerdert,nicht gefoerdert,19,121
2018,,,,177,gefoerdert,nicht gefoerdert,19,121
2016,,,,577,gefoerdert,nicht gefoerdert,16,121
2017,,,,741,gefoerdert,nicht gefoerdert,16,121
2018,,,,874,gefoerdert,nicht gefoerdert,16,121
2016,2,15,.5586592400343189,,gefoerdert,nicht gefoerdert,26,121
2017,1,17,.5489478717263118,,gefoerdert,nicht gefoerdert,26,121
2018,1,24,22.73482199638458,,gefoerdert,nicht gefoerdert,26,121
2016,,,,13,gefoerdert,nicht gefoerdert,55,121
2017,,,,11,gefoerdert,nicht gefoerdert,55,121
2018,,,,11,gefoerdert,nicht gefoerdert,55,121
2016,,,,15,gefoerdert,nicht gefoerdert,9,121
2017,,,,18,gefoerdert,nicht gefoerdert,9,121
2018,,,,15,gefoerdert,nicht gefoerdert,9,121
2016,,96,,3217,gefoerdert,nicht gefoerdert,31,121
2017,,114,,3439,gefoerdert,nicht gefoerdert,31,121
2018,,114,,3610,gefoerdert,nicht gefoerdert,31,121
2016,20,412,6508.670401484621,499,gefoerdert,nicht gefoerdert,15,121
2017,18,393,7094.326734228915,537,gefoerdert,nicht gefoerdert,15,121
2018,19,343,8906.515442365489,725,gefoerdert,nicht gefoerdert,15,121
2016,,,,35,gefoerdert,nicht gefoerdert,51,121
2017,,,,44,gefoerdert,nicht gefoerdert,51,121
2018,,,,42,gefoerdert,nicht gefoerdert,51,121
2016,,,,,gefoerdert,nicht gefoerdert,6,121
2017,,,,,gefoerdert,nicht gefoerdert,6,121
2018,,,,1,gefoerdert,nicht gefoerdert,6,121
2016,,,,5,gefoerdert,nicht gefoerdert,40,121
2017,,,,11,gefoerdert,nicht gefoerdert,40,121
2018,,,,9,gefoerdert,nicht gefoerdert,40,121
2016,,,,51,gefoerdert,nicht gefoerdert,8,121
2017,,,,36,gefoerdert,nicht gefoerdert,8,121
2018,,,,37,gefoerdert,nicht gefoerdert,8,121
2016,,,,,gefoerdert,nicht gefoerdert,29,121
2017,,,,,gefoerdert,nicht gefoerdert,29,121
2018,,,,,gefoerdert,nicht gefoerdert,29,121
2016,,,,26,gefoerdert,nicht gefoerdert,24,121
2017,,,,30,gefoerdert,nicht gefoerdert,24,121
2018,,,,23,gefoerdert,nicht gefoerdert,24,121
2016,,,,,gefoerdert,nicht gefoerdert,14,121
2017,,,,,gefoerdert,nicht gefoerdert,14,121
2018,,,,,gefoerdert,nicht gefoerdert,14,121
2016,,,,,gefoerdert,nicht gefoerdert,34,121
2017,,,,,gefoerdert,nicht gefoerdert,34,121
2018,,,,1,gefoerdert,nicht gefoerdert,34,121
2016,3,757,138.3966484889511,,nicht gefoerdert,nicht gefoerdert,50,115
2017,3,706,164.1683482389885,,nicht gefoerdert,nicht gefoerdert,50,115
2018,3,684,171.7836016263669,,nicht gefoerdert,nicht gefoerdert,50,115
2016,,,,,nicht gefoerdert,nicht gefoerdert,18,115
2017,,,,1,nicht gefoerdert,nicht gefoerdert,18,115
2018,,,,2,nicht gefoerdert,nicht gefoerdert,18,115
2016,,,,,nicht gefoerdert,nicht gefoerdert,27,115
2017,,,,1,nicht gefoerdert,nicht gefoerdert,27,115
2018,,,,2,nicht gefoerdert,nicht gefoerdert,27,115
2016,8,321,408.8165737534551,20,nicht gefoerdert,nicht gefoerdert,36,115
2017,7,296,461.9835297429136,22,nicht gefoerdert,nicht gefoerdert,36,115
2018,8,377,474.7264417040757,21,nicht gefoerdert,nicht gefoerdert,36,115
2016,8,919,220.6359380062862,49,nicht gefoerdert,nicht gefoerdert,23,115
2017,8,983,311.5846401584706,50,nicht gefoerdert,nicht gefoerdert,23,115
2018,8,1033,154.2885767416472,50,nicht gefoerdert,nicht gefoerdert,23,115
2016,,,,19,nicht gefoerdert,nicht gefoerdert,10,115
2017,,,,27,nicht gefoerdert,nicht gefoerdert,10,115
2018,,,,31,nicht gefoerdert,nicht gefoerdert,10,115
2016,13,480,2656.533466615823,3,nicht gefoerdert,nicht gefoerdert,3,115
2017,13,548,4179.280077454172,1,nicht gefoerdert,nicht gefoerdert,3,115
2018,13,566,2502.253001021419,1,nicht gefoerdert,nicht gefoerdert,3,115
2016,1,49,22.98137728556037,,nicht gefoerdert,nicht gefoerdert,4,115
2017,1,45,17.31655996738963,1,nicht gefoerdert,nicht gefoerdert,4,115
2018,1,45,.5391657767281418,1,nicht gefoerdert,nicht gefoerdert,4,115
2016,11,1053,430.43202658041,108,nicht gefoerdert,nicht gefoerdert,22,115
2017,11,1077,317.4565516562719,116,nicht gefoerdert,nicht gefoerdert,22,115
2018,11,1155,604.7004687307315,130,nicht gefoerdert,nicht gefoerdert,22,115
2016,10,989,307.7542040148319,108,nicht gefoerdert,nicht gefoerdert,5,115
2017,10,974,877.5782187485127,116,nicht gefoerdert,nicht gefoerdert,5,115
2018,9,974,1065.503836740263,130,nicht gefoerdert,nicht gefoerdert,5,115
2016,4,659,456.2039224008992,108,nicht gefoerdert,nicht gefoerdert,44,115
2017,5,658,127.9313767067608,116,nicht gefoerdert,nicht gefoerdert,44,115
2018,6,572,94.96236762713121,130,nicht gefoerdert,nicht gefoerdert,44,115
2016,3,292,93.61359437492592,108,nicht gefoerdert,nicht gefoerdert,45,115
2017,3,316,128.2232342036654,116,nicht gefoerdert,nicht gefoerdert,45,115
2018,4,259,127.1496648285522,130,nicht gefoerdert,nicht gefoerdert,45,115
2016,2,239,0,108,nicht gefoerdert,nicht gefoerdert,7,115
2017,2,230,6.086916630769188,116,nicht gefoerdert,nicht gefoerdert,7,115
2018,2,220,10.91900517505801,130,nicht gefoerdert,nicht gefoerdert,7,115
2016,,,,7,nicht gefoerdert,nicht gefoerdert,28,115
2017,,,,7,nicht gefoerdert,nicht gefoerdert,28,115
2018,,,,2,nicht gefoerdert,nicht gefoerdert,28,115
2016,12,740,2141.300819278999,2088,nicht gefoerdert,nicht gefoerdert,39,115
2017,12,695,1618.737446627796,2118,nicht gefoerdert,nicht gefoerdert,39,115
2018,12,706,1880.503137468004,2588,nicht gefoerdert,nicht gefoerdert,39,115
2016,20,477,1044.427342398682,201,nicht gefoerdert,nicht gefoerdert,17,115
2017,21,516,880.0804926289861,210,nicht gefoerdert,nicht gefoerdert,17,115
2018,20,545,1814.841782833109,233,nicht gefoerdert,nicht gefoerdert,17,115
2016,,,,,nicht gefoerdert,nicht gefoerdert,46,115
2017,,,,,nicht gefoerdert,nicht gefoerdert,46,115
2018,,,,,nicht gefoerdert,nicht gefoerdert,46,115
2016,8,852,4356.621257092949,8,nicht gefoerdert,nicht gefoerdert,49,115
2017,8,867,4776.666946262297,12,nicht gefoerdert,nicht gefoerdert,49,115
2018,8,911,5230.640140609826,10,nicht gefoerdert,nicht gefoerdert,49,115
2016,2,,0,,nicht gefoerdert,nicht gefoerdert,41,115
2017,0,,0,,nicht gefoerdert,nicht gefoerdert,41,115
2018,1,,0,,nicht gefoerdert,nicht gefoerdert,41,115
2016,6,950,362.0018701264087,277,nicht gefoerdert,nicht gefoerdert,38,115
2017,8,982,722.1537290207765,367,nicht gefoerdert,nicht gefoerdert,38,115
2018,6,942,156.0857959259926,504,nicht gefoerdert,nicht gefoerdert,38,115
2016,6,407,267.5949750021169,36,nicht gefoerdert,nicht gefoerdert,48,115
2017,5,384,405.7072170612926,61,nicht gefoerdert,nicht gefoerdert,48,115
2018,5,416,521.6086987142645,93,nicht gefoerdert,nicht gefoerdert,48,115
2016,,,,3,nicht gefoerdert,nicht gefoerdert,47,115
2017,,,,7,nicht gefoerdert,nicht gefoerdert,47,115
2018,,,,7,nicht gefoerdert,nicht gefoerdert,47,115
2016,19,2428,537.2840127950452,40,nicht gefoerdert,nicht gefoerdert,42,115
2017,20,2517,442.791407378302,47,nicht gefoerdert,nicht gefoerdert,42,115
2018,20,2538,349.1906981315827,60,nicht gefoerdert,nicht gefoerdert,42,115
2016,1,252,361.0437488817907,71,nicht gefoerdert,nicht gefoerdert,53,115
2017,1,229,347.3311944894756,75,nicht gefoerdert,nicht gefoerdert,53,115
2018,1,232,279.8441062888946,112,nicht gefoerdert,nicht gefoerdert,53,115
2016,18,1854,2483.050184578671,199,nicht gefoerdert,nicht gefoerdert,56,115
2017,18,1775,-611.9963286866606,268,nicht gefoerdert,nicht gefoerdert,56,115
2018,17,1763,2367.051747078771,310,nicht gefoerdert,nicht gefoerdert,56,115
2016,0,12,0,,nicht gefoerdert,nicht gefoerdert,33,115
2017,0,14,0,,nicht gefoerdert,nicht gefoerdert,33,115
2018,0,12,0,,nicht gefoerdert,nicht gefoerdert,33,115
2016,12,587,1205.356590706271,275,nicht gefoerdert,nicht gefoerdert,32,115
2017,12,598,1601.757499665438,288,nicht gefoerdert,nicht gefoerdert,32,115
2018,13,670,2324.206103152368,365,nicht gefoerdert,nicht gefoerdert,32,115
2016,9,1044,1425.954353325026,464,nicht gefoerdert,nicht gefoerdert,25,115
2017,8,1129,3035.995441289345,462,nicht gefoerdert,nicht gefoerdert,25,115
2018,10,1200,858.4803994109149,525,nicht gefoerdert,nicht gefoerdert,25,115
2016,18,445,2874.491714460859,7022,nicht gefoerdert,nicht gefoerdert,37,115
2017,12,428,4542.929436987741,7547,nicht gefoerdert,nicht gefoerdert,37,115
2018,13,435,2232.740107856891,8658,nicht gefoerdert,nicht gefoerdert,37,115
2016,14,475,2394.575349709841,4409,nicht gefoerdert,nicht gefoerdert,13,115
2017,14,489,1823.604712737775,4714,nicht gefoerdert,nicht gefoerdert,13,115
2018,11,458,2675.817600897873,4582,nicht gefoerdert,nicht gefoerdert,13,115
2016,,,,171,nicht gefoerdert,nicht gefoerdert,35,115
2017,,,,124,nicht gefoerdert,nicht gefoerdert,35,115
2018,,,,223,nicht gefoerdert,nicht gefoerdert,35,115
2016,21,792,7194.065881967434,6773,nicht gefoerdert,nicht gefoerdert,12,115
2017,21,838,10099.1000964521,7243,nicht gefoerdert,nicht gefoerdert,12,115
2018,20,844,9642.794370886537,7949,nicht gefoerdert,nicht gefoerdert,12,115
2016,18,698,5259.488750041995,5034,nicht gefoerdert,nicht gefoerdert,21,115
2017,15,679,4456.374996091899,5981,nicht gefoerdert,nicht gefoerdert,21,115
2018,15,695,4534.139604865726,7043,nicht gefoerdert,nicht gefoerdert,21,115
2016,4,181,170.2104280653157,268,nicht gefoerdert,nicht gefoerdert,20,115
2017,2,140,-81.58737698542527,429,nicht gefoerdert,nicht gefoerdert,20,115
2018,2,116,20.09380914542051,406,nicht gefoerdert,nicht gefoerdert,20,115
2016,,,,,nicht gefoerdert,nicht gefoerdert,30,115
2017,,,,,nicht gefoerdert,nicht gefoerdert,30,115
2018,,,,,nicht gefoerdert,nicht gefoerdert,30,115
2016,0,,,672,nicht gefoerdert,nicht gefoerdert,2,115
2017,0,,,647,nicht gefoerdert,nicht gefoerdert,2,115
2018,,,,867,nicht gefoerdert,nicht gefoerdert,2,115
2016,,,,148,nicht gefoerdert,nicht gefoerdert,19,115
2017,,,,185,nicht gefoerdert,nicht gefoerdert,19,115
2018,,,,215,nicht gefoerdert,nicht gefoerdert,19,115
2016,8,246,939.8780410033286,159,nicht gefoerdert,nicht gefoerdert,16,115
2017,4,311,1058.512332484371,179,nicht gefoerdert,nicht gefoerdert,16,115
2018,5,339,1494.752592542912,204,nicht gefoerdert,nicht gefoerdert,16,115
2016,1,80,0,,nicht gefoerdert,nicht gefoerdert,26,115
2017,0,96,22.87282707971183,,nicht gefoerdert,nicht gefoerdert,26,115
2018,1,95,109.8478308594959,,nicht gefoerdert,nicht gefoerdert,26,115
2016,,,,25,nicht gefoerdert,nicht gefoerdert,55,115
2017,,,,21,nicht gefoerdert,nicht gefoerdert,55,115
2018,,,,19,nicht gefoerdert,nicht gefoerdert,55,115
2016,,,,8,nicht gefoerdert,nicht gefoerdert,9,115
2017,,,,11,nicht gefoerdert,nicht gefoerdert,9,115
2018,,,,7,nicht gefoerdert,nicht gefoerdert,9,115
2016,,,,1684,nicht gefoerdert,nicht gefoerdert,31,115
2017,,,,1997,nicht gefoerdert,nicht gefoerdert,31,115
2018,,,,2400,nicht gefoerdert,nicht gefoerdert,31,115
2016,,,,198,nicht gefoerdert,nicht gefoerdert,15,115
2017,,,,232,nicht gefoerdert,nicht gefoerdert,15,115
2018,,,,270,nicht gefoerdert,nicht gefoerdert,15,115
2016,,,,94,nicht gefoerdert,nicht gefoerdert,51,115
2017,,,,32,nicht gefoerdert,nicht gefoerdert,51,115
2018,,,,62,nicht gefoerdert,nicht gefoerdert,51,115
2016,,,,29,nicht gefoerdert,nicht gefoerdert,40,115
2017,,,,49,nicht gefoerdert,nicht gefoerdert,40,115
2018,,,,63,nicht gefoerdert,nicht gefoerdert,40,115
2016,,,,7,nicht gefoerdert,nicht gefoerdert,8,115
2017,,,,21,nicht gefoerdert,nicht gefoerdert,8,115
2018,,,,11,nicht gefoerdert,nicht gefoerdert,8,115
2016,,7,0,1,nicht gefoerdert,nicht gefoerdert,29,115
2017,,1,0,,nicht gefoerdert,nicht gefoerdert,29,115
2018,,1,,,nicht gefoerdert,nicht gefoerdert,29,115
2016,,,,1,nicht gefoerdert,nicht gefoerdert,11,115
2017,,,,,nicht gefoerdert,nicht gefoerdert,11,115
2018,,,,,nicht gefoerdert,nicht gefoerdert,11,115
2016,,,,3,nicht gefoerdert,nicht gefoerdert,24,115
2017,,,,6,nicht gefoerdert,nicht gefoerdert,24,115
2018,,,,7,nicht gefoerdert,nicht gefoerdert,24,115
2016,,,,,nicht gefoerdert,nicht gefoerdert,14,115
2017,,,,,nicht gefoerdert,nicht gefoerdert,14,115
2018,,,,1,nicht gefoerdert,nicht gefoerdert,14,115
2016,4,155,28.1368713784027,,nicht gefoerdert,nicht gefoerdert,34,115
2017,4,141,2.676120724699829,1,nicht gefoerdert,nicht gefoerdert,34,115
2018,4,134,16.17407454313741,1,nicht gefoerdert,nicht gefoerdert,34,115
